CustomerID,TotalSpend,TotalQuantity,NumberOfTransactions,AverageOrderValue,AverageUnitPrice,RecencyDays,SpendSegment
12346,372.86,70,11,11.298787878787879,6.253333333333334,165,Low
12347,1323.32,828,2,18.63830985915493,2.295070422535211,3,High
12348,222.15999999999997,373,1,11.107999999999999,0.7195,74,Low
12349,2671.14,993,3,26.18764705882353,8.581764705882353,43,High
12351,300.93,261,1,14.33,2.355238095238095,11,Low
12352,343.8,188,2,19.1,3.033333333333333,11,Low
12353,317.76,192,1,15.888,1.939,44,Low
12355,488.21000000000004,303,1,22.191363636363636,2.399090909090909,203,Medium
12356,3560.3,1825,3,42.89518072289157,3.12566265060241,16,High
12357,12079.99,3879,2,73.2120606060606,8.458424242424242,24,High
12358,2719.01,831,3,46.879482758620696,4.41603448275862,11,High
12359,2563.36,1130,6,21.90905982905983,4.732393162393163,61,High
12360,1590.83,1294,5,18.077613636363637,2.7070454545454545,15,High
12361,321.35,144,3,16.913157894736845,4.152631578947369,98,Low
12362,130.0,1,1,130.0,130.0,374,Low
12366,500.24,296,1,166.74666666666667,1.6900000000000002,269,Medium
12368,917.7,330,1,50.983333333333334,4.391666666666667,264,Medium
12369,1791.15,1241,3,19.25967741935484,3.148924731182796,49,High
12370,774.62,252,3,22.132,6.410285714285715,260,Medium
12371,2179.42,845,3,20.95596153846154,4.05625,45,High
12373,763.0500000000001,319,2,20.622972972972974,4.644594594594595,260,Medium
12374,2246.29,1020,3,44.9258,2.9894,57,High
12376,503.15,240,2,38.70384615384615,8.03076923076923,25,Medium
12377,1798.2,1161,2,23.976,2.762266666666667,17,High
12378,1407.7,787,1,17.167073170731708,4.402073170731708,198,High
12379,767.98,408,2,18.73121951219512,2.948780487804878,58,Medium
12380,6951.49,2228,7,40.18202312138728,13.81179190751445,101,High
12385,1938.4,612,1,29.821538461538463,3.6807692307692306,15,High
12386,258.90000000000003,214,1,32.362500000000004,2.72625,2,Low
12387,143.94,134,1,15.993333333333332,2.7622222222222224,51,Low
12388,1120.45,539,2,24.357608695652175,2.9269565217391307,81,Medium
12389,1433.33,614,3,29.251632653061222,2.6542857142857144,38,High
12391,2285.18,911,5,13.133218390804597,4.521896551724137,100,High
12392,234.75000000000003,73,1,33.53571428571429,5.035714285714286,227,Low
12393,816.85,495,2,18.996511627906976,2.777906976744186,18,Medium
12395,2048.64,1615,4,20.904489795918366,2.965816326530612,7,High
12396,931.4300000000001,591,1,14.329692307692309,2.2993846153846156,310,Medium
12399,853.65,1020,3,16.738235294117647,1.9568627450980391,21,Medium
12400,205.25,91,1,18.65909090909091,2.9136363636363636,50,Low
12402,1031.3,490,5,17.47966101694915,3.307627118644068,28,Medium
12403,591.6600000000001,164,1,147.91500000000002,7.1325,157,Medium
12404,63.24,1,1,63.24,63.24,318,Low
12406,2975.06,1598,3,48.771475409836064,2.603606557377049,35,High
12408,1452.22,820,3,26.892962962962965,3.211666666666667,21,High
12409,12346.62,7592,4,79.65561290322582,2.998322580645161,56,High
12410,320.38,130,1,22.884285714285713,5.4192857142857145,138,Low
12411,346.9,138,1,15.768181818181818,3.3954545454545455,45,Low
12412,1370.05,1168,3,20.758333333333333,2.4328787878787876,38,High
12413,241.35,33,1,18.565384615384616,9.13076923076923,38,Low
12414,390.0,195,3,39.0,30.353999999999996,99,Low
12415,19543.84,14073,7,92.18792452830189,3.075566037735849,11,High
12416,202.56,132,1,18.414545454545454,1.5345454545454544,292,Low
12417,3148.31,1332,11,17.787062146892655,5.578700564971751,46,High
12418,1352.62,681,3,19.891470588235293,3.2358823529411764,49,High
12419,503.01,231,2,20.1204,5.0436000000000005,21,Medium
12421,291.56,168,2,14.578,5.3355,51,Low
12422,4428.24,2226,14,33.29503759398496,12.206165413533835,30,High
12423,763.08,454,2,19.077,3.14725,23,Medium
12424,1579.07,1285,2,25.468870967741935,1.9029032258064518,58,High
12425,964.21,651,1,17.53109090909091,2.2994545454545454,84,Medium
12426,762.48,326,1,16.222978723404257,3.31531914893617,298,Medium
12427,303.5,79,1,30.35,4.925,7,Low
12429,3735.51,1787,5,49.15144736842105,2.9568421052631577,1,High
12431,4370.52,1811,13,25.708941176470592,3.8692941176470588,9,High
12433,7205.39,6045,5,25.19367132867133,2.0148951048951047,2,High
12434,297.29,138,1,14.864500000000001,3.406,17,Low
12435,6096.04,2903,4,80.21105263157895,2.9001315789473683,32,High
12437,7731.99,5078,21,21.24173076923077,3.021648351648352,31,High
12439,1142.88,478,2,16.096901408450705,3.706478873239437,318,Medium
12440,859.2,331,2,26.85,5.448125,98,Medium
12441,173.55,121,1,15.77727272727273,3.700909090909091,2,Low
12443,485.31,182,1,23.11,5.87047619047619,368,Medium
12445,301.58000000000004,144,1,15.079000000000002,2.7670000000000003,56,Low
12449,768.6,729,2,76.86,2.693,46,Medium
12450,490.32,314,3,16.90758620689655,2.396206896551724,35,Medium
12451,3634.36,2784,3,23.148789808917197,2.273057324840764,99,High
12454,13151.44,6697,4,526.0576,11.5824,31,High
12455,3413.09,1213,4,24.913065693430656,4.402262773722628,81,High
12457,632.6800000000001,251,1,28.75818181818182,6.358181818181818,71,Medium
12458,830.09,480,2,18.045434782608698,3.6663043478260873,63,Medium
12459,454.36,258,1,19.754782608695653,4.148695652173913,241,Medium
12460,326.65,170,1,18.147222222222222,4.381111111111111,92,Low
12466,56.73,1,1,56.73,56.73,318,Low
12467,132.8,129,1,14.755555555555556,1.6177777777777778,59,Low
12468,2941.2,1835,3,26.260714285714283,2.5244642857142856,162,High
12469,3070.54,2552,2,40.40184210526316,2.999605263157895,158,High
12470,211.95,95,1,9.215217391304348,3.928260869565217,325,Low
12471,20129.54,8658,49,29.77742603550296,3.474659763313609,10,High
12472,11308.48,7202,13,19.77006993006993,2.3936713286713287,5,High
12474,5048.66,3107,13,17.652657342657342,3.0755594405594406,14,High
12475,426.26,236,1,17.0504,3.3136,45,Medium
12476,7267.49,3223,12,25.862953736654802,4.146192170818505,32,High
12477,7056.63,2466,3,26.72965909090909,3.955378787878788,35,High
12480,2183.2200000000003,1245,3,24.809318181818185,3.4334090909090906,35,High
12481,6765.07,3949,6,38.87971264367816,4.633333333333334,1,High
12482,23691.4,27042,29,116.1343137254902,9.930196078431372,212,High
12483,2612.2000000000003,1050,11,41.46349206349207,7.412698412698413,14,High
12484,1826.78,1079,6,14.27171875,2.92390625,119,High
12485,708.1,414,1,20.826470588235296,2.4105882352941173,165,Medium
12486,1037.28,523,1,21.168979591836734,4.103673469387755,67,Medium
12487,285.3,174,1,142.65,2.0,366,Low
12490,4405.71,2842,11,20.302811059907835,3.048341013824885,14,High
12492,452.0,252,1,20.545454545454547,3.1818181818181817,39,Medium
12494,626.77,281,3,18.43441176470588,4.4202941176470585,1,Medium
12495,357.4,130,1,21.023529411764706,5.705882352941177,276,Low
12496,45.34,30,2,4.534000000000001,1.927,256,Low
12497,5205.400000000001,4449,2,121.05581395348838,1.816046511627907,36,High
12499,393.72,302,1,14.582222222222223,2.3296296296296295,196,Low
12500,1697.39,699,8,19.96929411764706,4.068352941176471,71,High
12503,1126.0,561,1,563.0,115.8,220,Medium
12504,297.0,368,2,27.0,4.054545454545455,53,Low
12505,955.2,324,1,22.742857142857144,4.436904761904762,44,Medium
12507,539.25,362,1,19.258928571428573,3.539285714285714,220,Medium
12510,4195.45,1696,7,37.459375,15.979017857142859,95,High
12511,3084.02,1753,1,16.231684210526314,3.4306842105263162,64,High
12514,580.08,400,1,17.578181818181818,1.7969696969696969,277,Medium
12516,1336.56,1077,2,27.845,1.9652083333333332,66,High
12519,385.70000000000005,212,1,17.531818181818185,3.274090909090909,112,Low
12523,2562.58,1398,12,17.92013986013986,4.041118881118881,10,High
12524,6640.39,3479,9,69.17072916666667,3.486666666666667,24,High
12525,973.73,509,3,16.228833333333334,3.006,134,Medium
12527,386.8,292,2,27.62857142857143,2.1571428571428575,130,Low
12529,316.48,192,1,15.07047619047619,3.040952380952381,164,Low
12530,2096.98,1800,5,22.793260869565216,2.8434782608695657,51,High
12531,1807.98,1074,1,16.43618181818182,2.3713636363636366,322,High
12533,1367.89,704,2,18.998472222222222,3.3030555555555554,263,High
12537,732.94,449,1,17.04511627906977,2.9227906976744187,44,Medium
12538,276.5,145,1,21.26923076923077,4.128461538461538,14,Low
12539,5646.400000000001,2468,3,24.443290043290045,3.305108225108225,86,High
12540,8854.25,4334,16,30.21928327645051,3.9552901023890787,14,High
12542,481.88,522,2,12.355897435897436,2.465128205128205,120,Medium
12543,980.25,688,1,22.796511627906977,2.6132558139534883,84,Medium
12547,175.78,175,1,13.521538461538462,3.082307692307692,136,Low
12549,1575.68,1366,6,32.15673469387755,1.6487755102040815,211,High
12553,916.47,360,2,19.49936170212766,4.648085106382979,21,Medium
12554,468.5,240,1,18.01923076923077,3.8242307692307693,84,Medium
12555,129.23,1,1,129.23,129.23,318,Low
12557,6725.18,2398,4,269.0072,2.1692,7,High
12562,1185.18,548,2,30.38923076923077,3.5992307692307692,21,Medium
12563,249.24,113,1,19.172307692307694,3.921538461538461,44,Low
12567,4308.58,1781,7,22.324248704663212,4.186683937823834,3,High
12568,70.0,48,1,14.0,6.234,280,Low
12570,77.52,1,1,77.52,77.52,318,Low
12573,556.87,395,4,6.11945054945055,2.2493406593406595,17,Medium
12575,622.82,315,2,16.39,3.5702631578947375,93,Medium
12576,826.89,527,3,15.312777777777777,2.866296296296296,28,Medium
12577,990.5,722,5,6.516447368421052,1.8311842105263156,17,Medium
12578,1847.94,1184,2,31.861034482758622,3.0263793103448275,21,High
12580,637.2,331,1,18.741176470588236,2.606176470588235,212,Medium
12582,1469.04,685,2,18.136296296296297,3.481728395061728,58,High
12583,7166.06,3924,13,32.72173515981736,3.093972602739726,9,High
12586,1865.73,608,3,22.47867469879518,5.244819277108434,10,High
12588,743.88,385,3,20.663333333333334,6.514444444444444,35,Medium
12589,4048.98,1458,6,27.924,10.707793103448276,57,High
12591,886.1,425,2,21.097619047619048,4.775,26,Medium
12592,2145.06,1585,3,34.04857142857143,12.9815873015873,155,High
12594,1751.89,991,5,21.628271604938273,3.1276543209876544,14,High
12595,299.02,271,1,15.737894736842104,3.1905263157894734,140,Low
12598,1511.01,942,3,20.419054054054055,2.743513513513513,99,High
12599,1264.14,1233,6,17.804788732394368,2.5822535211267605,17,Medium
12600,2444.88,640,12,35.95411764705882,6.17,7,High
12601,104.2,45,1,17.366666666666667,8.158333333333333,40,Low
12605,1232.95,929,4,16.223026315789475,2.224078947368421,12,Medium
12606,21.0,1,1,21.0,21.0,318,Low
12608,415.79,323,1,25.986875,1.6275,40,Medium
12609,2309.01,905,6,20.078347826086958,4.169130434782609,10,High
12613,3472.9900000000002,2513,5,20.075086705202313,2.9778612716763004,24,High
12615,3449.79,1941,4,20.907818181818183,3.0444242424242423,49,High
12616,417.8,214,1,18.990909090909092,3.6795454545454547,24,Medium
12619,140.14,140,1,14.014,2.548,196,Low
12621,11086.14,6493,16,36.5879207920792,3.2315511551155116,1,High
12623,3442.7400000000002,1780,6,22.211225806451615,3.0063870967741937,52,High
12625,2481.06,1697,2,25.577938144329895,2.43,145,High
12629,1558.22,722,2,34.62711111111111,3.997777777777778,21,High
12631,2841.07,1371,5,18.69125,2.844868421052632,92,High
12632,804.88,694,2,22.99657142857143,2.2334285714285715,156,Medium
12633,3514.18,2076,3,17.142341463414635,2.9680975609756097,18,High
12634,490.0,337,2,24.5,7.777500000000001,171,Medium
12635,1241.23,777,2,15.913205128205128,2.795512820512821,28,Medium
12636,141.0,1,1,141.0,141.0,374,Low
12637,2280.91,1263,4,9.831508620689654,2.324956896551724,14,High
12638,249.8,86,1,27.755555555555556,6.888888888888889,275,Low
12639,826.27,430,2,19.673095238095236,4.237857142857143,70,Medium
12643,4960.18,2857,6,183.71037037037038,8.987407407407407,21,High
12644,1440.58,707,3,18.00725,3.629625,66,High
12645,1764.12,1041,4,20.277241379310343,2.6298850574712644,45,High
12647,14201.53,5447,27,33.10379953379954,4.737132867132867,3,High
12648,793.95,358,3,18.044318181818184,3.943636363636364,73,Medium
12649,1671.14,1373,5,19.208505747126438,2.720229885057471,18,High
12651,263.75,187,3,12.55952380952381,1.9523809523809523,14,Low
12652,97.05000000000001,31,1,32.35,5.0,70,Low
12653,1950.98,762,1,45.37162790697675,2.9111627906976745,162,High
12655,261.35,80,1,16.334375,5.490625,59,Low
12656,2356.66,1137,3,19.476528925619835,3.303884297520661,61,High
12661,162.0,216,1,14.727272727272727,0.8772727272727273,72,Low
12662,3138.2400000000002,1523,10,17.830909090909092,3.559090909090909,9,High
12663,239.4,181,2,23.94,5.84,260,Low
12664,1188.16,292,2,148.52,12.7225,150,Medium
12665,250.6,128,2,17.9,4.510714285714285,53,Low
12666,1248.42,370,1,40.27161290322581,3.846774193548387,30,Medium
12668,7575.88,3415,6,20.202346666666667,3.49808,14,High
12670,764.24,230,2,33.22782608695652,5.530869565217392,21,Medium
12671,2622.481,1460,1,58.27735555555556,2.7264666666666666,242,High
12672,211.15,60,1,17.595833333333335,5.141666666666667,231,Low
12673,619.5,349,1,19.359375,3.0109375,37,Medium
12675,957.25,336,2,8.546875,3.8019642857142855,189,Medium
12676,1511.7,1197,5,24.38225806451613,3.9393548387096775,44,High
12677,395.1,176,2,18.814285714285717,4.0547619047619055,191,Low
12678,16652.72,11449,9,78.92284360189574,3.433364928909953,11,High
12681,17080.74,10060,24,20.65385731559855,2.8506045949214025,3,High
12682,11745.69,5443,23,22.851536964980546,3.4336575875486384,1,High
12683,4220.21,2696,8,21.42238578680203,2.9263959390862944,1,High
12686,89.14,107,1,12.734285714285715,3.2585714285714285,7,Low
12687,2138.91,1403,2,16.97547619047619,4.4835714285714285,116,High
12691,134.6,51,1,19.228571428571428,5.364285714285714,56,Low
12692,110.95,36,1,8.534615384615385,3.123076923076923,273,Low
12693,847.11,281,3,21.17775,4.71,32,Medium
12694,973.68,846,1,21.16695652173913,2.1069565217391304,57,Medium
12695,825.02,234,3,25.781875,5.8909375,164,Medium
12696,851.91,564,2,17.38591836734694,3.293673469387755,70,Medium
12698,339.75,111,1,21.234375,5.1,226,Low
12699,638.11,373,1,15.563658536585367,3.111219512195122,53,Medium
12701,1648.7,1049,4,17.53936170212766,2.916914893617021,165,High
12703,722.98,431,3,13.641132075471699,3.031509433962264,269,Medium
12705,4893.81,3191,5,18.467207547169814,2.3078490566037737,19,High
12708,2601.19,1214,9,17.00124183006536,3.885228758169935,4,High
12709,21107.94,9999,20,72.786,4.1272413793103455,2,High
12711,1339.05,770,2,22.3175,2.579333333333333,247,High
12712,2797.53,1287,10,19.563146853146854,4.333216783216783,1,High
12714,9384.85,5705,7,21.47562929061785,2.671395881006865,24,High
12717,277.93,94,1,17.370625,5.961875,226,Low
12720,2478.94,1645,6,15.99316129032258,2.769741935483871,5,High
12721,1356.95,696,2,17.39679487179487,4.053589743589744,21,High
12724,1286.11,934,3,16.9225,2.890263157894737,19,High
12725,2266.76,1142,4,21.384528301886796,5.955943396226416,7,High
12726,1405.5,1475,4,25.554545454545455,2.3640000000000003,23,High
12727,1698.8300000000002,734,3,26.544218750000002,3.423125,78,High
12728,233.84,124,1,15.589333333333334,3.9679999999999995,19,Low
12730,829.25,234,1,17.643617021276597,4.915957446808511,157,Medium
12731,6879.8,3204,5,57.813445378151265,3.4414285714285713,78,High
12733,2040.92,759,3,15.117925925925926,3.424888888888889,25,High
12734,529.25,177,2,35.28333333333333,4.543333333333334,10,Medium
12737,3710.5,2,2,1855.25,1855.25,134,High
12738,155.35,148,1,14.122727272727273,3.95,8,Low
12739,1713.69,465,2,33.60176470588235,11.266666666666667,21,High
12741,406.07,214,2,25.379375,12.220625,165,Medium
12742,1201.52,1359,1,17.933134328358207,1.7086567164179105,261,Medium
12744,4037.77,1753,4,34.5108547008547,3.1838461538461535,95,High
12745,925.41,468,3,40.235217391304346,11.71913043478261,122,Medium
12746,254.55,97,1,14.973529411764707,3.476470588235294,176,Low
12747,5061.03,1473,16,33.07862745098039,4.339607843137255,5,High
12748,22457.9,13109,144,8.873133148952984,3.6018806795732914,1,High
12749,2806.48,889,4,20.1905035971223,6.165035971223021,35,High
12751,268.27,189,1,4.326935483870967,1.834032258064516,80,Low
12755,5218.71,2290,10,86.9785,1.9468333333333334,1,High
12758,7111.650000000001,4020,5,32.924305555555556,2.5043981481481485,95,High
12759,3489.3,2300,5,16.856521739130436,2.7155072463768115,22,High
12760,347.8,198,1,16.561904761904763,2.979047619047619,91,Low
12761,782.95,281,2,28.99814814814815,4.394444444444445,93,Medium
12763,320.08,196,1,20.005,1.811875,5,Low
12765,1404.58,1009,6,20.65558823529412,2.6519117647058823,108,High
12766,3078.65,1800,3,21.232068965517243,2.8139999999999996,2,High
12767,949.82,598,1,22.088837209302326,2.0948837209302327,11,Medium
12768,168.69,102,1,16.869,3.008,86,Low
12770,1895.0,1100,1,118.4375,2.733125,92,High
12771,282.3,104,1,18.82,5.656666666666666,121,Low
12773,124.25,109,1,20.708333333333332,2.018333333333333,200,Low
12774,98.7,53,1,16.45,3.966666666666667,171,Low
12775,300.08000000000004,206,2,20.005333333333336,3.4566666666666666,24,Low
12776,55.5,46,1,13.875,7.53,303,Low
12777,519.45,458,1,19.978846153846156,3.200384615384615,93,Medium
12778,953.4499999999999,910,3,14.897656249999999,2.6121875,32,Medium
12779,2740.91,1617,7,21.413359375,2.577890625,7,High
12780,337.4,285,1,16.869999999999997,3.037,234,Low
12782,2287.32,931,6,18.446129032258067,4.066774193548388,10,High
12784,1230.33,582,1,17.087916666666665,3.6544444444444446,165,Medium
12785,788.45,322,2,18.77261904761905,5.525,171,Medium
12786,728.5000000000001,324,1,40.47222222222223,3.1,245,Medium
12787,398.52,249,1,16.605,2.422083333333333,49,Low
12788,444.90000000000003,194,4,17.111538461538462,4.119230769230769,99,Medium
12789,181.5,32,2,45.375,10.725,148,Low
12790,266.93,140,1,16.683125,5.2143749999999995,46,Low
12791,863.51,353,6,30.839642857142856,9.510714285714286,9,Medium
12792,426.47,177,1,19.385,4.581363636363636,170,Medium
12793,471.85,231,2,17.475925925925928,4.1499999999999995,7,Medium
12796,381.0,182,1,54.42857142857143,3.814285714285714,264,Low
12797,552.08,215,2,18.40266666666667,5.305666666666666,1,Medium
12798,1533.89,3199,1,61.3556,0.8536,57,High
12799,219.35,137,1,14.623333333333333,2.8366666666666664,165,Low
12800,584.25,284,3,17.183823529411764,3.837058823529412,106,Medium
12801,1071.82,505,1,21.4364,4.5974,136,Medium
12802,1988.84,1658,6,17.600353982300884,2.6453097345132743,78,High
12803,1092.81,872,1,19.869272727272726,1.8143636363636364,29,Medium
12804,325.37,270,2,4.929848484848485,2.022878787878788,101,Low
12805,1434.95,593,4,24.74051724137931,3.6508620689655173,17,High
12806,2878.96,2087,4,42.96955223880597,6.652985074626866,71,High
12807,330.35,145,1,20.646875,6.4875,19,Low
12808,422.45,187,3,16.248076923076923,3.6096153846153842,4,Medium
12809,1266.63,298,2,22.618392857142858,7.442678571428571,201,Medium
12810,534.99,389,2,16.7184375,1.9415625,170,Medium
12811,519.0500000000001,205,2,20.762000000000004,4.64,14,Medium
12813,1687.8,1141,3,37.50666666666667,2.3455555555555554,137,High
12817,524.94,166,2,24.997142857142858,6.78047619047619,35,Medium
12819,540.52,344,1,28.448421052631577,3.3342105263157897,94,Medium
12820,1747.18,1242,7,17.4718,2.8364,33,High
12821,128.08,92,1,18.29714285714286,2.327142857142857,247,Low
12823,4742.0,700,13,364.7692307692308,6.619230769230769,30,High
12825,518.63,139,2,21.609583333333333,6.155833333333334,157,Medium
12826,1481.03,937,6,19.747066666666665,2.1054666666666666,1,High
12829,92.3,174,1,11.5375,4.391249999999999,186,Low
12831,236.06,168,2,18.158461538461538,2.666923076923077,99,Low
12835,5996.83,2349,41,9.750943089430894,3.5974471544715443,63,High
12836,3949.37,1169,11,16.664008438818566,4.7457805907173,25,High
12837,528.5600000000001,170,1,6.954736842105264,3.7292105263157898,205,Medium
12838,2694.75,1479,9,9.134745762711864,2.4155593220338982,9,High
12839,4480.31,3042,13,17.100419847328247,2.3444274809160306,3,High
12840,1315.2,747,3,20.876190476190477,2.3342857142857145,73,High
12841,3472.61,2609,17,12.53649819494585,2.4609747292418773,5,High
12842,799.0,340,2,57.07142857142857,2.4714285714285715,40,Medium
12843,4881.1,2247,22,42.07844827586207,4.808448275862069,18,High
12844,322.64,98,2,6.3262745098039215,4.004117647058823,78,Low
12846,15.58,1,1,15.58,15.58,318,Low
12847,765.36,624,1,21.867428571428572,1.2762857142857142,23,Medium
12848,208.0,58,1,13.0,3.971875,311,Low
12849,2032.18,1258,4,21.168541666666666,3.931770833333333,17,High
12850,330.0,200,1,165.0,1.65,81,Low
12851,148.95,51,1,4.965,3.316666666666667,113,Low
12853,1950.4,868,5,27.862857142857145,3.725,63,High
12854,1654.72,1004,4,10.886315789473684,3.055263157894737,197,High
12855,612.84,240,4,9.146865671641791,5.414179104477612,8,Medium
12857,2581.6,1077,4,34.42133333333333,3.338,72,High
12858,147.27,51,1,3.9802702702702706,3.282972972972973,19,Low
12859,575.1,292,1,27.385714285714286,2.7261904761904763,94,Medium
12860,54.22,26,1,3.38875,2.6325,329,Low
12861,68.25,27,1,17.0625,6.0,255,Low
12862,984.62,611,2,7.51618320610687,2.926564885496183,61,Medium
12863,2271.35,707,5,52.82209302325581,4.142325581395349,15,High
12864,152.45,231,1,38.1125,0.69,144,Low
12865,1755.24,1048,2,17.5524,3.0066,14,High
12866,668.23,382,2,18.06027027027027,3.1924324324324327,110,Medium
12867,3819.92,3592,6,7.402945736434108,1.4178875968992248,33,High
12868,640.0,354,3,16.41025641025641,2.7948717948717947,9,Medium
12869,337.66999999999996,144,1,9.126216216216216,2.576216216216216,317,Low
12870,1676.95,906,3,18.031720430107526,4.554193548387097,11,High
12871,363.38,284,1,51.91142857142857,3.9057142857142857,75,Low
12872,3062.52,1526,11,8.367540983606558,2.6309289617486336,1,High
12873,1653.3,658,2,53.332258064516125,3.3606451612903228,33,High
12874,948.42,623,2,19.75875,3.0775,21,Medium
12875,1013.7600000000001,3168,3,168.96,0.445,107,Medium
12876,1863.77,1106,2,21.92670588235294,2.785058823529412,30,High
12877,1406.3700000000001,1059,8,11.719750000000001,2.0900000000000003,37,High
12880,640.13,279,2,17.781388888888888,4.122777777777778,17,Medium
12887,222.4,100,1,17.107692307692307,4.742307692307692,19,Low
12889,385.46000000000004,124,4,15.418400000000002,5.0931999999999995,17,Low
12890,329.3,201,1,5.880357142857143,2.1248214285714284,23,Low
12891,509.5,1375,8,63.6875,0.39,94,Medium
12892,263.38,140,1,14.632222222222222,3.31,32,Low
12894,157.35,33,1,7.492857142857143,5.633333333333333,211,Low
12897,297.75,139,2,29.775,4.205,17,Low
12898,296.21,235,2,10.97074074074074,2.374814814814815,99,Low
12899,366.4,108,1,21.552941176470586,5.067647058823529,49,Low
12900,340.33000000000004,139,1,26.179230769230774,3.6169230769230767,58,Low
12903,833.5300000000001,493,1,20.330000000000002,2.2826829268292683,64,Medium
12905,1018.42,532,2,18.85962962962963,3.6487037037037036,212,Medium
12907,508.91,177,2,20.3564,5.2084,31,Medium
12908,1026.0,1800,3,342.0,0.57,16,Medium
12909,924.52,668,3,13.798805970149253,2.517910447761194,60,Medium
12910,2721.48,1940,5,43.89483870967742,1.7306451612903226,15,High
12911,1651.72,807,1,6.998813559322034,3.1703389830508475,187,High
12913,4217.23,1813,9,91.67891304347825,3.285,4,High
12914,223.98,336,1,24.886666666666667,1.1444444444444444,36,Low
12915,811.1,359,3,15.903921568627451,5.038627450980392,8,Medium
12916,1534.78,598,3,22.243188405797103,4.838260869565218,78,High
12917,3765.2,984,5,78.44166666666666,3.6187500000000004,36,High
12918,10953.5,1,1,10953.5,10953.5,262,High
12920,323.86,292,3,10.120625,2.421875,207,Low
12921,19333.95,12182,39,23.751781326781327,2.2496191646191646,2,High
12923,597.6,162,2,18.675,4.1734375,26,Medium
12924,1535.7,942,8,34.90227272727273,2.069318181818182,29,High
12925,35.28,108,1,7.056,0.378,228,Low
12926,1523.97,754,4,5.816679389312977,2.5360305343511453,47,High
12927,197.31,145,1,17.937272727272727,2.830909090909091,30,Low
12928,2242.19,1427,7,23.602,1.9147368421052633,14,High
12931,50291.38,34902,42,369.7895588235294,2.13,16,High
12932,1698.56,1609,8,17.87957894736842,2.076105263157895,175,High
12933,1029.1,450,5,5.6234972677595625,3.3950273224043714,16,Medium
12934,181.65,31,1,90.825,41.67,372,Low
12935,2083.16,1348,8,16.66528,3.1868000000000003,11,High
12937,1593.34,976,5,16.426185567010307,2.346185567010309,99,High
12939,13683.0,5452,12,350.84615384615387,2.831538461538462,15,High
12941,377.49,381,1,13.981111111111112,1.6459259259259258,360,Low
12942,258.75,69,1,16.171875,5.471875,1,Low
12943,496.5,222,2,19.86,5.11,194,Medium
12945,437.16,281,1,15.612857142857143,2.6992857142857143,292,Medium
12946,324.45,149,1,16.2225,3.3175,72,Low
12947,304.04,184,1,17.884705882352943,2.9605882352941175,9,Low
12948,252.48,224,2,28.05333333333333,1.6422222222222222,366,Low
12949,11359.48,5852,14,22.71896,3.19612,18,High
12951,2149.65,1159,9,16.409541984732826,2.790839694656489,22,High
12953,498.96,280,1,16.09548387096774,4.2051612903225815,158,Medium
12954,162.45,83,1,16.244999999999997,3.115,274,Low
12956,413.82,306,3,17.992173913043477,1.838695652173913,320,Medium
12957,4689.43,2137,5,18.60884920634921,3.8642857142857143,177,High
12958,467.34,118,2,9.537551020408163,4.318163265306122,36,Medium
12959,150.95,109,1,18.86875,3.8,120,Low
12960,1322.0700000000002,1379,4,18.886714285714287,2.0588571428571427,49,High
12961,211.99,180,1,5.29975,1.62625,15,Low
12963,1744.96,928,5,18.368000000000002,3.3046315789473684,1,High
12964,132.24,56,1,5.086153846153847,3.621923076923077,73,Low
12967,2646.02,834,2,43.377377049180325,4.851803278688524,7,High
12969,122.45,55,1,24.490000000000002,4.59,238,Low
12970,1048.13,686,6,4.852453703703704,2.2030555555555558,16,Medium
12971,4782.88,5298,33,39.85733333333334,2.8459999999999996,2,High
12972,1161.2,844,4,15.08051948051948,3.2216883116883115,49,Medium
12973,385.55,31,1,64.25833333333334,28.375,49,Low
12974,264.15,80,1,11.00625,4.665,201,Low
12975,2100.09,911,6,18.750803571428573,4.553214285714286,72,High
12976,2417.78,2123,7,18.31651515151515,1.5421969696969697,14,High
12977,474.64,116,3,9.686530612244898,6.1544897959183675,137,Medium
12978,2502.82,1394,5,15.35472392638037,2.5976073619631905,21,High
12979,517.7,520,1,9.244642857142859,2.350892857142857,365,Medium
12980,8870.880000000001,1024,12,277.21500000000003,14.584687500000001,22,High
12982,2354.27,1441,7,15.695133333333333,3.0938,30,High
12983,490.08,638,1,16.336,1.0796666666666668,234,Medium
12986,2729.84,1164,10,26.763137254901963,3.8796078431372547,64,High
12987,753.51,366,3,19.82921052631579,4.07578947368421,56,Medium
12989,6627.64,3992,18,200.83757575757576,2.9887878787878788,60,High
12990,546.0,280,4,39.0,1.95,53,Medium
12991,261.06,78,1,18.647142857142857,7.892142857142858,25,Low
12992,93.35,21,1,15.558333333333332,4.55,361,Low
12993,844.87,511,4,17.242244897959182,2.414081632653061,81,Medium
12996,355.5,122,1,16.15909090909091,5.7318181818181815,11,Low
12997,884.02,522,4,18.417083333333334,2.5425,30,Medium
12998,920.08,1124,3,15.86344827586207,1.5932758620689655,128,Medium
13000,497.65,169,1,16.05322580645161,4.106451612903226,361,Medium
13001,14256.68,7958,20,21.02755162241888,2.5141150442477875,40,High
13002,293.18,128,2,18.32375,3.2825,52,Low
13004,5994.94,3946,18,14.586228710462287,2.6330900243309006,22,High
13005,485.98,290,2,16.199333333333335,3.8706666666666667,67,Medium
13007,175.25,59,1,15.931818181818182,5.995454545454546,215,Low
13008,382.66,204,2,18.221904761904764,2.8233333333333333,33,Low
13009,234.0,120,1,58.5,1.95,308,Low
13010,330.12,323,2,27.51,1.7841666666666667,10,Low
13011,50.550000000000004,13,1,16.85,4.216666666666667,8,Low
13012,1310.99,739,3,20.169076923076922,2.847230769230769,65,High
13013,7814.83,4239,18,23.327850746268656,2.996865671641791,7,High
13014,1914.8,1074,1,16.650434782608695,3.1179130434782607,68,High
13015,3240.14,1918,6,18.72913294797688,5.026127167630058,74,High
13018,2485.46,1311,7,17.141103448275864,4.410620689655172,49,High
13019,1229.95,397,6,22.362727272727273,4.217090909090909,15,Medium
13020,618.96,278,2,15.870769230769232,3.4451282051282055,198,Medium
13021,2270.86,1194,8,18.022698412698414,3.6421428571428573,10,High
13022,65.3,35,1,13.059999999999999,5.0600000000000005,65,Low
13023,759.13,299,1,21.086944444444445,5.911944444444444,164,Medium
13024,555.87,181,2,17.931290322580644,5.2458064516129035,106,Medium
13025,323.39,241,1,24.876153846153844,2.1415384615384614,367,Low
13026,757.72,846,4,18.040952380952383,1.5095238095238095,124,Medium
13027,10327.2,25560,13,175.03728813559323,0.4040677966101695,21,High
13029,679.8,60,2,97.11428571428571,8.921428571428573,10,Medium
13030,402.36,174,1,7.058947368421053,3.2338596491228073,4,Medium
13031,3292.84,2309,5,8.090515970515971,2.497223587223587,43,High
13032,1805.78,899,7,13.277794117647058,3.2475,28,High
13033,30.0,15,1,15.0,2.025,65,Low
13034,279.91,153,2,15.550555555555556,2.806111111111111,5,Low
13035,442.32,282,1,29.488,2.2893333333333334,67,Medium
13036,307.1,38,1,51.18333333333334,9.658333333333333,320,Low
13037,3033.88,1699,9,16.488478260869567,3.45429347826087,35,High
13039,1010.73,290,4,18.37690909090909,5.494363636363636,220,Medium
13041,799.13,335,4,22.832285714285714,3.824857142857143,86,Medium
13042,1488.59,812,3,8.09016304347826,3.1194565217391306,234,High
13044,4287.58,2119,10,11.19472584856397,3.3058224543080943,128,High
13045,503.64,184,2,18.653333333333332,3.864074074074074,37,Medium
13046,319.94,241,1,15.235238095238095,3.0685714285714285,92,Low
13047,5557.62,2038,17,24.92206278026906,5.257892376681614,9,High
13048,2229.7200000000003,1433,5,17.15169230769231,2.011,72,High
13049,751.5600000000001,352,2,62.63,2.3033333333333332,25,Medium
13050,6477.67,3449,19,10.814140233722872,3.0625542570951585,2,High
13051,155.8,72,2,38.95,5.3625,214,Low
13052,2771.18,1202,6,12.048608695652174,3.6577391304347824,56,High
13053,127.65,47,1,7.508823529411765,3.1029411764705883,257,Low
13055,1106.7,927,1,14.188461538461539,2.073974358974359,65,Medium
13056,209.48,158,1,11.025263157894736,4.775789473684211,187,Low
13057,709.59,456,3,17.73975,1.996,166,Medium
13059,2108.37,825,9,11.096684210526314,4.386684210526316,49,High
13063,188.4,116,1,15.700000000000001,2.2916666666666665,116,Low
13064,561.25,154,2,22.45,8.542,186,Medium
13065,1055.05,381,5,17.016935483870967,4.2616129032258065,9,Medium
13067,393.05,99,2,23.120588235294118,5.194117647058824,45,Low
13069,5185.51,9481,16,7.892709284627093,1.9813394216133942,5,High
13070,522.9,262,3,21.787499999999998,2.033333333333333,95,Medium
13071,129.22,30,1,10.768333333333333,4.105833333333334,248,Low
13073,418.08,261,2,15.484444444444444,3.5548148148148146,47,Medium
13074,1378.74,826,4,47.54275862068965,3.955862068965517,147,High
13076,135.4,44,1,15.044444444444444,3.9833333333333334,93,Low
13077,2326.35,1909,8,9.984334763948498,2.1534763948497853,2,High
13078,16904.51,6553,32,38.159164785553045,3.8369525959367947,2,High
13079,199.08,96,1,18.098181818181818,2.5172727272727276,53,Low
13080,222.65,73,3,17.126923076923077,3.6769230769230767,37,Low
13081,30867.77,22355,19,23.20884962406015,2.034458646616541,7,High
13082,3722.12,4142,12,66.46642857142857,2.0867857142857145,60,High
13083,91.67999999999999,120,1,22.919999999999998,0.635,61,Low
13084,122.39999999999999,144,1,61.199999999999996,0.85,127,Low
13085,2017.2,728,6,32.535483870967745,3.4040322580645164,315,High
13086,439.33000000000004,155,1,9.34744680851064,3.93468085106383,18,Medium
13087,313.64,86,1,20.909333333333333,5.718,362,Low
13088,236.11,76,1,11.8055,4.156000000000001,53,Low
13089,57885.45,29125,109,37.539202334630346,2.6565304798962384,4,High
13090,5189.32,1181,13,40.860787401574804,4.656456692913386,1,High
13091,1976.0,873,2,82.33333333333333,52.00541666666666,365,High
13092,1662.45,385,7,20.780625,5.313125,50,High
13093,47111.18,22266,48,52.87450056116723,2.801952861952862,9,High
13094,505.80000000000007,372,2,63.22500000000001,1.6825,4,Medium
13096,419.7000000000001,6,1,419.7000000000001,69.95,30,Medium
13097,7320.88,2985,18,12.557255574614066,4.298833619210978,24,High
13101,594.21,365,3,13.818837209302327,2.5032558139534884,134,Medium
13102,5272.83,2372,14,28.046968085106382,3.7316489361702123,1,High
13103,465.70000000000005,344,2,18.628,1.7728,73,Medium
13104,610.62,330,3,61.062,2.195,51,Medium
13105,72.0,100,1,72.0,0.72,72,Low
13106,526.96,213,1,35.13066666666667,13.894,49,Medium
13107,3721.45,3023,5,31.012083333333333,1.94425,49,High
13108,748.46,745,2,21.38457142857143,1.4160000000000001,8,Medium
13109,347.49,237,1,15.108260869565218,3.1586956521739133,187,Low
13110,1468.8,375,5,13.727102803738317,4.916728971962617,73,High
13111,321.88000000000005,180,1,26.823333333333338,1.9716666666666667,354,Low
13112,20.599999999999998,11,1,10.299999999999999,1.475,177,Low
13113,6357.08,1495,14,33.99508021390374,3.9529411764705884,2,High
13114,234.38,74,1,14.64875,5.59625,366,Low
13115,3199.92,2367,6,16.494432989690722,2.5144845360824744,15,High
13117,1658.9,1122,12,14.811607142857143,2.7704464285714288,1,High
13118,1217.6,424,4,17.6463768115942,5.161739130434782,12,Medium
13119,134.9,110,1,12.263636363636364,1.5136363636363634,304,Low
13123,506.75,268,2,11.261111111111111,3.2148888888888885,108,Medium
13124,885.33,619,1,14.51360655737705,2.688196721311475,21,Medium
13125,148.62,53,1,7.431,4.5515,159,Low
13126,1898.61,1266,7,17.104594594594595,2.503963963963964,2,High
13128,263.5,31,1,263.5,8.5,267,Low
13129,233.25,296,2,21.204545454545453,1.86,88,Low
13131,2240.4700000000003,1076,4,21.337809523809526,3.167333333333333,54,High
13133,90.65,23,1,18.130000000000003,5.07,95,Low
13134,681.65,305,2,29.63695652173913,4.184782608695652,38,Medium
13135,275.45,123,1,16.20294117647059,4.305882352941176,127,Low
13136,3666.9500000000003,1781,8,19.505053191489363,2.942712765957447,11,High
13137,3983.65,2034,8,5.634582743988685,2.5283734087694483,22,High
13138,504.85,245,2,14.023611111111112,3.4586111111111113,8,Medium
13139,3138.04,2189,1,33.032,2.482421052631579,73,High
13140,790.71,461,3,10.5428,3.4908,2,Medium
13141,5267.33,3611,12,18.226055363321798,2.2773702422145328,21,High
13143,405.1,198,1,17.61304347826087,2.7282608695652173,220,Medium
13144,24.4,8,1,8.133333333333333,3.0833333333333335,67,Low
13145,805.0,121,4,201.25,76.9375,8,Medium
13148,4814.56,2522,14,10.67529933481153,3.5464966740576496,25,High
13150,449.96999999999997,171,3,56.246249999999996,6.93375,120,Medium
13151,1207.3400000000001,450,2,14.37309523809524,4.501666666666667,261,Medium
13152,2146.38,977,7,15.899111111111113,4.020370370370371,53,High
13154,1624.84,976,3,17.471397849462363,3.2461290322580645,35,High
13155,778.4200000000001,412,3,9.853417721518989,2.6724050632911394,4,Medium
13156,1586.54,914,3,15.255192307692308,3.3207692307692307,21,High
13157,3946.14,3323,5,24.061829268292684,1.8473170731707316,45,High
13158,307.12,208,1,14.624761904761906,2.094761904761905,24,Low
13161,359.38,76,1,14.3752,5.7756,136,Low
13162,7587.2,4042,12,47.71823899371069,2.6928301886792454,16,High
13163,17.65,3,1,8.825,5.35,246,Low
13164,372.2,120,2,37.22,5.17,205,Low
13165,429.68,360,1,61.38285714285714,1.0014285714285713,49,Medium
13166,458.73,306,1,16.990000000000002,2.8800000000000003,50,Medium
13167,333.82,222,1,20.86375,2.738125,26,Low
13168,541.14,228,1,11.513617021276595,3.3555319148936174,178,Medium
13169,127.2,24,1,25.44,5.7700000000000005,198,Low
13172,69.6,48,1,69.6,1.45,36,Low
13173,2212.11,1318,10,11.286275510204081,2.9815816326530613,3,High
13174,6621.6,3116,10,8.308155583437893,3.330526976160602,5,High
13175,831.45,423,2,18.075,4.040217391304347,218,Medium
13177,229.75,89,1,17.673076923076923,3.0307692307692307,66,Low
13178,8333.72,5208,10,19.74815165876777,1.9011611374407582,33,High
13179,572.3100000000001,368,1,16.832647058823532,2.083529411764706,254,Medium
13180,86.10000000000001,42,1,21.525000000000002,3.7625,243,Low
13181,359.69,171,1,18.931052631578947,2.7931578947368423,17,Low
13183,3078.4,1819,6,49.65161290322581,1.6496774193548387,30,High
13187,105.34,201,3,5.54421052631579,0.8473684210526314,260,Low
13190,570.66,308,3,33.56823529411764,4.138823529411765,180,Medium
13191,164.69,115,1,2.79135593220339,1.8784745762711863,294,Low
13192,1646.64,1034,4,16.632727272727273,3.166262626262626,171,High
13194,412.08,300,1,58.86857142857143,2.511428571428571,57,Medium
13195,136.73,70,1,2.972391304347826,2.159782608695652,50,Low
13196,1271.06,782,3,16.295641025641025,3.212820512820513,79,High
13197,373.01000000000005,204,1,19.632105263157897,4.588947368421053,245,Low
13198,1572.99,801,2,17.874886363636364,3.5997727272727276,23,High
13199,6615.77,5843,30,75.17920454545455,2.213636363636364,2,High
13201,1233.06,1036,4,14.337906976744186,2.235232558139535,138,Medium
13202,1580.3,572,7,22.902898550724636,4.971014492753623,30,High
13203,1778.79,1613,6,15.882053571428571,1.710357142857143,22,High
13204,966.6600000000001,428,1,16.958947368421054,4.161052631578947,367,Medium
13205,2803.2,256,1,2803.2,10.95,79,High
13206,8308.19,7086,13,14.678780918727917,1.9573144876325086,36,High
13207,285.6,48,2,57.120000000000005,5.95,87,Low
13208,758.65,540,3,7.294711538461538,2.793173076923077,85,Medium
13209,2617.9,1528,5,58.175555555555555,3.4533333333333336,150,High
13211,1523.35,1011,7,10.43390410958904,1.5737671232876713,17,High
13213,2330.94,1602,6,20.44684210526316,2.5537719298245616,19,High
13214,3264.23,2966,7,14.254279475982532,1.9063755458515284,53,High
13215,81.6,96,1,81.6,0.85,38,Low
13217,132.5,250,1,132.5,0.53,291,Low
13219,76.23,11,1,6.930000000000001,6.930000000000001,254,Low
13220,516.8,200,1,16.15,4.046875,211,Medium
13222,88.5,30,1,88.5,2.95,213,Low
13223,805.92,480,4,100.74,1.4675,59,Medium
13225,9796.23,3985,9,105.3358064516129,2.8603225806451613,57,High
13226,204.25,99,1,17.020833333333332,2.5416666666666665,29,Low
13230,3457.83,1915,17,5.107577548005908,2.669970457902511,1,High
13233,571.34,600,2,17.313333333333333,2.3045454545454547,56,Medium
13234,346.5,159,2,5.680327868852459,3.0611475409836064,308,Low
13237,643.0,128,1,26.791666666666668,5.360416666666667,23,Medium
13238,305.9,144,2,19.11875,2.734375,66,Low
13239,1265.1299999999999,824,4,17.57125,3.1534722222222222,73,Medium
13240,1036.21,542,5,6.685225806451613,2.2970967741935486,1,Medium
13241,112.53,46,1,2.81325,2.60175,47,Low
13242,429.0,220,4,19.5,1.95,87,Medium
13243,635.26,322,4,4.2922972972972975,2.7076351351351353,85,Medium
13245,558.72,246,1,19.266206896551726,2.813448275862069,68,Medium
13246,1390.23,1209,5,5.915872340425532,1.540723404255319,29,High
13249,897.52,700,6,74.79333333333334,1.3191666666666666,37,Medium
13250,253.09,107,2,13.320526315789474,2.4589473684210525,96,Low
13251,252.68,215,1,10.1072,1.5316,38,Low
13252,399.3,134,2,21.01578947368421,4.681578947368421,30,Low
13253,1920.71,1443,2,49.24897435897436,2.081025641025641,66,High
13254,51.41,43,1,12.8525,2.5225,12,Low
13255,504.95,340,2,26.576315789473682,4.015789473684211,9,Medium
13257,149.75,33,1,21.392857142857142,7.321428571428571,72,Low
13258,336.59999999999997,164,2,42.074999999999996,2.1374999999999997,15,Low
13259,1119.36,377,8,4.824827586206896,3.386853448275862,33,Medium
13262,373.16,122,2,9.568205128205129,4.075641025641025,25,Low
13263,1239.27,604,4,5.207016806722689,2.9068907563025213,29,Medium
13264,722.5600000000001,375,1,19.014736842105265,3.237894736842105,78,Medium
13266,2300.78,2409,7,19.173166666666667,1.629,49,High
13267,5236.77,2135,18,24.357069767441864,3.474325581395349,2,High
13269,3545.47,3050,14,19.37415300546448,2.4434972677595628,5,High
13270,590.0,200,1,590.0,2.95,2,Medium
13274,360.85,199,1,18.992105263157896,3.7605263157894737,45,Low
13275,238.86,138,2,4.97625,2.14125,19,Low
13276,1300.98,679,3,6.224784688995215,3.2535406698564593,33,High
13277,264.9,206,3,17.66,1.2633333333333332,16,Low
13278,893.12,821,3,14.40516129032258,1.8993548387096775,35,Medium
13280,1494.8700000000001,971,4,12.153414634146342,3.2260162601626017,15,High
13281,350.85,201,1,15.947727272727274,2.4390909090909094,75,Low
13282,181.05,103,1,12.932142857142859,2.8285714285714287,42,Low
13283,279.7,114,2,21.515384615384615,3.1346153846153846,203,Low
13285,655.47,406,2,14.897045454545456,3.183636363636363,236,Medium
13286,734.91,274,1,14.998163265306122,4.138979591836735,236,Medium
13287,781.59,429,3,14.746981132075472,3.0541509433962264,239,Medium
13288,927.61,379,5,92.761,4.788,79,Medium
13289,307.95,119,1,19.246875,4.390625,359,Low
13290,208.63,1,1,208.63,208.63,74,Low
13291,2909.68,1367,10,10.542318840579709,3.363369565217391,50,High
13292,415.57,183,3,14.841785714285715,4.766785714285715,51,Medium
13293,1192.94,555,6,16.56861111111111,3.3756944444444446,28,Medium
13294,815.79,543,1,16.995625,3.4029166666666666,282,Medium
13295,900.77,651,3,15.80298245614035,2.1721052631578948,12,Medium
13296,705.11,575,5,14.689791666666666,1.819375,59,Medium
13297,2278.77,1731,3,35.60578125,2.555625,21,High
13299,1076.2,386,2,18.880701754385967,4.661754385964913,59,Medium
13300,913.62,252,2,26.103428571428573,4.961428571428572,24,Medium
13302,95.45,7,1,47.725,15.85,162,Low
13303,61.72,26,1,15.43,4.385,36,Low
13304,917.57,478,3,16.097719298245615,3.666491228070176,91,Medium
13305,1751.75,1128,7,14.127016129032258,3.6212096774193547,8,High
13306,53.65,74,1,13.4125,0.9525,66,Low
13307,258.34,136,2,18.45285714285714,3.1992857142857143,123,Low
13308,284.86,230,1,16.756470588235295,2.5647058823529414,232,Low
13309,249.58,370,1,10.851304347826087,0.91,28,Low
13310,409.17,229,2,17.79,3.242608695652174,16,Medium
13312,124.75,41,1,24.95,3.5700000000000003,87,Low
13313,1890.0,1457,7,17.339449541284402,2.3573394495412843,115,High
13315,310.26000000000005,232,1,14.102727272727275,1.968181818181818,325,Low
13316,7207.89,14423,6,82.84931034482759,2.513333333333333,28,High
13317,4212.411,2114,13,19.147322727272726,3.55655,21,High
13319,11236.95,4546,34,23.45918580375783,3.7177035490605426,1,High
13320,679.4,423,2,15.44090909090909,1.7659090909090909,70,Medium
13324,3391.52,3243,8,59.50035087719298,3.3580701754385966,64,High
13326,281.76,140,1,21.673846153846153,2.914615384615385,68,Low
13327,6251.71,2879,14,26.7167094017094,3.0673076923076925,1,High
13329,4323.97,3023,7,40.03675925925926,2.3642592592592595,2,High
13330,1655.17,1200,3,25.86203125,2.4784375,91,High
13331,262.4,54,1,21.866666666666664,11.845833333333333,37,Low
13333,1015.74,685,3,18.468,2.490545454545454,47,Medium
13334,2699.48,1434,2,12.916172248803829,3.024114832535885,172,High
13337,1575.26,980,1,18.106436781609194,3.464137931034483,182,High
13338,1958.6,895,3,17.96880733944954,5.129266055045872,177,High
13340,11364.08,3866,5,140.29728395061727,9.478271604938271,53,High
13346,299.4,180,6,49.9,1.8916666666666666,98,Low
13357,3196.11,1791,4,10.47904918032787,3.214622950819672,130,High
13359,603.75,220,1,18.295454545454547,5.407575757575757,39,Medium
13360,1553.65,942,4,23.540151515151518,3.477424242424242,67,High
13361,1450.5,324,2,42.661764705882355,4.438235294117647,108,High
13362,2303.33,1099,3,17.449469696969697,3.215151515151515,14,High
13363,731.36,436,1,17.413333333333334,2.727142857142857,45,Medium
13367,510.2,253,1,25.509999999999998,4.61,67,Medium
13368,498.1,279,2,21.656521739130437,4.396521739130435,50,Medium
13369,308.28000000000003,149,1,22.020000000000003,6.5442857142857145,1,Low
13370,754.87,343,1,19.355641025641027,3.7279487179487183,7,Medium
13371,2297.66,1019,2,24.9745652173913,4.004130434782609,141,High
13373,4274.94,2612,3,21.374699999999997,3.3253,51,High
13374,422.8,135,2,24.870588235294118,6.044117647058823,50,Medium
13375,1013.58,682,1,29.811176470588236,3.1594117647058826,80,Medium
13377,1552.88,748,2,19.90871794871795,5.465128205128205,32,High
13380,62.4,48,1,20.8,1.3166666666666667,68,Low
13381,4585.06,3096,6,24.91880434782609,2.888532608695652,15,High
13382,1164.5900000000001,732,4,16.40267605633803,2.3549295774647887,64,Medium
13383,305.28000000000003,288,1,305.28000000000003,1.06,179,Low
13384,2528.9,1720,4,22.579464285714288,3.074910714285714,26,High
13386,835.46,514,2,26.950322580645164,2.2948387096774194,50,Medium
13387,186.94,123,1,2.632957746478873,1.942394366197183,53,Low
13388,508.55,419,1,14.95735294117647,3.7147058823529413,239,Medium
13392,91.14,82,1,11.3925,1.44625,313,Low
13393,1131.45,662,4,16.397826086956524,4.150579710144927,219,Medium
13394,4101.68,2962,11,16.148346456692913,2.4609055118110237,15,High
13395,872.51,1324,2,14.541833333333333,1.620666666666667,36,Medium
13397,1647.74,906,5,32.308627450980396,5.022156862745098,73,High
13398,213.0,60,1,16.384615384615383,5.273076923076923,84,Low
13399,275.4,120,3,18.36,3.61,100,Low
13400,310.83,284,1,13.514347826086956,1.9695652173913043,218,Low
13402,913.9,628,3,16.03333333333333,2.739122807017544,8,Medium
13403,154.5,70,2,25.75,4.008333333333334,23,Low
13405,641.36,690,3,40.085,4.10125,117,Medium
13406,568.92,292,2,63.21333333333333,2.4655555555555555,63,Medium
13407,2244.7,1690,3,26.408235294117645,2.5101176470588236,214,High
13408,23616.422,13267,46,65.23873480662984,2.5854198895027625,7,High
13410,1198.9,726,4,54.49545454545455,2.405,29,Medium
13412,487.35,176,1,14.333823529411765,4.819117647058824,256,Medium
13413,429.44,455,6,9.986976744186046,1.8832558139534885,275,Medium
13414,1103.64,1128,3,35.601290322580645,2.148387096774193,99,Medium
13415,784.17,496,4,7.764059405940594,2.5163366336633666,108,Medium
13416,228.3,66,1,32.614285714285714,3.3500000000000005,372,Low
13417,1028.66,370,4,20.993061224489797,3.7491836734693877,183,Medium
13418,6055.47,3670,15,23.6541796875,2.84953125,8,High
13421,2225.04,1223,6,13.650552147239264,2.4374233128834355,42,High
13423,217.03,141,1,18.085833333333333,2.2316666666666665,64,Low
13424,572.77,529,1,14.31925,1.672,85,Medium
13425,1766.22,1235,2,17.84060606060606,2.527171717171717,144,High
13426,4526.06,2623,12,24.333655913978497,2.1516129032258062,18,High
13427,423.93,335,3,18.43173913043478,1.7756521739130433,113,Medium
13428,276.76,205,2,4.130746268656717,1.7497014925373136,150,Low
13431,2047.14,898,6,24.66433734939759,3.7906024096385544,42,High
13432,439.1,217,2,3.955855855855856,2.2845045045045045,207,Medium
13433,658.32,190,4,27.430000000000003,4.62375,137,Medium
13434,1132.6200000000001,564,3,45.30480000000001,2.1168,21,Medium
13435,637.44,625,2,13.280000000000001,2.4716666666666667,12,Medium
13438,46.5,10,1,46.5,4.65,183,Low
13439,702.9,710,2,6.220353982300884,2.23212389380531,24,Medium
13440,1295.25,573,7,21.953389830508474,3.2228813559322034,59,High
13441,424.26,316,1,16.970399999999998,2.6404,67,Medium
13442,419.87,115,3,11.04921052631579,7.01,303,Medium
13443,1273.16,805,6,6.3658,2.86315,84,High
13444,619.08,331,2,10.861052631578948,2.349122807017544,10,Medium
13445,241.89999999999998,198,1,34.55714285714286,1.9700000000000002,262,Low
13446,3881.89,2403,11,20.218177083333334,2.701927083333333,66,High
13448,5655.2,2709,9,15.840896358543416,4.050056022408964,9,High
13450,2076.32,2336,7,27.320000000000004,1.465,10,High
13451,4191.8,3101,6,7.116808149405773,2.0468421052631576,17,High
13452,139.8,4,1,139.8,34.95,108,Low
13453,424.71,207,1,18.465652173913043,3.1947826086956526,38,Medium
13454,219.87,198,1,9.559565217391304,1.4865217391304346,277,Low
13455,1847.5900000000001,631,5,18.85295918367347,4.535204081632653,2,High
13457,148.22,96,2,16.468888888888888,1.5599999999999998,324,Low
13458,2312.7000000000003,1252,2,22.45339805825243,2.9192233009708737,15,High
13459,1160.41,986,2,15.896027397260275,2.282191780821918,260,Medium
13461,2715.0,1962,3,77.57142857142857,1.9994285714285716,43,High
13462,1002.35,635,4,16.16693548387097,2.394838709677419,46,Medium
13464,2422.96,1037,5,22.02690909090909,3.936727272727273,30,High
13465,931.12,584,2,27.385882352941177,2.315588235294118,82,Medium
13466,705.45,401,4,18.564473684210526,2.701842105263158,44,Medium
13468,7670.54,3223,38,18.048329411764705,4.2232705882352946,4,High
13469,82.4,52,1,13.733333333333334,2.6999999999999997,289,Low
13472,592.24,310,2,21.15142857142857,2.626785714285714,99,Medium
13473,2235.12,734,6,45.61469387755102,4.485714285714286,210,High
13474,419.75,189,2,6.55859375,3.32484375,79,Medium
13476,823.0,296,3,17.145833333333332,4.814583333333333,42,Medium
13477,1364.5900000000001,1070,5,17.494743589743592,2.4747435897435897,91,High
13478,2215.78,1189,5,17.72624,3.8902400000000004,105,High
13479,550.42,582,2,14.484736842105262,2.023421052631579,88,Medium
13480,627.82,362,2,15.31268292682927,3.5897560975609757,52,Medium
13481,2026.28,913,6,17.61982608695652,3.6229565217391304,10,High
13482,151.45,71,1,16.827777777777776,3.061111111111111,263,Low
13484,476.92,180,2,15.384516129032258,4.448387096774193,19,Medium
13485,2564.98,1521,10,18.99985185185185,3.600074074074074,12,High
13487,271.47,97,2,18.098000000000003,4.684666666666667,141,Low
13488,6619.57,3373,11,21.9191059602649,3.497913907284768,3,High
13490,154.25,25,1,19.28125,9.40625,290,Low
13491,3350.7400000000002,1482,18,18.410659340659343,3.6540109890109886,8,High
13495,3329.39,1845,6,33.63020202020202,2.0766666666666667,4,High
13497,972.2800000000001,416,5,20.255833333333335,3.2245833333333334,4,Medium
13498,327.38,362,1,19.25764705882353,2.2652941176470587,366,Low
13500,299.53,229,1,14.976499999999998,3.3335,37,Low
13501,1544.79,693,2,24.915967741935482,3.6512903225806452,122,High
13502,488.5,226,2,32.56666666666667,3.07,51,Medium
13503,1642.39,857,5,9.548779069767443,3.1865697674418607,115,High
13506,1180.68,850,4,16.398333333333333,2.698472222222222,5,Medium
13508,176.07999999999998,156,1,11.004999999999999,2.82625,278,Low
13509,135.0,108,1,27.0,1.25,143,Low
13510,2766.73,1658,7,15.900747126436782,3.6267241379310344,11,High
13511,282.76,60,1,56.552,12.998000000000001,312,Low
13512,462.18,276,3,19.2575,2.4858333333333333,23,Medium
13513,619.49,255,2,20.64966666666667,2.5603333333333333,77,Medium
13514,663.7,248,3,39.04117647058824,5.06764705882353,64,Medium
13515,374.7,138,2,22.041176470588233,4.132941176470588,85,Low
13516,295.85,129,1,17.40294117647059,5.194117647058824,53,Low
13519,220.46,110,1,20.041818181818183,2.9127272727272726,78,Low
13520,3285.05,1640,6,29.33080357142857,4.385357142857143,7,High
13523,1136.64,602,2,19.265084745762714,3.8330508474576273,2,Medium
13526,1182.0,1911,2,26.863636363636363,1.0329545454545455,374,Medium
13527,2298.93,1053,5,10.172256637168141,3.0455752212389378,54,High
13530,402.98,272,1,22.387777777777778,2.0072222222222225,270,Medium
13531,1254.72,426,5,18.451764705882354,4.594264705882353,2,Medium
13534,1850.82,908,10,19.279374999999998,2.711145833333333,15,High
13535,89.5,10,1,89.5,8.95,38,Low
13537,717.85,337,2,17.09166666666667,3.2404761904761905,61,Medium
13538,1822.28,784,5,15.575042735042734,3.6450427350427352,32,High
13539,938.02,390,4,19.143265306122448,3.977551020408163,56,Medium
13540,632.39,189,3,19.7621875,5.5475,103,Medium
13541,785.25,279,2,78.525,3.502,63,Medium
13542,3959.4900000000002,804,17,11.962205438066466,5.561480362537765,12,High
13543,1439.61,329,2,30.63,4.599787234042553,270,High
13544,514.14,219,4,3.213375,2.4533125,47,Medium
13545,364.93,252,2,6.757962962962963,2.5207407407407407,26,Low
13546,465.15,230,2,8.457272727272727,2.3456363636363635,18,Medium
13547,167.08,79,1,3.7972727272727274,2.904318181818182,44,Low
13548,223.28,122,1,3.660327868852459,2.699508196721312,107,Low
13549,87.6,96,1,10.95,0.9125,23,Low
13550,342.55,430,1,8.155952380952382,1.7414285714285715,19,Low
13551,152.39999999999998,24,1,152.39999999999998,6.35,302,Low
13552,3208.85,1213,10,32.743367346938776,3.3668367346938775,64,High
13553,499.6,201,1,5.613483146067416,3.5106741573033706,310,Medium
13554,1629.35,578,7,8.313010204081632,4.05954081632653,16,High
13555,4792.96,2126,9,18.293740458015268,2.9412213740458015,14,High
13556,200.82,134,2,22.313333333333333,2.0655555555555556,65,Low
13557,2448.2,1852,11,16.76849315068493,2.203287671232877,51,High
13559,990.0,360,2,495.0,2.75,148,Medium
13561,1661.54,1042,10,7.728093023255814,2.274,33,High
13562,3038.85,846,5,26.65657894736842,4.541052631578947,37,High
13564,15310.35,8497,35,13.209965487489216,3.044857635893011,4,High
13565,174.57999999999998,88,1,7.935454545454545,2.3104545454545455,47,Low
13566,831.76,690,3,4.2221319796954315,1.6871065989847716,70,Medium
13567,1079.29,643,4,5.369601990049751,2.583233830845771,64,Medium
13569,497.74,232,3,4.046666666666667,2.4295934959349594,3,Medium
13571,2448.32,1434,14,7.352312312312312,2.1102102102102105,18,High
13573,614.27,345,4,9.907580645161291,2.7564516129032257,15,Medium
13574,404.45,304,1,4.444505494505495,2.173626373626374,47,Medium
13576,4834.4,1968,11,31.59738562091503,3.759738562091503,9,High
13577,1801.68,870,7,21.19623529411765,3.456,18,High
13578,147.66,127,1,16.406666666666666,1.97,45,Low
13579,1072.0,588,4,16.0,3.4725373134328357,5,Medium
13580,107.75,45,1,21.55,9.23,42,Low
13581,162.53,89,1,7.066521739130435,2.103913043478261,50,Low
13582,241.68,106,2,21.970909090909092,2.862727272727273,25,Low
13583,664.001,372,1,15.441883720930232,2.839093023255814,315,Medium
13584,243.3,323,2,4.3446428571428575,1.6724999999999999,134,Low
13585,684.54,1386,3,17.552307692307693,1.5061538461538462,166,Medium
13586,127.28,38,1,6.364,3.8395,177,Low
13587,961.1,484,3,43.68636363636364,2.868181818181818,85,Medium
13589,741.09,179,4,23.906129032258065,7.333548387096775,85,Medium
13590,4354.12,3423,12,13.649278996865203,2.4600313479623823,11,High
13591,976.81,365,4,22.716511627906975,4.62046511627907,71,Medium
13593,3481.4100000000003,1451,9,12.389359430604983,3.705978647686833,23,High
13594,136.35000000000002,37,1,19.47857142857143,5.8500000000000005,121,Low
13595,784.48,341,3,5.485874125874126,3.0486713286713285,152,Medium
13597,396.71,231,2,23.335882352941177,2.2300000000000004,36,Low
13598,601.92,341,4,10.559999999999999,2.4936842105263155,131,Medium
13599,5013.96,3200,14,30.760490797546012,2.2374233128834353,2,High
13600,298.9,275,1,13.586363636363636,2.565909090909091,270,Low
13601,466.67,409,2,5.426395348837209,2.573604651162791,28,Medium
13602,596.28,271,3,17.036571428571428,3.4434285714285715,17,Medium
13604,717.62,242,1,34.172380952380955,5.5147619047619045,294,Medium
13605,522.67,425,2,9.861698113207547,1.9281132075471699,23,Medium
13607,400.3,178,1,16.679166666666667,4.055833333333333,38,Medium
13608,232.05,110,1,6.825,2.2661764705882352,176,Low
13609,167.35,19,1,23.907142857142855,13.192857142857141,229,Low
13610,1021.38,381,7,5.550978260869565,3.472391304347826,23,Medium
13611,2143.53,1234,7,13.919025974025976,2.8164935064935066,10,High
13612,818.29,444,1,16.3658,3.3996,268,Medium
13613,1039.8500000000001,445,5,17.62457627118644,3.9720338983050847,88,Medium
13614,747.28,257,2,10.830144927536232,4.524492753623188,29,Medium
13615,5854.84,2721,7,17.019883720930235,4.682063953488372,35,High
13616,283.85,172,2,8.110000000000001,3.0828571428571427,204,Low
13617,734.57,293,5,11.659841269841271,3.9533333333333336,44,Medium
13619,224.94,79,2,4.998666666666667,3.322,180,Low
13620,112.34,74,1,22.468,2.504,164,Low
13622,658.95,379,1,20.5921875,3.4603125,332,Medium
13623,1805.32,724,5,8.76368932038835,3.352815533980582,16,High
13624,462.08,820,1,21.003636363636364,2.7877272727272726,24,Medium
13625,301.26,144,1,14.345714285714285,5.414761904761905,232,Low
13626,449.81,189,1,17.9924,4.9336,15,Medium
13627,607.43,363,2,16.417027027027025,3.078108108108108,124,Medium
13628,310.14,106,1,19.38375,4.135625,312,Low
13629,5578.5,3350,8,199.23214285714286,1.6835714285714285,49,High
13632,1526.88,602,3,20.358400000000003,3.6925333333333334,30,High
13634,3486.41,1390,11,13.40926923076923,3.7854615384615387,10,High
13635,1928.13,1207,3,19.2813,2.2248,78,High
13639,312.93,197,1,16.47,1.9194736842105262,72,Low
13640,405.0,108,1,101.25,3.75,247,Medium
13641,1016.47,1098,5,23.10159090909091,3.4640909090909093,276,Medium
13642,159.92,80,3,3.3316666666666666,2.422708333333333,68,Low
13643,1637.33,629,7,22.12608108108108,4.339324324324324,18,High
13646,326.25,79,2,5.625,4.406034482758621,35,Low
13647,1393.56,908,4,22.845245901639345,3.2481967213114755,130,High
13648,1764.02,960,8,16.641698113207546,2.9039622641509433,36,High
13649,1304.88,710,5,13.048800000000002,3.7532,2,High
13650,1451.66,824,4,19.100789473684213,3.2157894736842105,10,High
13651,132.65,29,1,16.58125,8.80625,17,Low
13652,1475.77,992,3,15.372604166666667,2.5504166666666666,4,High
13653,152.2,72,1,16.91111111111111,2.783333333333333,123,Low
13654,3600.67,2580,5,22.09,2.0530674846625767,16,High
13655,1347.54,620,4,21.38952380952381,3.3944444444444444,10,High
13656,699.2,372,2,18.400000000000002,2.8923684210526317,135,Medium
13658,3386.33,1152,4,26.25062015503876,4.44984496124031,19,High
13659,3321.68,1645,10,19.42502923976608,3.972573099415204,52,High
13660,306.64,136,1,7.6659999999999995,4.9305,36,Low
13661,325.24,118,1,19.131764705882354,4.0452941176470585,239,Low
13662,1352.35,636,8,16.09940476190476,4.3689285714285715,21,High
13663,1858.04,802,4,21.605116279069765,3.732325581395349,16,High
13665,1711.66,1652,3,16.147735849056605,2.0283018867924527,22,High
13666,43.25,13,2,6.178571428571429,4.178571428571429,56,Low
13668,6638.650000000001,2374,14,22.65750853242321,4.066860068259385,19,High
13669,195.0,156,1,39.0,1.25,43,Low
13671,172.6,95,1,2.696875,1.93203125,30,Low
13672,233.53,81,1,19.460833333333333,3.4075,366,Low
13674,240.68,102,1,17.19142857142857,4.1778571428571425,68,Low
13676,243.9,104,2,18.76153846153846,3.8346153846153848,175,Low
13677,551.24,217,2,5.200377358490566,3.4912264150943395,40,Medium
13679,281.26,102,3,5.6251999999999995,2.9604000000000004,129,Low
13680,7700.55,3310,8,17.03661504424779,2.911570796460177,107,High
13683,258.6,180,1,25.860000000000003,1.73,93,Low
13684,529.75,196,3,6.705696202531645,2.4256962025316455,26,Medium
13686,337.04,308,2,12.963076923076924,1.581923076923077,16,Low
13687,11880.84,87167,1,264.01866666666666,0.15133333333333335,74,High
13688,375.5,130,1,75.1,4.55,271,Low
13689,349.5,210,1,116.5,1.75,80,Low
13691,212.78,145,1,3.9403703703703705,2.1038888888888887,32,Low
13692,1626.08,875,2,37.81581395348837,2.0869767441860465,44,High
13693,2011.8200000000002,880,9,18.979433962264153,4.17877358490566,10,High
13694,131443.19,125893,94,137.34920585161964,1.7224973876698015,9,High
13695,266.6,188,1,44.43333333333334,1.24,213,Low
13696,2020.4,552,3,84.18333333333334,4.635833333333333,57,High
13698,451.73,227,2,11.887631578947369,3.432105263157895,232,Medium
13699,455.57,153,1,19.807391304347824,5.324347826086957,186,Medium
13700,348.34,505,3,7.572608695652173,1.3921739130434785,53,Low
13701,161.0,80,1,17.88888888888889,2.272222222222222,82,Low
13702,135.18,74,1,27.036,2.378,81,Low
13703,326.06,118,1,9.057222222222222,3.2488888888888887,51,Low
13705,1323.47,646,5,23.63339285714286,5.202678571428572,9,High
13706,300.38,112,1,16.68777777777778,6.205,262,Low
13707,2559.45,1859,3,23.920093457943924,2.2590654205607477,65,High
13709,1263.7,614,5,17.55138888888889,3.640972222222222,82,Medium
13710,329.04,160,2,47.00571428571429,2.198571428571429,59,Low
13711,1540.2,679,7,19.49620253164557,4.311772151898734,42,High
13712,537.58,776,1,23.373043478260872,3.4539130434782606,246,Medium
13713,740.76,284,3,9.2595,2.891375,44,Medium
13714,161.35,50,1,5.378333333333333,3.635,101,Low
13715,7348.3,4345,13,17.371867612293144,2.3496690307328603,8,High
13717,318.29,185,2,14.467727272727274,3.6136363636363638,93,Low
13719,1741.4,979,6,9.26276595744681,3.04,29,High
13721,217.39999999999998,196,1,15.528571428571427,1.1285714285714286,31,Low
13722,3260.0,1658,7,31.346153846153847,3.6860576923076924,56,High
13723,994.23,550,5,19.119807692307692,3.188653846153846,28,Medium
13724,213.01,130,1,5.071666666666666,2.1471428571428572,273,Low
13727,740.6700000000001,206,6,11.756666666666668,6.9025396825396825,247,Medium
13728,1839.03,811,10,18.208217821782178,4.68,23,High
13729,724.73,419,3,18.582820512820515,3.6030769230769235,71,Medium
13733,487.03000000000003,335,2,16.794137931034484,2.8179310344827586,46,Medium
13734,6695.6900000000005,302,4,247.98851851851853,7.573333333333334,144,High
13735,6879.2300000000005,3007,9,15.21953539823009,3.1107079646017697,12,High
13736,2022.67,1053,5,5.556785714285715,2.6517857142857144,61,High
13738,434.78000000000003,237,1,4.885168539325843,2.6342696629213482,32,Medium
13739,75.3,22,1,25.099999999999998,3.35,163,Low
13740,1232.02,562,4,17.35239436619718,3.93169014084507,51,Medium
13745,477.32,650,1,15.397419354838709,1.0906451612903227,182,Medium
13746,176.69,83,1,19.63222222222222,3.4633333333333334,49,Low
13747,169.8,60,2,33.96,4.6899999999999995,9,Low
13748,1320.1,669,5,42.58387096774193,2.402258064516129,9,High
13750,1954.92,854,6,38.33176470588236,3.6133333333333333,16,High
13752,404.45000000000005,131,1,21.286842105263162,5.063157894736842,163,Medium
13753,1353.31,938,3,30.073555555555554,1.9539999999999997,234,High
13754,164.45,101,1,18.272222222222222,3.4277777777777776,73,Low
13756,3999.2300000000005,2238,10,19.700640394088673,2.9117241379310346,3,High
13757,195.55,54,1,24.44375,3.47125,310,Low
13758,6226.43,3224,10,32.42932291666667,3.4132812500000003,2,High
13760,1076.85,426,3,17.368548387096773,3.3608064516129033,40,Medium
13761,881.52,437,4,16.95230769230769,2.7390384615384615,138,Medium
13762,2165.76,2336,4,77.34857142857143,1.1910714285714286,229,High
13763,3502.48,2496,2,100.07085714285715,2.416,53,High
13764,1400.2,1158,3,8.590184049079754,2.352269938650307,205,High
13765,352.821,297,1,20.754176470588238,3.981235294117647,289,Low
13766,190.35,137,1,11.197058823529412,2.0741176470588236,131,Low
13767,18320.170000000002,7913,39,42.904379391100704,3.7167213114754096,5,High
13768,875.97,373,2,26.544545454545457,3.4466666666666668,362,Medium
13769,3003.9100000000003,1411,11,20.02606666666667,3.1732666666666667,3,High
13770,785.37,468,4,16.361875,3.45125,58,Medium
13771,3094.37,1663,5,31.900721649484534,3.1172164948453607,169,High
13772,1977.39,906,5,5.018756345177665,3.1291878172588836,36,High
13773,301.54,174,2,15.870526315789474,2.6378947368421053,32,Low
13775,1049.66,455,1,16.661269841269842,3.125079365079365,226,Medium
13776,623.98,2,2,311.99,311.99,64,Medium
13777,30501.260000000002,13845,37,157.22298969072165,2.2416494845360826,2,High
13778,945.79,441,3,27.02257142857143,3.999428571428571,127,Medium
13779,161.13,53,1,5.967777777777777,4.027777777777778,151,Low
13780,372.06,161,1,9.074634146341463,2.519756097560976,43,Low
13781,650.99,270,2,16.27475,3.5335,228,Medium
13782,877.22,274,7,7.01776,4.0404,89,Medium
13783,1542.09,3437,4,154.209,0.5589999999999999,123,High
13784,447.44,334,3,37.28666666666667,4.4816666666666665,70,Medium
13785,542.49,151,4,18.083000000000002,5.6306666666666665,64,Medium
13786,3127.9900000000002,1515,6,26.965431034482762,2.6038793103448277,3,High
13787,913.46,661,4,16.608363636363638,3.212181818181818,94,Medium
13788,3.75,1,1,3.75,3.75,141,Low
13789,239.46,258,1,13.303333333333335,1.0355555555555556,24,Low
13792,188.4,64,1,18.84,4.744999999999999,58,Low
13793,96.0,52,1,13.714285714285714,1.9357142857142857,282,Low
13794,126.03,63,1,14.003333333333334,3.6655555555555557,182,Low
13795,836.3,1250,4,28.837931034482757,1.8262068965517242,24,Medium
13796,289.7,218,1,13.168181818181818,2.2977272727272724,135,Low
13797,1179.45,573,3,15.121153846153847,3.7025641025641027,72,Medium
13798,38683.02,24399,54,103.70782841823055,2.4644235924932976,8,High
13799,2114.71,1137,7,31.562835820895522,2.865373134328358,80,High
13800,1121.24,560,2,28.031,2.771,66,Medium
13802,21659.69,11557,16,55.82394329896907,2.919381443298969,10,High
13803,1061.84,710,2,17.407213114754096,2.6931147540983607,67,Medium
13804,572.73,335,2,17.8978125,2.57,71,Medium
13807,422.2,116,3,16.887999999999998,6.99,3,Medium
13809,524.65,252,2,40.357692307692304,4.953846153846154,30,Medium
13813,1398.6100000000001,740,4,18.900135135135137,3.837972972972973,163,High
13814,678.2,350,1,30.827272727272728,3.3840909090909093,163,Medium
13815,3448.38,2821,4,19.157666666666668,2.838888888888889,42,High
13818,61.28,60,1,12.256,1.3439999999999999,65,Low
13819,1502.0,1200,3,23.107692307692307,2.1486153846153844,305,High
13820,652.75,285,3,7.334269662921348,2.8431460674157303,54,Medium
13821,993.44,324,4,6.851310344827587,3.595862068965517,29,Medium
13823,2445.79,1125,5,19.884471544715446,4.955040650406504,16,High
13824,1615.82,674,7,29.92259259259259,2.9583333333333335,15,High
13825,255.59,182,2,6.38975,2.7575,257,Low
13829,102.0,12,1,102.0,8.5,57,Low
13830,156.85000000000002,47,1,14.259090909090911,7.177272727272728,217,Low
13831,4795.09,1810,13,42.81330357142857,4.772142857142858,5,High
13832,557.69,392,1,10.724807692307694,2.6507692307692308,58,Medium
13833,316.56,126,1,19.785,4.0775,40,Low
13834,324.19,221,2,20.261875,5.724375,212,Low
13835,260.7,78,3,16.29375,5.6625,155,Low
13836,620.37,273,2,20.011935483870968,4.034193548387097,35,Medium
13838,1245.91,520,7,4.3411498257839725,3.157700348432056,5,Medium
13839,139.95000000000002,25,1,19.992857142857144,5.635714285714286,122,Low
13840,651.4,358,1,16.285,2.8745000000000003,52,Medium
13842,2244.29,1111,10,15.062348993288591,4.270402684563758,2,High
13843,319.75,145,1,17.76388888888889,3.9166666666666665,17,Low
13846,442.73,317,1,17.028076923076924,2.375769230769231,35,Medium
13847,310.72,96,1,16.353684210526318,5.931052631578948,355,Low
13848,2080.0,6500,6,346.6666666666667,0.32,2,High
13849,1931.35,867,3,16.22983193277311,4.19126050420168,33,High
13851,1955.0,820,5,33.13559322033898,3.2508474576271187,15,High
13852,187.35000000000002,85,1,17.031818181818185,3.7409090909090907,246,Low
13854,4144.44,1414,15,58.37239436619718,3.9864788732394367,1,High
13855,1310.3400000000001,575,4,17.949863013698632,3.1505479452054796,136,High
13856,753.53,611,8,18.83825,4.46325,99,Medium
13857,1001.01,782,6,7.820390625,2.147578125,29,Medium
13859,314.7,38,1,39.3375,9.4875,165,Low
13861,273.26,225,2,13.012380952380951,2.770952380952381,65,Low
13862,346.73,239,1,16.510952380952382,2.027142857142857,25,Low
13863,933.77,329,3,18.6754,5.1068,101,Medium
13864,662.4000000000001,192,1,662.4000000000001,3.45,22,Medium
13869,4913.22,2593,6,9.200786516853933,3.0201685393258426,17,High
13870,2941.14,2124,7,23.342380952380953,1.5846825396825397,23,High
13871,1482.6000000000001,696,4,22.463636363636365,3.34,64,High
13872,919.57,339,3,16.13280701754386,4.236666666666667,163,Medium
13873,649.32,332,5,17.54918918918919,4.602972972972973,19,Medium
13874,1508.7,684,6,29.58235294117647,3.1613725490196076,140,High
13875,3027.58,1756,9,18.238433734939758,4.220662650602409,23,High
13877,332.44,370,2,16.622,2.634,106,Low
13878,1145.33,464,3,17.0944776119403,4.373731343283582,183,Medium
13879,395.5,204,1,15.82,3.2724,281,Low
13880,1171.89,747,5,18.31078125,2.12234375,3,Medium
13881,28019.58,19642,23,100.42860215053764,2.8546236559139784,11,High
13883,3885.54,2148,10,22.330689655172414,3.068735632183908,39,High
13884,1037.43,452,5,8.43439024390244,3.4578861788617887,12,Medium
13888,1405.92,541,5,10.650909090909092,4.196666666666667,40,High
13889,1574.3300000000002,833,5,23.151911764705886,2.7282352941176473,18,High
13890,1043.57,561,4,16.564603174603175,2.947777777777778,10,Medium
13891,859.21,476,3,8.678888888888888,2.578787878787879,14,Medium
13892,634.68,2142,2,70.52,0.5477777777777777,113,Medium
13895,1415.45,695,2,20.81544117647059,5.336911764705882,151,High
13896,388.55,149,1,18.502380952380953,3.2452380952380957,261,Low
13897,849.5600000000001,620,2,20.22761904761905,2.35,74,Medium
13898,530.47,411,1,15.602058823529413,1.8238235294117646,47,Medium
13900,869.64,508,3,16.723846153846154,2.7451923076923075,25,Medium
13901,2809.14,1605,10,17.44807453416149,3.6714285714285717,10,High
13902,34095.26,220600,5,541.1946031746032,0.826984126984127,268,High
13903,165.45000000000002,103,1,16.545,3.18,36,Low
13905,312.65,135,1,26.054166666666664,4.833333333333333,368,Low
13906,42.0,100,1,42.0,0.42,45,Low
13907,136.8,68,1,34.2,2.1125,327,Low
13909,282.85,301,2,7.44342105263158,3.499473684210526,59,Low
13911,1654.08,1756,11,18.378666666666668,2.0803333333333334,15,High
13912,124.95,29,1,17.85,4.95,59,Low
13913,42.22,10,1,14.073333333333332,10.13,142,Low
13915,70.80000000000001,24,1,35.400000000000006,2.95,30,Low
13916,1275.81,673,4,17.240675675675675,5.166486486486487,99,High
13919,975.87,659,2,19.915714285714287,2.9293877551020406,60,Medium
13920,1774.68,1772,4,20.635813953488373,2.55453488372093,67,High
13921,730.7,210,4,16.606818181818184,5.389772727272727,38,Medium
13922,692.95,374,2,30.12826086956522,2.471739130434783,73,Medium
13927,359.27,249,1,17.9635,2.6595,73,Low
13929,2651.45,1423,9,55.23854166666666,3.296875,52,High
13931,4019.85,2763,9,18.872535211267603,2.4665258215962442,28,High
13935,6116.92,2252,3,76.4615,3.93925,232,High
13936,563.08,331,2,17.063030303030303,2.8927272727272726,18,Medium
13937,721.28,464,1,16.028444444444442,2.6157777777777778,38,Medium
13939,992.41,761,4,15.267846153846154,2.2069230769230765,67,Medium
13941,6009.34,3062,11,100.15566666666668,2.8266666666666667,8,High
13942,320.0,1000,1,320.0,0.32,170,Low
13943,246.54000000000002,94,1,16.436,4.405333333333333,213,Low
13944,200.43,153,1,5.726571428571429,1.8194285714285714,289,Low
13945,854.1500000000001,413,2,16.748039215686276,3.369607843137255,30,Medium
13946,1314.66,2404,3,29.21466666666667,2.001333333333333,12,High
13948,446.76,208,3,21.274285714285714,3.456666666666667,47,Medium
13952,9572.45,4516,12,35.19283088235294,3.6083823529411765,16,High
13953,3125.0,2500,5,625.0,1.25,45,High
13955,221.10999999999999,118,1,4.252115384615385,2.9909615384615384,11,Low
13957,458.25,157,3,16.97222222222222,5.2407407407407405,53,Medium
13958,4709.2300000000005,2264,8,20.745506607929517,4.151277533039647,15,High
13959,470.73,339,3,7.025820895522388,2.6880597014925374,35,Medium
13961,538.4,226,1,28.336842105263155,3.2605263157894733,28,Medium
13962,193.25,73,1,16.104166666666668,4.904166666666667,71,Low
13963,2347.33,1601,14,17.133795620437954,3.622043795620438,3,High
13964,438.9,228,2,18.287499999999998,2.8825000000000003,23,Medium
13965,996.61,425,3,41.525416666666665,3.52125,112,Medium
13966,384.26,760,1,18.298095238095236,1.600952380952381,71,Low
13967,85.6,24,1,21.4,5.225,32,Low
13968,123.66,174,1,15.4575,1.00125,59,Low
13969,4266.88,2245,18,9.078468085106383,2.37463829787234,1,High
13970,846.55,469,2,65.11923076923077,3.256153846153846,22,Medium
13971,1909.31,1240,6,18.012358490566037,2.568490566037736,59,High
13974,264.13,107,1,17.608666666666668,3.6093333333333333,218,Low
13975,2795.16,2187,6,6.850882352941176,1.8282107843137254,29,High
13976,834.38,298,3,18.13869565217391,4.893913043478261,142,Medium
13977,519.8100000000001,303,1,39.98538461538462,2.512307692307692,47,Medium
13979,2510.06,1631,6,7.404306784660767,2.693156342182891,29,High
13980,568.68,291,4,10.936153846153845,3.6298076923076925,75,Medium
13981,331.14,234,1,15.05181818181818,3.3954545454545455,51,Low
13982,2511.08,1550,6,18.32905109489051,2.305839416058394,1,High
13983,4479.82,2962,10,19.226695278969956,2.293175965665236,2,High
13984,1128.09,742,8,14.65051948051948,1.943896103896104,2,Medium
13985,2960.73,1491,7,22.600992366412214,2.743969465648855,10,High
13987,682.54,492,2,14.837826086956522,1.9202173913043479,15,Medium
13988,609.84,341,2,9.997377049180328,2.937377049180328,19,Medium
13989,759.98,894,3,16.888444444444445,1.1215555555555556,100,Medium
13992,142.7,90,2,23.78333333333333,2.6,16,Low
13993,3309.35,1235,10,23.638214285714284,4.286785714285714,15,High
13995,2508.32,1480,9,17.41888888888889,2.495694444444444,15,High
13996,895.76,613,2,27.144242424242425,3.6136363636363638,22,Medium
13997,376.46,143,3,8.55590909090909,4.535,155,Low
13998,566.7,204,3,18.280645161290323,4.801612903225807,82,Medium
13999,5600.45,2800,17,21.70717054263566,2.8196511627906977,10,High
14000,1410.68,1128,4,41.49058823529412,2.0961764705882353,50,High
14001,2487.01,911,7,34.06863013698631,3.264383561643836,9,High
14003,209.41,149,1,13.088125,2.946875,368,Low
14004,1675.81,757,4,23.940142857142856,3.735285714285714,29,High
14006,1234.48,1540,4,26.265531914893618,1.5399999999999998,164,Medium
14007,79.48,16,1,15.896,6.358,148,Low
14008,509.04,326,1,15.9075,2.13,68,Medium
14009,404.29999999999995,586,1,12.634374999999999,1.591875,98,Medium
14010,445.15,177,2,18.547916666666666,2.9145833333333333,201,Medium
14011,457.82,644,2,14.306875,1.283125,116,Medium
14013,611.55,313,2,17.98676470588235,4.051470588235294,16,Medium
14014,1443.03,928,2,39.00081081081081,3.7035135135135135,12,High
14016,7062.2,3597,7,24.60696864111498,3.2616724738675957,32,High
14017,229.75,73,1,16.410714285714285,4.653571428571429,207,Low
14018,367.15,224,1,28.24230769230769,2.6284615384615386,281,Low
14020,606.21,207,2,18.37,4.716060606060606,112,Medium
14021,1084.68,686,4,15.951176470588237,3.6044117647058824,10,Medium
14022,352.15000000000003,194,1,18.534210526315793,2.5010526315789474,122,Low
14024,318.04,88,1,17.66888888888889,5.705,26,Low
14025,4057.9,1914,8,40.98888888888889,4.155656565656566,100,High
14026,713.11,427,2,14.2622,2.3936,106,Medium
14028,10396.5,7170,3,1155.1666666666667,1.45,186,High
14030,5839.46,2834,14,9.588604269293924,3.920279146141215,2,High
14031,23632.72,8680,27,44.75893939393939,4.423844696969697,1,High
14032,1874.68,1884,6,18.56118811881188,1.8627722772277229,2,High
14033,109.44,576,1,109.44,0.19,191,Low
14035,1366.73,666,4,17.300379746835443,2.90126582278481,42,High
14037,689.75,544,4,8.020348837209303,1.940232558139535,114,Medium
14038,1509.5,743,2,21.8768115942029,2.8508695652173914,33,High
14039,115.08000000000001,100,1,28.770000000000003,4.3125,211,Low
14040,8963.49,3428,23,16.23820652173913,3.763804347826087,22,High
14042,431.98,180,1,20.570476190476192,3.74,361,Medium
14043,302.59999999999997,152,2,7.380487804878048,2.6529268292682926,127,Low
14044,2431.28,1796,6,3.92141935483871,2.5036774193548386,54,High
14045,9653.28,4052,13,301.665,3.3753125,9,High
14047,2946.42,1268,10,22.321363636363635,3.9584848484848485,8,High
14048,338.76,179,2,6.049285714285714,3.1885714285714286,18,Low
14049,7444.68,4672,9,12.769605488850772,3.2258147512864497,23,High
14051,6784.01,2167,15,55.6066393442623,3.8385245901639347,2,High
14052,241.3,85,1,3.7123076923076925,3.2515384615384613,26,Low
14053,312.05,275,2,62.410000000000004,1.334,33,Low
14055,795.3199999999999,504,2,34.579130434782606,4.1378260869565215,213,Medium
14057,2135.0,1565,5,13.018292682926829,2.169573170731707,17,High
14058,469.19,211,2,19.549583333333334,3.595,98,Medium
14060,3378.66,2733,13,49.68617647058824,1.7819117647058824,2,High
14061,917.4300000000001,133,3,48.28578947368421,8.654736842105264,143,Medium
14062,15120.800000000001,7201,12,66.02969432314411,3.0029694323144107,10,High
14063,22710.2,3850,9,567.755,336.08875,74,High
14064,1925.9,2139,10,12.112578616352202,1.4636477987421384,66,High
14065,891.02,582,3,18.18408163265306,3.67530612244898,25,Medium
14068,1250.8700000000001,437,3,14.891309523809525,4.6882142857142854,239,Medium
14069,225.81,58,2,5.507560975609756,4.188292682926829,150,Low
14070,321.6,85,1,7.843902439024391,4.763414634146342,320,Low
14072,390.85,65,1,20.571052631578947,6.4263157894736835,302,Low
14074,219.4,228,1,36.56666666666667,0.9833333333333334,259,Low
14075,792.61,740,3,20.85815789473684,2.8007894736842105,39,Medium
14077,115.66,108,1,8.26142857142857,2.414285714285714,31,Low
14078,640.34,305,4,6.670208333333334,2.8484374999999997,9,Medium
14079,243.63,1,1,243.63,243.63,318,Low
14080,1070.08,220,4,13.545316455696202,8.350506329113925,49,Medium
14081,4369.47,3041,9,5.726697247706422,2.683971166448231,5,High
14082,231.10999999999999,136,1,6.419722222222222,2.044166666666667,28,Low
14083,373.3,207,3,5.332857142857143,2.9464285714285716,7,Low
14084,150.5,306,1,21.5,0.8885714285714286,148,Low
14085,5607.43,3363,16,9.2076026272578,2.954761904761905,4,High
14086,39.95,1,1,39.95,39.95,98,Low
14087,638.0,468,2,4.4,2.2224827586206897,40,Medium
14088,13544.99,2611,3,145.64505376344087,6.396451612903226,42,High
14091,9530.08,3316,2,733.0830769230769,3.141538461538462,290,High
14092,3152.54,1540,10,19.827295597484277,3.4194968553459124,10,High
14094,311.77,158,1,7.250465116279069,2.7544186046511627,75,Low
14095,2.95,1,1,2.95,2.95,358,Low
14097,422.86,352,2,10.5715,2.175,117,Medium
14099,2646.7400000000002,1487,9,9.766568265682658,2.493948339483395,11,High
14101,3985.14,3600,7,72.45709090909091,1.5385454545454547,24,High
14104,527.3199999999999,424,3,4.625614035087719,2.3230701754385965,25,Medium
14105,4722.6,2734,4,23.03707317073171,2.732390243902439,44,High
14106,214.8,24,1,214.8,8.95,373,Low
14107,2174.07,1696,4,19.239557522123896,2.846371681415929,84,High
14108,447.05,279,2,24.836111111111112,2.288888888888889,367,Medium
14110,7304.8,3380,21,29.937704918032786,2.93516393442623,71,High
14112,2919.44,1888,6,17.58698795180723,2.319939759036145,87,High
14113,5252.1900000000005,2694,12,59.683977272727276,2.745681818181818,11,High
14114,977.5600000000001,549,5,16.568813559322034,3.1098305084745763,31,Medium
14115,622.67,509,2,28.303181818181816,2.1922727272727274,137,Medium
14118,458.45,97,1,30.563333333333333,5.22,64,Medium
14119,183.37,177,2,16.67,3.2954545454545454,11,Low
14122,362.42,114,3,27.87846153846154,4.86,42,Low
14123,436.18,234,1,18.174166666666668,3.2745833333333336,369,Medium
14126,466.33000000000004,379,1,16.654642857142857,2.1525000000000003,80,Medium
14127,1190.3700000000001,507,3,16.306438356164385,4.138493150684932,16,Medium
14128,286.71,250,1,15.089999999999998,1.7815789473684212,187,Low
14129,1467.48,822,4,25.745263157894737,2.1496491228070176,35,High
14130,1377.86,958,3,8.947142857142856,2.0307142857142857,11,High
14131,168.22,105,1,3.65695652173913,2.179782608695652,284,Low
14133,305.5,50,1,38.1875,15.9625,369,Low
14134,11123.35,5814,15,61.79638888888889,3.354111111111111,18,High
14135,4953.61,5505,11,40.6033606557377,1.7606557377049181,3,High
14136,1570.81,1148,5,14.818962264150944,2.8432075471698113,36,High
14137,332.7,462,1,30.245454545454546,0.8772727272727273,331,Low
14139,670.98,539,3,15.604186046511629,2.286046511627907,126,Medium
14142,671.34,518,2,15.257727272727273,2.400227272727273,9,Medium
14144,30.6,12,1,30.6,2.55,122,Low
14145,3857.85,899,3,275.56071428571425,4.6499999999999995,95,High
14146,5259.3,3343,7,21.379268292682926,3.0508536585365853,19,High
14147,2106.8,887,7,84.272,2.9372,24,High
14148,309.09000000000003,207,1,22.077857142857145,2.212142857142857,50,Low
14151,679.45,405,2,15.442045454545456,2.928181818181818,309,Medium
14152,1376.05,1133,5,16.38154761904762,1.6763095238095238,23,High
14153,233.39999999999998,312,1,13.729411764705882,0.9076470588235294,119,Low
14154,5115.08,2757,6,21.312833333333334,2.9962083333333336,17,High
14156,196549.74,108105,102,74.28183673469387,7.059285714285714,7,High
14157,553.8000000000001,250,3,14.200000000000001,2.9294871794871793,25,Medium
14159,3230.45,2172,9,4.887216338880484,1.7477155824508321,15,High
14160,8421.47,4661,7,78.70532710280374,2.5198130841121498,246,High
14161,2182.46,1158,5,10.96713567839196,2.545276381909548,5,High
14163,148.71,57,1,24.785,1.8566666666666667,98,Low
14166,251.15,82,2,4.924509803921569,3.303921568627451,141,Low
14167,711.7,193,4,10.94923076923077,4.041538461538462,100,Medium
14168,370.45,147,2,24.696666666666665,3.0233333333333334,56,Low
14169,621.51,205,2,9.71109375,4.02734375,66,Medium
14170,570.18,270,3,3.9322758620689653,2.4720689655172414,11,Medium
14171,135.0,44,1,22.5,3.2566666666666664,366,Low
14172,369.02,78,3,8.386818181818182,5.856590909090909,241,Low
14173,135.16,44,2,33.79,5.12,277,Low
14175,4456.58,1494,5,24.486703296703297,4.778626373626373,54,High
14176,339.11,117,2,22.607333333333333,3.7393333333333336,3,Low
14177,1660.23,839,9,10.123353658536585,3.96890243902439,17,High
14180,1570.73,159,9,25.74967213114754,13.70967213114754,8,High
14181,308.35,120,2,5.929807692307692,2.714423076923077,46,Low
14182,678.77,174,4,13.5754,4.9318,79,Medium
14183,278.34000000000003,60,2,8.186470588235295,5.3167647058823535,47,Low
14186,1550.63,1550,5,14.909903846153847,1.4717307692307693,63,High
14187,123.5,50,1,15.4375,4.8,109,Low
14189,1160.31,709,2,22.751176470588234,4.033921568627451,4,Medium
14190,79.9,2,1,79.9,39.95,302,Low
14191,132.9,62,2,22.150000000000002,2.9499999999999997,30,Low
14192,293.74,218,1,20.981428571428573,1.6742857142857144,24,Low
14193,356.8,208,1,16.21818181818182,2.5704545454545453,32,Low
14194,7321.070000000001,4197,15,19.627533512064346,3.0168364611260055,28,High
14195,1603.6,1384,4,178.17777777777778,1.4944444444444445,75,High
14197,390.05,143,1,19.5025,4.675,46,Low
14198,868.33,333,5,16.698653846153846,5.676346153846154,36,Medium
14199,906.3,226,3,56.64375,4.81875,59,Medium
14200,379.2,140,1,18.057142857142857,3.9642857142857144,253,Low
14201,446.1,216,3,24.783333333333335,3.3277777777777775,45,Medium
14202,847.76,166,3,29.233103448275862,8.454482758620689,17,Medium
14203,339.34,80,1,21.20875,5.39625,33,Low
14204,874.22,397,3,4.829944751381215,2.76232044198895,58,Medium
14205,1947.5,1138,7,19.671717171717173,3.6831313131313133,30,High
14206,856.85,654,2,16.800980392156863,2.4445098039215685,24,Medium
14207,157.8,36,1,78.9,4.45,323,Low
14208,415.31,415,1,16.6124,2.3848,187,Medium
14209,2919.84,1048,9,20.276666666666667,5.078055555555555,21,High
14210,3955.6800000000003,1844,11,17.42590308370044,3.4457268722466963,7,High
14211,2161.19,1333,9,16.884296875,2.6903125,47,High
14212,1119.66,894,1,93.305,1.7725,81,Medium
14213,1192.2,244,1,238.44,4.89,40,Medium
14215,1626.6100000000001,927,4,19.364404761904762,3.559404761904762,4,High
14216,310.74,118,1,17.263333333333335,4.773333333333333,50,Low
14217,1411.91,567,7,17.43098765432099,5.794691358024691,2,High
14219,543.89,285,2,15.108055555555556,4.201944444444445,45,Medium
14220,882.5999999999999,196,2,51.917647058823526,4.514705882352941,203,Medium
14221,3084.69,1617,8,20.030454545454546,3.4040909090909093,85,High
14224,831.98,343,5,7.1722413793103446,4.380603448275862,26,Medium
14225,2031.07,1167,4,23.617093023255812,2.8493023255813954,70,High
14226,770.34,418,1,24.84967741935484,2.3787096774193546,77,Medium
14227,3017.75,2228,5,14.939356435643564,2.3964356435643563,50,High
14228,745.5,260,3,19.61842105263158,4.74921052631579,73,Medium
14229,1046.84,324,4,32.71375,4.82125,39,Medium
14230,979.8000000000001,246,3,29.69090909090909,5.499393939393939,71,Medium
14231,309.91,201,1,16.31105263157895,2.0489473684210524,86,Low
14233,1441.55,581,3,37.935526315789474,3.4078947368421053,101,High
14235,1573.13,1055,4,22.79898550724638,2.283478260869565,134,High
14236,1253.78,502,4,35.82228571428571,3.271714285714286,8,Medium
14237,471.14,238,2,18.12076923076923,4.460769230769231,9,Medium
14238,287.38,78,2,57.476,4.928,298,Low
14239,1882.3200000000002,736,10,19.207346938775512,3.825918367346939,67,High
14240,357.15000000000003,237,1,18.797368421052635,2.6210526315789475,59,Low
14241,120.0,96,1,60.0,1.25,332,Low
14243,4842.28,2466,8,21.053391304347826,3.559217391304348,1,High
14244,366.41999999999996,814,1,22.901249999999997,1.2475,296,Low
14247,616.79,331,4,6.632150537634408,3.8541935483870966,40,Medium
14248,730.37,590,2,18.727435897435896,2.4325641025641027,95,Medium
14249,5400.461,2383,12,19.854636029411765,4.038533088235294,46,High
14252,350.99,111,1,35.099000000000004,12.633,17,Low
14253,363.40000000000003,88,2,30.283333333333335,5.895833333333333,129,Low
14254,601.03,263,1,26.13173913043478,2.477826086956522,68,Medium
14255,1000.63,1,1,1000.63,1000.63,182,Medium
14256,1491.73,733,3,18.646625,4.084875,127,High
14257,2854.73,1650,4,21.303955223880596,2.003731343283582,16,High
14258,19381.36,10388,16,102.54687830687831,4.088994708994709,31,High
14260,824.28,544,3,16.16235294117647,3.0609803921568624,107,Medium
14263,322.93,171,1,20.183125,2.35875,59,Low
14264,1183.39,483,4,19.08693548387097,5.416612903225806,15,Medium
14265,843.1700000000001,385,2,17.566041666666667,4.071666666666666,100,Medium
14266,40.56,24,1,40.56,1.69,64,Low
14268,354.85,147,1,18.676315789473687,3.4342105263157894,106,Low
14269,295.73,123,1,18.483125,4.935625,75,Low
14271,101.86,60,1,3.637857142857143,2.3939285714285714,45,Low
14272,482.85,498,2,15.575806451612904,2.36741935483871,198,Medium
14274,256.6,178,1,17.10666666666667,1.6666666666666667,322,Low
14275,1189.3799999999999,538,6,51.71217391304347,1.945217391304348,31,Medium
14276,982.9399999999999,662,4,17.244561403508772,1.9775438596491228,43,Medium
14277,13009.61,87830,6,82.86375796178345,3.831337579617834,47,High
14278,205.83,131,1,15.833076923076923,2.613076923076923,45,Low
14279,191.86,46,2,63.95333333333334,4.53,156,Low
14281,245.15,45,1,35.02142857142857,6.714285714285714,44,Low
14282,4120.32,2810,11,42.04408163265306,1.6198979591836735,3,High
14283,628.44,550,4,15.327804878048783,1.930487804878049,99,Medium
14284,704.4,349,1,20.125714285714285,3.4937142857142858,289,Medium
14285,1374.41,413,4,40.42382352941177,4.3685294117647056,149,High
14286,3851.01,4457,4,17.584520547945207,1.282283105022831,40,High
14290,2201.91,685,3,44.038199999999996,4.0122,49,High
14291,4020.85,3397,12,15.645330739299611,2.1691439688715954,16,High
14292,4354.32,1766,7,46.82064516129032,2.7832258064516124,46,High
14293,2221.37,1021,6,30.42972602739726,3.5278082191780817,4,High
14294,375.34000000000003,190,1,16.31913043478261,3.3465217391304347,43,Low
14295,2196.71,945,4,32.78671641791045,3.4985074626865673,74,High
14296,456.4,314,2,16.9037037037037,3.4496296296296296,57,Medium
14298,39667.19,41929,38,32.328598207008966,1.6852241238793806,11,High
14299,10533.87,6079,19,53.47142131979696,2.8799492385786802,1,High
14301,1352.04,1080,3,33.801,2.9925,52,High
14302,742.9000000000001,298,3,26.532142857142862,2.9071428571428575,66,Medium
14303,277.94,218,2,12.633636363636363,1.4704545454545455,43,Low
14304,1341.56,636,2,18.89521126760563,3.439295774647887,15,High
14306,1058.0800000000002,990,4,81.39076923076924,1.169230769230769,14,Medium
14307,2075.31,1316,5,15.963923076923077,2.9919230769230767,9,High
14308,1147.02,2,2,573.51,573.51,185,Medium
14309,1428.28,950,2,19.837222222222223,2.7090277777777776,49,High
14310,492.1,230,1,22.36818181818182,2.3181818181818183,68,Medium
14311,206.19,89,1,18.744545454545456,2.7790909090909093,203,Low
14312,1478.7,892,5,15.9,4.443870967741935,14,High
14314,109.8,36,1,54.9,2.6,66,Low
14315,716.69,323,2,22.3965625,3.493125,200,Medium
14316,1370.34,4494,5,44.20451612903226,0.8483870967741935,58,High
14318,158.02,152,1,17.55777777777778,1.6377777777777778,96,Low
14319,494.85,329,1,19.032692307692308,1.9026923076923077,60,Medium
14320,868.96,388,3,17.3792,4.7138,182,Medium
14321,687.3100000000001,869,2,12.273392857142857,2.259464285714286,67,Medium
14322,474.1,158,4,36.46923076923077,4.073076923076924,65,Medium
14324,701.61,402,2,17.112439024390245,3.0782926829268296,45,Medium
14325,245.48000000000002,320,1,13.637777777777778,1.1527777777777777,205,Low
14326,757.13,469,2,15.451632653061225,3.2710204081632654,99,Medium
14327,1583.28,1157,5,16.84340425531915,2.16063829787234,18,High
14328,445.05,1,1,445.05,445.05,74,Medium
14329,4912.38,2826,8,16.70877551020408,3.507789115646258,11,High
14330,200.63,103,1,15.433076923076923,2.6146153846153846,259,Low
14332,1077.2,412,2,29.113513513513514,2.9905405405405405,17,Medium
14334,1766.27,1255,4,18.398645833333333,2.801979166666667,61,High
14338,339.88,287,1,17.88842105263158,1.8542105263157893,172,Low
14339,310.75,288,1,34.52777777777778,1.9433333333333331,64,Low
14341,2285.04,1416,10,16.67912408759124,2.5005109489051094,56,High
14342,249.88,174,2,20.823333333333334,3.5041666666666664,68,Low
14343,1079.66,626,4,4.613931623931625,2.4174358974358974,57,Medium
14344,2443.77,1192,14,14.20796511627907,3.3177906976744183,3,High
14346,1294.17,1273,3,15.048488372093024,2.6905813953488376,61,High
14347,82.60000000000001,48,1,13.766666666666667,2.733333333333333,372,Low
14350,689.1,360,2,16.807317073170733,4.903414634146341,16,Medium
14353,285.9,280,2,15.04736842105263,1.7605263157894735,46,Low
14355,840.0500000000001,617,3,14.000833333333334,2.1738333333333335,1,Medium
14358,400.06,338,2,16.0024,1.5916,25,Medium
14361,214.71,251,1,15.336428571428572,2.71,214,Low
14363,227.47000000000003,105,2,28.433750000000003,3.4275,38,Low
14365,634.68,557,2,12.44470588235294,1.9623529411764706,30,Medium
14366,136.0,16,1,136.0,8.5,161,Low
14369,469.13,255,2,18.04346153846154,2.9269230769230767,278,Medium
14370,1175.78,266,6,26.722272727272728,6.598636363636363,86,Medium
14372,860.08,378,2,22.633684210526315,4.201842105263157,79,Medium
14374,108.0,20,1,15.428571428571429,8.364285714285714,177,Low
14375,871.26,463,2,6.268057553956835,3.222589928057554,86,Medium
14376,215.46,50,1,11.97,3.9299999999999997,319,Low
14378,131.25,57,1,14.583333333333334,3.6944444444444446,257,Low
14379,917.0600000000001,420,2,11.183658536585366,3.95719512195122,29,Medium
14380,48.96,1,1,48.96,48.96,318,Low
14381,423.26,303,1,7.5582142857142856,1.6626785714285715,87,Medium
14382,578.14,436,1,3.778692810457516,1.987843137254902,26,Medium
14384,58.5,30,1,19.5,1.95,136,Low
14388,3488.16,2419,9,15.298947368421052,2.72609649122807,8,High
14389,854.55,659,3,20.34642857142857,1.9664285714285712,60,Medium
14390,1731.16,771,5,8.570099009900991,3.537029702970297,8,High
14391,135.6,168,1,9.685714285714285,0.8071428571428572,212,Low
14392,266.4,114,1,19.02857142857143,2.7142857142857144,68,Low
14394,93.8,58,1,15.633333333333333,2.6,200,Low
14395,4630.7,2357,12,10.110698689956331,2.9882532751091704,8,High
14396,1591.74,773,6,7.579714285714286,2.8406666666666665,7,High
14398,707.79,267,2,13.354528301886791,3.919433962264151,37,Medium
14399,2108.21,965,8,10.980260416666667,2.6467708333333335,30,High
14400,1157.77,1252,2,24.120208333333334,1.6052083333333333,44,Medium
14401,2744.42,1894,9,32.67166666666667,2.5958333333333337,60,High
14402,285.6,240,1,35.7,1.15,288,Low
14403,404.7,218,2,80.94,4.3839999999999995,225,Medium
14404,1404.04,806,8,13.24566037735849,3.4266037735849055,5,High
14405,195.0,100,1,97.5,1.95,22,Low
14408,1503.24,828,4,68.32909090909091,1.8922727272727273,107,High
14409,1696.64,1171,5,32.62769230769231,1.9384615384615385,4,High
14410,1531.63,802,2,7.8144387755102045,2.618418367346939,12,High
14412,656.16,642,1,16.00390243902439,1.188780487804878,60,Medium
14413,643.47,210,3,8.695540540540541,7.051351351351352,46,Medium
14414,902.35,365,1,42.96904761904762,5.873809523809524,10,Medium
14415,6124.52,3267,10,9.350412213740459,3.250687022900763,15,High
14417,524.65,543,1,4.484188034188034,2.2529059829059825,23,Medium
14419,202.85,69,1,8.819565217391304,3.0521739130434784,18,Low
14420,1251.65,786,3,19.55703125,3.39765625,32,Medium
14421,1656.26,977,4,24.00376811594203,2.504782608695652,148,High
14422,6007.88,3161,13,18.20569696969697,3.0422727272727275,10,High
14423,651.4100000000001,299,2,54.28416666666667,2.6391666666666667,73,Medium
14425,661.39,325,3,16.958717948717947,3.2866666666666666,70,Medium
14426,7246.27,4324,7,19.06913157894737,3.3418157894736846,39,High
14427,900.1800000000001,310,2,33.34,14.311851851851852,130,Medium
14429,516.28,286,1,23.467272727272725,2.4213636363636364,39,Medium
14430,1220.9,446,3,34.88285714285715,3.9128571428571424,147,Medium
14431,2143.84,1072,3,33.4975,3.03953125,15,High
14433,280.7,131,1,3.7932432432432432,2.462162162162162,101,Low
14435,90.42,282,1,30.14,0.5566666666666666,137,Low
14436,182.64,168,1,91.32,1.155,189,Low
14437,873.34,420,5,20.793809523809525,3.3011904761904765,1,Medium
14439,6781.8,1718,4,69.91546391752577,4.928350515463918,79,High
14440,4281.05,1167,9,49.7796511627907,4.313604651162791,1,High
14441,2898.8,814,7,28.14368932038835,5.577281553398058,10,High
14442,3777.2,949,5,31.476666666666667,8.911249999999999,50,High
14443,966.27,582,2,16.104499999999998,2.379833333333333,4,Medium
14444,120.44,172,1,10.94909090909091,1.230909090909091,92,Low
14445,221.65,83,1,6.9265625,2.7171875,91,Low
14446,189.93,175,1,4.522142857142858,1.3495238095238096,22,Low
14447,548.5,342,1,15.23611111111111,2.655277777777778,36,Medium
14449,1555.4,1005,5,5.496113074204947,1.9365017667844522,8,High
14450,645.19,281,4,17.921944444444446,3.1341666666666668,15,Medium
14451,2614.78,1359,10,6.424520884520885,2.2172972972972973,25,High
14452,399.9,169,2,5.7956521739130435,3.120289855072464,31,Low
14454,977.3000000000001,400,5,8.884545454545455,3.446272727272727,12,Medium
14455,617.72,706,4,8.022337662337662,1.3909090909090909,68,Medium
14458,228.07,317,1,4.852553191489362,1.3038297872340425,16,Low
14459,3537.821,1543,1,46.550276315789475,3.7172500000000004,287,High
14460,659.16,998,6,25.35230769230769,1.583076923076923,32,Medium
14461,4573.85,2239,10,10.030372807017544,3.3736622807017547,18,High
14462,262.24,107,1,5.463333333333334,3.0766666666666667,68,Low
14463,256.95,31,1,128.475,8.2,135,Low
14464,111.0,62,2,27.75,3.6875,204,Low
14465,2887.41,2141,8,41.248714285714286,2.134571428571429,64,High
14466,2374.5,1638,7,16.489583333333332,2.5813888888888887,8,High
14467,1606.98,911,8,7.509252336448598,2.2237850467289717,25,High
14468,204.24,164,1,17.02,5.289166666666667,369,Low
14469,2093.46,973,4,14.437655172413793,3.9252413793103447,52,High
14470,250.85,89,1,14.755882352941176,4.320588235294117,66,Low
14471,400.95,187,2,9.779268292682927,3.1514634146341467,227,Medium
14472,266.05,136,1,6.046590909090909,3.0320454545454543,325,Low
14474,711.23,308,1,7.257448979591837,3.4316326530612247,215,Medium
14475,225.3,94,1,37.550000000000004,2.6166666666666667,44,Low
14477,660.0,400,3,165.0,1.65,72,Medium
14478,1276.66,1226,4,18.774411764705885,2.2101470588235292,18,High
14479,982.86,503,3,7.502748091603054,2.971908396946565,1,Medium
14480,1020.47,527,3,19.624423076923076,2.7417307692307693,38,Medium
14481,1648.18,1079,3,13.734833333333334,2.417333333333333,43,High
14482,2283.91,1242,6,21.344953271028036,2.72392523364486,15,High
14483,120.0,96,1,30.0,1.25,372,Low
14484,749.0600000000001,534,3,19.206666666666667,2.0900000000000003,37,Medium
14486,175.5,90,2,29.25,1.95,147,Low
14487,225.89000000000001,86,2,5.5095121951219515,2.515121951219512,4,Low
14489,1111.55,712,3,15.879285714285714,2.3221428571428575,73,Medium
14490,1273.47,933,2,15.918375000000001,1.910875,42,High
14491,127.2,40,1,31.8,4.15,8,Low
14492,1921.91,751,7,20.890326086956524,4.3673913043478265,66,High
14493,2704.62,1863,5,11.509021276595744,2.7725106382978724,26,High
14494,261.9,118,2,26.189999999999998,1.986,37,Low
14495,51.0,6,1,51.0,8.5,295,Low
14496,2129.42,832,6,23.145869565217392,5.171304347826087,9,High
14497,221.69,97,1,20.153636363636362,3.725454545454546,309,Low
14498,1943.51,1022,5,11.042670454545455,3.2626704545454546,37,High
14499,1293.3500000000001,735,4,10.688842975206613,2.2822314049586776,10,High
14505,6019.65,2586,11,7.619810126582278,3.0991898734177217,40,High
14506,1256.6000000000001,338,3,8.490540540540541,3.998783783783784,5,Medium
14507,1848.8600000000001,897,5,11.342699386503067,3.5706134969325154,14,High
14508,554.87,218,3,4.548114754098361,3.3764754098360656,12,Medium
14509,110.95,38,1,4.438,3.51,170,Low
14510,979.85,793,3,13.064666666666668,2.009333333333333,11,Medium
14512,940.69,614,5,16.798035714285714,2.2975,19,Medium
14513,332.42,232,3,47.48857142857143,1.977142857142857,72,Low
14514,3389.84,1798,6,13.55936,2.43004,72,High
14515,1647.17,783,6,21.962266666666668,2.788666666666667,23,High
14516,151.17,63,1,4.3191428571428565,2.86,152,Low
14519,203.14,81,2,5.34578947368421,2.8023684210526314,319,Low
14521,199.45000000000002,211,1,11.732352941176472,2.4147058823529415,127,Low
14522,773.88,431,4,27.638571428571428,2.7017857142857147,231,Medium
14524,1066.03,500,4,8.52824,3.04696,45,Medium
14525,3810.64,2469,8,15.617377049180327,2.5468442622950818,64,High
14526,258.65,178,1,6.308536585365853,1.9702439024390244,25,Low
14527,19257.08,4667,69,11.16352463768116,5.095820289855073,1,High
14530,3226.76,1594,10,12.410615384615385,3.3080384615384615,32,High
14531,376.34,260,1,12.977241379310344,2.464827586206897,115,Low
14532,2912.93,827,7,11.65172,4.367640000000001,47,High
14533,1516.65,2019,4,56.172222222222224,3.873333333333333,43,High
14534,1790.3600000000001,795,8,8.649082125603865,3.173140096618358,33,High
14535,3118.39,1390,6,6.274426559356137,3.0327565392354123,31,High
14537,285.84,108,1,21.987692307692306,4.722307692307693,259,Low
14538,982.59,129,3,29.775454545454547,10.20969696969697,166,Medium
14540,2756.98,1184,8,14.284870466321244,3.700362694300518,15,High
14541,1038.03,482,6,14.828999999999999,2.932857142857143,52,Medium
14543,10988.14,1964,23,77.93007092198582,7.40177304964539,16,High
14544,934.23,876,1,12.2925,1.8198684210526317,106,Medium
14545,349.25,236,1,15.184782608695652,4.127826086956522,310,Low
14546,2610.91,1375,6,6.6435368956743,2.35470737913486,12,High
14548,1888.49,730,7,17.815943396226416,3.0865094339622643,120,High
14549,624.36,258,3,7.176551724137931,2.7359770114942528,56,Medium
14550,587.69,382,2,11.753800000000002,2.7212,24,Medium
14551,691.86,380,5,10.02695652173913,2.9295652173913043,47,Medium
14552,343.71,168,2,3.54340206185567,2.1322680412371136,16,Low
14553,959.3299999999999,625,4,5.481885714285714,1.9656,47,Medium
14555,1991.49,720,4,20.321326530612247,3.9715306122448983,17,High
14556,815.69,323,3,4.161683673469388,2.759642857142857,232,Medium
14558,655.5,162,3,43.7,7.963333333333334,290,Medium
14559,75.6,72,1,37.8,1.05,26,Low
14560,3876.2599999999998,3320,22,30.76396825396825,4.023253968253968,15,High
14562,1631.38,759,8,8.963626373626374,2.466483516483516,26,High
14563,640.54,279,2,6.042830188679245,4.323207547169811,145,Medium
14564,2605.62,1295,2,24.35158878504673,3.494299065420561,70,High
14565,760.1,400,1,23.033333333333335,2.960606060606061,109,Medium
14566,2660.0,1600,3,221.66666666666666,1.6833333333333333,53,High
14568,919.7,645,1,19.56808510638298,1.9600000000000002,71,Medium
14569,369.94,178,3,16.815454545454546,2.316818181818182,88,Low
14570,395.69,336,1,10.145897435897435,3.223333333333333,79,Low
14571,160.0,56,1,5.333333333333333,2.875,61,Low
14572,2722.34,1458,4,11.111591836734695,3.33065306122449,53,High
14573,925.3,275,5,6.047712418300653,4.313986928104575,8,Medium
14574,143.70000000000002,63,1,13.063636363636364,2.768181818181818,368,Low
14575,420.22,163,1,5.836388888888889,3.2468055555555555,124,Medium
14576,35.400000000000006,12,1,35.400000000000006,2.95,8,Low
14577,504.44,216,3,8.549830508474576,2.696440677966102,30,Medium
14579,105.56,56,1,4.2224,1.992,68,Low
14580,14.85,3,1,14.85,4.95,154,Low
14581,271.05,87,1,6.303488372093024,3.2802325581395344,180,Low
14583,673.33,320,3,4.156358024691358,2.737716049382716,19,Medium
14584,705.1,579,4,5.8758333333333335,2.1146666666666665,57,Medium
14585,986.22,539,4,12.027073170731708,1.7973170731707317,18,Medium
14588,135.39,62,1,8.461875,2.799375,214,Low
14589,39.75,5,1,13.25,7.95,7,Low
14590,2993.37,901,20,14.818663366336633,3.8271782178217824,60,High
14593,3048.38,1518,9,6.626913043478261,2.6621739130434783,33,High
14594,255.0,146,1,8.225806451612904,3.008709677419355,9,Low
14595,423.85,250,2,12.466176470588236,1.7249999999999999,89,Medium
14596,222.22,75,1,4.192830188679245,3.500566037735849,262,Low
14597,1318.39,870,4,27.466458333333335,2.336875,15,High
14598,162.07,165,1,4.05175,1.35225,205,Low
14599,457.89,292,2,5.796075949367088,2.2720253164556965,26,Medium
14600,471.84,362,1,16.270344827586207,2.443103448275862,29,Medium
14602,205.35999999999999,80,1,6.624516129032258,3.558709677419355,292,Low
14604,143.85999999999999,88,1,6.254782608695652,2.028695652173913,269,Low
14605,921.5600000000001,416,4,8.532962962962964,3.381203703703704,10,Medium
14606,18482.1,9287,102,4.861152025249868,2.8520462914255655,2,High
14607,7553.63,3809,8,61.915,2.9491803278688526,103,High
14608,1567.79,490,7,68.16478260869565,3.6686956521739127,15,High
14609,884.64,5694,6,98.29333333333334,0.32333333333333336,26,Medium
14610,24.35,15,2,2.435,2.0100000000000002,31,Low
14611,604.33,582,2,15.90342105263158,2.1657894736842103,79,Medium
14612,877.7,134,1,62.69285714285714,7.028571428571429,51,Medium
14613,76.32000000000001,72,1,76.32000000000001,1.06,316,Low
14614,295.13,189,1,15.533157894736842,2.7663157894736843,22,Low
14615,951.76,495,5,19.828333333333333,3.408541666666667,30,Medium
14616,121.7,66,2,60.85,2.9,21,Low
14617,190.47,81,2,21.163333333333334,2.8633333333333333,38,Low
14618,788.88,440,4,22.539428571428573,4.617714285714285,12,Medium
14619,896.8,442,1,22.419999999999998,3.31875,177,Medium
14621,1212.21,713,4,18.09268656716418,2.259850746268657,147,Medium
14623,1130.28,607,5,7.585771812080536,2.7992617449664428,16,Medium
14624,588.22,483,4,15.479473684210527,2.445,51,Medium
14625,3598.25,1820,9,16.893192488262912,3.7463380281690144,10,High
14626,2619.65,1732,7,23.815,2.4916363636363634,31,High
14627,462.75,284,1,15.956896551724139,2.6017241379310345,15,Medium
14628,1326.04,875,3,21.38774193548387,3.1430645161290323,78,High
14630,338.65,111,1,16.126190476190477,5.104761904761905,120,Low
14631,1018.71,785,3,20.374200000000002,2.8872000000000004,22,Medium
14634,2124.46,1906,4,19.49045871559633,2.096238532110092,73,High
14635,215.22,118,1,14.348,3.8766666666666665,89,Low
14637,106.68,100,1,15.24,1.4457142857142855,313,Low
14639,1994.47,979,3,16.620583333333332,4.0815,44,High
14640,1541.98,765,4,15.734489795918368,2.8879591836734693,45,High
14643,986.08,562,3,31.809032258064516,3.956774193548387,253,Medium
14644,1416.96,512,5,39.36,5.324166666666667,50,High
14645,279.8,206,1,15.544444444444444,3.0805555555555557,270,Low
14646,248396.5,170278,78,140.09954878736605,2.4027016356457978,10,High
14647,270.0,84,1,13.5,4.62,159,Low
14648,4466.65,3265,15,10.363457076566124,2.1162877030162415,52,High
14649,2248.6,1411,5,6.5941348973607035,3.2453958944281527,18,High
14650,62.5,22,1,15.625,6.85,224,Low
14651,1371.77,537,7,7.537197802197802,3.261043956043956,30,High
14653,1666.41,1024,5,11.259527027027028,4.126554054054054,149,High
14654,246.86,273,1,9.142962962962963,1.3277777777777777,374,Low
14655,1946.28,1252,3,36.04222222222222,3.077962962962963,24,High
14656,498.95,189,3,3.928740157480315,3.1458267716535433,51,Medium
14657,601.97,413,2,7.252650602409639,2.506746987951807,65,Medium
14662,635.06,329,3,7.840246913580247,2.7927160493827157,63,Medium
14663,490.6,397,2,7.214705882352941,2.2492647058823527,66,Medium
14665,913.95,404,2,21.760714285714286,2.769047619047619,63,Medium
14667,12418.01,7386,31,16.02323870967742,3.269238709677419,1,High
14668,111.63,49,1,9.3025,2.195,81,Low
14669,1957.54,1273,4,8.85764705882353,2.6171945701357466,269,High
14670,190.47,97,1,3.40125,2.285,368,Low
14671,1127.45,571,2,20.49909090909091,3.2132727272727273,185,Medium
14672,347.59,192,2,7.724222222222222,2.702888888888889,151,Low
14673,1674.41,1031,3,18.81359550561798,2.1748314606741572,3,High
14674,173.66,103,1,12.404285714285715,2.6799999999999997,145,Low
14675,419.21999999999997,324,1,3.380806451612903,2.0156451612903226,24,Medium
14676,5808.55,6292,6,63.830219780219785,1.627142857142857,30,High
14677,184.91,139,1,13.207857142857142,2.37,228,Low
14678,403.39,179,1,16.807916666666667,3.4783333333333335,215,Medium
14679,1289.44,794,3,20.467301587301588,3.1695238095238096,17,High
14680,28615.27,13882,43,27.781815533980584,2.8200970873786404,7,High
14681,376.20000000000005,96,3,28.938461538461542,5.550000000000001,23,Low
14682,1462.81,869,4,17.414404761904763,3.104047619047619,64,High
14683,146.56,386,1,6.979047619047619,1.1690476190476191,224,Low
14684,228.52,184,1,2.3804166666666666,1.753125,26,Low
14685,4536.64,1969,8,24.26010695187166,3.2058823529411766,212,High
14686,852.53,457,5,3.8928310502283106,2.2678995433789955,50,Medium
14687,773.6800000000001,380,2,30.947200000000002,3.4128,36,Medium
14688,2056.3,1911,8,11.17554347826087,2.1691304347826086,9,High
14690,422.63,174,2,7.684181818181818,3.321818181818182,28,Medium
14692,1123.59,625,8,12.347142857142856,2.9657142857142857,16,Medium
14693,992.46,354,6,14.812835820895524,3.4755223880597015,61,Medium
14694,244.31,193,1,16.287333333333333,2.7386666666666666,253,Low
14695,1534.22,661,3,18.71,3.43719512195122,155,High
14696,688.95,521,2,16.40357142857143,2.5752380952380953,9,Medium
14699,593.47,407,3,14.130238095238095,2.222857142857143,71,Medium
14700,880.96,292,2,16.017454545454545,3.3563636363636364,51,Medium
14701,1961.02,823,6,7.317238805970149,3.0258582089552237,78,High
14702,3427.44,1601,13,9.364590163934427,3.6375683060109285,1,High
14704,258.96,121,2,4.176774193548387,2.4533870967741938,60,Low
14706,367.54,246,1,14.701600000000001,2.6275999999999997,254,Low
14707,139.2,96,2,69.6,1.45,71,Low
14708,1085.91,888,3,43.436400000000006,5.4264,4,Medium
14709,3965.29,1657,12,24.62913043478261,4.214472049689441,15,High
14710,1300.31,760,9,4.392939189189189,2.061925675675676,15,High
14712,411.0,96,1,58.714285714285715,4.378571428571429,54,Medium
14713,2752.51,1841,11,7.582672176308541,2.063829201101928,1,High
14714,746.05,413,3,8.988554216867469,2.6209638554216865,43,Medium
14715,958.0699999999999,509,4,14.51621212121212,3.3577272727272724,78,Medium
14716,235.77,148,1,5.239333333333334,1.89,80,Low
14717,81.3,32,1,7.390909090909091,3.313636363636364,369,Low
14718,226.42,202,1,20.583636363636362,1.9745454545454544,46,Low
14721,109.07,57,1,4.3628,2.6148000000000002,15,Low
14722,309.1,96,2,5.238983050847458,3.510169491525424,113,Low
14723,927.89,609,7,4.662763819095478,1.999597989949749,7,Medium
14724,341.9,184,1,8.339024390243901,2.5709756097560974,226,Low
14725,597.16,747,3,11.267169811320754,1.558679245283019,30,Medium
14726,116.5,82,1,7.766666666666667,2.256666666666667,290,Low
14727,195.15,396,2,5.420833333333333,1.1002777777777777,182,Low
14728,190.58,68,1,13.612857142857143,3.4771428571428573,49,Low
14729,586.24,372,3,4.441212121212121,2.044848484848485,9,Medium
14732,2814.58,868,11,21.650615384615385,4.655846153846154,28,High
14733,6579.26,2715,4,45.374206896551726,3.876689655172414,3,High
14734,1056.42,378,4,16.76857142857143,4.862380952380952,61,Medium
14735,6174.47,2249,24,35.89808139534884,4.040406976744186,24,High
14736,374.05,148,2,4.250568181818182,3.1388636363636366,121,Low
14737,2389.62,726,1,85.34357142857142,4.013928571428571,36,High
14738,507.45,156,2,19.517307692307693,5.7565384615384625,196,Medium
14739,8385.22,6352,19,42.781734693877546,2.6341326530612243,3,High
14740,2712.85,1346,8,19.104577464788733,3.6969014084507044,45,High
14741,497.25,279,2,19.125,2.073076923076923,8,Medium
14742,579.85,374,1,17.054411764705883,2.4941176470588236,71,Medium
14743,50.480000000000004,40,1,16.826666666666668,1.3299999999999998,228,Low
14744,2785.1,1920,8,29.316842105263156,4.190526315789474,2,High
14745,1331.15,931,7,18.748591549295774,2.437605633802817,137,High
14746,593.5,398,4,65.94444444444444,1.5277777777777777,42,Medium
14748,1736.57,1529,7,17.02519607843137,2.0310784313725487,4,High
14749,310.15,403,1,17.230555555555554,1.705,115,Low
14750,112.03,65,1,3.5009375,2.634375,372,Low
14751,126.45,65,2,18.064285714285713,2.635714285714286,320,Low
14753,306.36,201,1,17.02,1.8033333333333335,96,Low
14754,909.88,524,4,9.577684210526316,2.81221052631579,61,Medium
14755,4962.27,2182,14,20.676125000000003,3.9360833333333334,17,High
14756,1914.8,1007,2,23.639506172839507,3.911234567901235,18,High
14758,1380.91,421,3,21.244769230769233,5.380615384615385,32,High
14761,192.02,88,1,14.77076923076923,3.2238461538461536,80,Low
14762,117.05,87,1,13.005555555555555,3.112222222222222,262,Low
14766,4082.76,2714,6,19.915902439024393,2.7541951219512195,2,High
14767,382.81,117,1,21.267222222222223,5.240555555555556,110,Low
14769,5097.13,3819,9,15.170029761904763,2.5689285714285712,26,High
14770,2761.2200000000003,1108,6,19.04289655172414,4.094896551724138,103,High
14771,594.62,622,2,12.651489361702128,1.145531914893617,257,Medium
14773,140.55,53,1,14.055000000000001,5.0,228,Low
14774,241.45000000000002,99,1,18.573076923076925,5.203846153846153,164,Low
14775,406.56,384,1,20.328,1.1505,8,Medium
14776,1170.0,1524,4,16.027397260273972,1.0846575342465754,23,Medium
14777,307.56,212,1,19.2225,3.625625,39,Low
14783,307.3,262,1,18.076470588235296,2.518823529411765,295,Low
14784,159.94,126,1,13.328333333333333,1.7566666666666666,25,Low
14786,90.96,112,1,12.994285714285713,1.0057142857142858,186,Low
14787,110.65,59,1,7.376666666666667,2.288,107,Low
14788,476.88,298,1,17.03142857142857,2.981785714285714,232,Medium
14790,1781.56,1943,6,17.995555555555555,1.9124242424242426,10,High
14791,303.63,127,1,15.980526315789474,3.4626315789473687,242,Low
14793,396.91,270,1,15.8764,2.2836000000000003,171,Low
14794,633.99,110,3,26.41625,13.28,38,Medium
14796,2865.05,1627,11,6.9709245742092465,2.280559610705596,2,High
14797,300.31,99,1,18.769375,4.170625,143,Low
14798,550.5699999999999,451,5,14.880270270270268,1.575945945945946,17,Medium
14799,180.45000000000002,349,1,18.045,3.415,373,Low
14800,3415.38,3294,6,12.743955223880597,2.794216417910448,5,High
14802,1502.98,2,2,751.49,751.49,74,High
14805,536.15,302,3,6.619135802469136,4.172469135802469,40,Medium
14806,110.04,93,1,12.226666666666667,2.06,75,Low
14807,504.14,234,2,13.266842105263157,3.2221052631578946,26,Medium
14809,686.76,232,2,38.153333333333336,3.8755555555555556,257,Medium
14810,446.59,230,3,6.472318840579709,2.5820289855072462,5,Medium
14811,170.5,74,1,6.089285714285714,2.855357142857143,23,Low
14812,178.85,135,1,4.968055555555555,2.0130555555555554,234,Low
14813,888.91,392,4,6.4413768115942025,3.2078985507246376,5,Medium
14814,154.21,93,1,5.140333333333333,2.549,217,Low
14817,2849.52,1807,5,17.06299401197605,4.274431137724551,31,High
14818,495.76,219,3,8.852857142857143,3.399642857142857,94,Medium
14819,184.34,61,2,4.49609756097561,3.6053658536585362,130,Low
14820,767.47,471,5,21.927714285714288,4.699142857142857,16,Medium
14821,1230.15,459,7,17.82826086956522,2.965072463768116,2,Medium
14822,157.7,94,1,17.522222222222222,2.677777777777778,121,Low
14824,2895.2000000000003,1429,6,22.443410852713182,2.5728682170542636,15,High
14825,2698.17,1857,13,14.276031746031746,2.409047619047619,4,High
14826,385.2,152,2,38.519999999999996,3.0450000000000004,217,Low
14828,7699.7,7546,10,91.66309523809524,1.6913095238095237,24,High
14829,995.29,695,4,14.636617647058824,2.3027941176470588,8,Medium
14831,1676.57,885,3,20.445975609756097,3.1787804878048784,316,High
14832,322.69,1,1,322.69,322.69,266,Low
14833,94.8,58,1,13.542857142857143,2.0,134,Low
14834,485.86,138,1,24.293,5.569,43,Medium
14835,297.0,180,2,148.5,1.65,164,Low
14837,1810.82,1594,5,17.928910891089107,1.502970297029703,78,High
14838,769.9200000000001,361,2,10.998857142857144,3.065571428571429,59,Medium
14839,915.28,927,3,12.368648648648648,2.3322972972972975,54,Medium
14840,299.86,148,1,16.65888888888889,2.8294444444444444,175,Low
14841,3867.2400000000002,2386,8,23.871851851851854,3.1300617283950616,10,High
14843,211.8,132,1,23.533333333333335,1.5444444444444443,72,Low
14844,3512.62,2536,6,23.89537414965986,2.712721088435374,66,High
14845,150.0,600,1,150.0,0.25,235,Low
14846,437.4,193,1,36.449999999999996,2.435,63,Medium
14847,1039.55,413,2,21.21530612244898,4.305102040816326,43,Medium
14848,310.56,260,1,28.232727272727274,1.3354545454545454,40,Low
14849,7832.91,6332,21,21.34307901907357,2.2530517711171663,9,High
14850,1445.21,1100,6,8.30580459770115,1.9977586206896552,53,High
14851,318.06,306,1,22.71857142857143,1.8550000000000002,266,Low
14852,3295.7400000000002,2619,12,19.85385542168675,1.818855421686747,60,High
14853,901.0699999999999,263,3,40.95772727272727,5.795,59,Medium
14854,1563.03,1167,4,17.761704545454545,2.448068181818182,26,High
14855,5874.65,3243,5,31.41524064171123,2.821283422459893,110,High
14857,2478.731,1617,5,16.200856209150327,2.7578496732026143,78,High
14858,180.75,105,1,16.431818181818183,1.95,141,Low
14859,351.9,217,1,43.9875,2.79625,190,Low
14861,1254.94,959,9,15.68675,2.2635,16,Medium
14865,77.52,192,3,15.504,0.44000000000000006,8,Low
14866,6460.32,2481,8,170.00842105263158,3.290263157894737,2,High
14867,2241.78,668,13,22.19584158415842,6.062772277227723,31,High
14868,1230.42,825,4,18.3644776119403,1.9376119402985073,16,Medium
14869,2056.69,1581,4,11.820057471264368,2.1989655172413793,24,High
14870,1511.7,364,5,29.071153846153848,5.272115384615384,49,High
14871,726.89,267,5,7.196930693069307,3.6062376237623766,129,Medium
14872,816.6,662,3,18.990697674418605,1.7832558139534884,119,Medium
14873,334.45,143,1,15.926190476190476,3.8880952380952385,269,Low
14874,116.18,148,1,19.363333333333333,1.1966666666666668,171,Low
14875,1397.08,774,1,33.26380952380952,4.684523809523809,77,High
14876,256.7,162,2,19.746153846153845,2.4892307692307694,157,Low
14877,425.85,168,2,6.7595238095238095,3.1015873015873017,54,Medium
14878,2600.41,1617,16,10.527975708502023,2.745425101214575,12,High
14879,185.06,104,1,6.854074074074074,3.095925925925926,320,Low
14882,2956.95,1456,12,54.75833333333333,3.8635185185185184,26,High
14884,120.6,72,1,15.075,1.875,305,Low
14885,832.8,584,2,52.05,1.641875,63,Medium
14890,691.6,585,2,13.832,2.1434,254,Medium
14891,552.35,283,2,18.41166666666667,2.3826666666666667,52,Medium
14892,202.35000000000002,79,1,15.565384615384618,3.5115384615384615,326,Low
14893,571.76,248,1,17.326060606060604,3.0736363636363637,253,Medium
14894,837.0600000000001,338,2,36.393913043478264,3.037391304347826,79,Medium
14895,13980.83,5863,18,34.77818407960199,4.8356467661691545,19,High
14896,1614.45,836,7,6.671280991735538,2.6644214876033057,1,High
14897,1774.16,694,4,24.641111111111112,3.7877777777777775,45,High
14898,2195.14,1224,9,11.86562162162162,3.1387567567567567,7,High
14899,1331.38,570,1,10.32077519379845,3.7828682170542636,31,High
14900,13.919999999999998,48,1,13.919999999999998,0.29,158,Low
14901,860.11,387,5,12.287285714285714,2.888142857142857,2,Medium
14902,702.96,498,2,18.024615384615384,2.5535897435897437,31,Medium
14904,605.05,537,2,8.403472222222222,1.6023611111111111,44,Medium
14905,1355.24,722,6,22.21704918032787,2.40672131147541,10,High
14906,68.44,1,1,68.44,68.44,81,Low
14907,2664.69,1126,10,20.34114503816794,3.7597709923664127,3,High
14908,104.10000000000001,50,1,20.82,2.8600000000000003,99,Low
14909,1404.68,888,3,17.558500000000002,2.862125,73,High
14911,152121.22,69709,205,27.320621408045977,5.668200431034483,1,High
14912,1021.4,848,4,28.37222222222222,3.447777777777778,37,Medium
14913,2845.7000000000003,2212,4,17.785625000000003,2.209375,24,High
14915,1503.77,595,9,19.279102564102566,3.7706410256410257,11,High
14916,1773.97,1279,4,31.122280701754388,2.274561403508772,67,High
14917,1123.75,891,2,38.75,2.2327586206896552,232,Medium
14918,4345.66,1876,7,45.267291666666665,4.187708333333333,40,High
14919,359.35,129,1,27.642307692307693,3.2192307692307693,175,Low
14920,629.4,377,1,15.735,3.2082500000000005,201,Medium
14922,843.74,376,2,16.8748,3.9884000000000004,29,Medium
14924,620.96,248,2,29.56952380952381,7.221904761904763,246,Medium
14926,359.4,204,2,119.8,3.216666666666667,17,Low
14927,308.2,196,1,15.41,2.33,32,Low
14928,223.91000000000003,268,1,10.662380952380953,1.3942857142857144,263,Low
14929,612.8100000000001,351,1,26.643913043478264,2.137826086956522,57,Medium
14930,2873.77,1033,3,19.03158940397351,5.174635761589404,106,High
14932,666.13,257,2,20.8165625,7.7934375,1,Medium
14933,1770.0,600,4,442.5,2.95,79,High
14934,1612.56,1058,3,16.45469387755102,3.6281632653061227,14,High
14935,1065.1200000000001,996,1,66.57000000000001,1.1112499999999998,255,Medium
14936,4273.79,2189,4,26.21957055214724,4.305766871165645,26,High
14938,2322.43,1369,2,32.710281690140846,2.998169014084507,198,High
14940,531.49,384,2,16.6090625,1.6421875,53,Medium
14941,182.1,80,1,26.014285714285712,2.3428571428571425,214,Low
14942,746.56,354,4,39.292631578947365,2.4968421052631578,37,Medium
14943,107.62,46,1,21.524,3.184,299,Low
14944,3884.42,2049,7,29.206165413533835,3.7904511278195487,25,High
14945,179.4,156,1,16.30909090909091,1.55,49,Low
14947,758.97,237,4,18.97425,5.85475,24,Medium
14949,515.0,250,4,19.074074074074073,2.8537037037037036,105,Medium
14952,9529.86,3622,21,56.38970414201184,3.8607692307692307,32,High
14953,685.65,790,3,3.58979057591623,1.9237172774869111,54,Medium
14954,167.27,92,1,4.079756097560976,2.9502439024390243,339,Low
14955,163.77,74,1,5.282903225806452,2.626451612903226,368,Low
14956,1325.0,2500,1,331.25,0.53,57,High
14957,203.2,63,1,12.7,2.95,280,Low
14958,458.26,120,3,15.275333333333332,5.434666666666667,231,Medium
14961,9365.47,4664,13,26.160530726256983,2.977486033519553,15,High
14962,240.21000000000004,79,3,26.690000000000005,4.321111111111112,175,Low
14963,1651.23,1128,7,5.814190140845071,2.1878521126760564,15,High
14966,881.24,881,5,7.6629565217391304,2.4342608695652173,23,Medium
14967,1518.81,512,5,66.03521739130434,3.4930434782608697,77,High
14968,353.65,130,1,7.524468085106382,4.463617021276596,94,Low
14969,906.23,665,1,69.71000000000001,3.2392307692307694,339,Medium
14970,3327.29,732,8,42.11759493670886,4.1278481012658235,45,High
14972,30.300000000000004,12,1,15.150000000000002,2.5250000000000004,17,Low
14975,192.45,127,1,12.83,2.3866666666666663,57,Low
14977,31.93,17,1,7.9825,2.46,361,Low
14978,1190.82,213,5,15.668684210526315,7.222499999999999,66,Medium
14979,429.66,209,1,8.768571428571429,3.037755102040816,371,Medium
14980,150.68,79,1,6.278333333333333,3.4875000000000003,373,Low
14981,270.8,144,1,19.342857142857145,2.0785714285714287,59,Low
14982,237.78,125,1,6.096923076923077,2.505897435897436,208,Low
14983,183.20000000000002,90,1,6.106666666666667,2.57,325,Low
14984,1058.1399999999999,290,4,70.54266666666666,4.938,24,Medium
14986,563.1,338,2,5.745918367346939,2.3331632653061227,12,Medium
14987,1387.4499999999998,543,7,106.72692307692306,3.2576923076923077,1,High
14988,1704.1100000000001,1119,6,8.739025641025641,2.115846153846154,16,High
14989,342.4,200,1,19.022222222222222,3.0944444444444446,297,Low
14990,304.17,129,2,7.242142857142857,2.347857142857143,248,Low
14991,314.67,191,1,14.984285714285715,4.062380952380953,66,Low
14992,210.5,145,1,7.796296296296297,1.8829629629629627,78,Low
14993,36.13,21,1,3.6130000000000004,1.714,199,Low
14994,946.72,568,5,3.1348344370860928,2.1842715231788077,18,Medium
14996,442.28999999999996,404,2,10.787560975609756,2.2653658536585364,117,Medium
14997,230.4,288,1,19.2,0.9133333333333332,291,Low
14998,338.31,94,2,6.633529411764706,4.913333333333334,64,Low
14999,129.48000000000002,88,1,14.386666666666668,3.2355555555555555,228,Low
15001,199.10999999999999,70,2,4.328478260869565,3.792391304347826,30,Low
15002,3127.9700000000003,1631,6,12.363517786561266,2.7934782608695654,3,High
15003,1027.03,525,6,3.1216717325227963,2.2212462006079026,109,Medium
15005,7681.71,4554,29,5.8954029163468915,2.5560552570990023,2,High
15006,277.4,101,1,5.547999999999999,3.9694,89,Low
15008,360.0,1500,2,30.0,0.3,116,Low
15011,416.6,289,2,20.830000000000002,2.0785,31,Medium
15012,429.78,242,2,3.5519008264462806,2.76801652892562,9,Medium
15013,1610.82,1715,10,4.737705882352941,1.6033823529411764,123,High
15015,2354.97,1584,13,8.010102040816326,2.119761904761905,137,High
15016,450.85,167,4,5.304117647058824,3.008235294117647,29,Medium
15018,111.25,21,1,22.25,7.3,3,Low
15020,198.47,111,1,7.350740740740741,3.1281481481481483,15,Low
15021,826.91,350,4,3.626798245614035,2.6578947368421053,2,Medium
15022,281.05,113,1,14.792105263157895,2.744736842105263,313,Low
15023,5287.64,2157,10,12.04473804100228,4.021799544419134,5,High
15024,2414.18,1281,8,11.176759259259258,2.6835185185185186,3,High
15025,617.83,319,1,8.580972222222222,3.385277777777778,204,Medium
15026,579.89,370,2,7.531038961038961,2.121688311688312,11,Medium
15027,2129.45,2217,6,38.02589285714286,3.7017857142857147,31,High
15028,521.78,333,3,7.673235294117647,2.646176470588235,4,Medium
15029,365.1,234,1,36.510000000000005,2.722,255,Low
15030,1461.63,853,6,56.21653846153846,3.73,16,High
15031,2449.75,1176,10,8.595614035087719,2.7529122807017545,30,High
15032,8821.55,5291,7,120.8431506849315,2.0979452054794523,2,High
15034,3957.04,2335,6,10.931049723756907,3.1639226519337016,22,High
15037,397.76,298,2,8.83911111111111,2.2706666666666666,12,Low
15038,579.67,212,4,4.082183098591549,3.1342957746478874,5,Medium
15039,19960.3,8905,47,15.692059748427672,3.3463993710691824,4,High
15040,7.49,1,1,7.49,7.49,177,Low
15041,109.47,91,1,2.8807894736842106,1.3363157894736843,80,Low
15042,179.52,208,1,44.88,0.74,231,Low
15043,2333.3199999999997,719,5,48.610833333333325,3.4616666666666664,99,High
15044,8389.42,2456,18,18.560663716814158,4.937544247787611,15,High
15046,2533.37,1213,10,13.126269430051813,3.32860103626943,61,High
15048,98.7,32,1,4.291304347826087,2.884782608695652,4,Low
15050,2349.5,1384,2,32.18493150684932,2.5193150684931505,57,High
15051,2543.55,2042,6,17.3030612244898,2.603061224489796,15,High
15055,549.12,225,3,6.779259259259259,3.1872839506172843,110,Medium
15056,113.65,69,1,18.941666666666666,3.4333333333333336,156,Low
15057,1766.46,726,3,39.254666666666665,3.1973333333333334,79,High
15058,1285.04,591,5,15.864691358024691,3.044567901234568,12,High
15059,2153.48,995,10,6.117840909090909,3.064403409090909,12,High
15061,83284.38,51791,86,142.6102397260274,2.2349657534246576,3,High
15062,1597.76,1109,4,15.664313725490196,2.8504901960784315,59,High
15064,1254.41,810,4,15.486543209876544,3.950617283950617,46,Medium
15065,168.73,63,1,15.339090909090908,4.808181818181819,46,Low
15067,2118.12,1197,2,22.296,4.630105263157895,49,High
15068,621.54,468,2,5.452105263157894,2.1252631578947367,54,Medium
15070,737.0500000000001,339,3,23.032812500000002,3.6171875,8,Medium
15071,473.49,147,2,16.910357142857144,4.7371428571428575,22,Medium
15072,187.52,164,1,14.424615384615386,1.4115384615384616,115,Low
15073,1744.61,919,5,16.615333333333332,4.124761904761905,36,High
15074,817.46,608,2,26.36967741935484,1.6651612903225805,65,Medium
15076,566.89,295,2,18.286774193548386,3.770322580645161,128,Medium
15077,2428.08,528,2,75.8775,5.1396875,130,High
15078,8018.77,3885,23,22.716062322946176,3.0865439093484417,4,High
15079,2871.7400000000002,1115,8,29.303469387755104,3.85,1,High
15080,546.25,287,2,17.620967741935484,2.388709677419355,63,Medium
15081,1460.92,616,8,19.222631578947368,4.470526315789473,3,High
15082,93.35000000000001,43,1,15.558333333333335,2.2416666666666667,304,Low
15084,965.1999999999999,600,2,31.13548387096774,5.959354838709677,15,Medium
15085,347.54,169,1,38.61555555555556,2.3233333333333333,365,Low
15086,218.53,95,2,19.866363636363637,2.8854545454545457,200,Low
15091,565.9,236,2,20.95925925925926,3.184814814814815,310,Medium
15092,318.65,95,1,16.771052631578947,5.234210526315789,98,Low
15093,9729.09,7897,18,43.433437500000004,2.317142857142857,8,High
15094,83.0,28,2,16.6,3.05,99,Low
15095,1771.04,1154,6,23.00051948051948,2.5554545454545456,56,High
15097,660.27,254,2,16.104146341463416,3.6407317073170735,219,Medium
15100,2018.6999999999998,254,6,134.57999999999998,5.79,2,High
15101,1160.41,435,4,23.2082,4.4618,151,Medium
15102,554.67,339,2,20.543333333333333,3.2955555555555556,166,Medium
15105,795.98,536,2,15.9196,2.6516,66,Medium
15107,620.85,187,4,20.02741935483871,6.050000000000001,8,Medium
15109,498.15000000000003,127,2,24.907500000000002,4.8075,215,Medium
15110,509.75,91,2,28.319444444444443,7.605555555555556,39,Medium
15111,1163.39,454,3,17.36402985074627,4.254626865671642,8,Medium
15112,209.4,72,1,29.914285714285715,4.357142857142857,247,Low
15114,639.56,436,2,18.810588235294116,3.289705882352941,19,Medium
15115,191.74,88,1,13.695714285714287,2.8485714285714288,368,Low
15117,934.19,1145,3,17.96519230769231,1.8288461538461538,84,Medium
15122,2853.4900000000002,1233,8,19.679241379310348,3.720344827586207,58,High
15123,2456.86,1329,3,31.90727272727273,2.933766233766234,57,High
15124,266.63,229,2,16.664375,4.030625,112,Low
15125,5496.39,2240,9,48.640619469026554,4.550442477876107,115,High
15126,449.49,273,2,17.9796,2.8027999999999995,172,Medium
15127,304.97,213,1,25.41416666666667,4.706666666666667,155,Low
15128,312.68,240,1,14.88952380952381,2.3623809523809522,66,Low
15129,3412.78,2208,12,27.746178861788618,2.150081300813008,21,High
15131,80.28,88,1,11.468571428571428,2.08,30,Low
15133,824.48,280,2,41.224000000000004,3.1994999999999996,18,Medium
15134,208.3,170,2,17.358333333333334,1.7249999999999999,17,Low
15135,166.63,41,1,15.148181818181818,5.935454545454545,192,Low
15137,823.4,596,2,24.21764705882353,2.1173529411764704,156,Medium
15138,502.52,300,1,16.210322580645162,4.388709677419355,29,Medium
15140,889.44,438,1,27.795,2.331875,78,Medium
15141,1388.47,1197,7,17.355875,1.8842500000000002,93,High
15142,2121.18,1790,5,18.28603448275862,1.9827586206896552,46,High
15143,304.18,170,1,17.89294117647059,3.2041176470588235,68,Low
15144,5579.87,2201,12,42.271742424242426,3.486060606060606,15,High
15149,1033.81,252,4,22.47413043478261,8.139565217391304,212,Medium
15150,3686.61,2525,3,15.890560344827588,2.681896551724138,92,High
15151,2085.61,795,2,36.58964912280702,13.795438596491229,59,High
15152,518.14,290,1,17.86689655172414,1.956551724137931,337,Medium
15154,1089.44,244,2,10.680784313725491,4.494313725490196,114,Medium
15155,383.96999999999997,192,1,15.99875,3.9129166666666664,19,Low
15157,718.04,1074,2,26.594074074074072,1.3829629629629632,205,Medium
15158,204.62,21,1,51.155,45.4675,37,Low
15159,3475.7200000000003,2071,4,34.757200000000005,2.4405,31,High
15160,431.11,223,3,22.69,2.7273684210526317,10,Medium
15161,119.92,144,1,3.633939393939394,1.871212121212121,24,Low
15162,312.9,74,1,26.075,4.633333333333334,367,Low
15164,1203.53,561,6,4.794940239043824,2.6288446215139443,25,Medium
15165,487.75,160,1,18.064814814814813,4.987037037037037,9,Medium
15166,167.16,140,1,13.93,2.47,103,Low
15167,1468.82,798,4,5.542716981132076,3.2830188679245285,43,High
15169,569.22,356,2,9.647796610169491,2.35,18,Medium
15170,81.15,33,1,20.2875,3.175,42,Low
15173,1494.6,840,7,17.37906976744186,2.7454651162790698,16,High
15174,345.71,237,1,15.03086956521739,2.9056521739130434,46,Low
15176,988.0400000000001,448,1,19.000769230769233,4.427307692307692,303,Medium
15177,948.9300000000001,485,1,36.49730769230769,3.7830769230769232,61,Medium
15179,5284.97,3478,8,23.913891402714935,3.1424886877828055,28,High
15180,816.9300000000001,654,3,15.710192307692308,2.1601923076923075,3,Medium
15181,510.72,144,2,127.68,3.535,56,Medium
15182,2376.102,933,9,24.7510625,3.5218958333333332,21,High
15183,639.93,297,3,16.840263157894736,3.783157894736842,183,Medium
15184,283.19,263,2,12.872272727272728,2.545909090909091,23,Low
15186,991.7900000000001,501,3,30.054242424242428,3.3236363636363637,110,Medium
15188,310.43,233,1,13.496956521739131,2.6047826086956523,361,Low
15189,1298.99,753,5,44.79275862068965,3.4520689655172414,17,High
15190,834.4399999999999,790,1,20.860999999999997,2.26225,70,Medium
15191,588.05,287,3,16.80142857142857,3.322857142857143,99,Medium
15192,937.07,726,3,17.037636363636363,2.613090909090909,1,Medium
15194,4811.16,3466,14,26.434945054945054,2.3162637362637364,4,High
15196,313.7,130,2,7.469047619047619,2.4428571428571426,68,Low
15197,797.9,589,3,29.55185185185185,2.1203703703703702,30,Medium
15198,377.71,207,3,17.986190476190476,3.6347619047619046,44,Low
15199,1853.7,498,6,48.78157894736842,4.189473684210526,10,High
15200,549.0500000000001,195,1,18.30166666666667,3.796666666666667,130,Medium
15201,606.4100000000001,450,2,19.56161290322581,2.0245161290322584,75,Medium
15202,6001.49,3,3,2000.4966666666667,2000.4966666666667,56,High
15203,2572.38,2429,9,12.797910447761195,1.4293034825870647,26,High
15207,683.92,428,3,28.496666666666666,1.64,52,Medium
15208,100.4,40,1,16.733333333333334,4.083333333333333,59,Low
15209,178.98000000000002,94,1,13.76769230769231,3.483846153846154,366,Low
15210,845.01,613,2,17.978936170212766,4.061914893617021,14,Medium
15211,383.07,117,1,16.655217391304348,5.164782608695653,1,Low
15212,106.47999999999999,48,1,21.296,3.1979999999999995,12,Low
15215,1687.49,551,4,21.63448717948718,4.621025641025641,29,High
15216,389.49,189,1,17.704090909090908,3.8277272727272726,254,Low
15217,426.24,190,1,15.222857142857142,3.715,199,Medium
15218,5711.9400000000005,3201,11,24.834521739130437,2.8840000000000003,25,High
15219,379.7,226,1,22.33529411764706,2.486470588235294,284,Low
15221,2062.2,244,4,71.1103448275862,9.944827586206896,2,High
15222,2965.91,4018,10,22.300075187969924,1.1075187969924813,108,High
15223,662.2,172,3,47.300000000000004,4.107142857142857,245,Medium
15224,549.28,291,3,26.156190476190474,2.5352380952380953,148,Medium
15227,1269.0900000000001,467,4,20.4691935483871,4.335483870967742,32,High
15228,2193.56,1120,2,20.12440366972477,3.2295412844036697,64,High
15229,160.5,114,1,17.833333333333332,1.6055555555555556,222,Low
15231,250.26000000000002,190,1,17.875714285714288,1.862142857142857,257,Low
15233,59.400000000000006,12,1,59.400000000000006,4.95,37,Low
15235,690.3000000000001,411,6,15.688636363636364,2.8606818181818183,5,Medium
15240,2753.41,1845,7,18.858972602739726,2.8526027397260276,10,High
15241,1293.72,1510,3,17.482702702702703,1.3491891891891892,66,High
15242,302.04,196,1,75.51,2.1550000000000002,58,Low
15243,610.6,358,1,15.656410256410258,3.4946153846153845,71,Medium
15244,280.51,67,1,20.03642857142857,8.412857142857144,302,Low
15245,2095.0,1237,5,35.50847457627118,1.8476271186440678,38,High
15246,266.25,112,1,14.791666666666666,3.0444444444444447,191,Low
15247,620.06,354,2,56.36909090909091,2.6572727272727272,113,Medium
15248,1893.93,1065,3,17.867264150943395,3.086981132075472,47,High
15249,2577.54,1403,5,16.9575,3.534473684210526,66,High
15250,60.0,48,1,20.0,1.25,276,Low
15251,9839.55,5937,10,82.68529411764705,4.1505882352941175,50,High
15252,1362.63,908,3,18.41391891891892,2.8164864864864865,57,High
15253,1136.89,722,3,18.045873015873017,2.5642857142857145,39,Medium
15254,787.99,436,2,16.08142857142857,3.6957142857142857,182,Medium
15255,2815.17,1725,8,19.965744680851063,2.9438297872340424,32,High
15256,71.95,37,1,17.9875,2.0,197,Low
15257,368.75,25,1,73.75,31.98,50,Low
15259,1182.3799999999999,631,4,20.74350877192982,8.15719298245614,148,Medium
15260,7377.46,3837,20,22.982741433021808,3.290404984423676,8,High
15261,1253.18,536,3,17.166849315068493,4.156438356164384,17,Medium
15262,239.87,145,2,14.991875,2.54,16,Low
15264,454.66,178,1,14.208125,3.9040625,166,Medium
15265,1839.52,958,2,16.57225225225225,2.898018018018018,240,High
15266,732.91,218,4,18.792564102564103,5.648717948717949,15,Medium
15268,961.9000000000001,428,3,43.722727272727276,3.8590909090909093,114,Medium
15269,816.5600000000001,346,2,24.744242424242426,3.063030303030303,16,Medium
15270,6145.37,2489,14,48.38874015748031,5.201023622047244,36,High
15271,2146.95,1239,10,6.50590909090909,2.516878787878788,1,High
15272,1309.01,355,4,5.87,4.405336322869955,86,High
15273,228.96,216,1,228.96,1.06,235,Low
15276,491.17,256,3,3.8075193798449614,2.4812403100775193,30,Medium
15277,220.44,168,1,15.745714285714286,2.1792857142857143,61,Low
15278,496.16,458,4,17.10896551724138,1.262758620689655,197,Medium
15279,1290.03,613,4,17.2004,3.8988000000000005,16,High
15280,284.4,353,2,6.463636363636363,1.9927272727272725,124,Low
15281,6211.42,4022,7,16.217806788511748,3.3302088772845955,14,High
15282,348.59,395,1,12.91074074074074,1.3085185185185184,206,Low
15283,148.32999999999998,27,3,16.481111111111108,6.448888888888889,26,Low
15284,24.75,5,1,24.75,4.95,136,Low
15285,94.92,120,1,15.82,0.945,43,Low
15287,369.34000000000003,577,3,23.083750000000002,1.8462500000000002,15,Low
15288,1574.51,627,6,17.302307692307693,3.0737362637362633,1,High
15289,653.3100000000001,619,2,16.751538461538463,1.6276923076923078,94,Medium
15290,2553.06,2066,8,29.012045454545454,1.7073863636363635,29,High
15291,9178.26,2914,26,64.18363636363637,5.443846153846154,9,High
15293,247.5,178,1,13.026315789473685,1.5342105263157895,301,Low
15294,233.35,97,1,15.556666666666667,3.58,46,Low
15295,207.04,139,1,3.9815384615384612,1.999423076923077,290,Low
15296,6650.17,3686,6,19.559323529411763,3.0973529411764704,56,High
15298,4659.47,3170,12,18.637880000000003,2.2028000000000003,2,High
15299,3484.5299999999997,2505,6,580.755,3.6666666666666665,8,High
15301,2533.09,1515,6,18.489708029197082,3.0272262773722627,4,High
15302,308.0,102,1,20.533333333333335,4.966666666666667,366,Low
15303,650.16,266,2,17.109473684210524,5.220526315789473,201,Medium
15304,225.15,29,2,37.525,7.883333333333333,4,Low
15305,93.6,40,1,18.72,3.4299999999999997,191,Low
15306,2310.38,2264,6,22.21519230769231,2.665673076923077,136,High
15309,797.96,440,4,14.777037037037038,3.15,246,Medium
15310,1634.64,1476,1,36.32533333333333,1.6122222222222222,114,High
15311,55942.74,32784,121,27.449823356231597,2.880848871442591,1,High
15312,2005.34,1177,8,17.287413793103447,2.915344827586207,19,High
15314,492.48,437,2,18.941538461538464,1.7596153846153846,49,Medium
15317,129.75,45,1,25.95,3.35,313,Low
15321,3961.42,2472,9,18.511308411214955,2.5936915887850467,73,High
15322,711.18,555,1,17.345853658536583,4.314390243902439,112,Medium
15323,434.6,188,3,14.986206896551725,4.0,198,Medium
15324,140.22000000000003,74,1,17.527500000000003,2.30875,337,Low
15325,1439.72,1151,7,8.180227272727272,2.3051704545454546,31,High
15326,1388.81,965,4,13.8881,2.9225,245,High
15328,107.24,88,1,13.405,2.46375,43,Low
15329,1909.13,731,8,19.68175257731959,4.594329896907216,10,High
15331,767.91,701,3,17.4525,1.7877272727272726,135,Medium
15332,4892.68,2306,6,31.770649350649354,2.56474025974026,2,High
15336,240.5,84,1,16.033333333333335,4.96,37,Low
15337,373.02,200,1,17.762857142857143,3.756190476190476,47,Low
15338,277.93,148,1,4.791896551724138,2.466379310344828,313,Low
15339,1246.95,722,5,9.305597014925374,2.892089552238806,57,Medium
15340,105.5,76,1,15.071428571428571,1.5857142857142856,197,Low
15341,382.2,196,1,54.6,1.95,85,Low
15346,343.7,116,2,17.185,3.8815,61,Low
15347,1162.0,542,4,32.27777777777778,2.8902777777777775,2,Medium
15350,547.6,272,2,18.253333333333334,2.4383333333333335,9,Medium
15351,1770.23,737,4,12.124863013698631,2.9486301369863015,5,High
15352,111.15,40,1,3.269117647058824,2.9161764705882356,184,Low
15353,2336.0,1181,6,7.511254019292605,2.9466881028938907,3,High
15354,284.4,3,3,94.8,94.8,239,Low
15356,664.66,324,4,3.0349771689497715,2.1780365296803654,4,Medium
15358,8703.21,8328,22,15.031450777202071,1.9035578583765114,1,High
15359,181.35,145,8,11.334375,1.291875,298,Low
15361,270.15,37,3,90.05,30.283333333333335,162,Low
15362,613.08,368,2,15.327000000000002,3.6119999999999997,84,Medium
15363,678.11,383,2,19.37457142857143,2.6225714285714288,8,Medium
15365,2242.81,1047,6,21.565480769230767,3.4507692307692306,39,High
15366,1786.57,1826,5,19.006063829787234,1.7379787234042554,45,High
15367,3203.7400000000002,1887,7,17.41163043478261,2.766521739130435,54,High
15368,275.8,176,1,68.95,6.4125,30,Low
15369,6251.26,3288,11,105.9535593220339,1.9583050847457626,128,High
15370,1352.96,567,1,27.0592,3.2504000000000004,46,High
15371,59.400000000000006,12,1,59.400000000000006,4.95,298,Low
15372,4009.66,3486,7,133.65533333333332,2.805,86,High
15373,1002.93,268,6,14.748970588235293,5.274264705882352,7,Medium
15374,139.32,164,1,19.90285714285714,0.9942857142857143,260,Low
15375,60.959999999999994,84,1,10.159999999999998,1.1466666666666667,326,Low
15377,1211.75,253,4,57.70238095238095,4.907142857142857,18,Medium
15378,246.5,130,2,20.541666666666668,1.8916666666666666,98,Low
15379,1174.55,695,1,17.02246376811594,2.841739130434783,36,Medium
15380,1788.8,656,7,105.2235294117647,2.7505882352941176,1,High
15381,1293.72,631,3,80.8575,3.9650000000000003,59,High
15382,7777.84,5166,6,23.56921212121212,2.325090909090909,10,High
15384,1385.38,1171,2,17.991948051948054,2.057922077922078,17,High
15385,625.2,267,2,69.46666666666667,2.268888888888889,28,Medium
15387,468.65,335,1,23.432499999999997,2.165,128,Medium
15389,2233.8,3540,4,446.76000000000005,0.9179999999999999,36,High
15390,1216.66,894,2,15.800779220779221,1.9157142857142857,32,Medium
15391,289.87,109,1,24.155833333333334,6.4925,220,Low
15392,1376.09,867,3,22.934833333333334,3.2053333333333334,10,High
15393,659.48,228,3,20.60875,4.0200000000000005,203,Medium
15394,3103.26,1462,7,21.853943661971833,3.7530985915492963,31,High
15396,508.20000000000005,156,1,254.10000000000002,3.35,219,Medium
15400,586.1,272,3,39.07333333333334,3.5833333333333335,56,Medium
15401,216.95,93,2,15.49642857142857,4.628571428571428,88,Low
15402,1203.77,1340,4,13.525505617977528,3.224269662921348,23,Medium
15403,170.88,492,2,21.36,0.41500000000000004,127,Low
15404,257.06,334,1,16.06625,1.7193749999999999,11,Low
15405,310.74,155,1,14.124545454545455,4.6440909090909095,212,Low
15406,465.16,293,2,6.741449275362319,2.0227536231884056,89,Medium
15409,131.25,59,1,14.583333333333334,3.183333333333333,357,Low
15410,1234.88,702,2,30.872000000000003,2.89925,204,Medium
15413,6798.72,2694,5,271.9488,3.4688,327,High
15416,588.5,330,3,16.34722222222222,3.083055555555555,114,Medium
15418,449.42,264,2,6.609117647058824,2.1467647058823527,61,Medium
15420,743.0,844,6,13.267857142857142,1.4041071428571428,70,Medium
15421,2854.98,1427,6,10.855437262357414,2.6473764258555135,21,High
15422,1522.27,672,5,13.353245614035087,3.646315789473684,15,High
15423,223.39000000000001,97,2,18.615833333333335,5.439166666666666,217,Low
15424,214.44,319,1,13.4025,0.744375,99,Low
15425,1941.1200000000001,1041,4,13.574265734265735,3.1372027972027974,36,High
15426,1134.85,534,5,4.934130434782609,2.4557826086956522,5,Medium
15428,668.97,245,3,17.60447368421053,5.201578947368421,23,Medium
15430,954.75,309,2,26.520833333333332,3.9555555555555557,103,Medium
15431,153.24,84,1,76.62,2.02,138,Low
15432,149.57,27,1,24.92833333333333,6.973333333333334,177,Low
15434,1525.5800000000002,776,6,19.311139240506332,3.2349367088607597,10,High
15437,193.29000000000002,98,1,16.1075,3.4091666666666662,276,Low
15439,1269.05,572,4,22.264035087719297,2.730701754385965,40,High
15441,1254.21,587,3,22.003684210526316,3.5187719298245614,32,Medium
15443,1900.64,1060,7,7.512411067193677,2.8086561264822136,110,High
15445,171.0,60,1,19.0,4.577777777777778,226,Low
15446,399.75,265,3,3.5691964285714284,2.053035714285714,12,Low
15447,337.71000000000004,143,4,16.8855,4.294,163,Low
15448,294.17,255,1,14.008095238095239,2.4085714285714284,310,Low
15451,226.86,76,2,3.781,3.072666666666667,70,Low
15452,1256.63,807,3,8.787622377622379,2.3948251748251748,26,Medium
15454,126.89,60,1,8.459333333333333,3.1873333333333336,254,Low
15455,38.25,3,1,19.125,12.75,233,Low
15456,1656.93,2094,7,9.80431952662722,2.1531952662721894,39,High
15458,208.8,144,1,34.800000000000004,1.45,38,Low
15459,202.83,121,2,28.975714285714286,3.402857142857143,53,Low
15461,429.7,230,2,214.85,1.895,96,Medium
15462,502.45,323,1,16.74833333333333,2.493333333333333,81,Medium
15465,5281.53,1506,15,32.00927272727272,4.502606060606061,5,High
15466,1225.93,695,3,5.980146341463415,2.3151219512195125,25,Medium
15468,962.97,1245,1,17.19589285714286,2.7051785714285717,28,Medium
15469,335.70000000000005,134,1,17.668421052631583,4.318421052631579,74,Low
15470,63.419999999999995,232,1,15.854999999999999,0.315,211,Low
15471,837.53,414,2,10.213780487804877,2.2753658536585366,16,Medium
15473,274.8,104,1,91.60000000000001,2.6833333333333336,80,Low
15474,150.35,55,1,7.913157894736842,3.940526315789474,231,Low
15476,2209.98,1174,4,27.974430379746835,2.8462025316455697,16,High
15477,368.4,216,1,184.2,1.5999999999999999,285,Low
15478,583.5600000000001,319,1,23.3424,2.8404,211,Medium
15479,147.4,38,1,16.37777777777778,5.044444444444444,369,Low
15480,5373.5,1549,4,31.608823529411765,18.957823529411765,101,High
15481,1993.34,1450,1,52.456315789473685,1.730526315789474,37,High
15482,3537.6,1512,7,69.36470588235294,3.412745098039216,22,High
15483,592.56,614,6,3.203027027027027,1.5503783783783784,21,Medium
15484,1061.69,924,2,20.03188679245283,2.1320754716981134,176,Medium
15485,3186.01,1263,5,43.054189189189195,4.430405405405406,9,High
15486,102.0,40,1,102.0,2.55,163,Low
15487,231.32,144,1,16.52285714285714,2.462142857142857,315,Low
15488,340.6,178,4,37.84444444444445,2.1533333333333333,92,Low
15489,1285.3300000000002,656,5,20.083281250000002,3.6128125,36,High
15490,210.85,82,1,8.434,3.2560000000000002,66,Low
15493,2168.27,655,4,6.712910216718266,4.2259752321981425,25,High
15494,2422.02,1913,3,9.845609756097561,2.077479674796748,114,High
15495,246.5,194,1,12.325,1.9675,15,Low
15496,146.14,98,1,6.642727272727272,2.640454545454545,267,Low
15497,7395.19,2313,7,69.7659433962264,3.775,18,High
15498,12633.18,6493,19,27.643719912472648,2.96562363238512,2,High
15499,158.65,59,1,3.8695121951219513,2.8646341463414635,359,Low
15501,399.95,205,2,5.796376811594203,3.1940579710144927,40,Low
15502,3548.34,1613,5,24.471310344827586,4.164344827586207,4,High
15503,116.26,60,1,2.279607843137255,2.0354901960784315,362,Low
15504,349.87,108,3,6.860196078431373,3.503333333333334,156,Low
15506,1058.25,795,3,9.448660714285714,2.0399107142857145,17,Medium
15509,152.41,58,1,5.861923076923077,4.276538461538461,16,Low
15512,210.58,167,2,8.423200000000001,3.2004,26,Low
15513,12992.33,5122,18,51.150905511811025,6.049566929133858,1,High
15514,2368.34,1989,7,15.684370860927153,1.9301986754966887,15,High
15515,171.81,131,1,24.544285714285714,2.8742857142857146,23,Low
15518,2268.44,1547,7,9.531260504201681,2.6606302521008405,15,High
15519,344.61,116,2,9.313783783783784,2.951081081081081,19,Low
15521,4098.04,2671,8,18.79834862385321,3.281376146788991,36,High
15523,16847.18,15501,15,83.40188118811881,2.4275247524752475,24,High
15524,151.4,24,1,18.925,10.275,242,Low
15525,430.78000000000003,253,2,5.983055555555556,2.604027777777778,9,Medium
15527,3126.36,1220,15,18.720718562874254,3.9908383233532936,30,High
15529,1116.72,992,2,8.092173913043478,1.8794202898550725,2,Medium
15530,311.37,390,1,8.896285714285714,1.8905714285714286,148,Low
15532,2174.12,822,6,5.940218579234973,3.5838524590163936,12,High
15534,162.25,63,1,20.28125,3.7375,361,Low
15535,541.47,179,2,9.335689655172414,4.3324137931034485,40,Medium
15536,259.09,242,1,16.193125,1.486875,45,Low
15538,3358.4,1016,6,239.8857142857143,7.457142857142856,173,High
15540,247.38,244,1,15.46125,1.403125,11,Low
15542,855.71,418,3,3.7863274336283186,2.700044247787611,148,Medium
15543,114.4,81,1,4.085714285714286,2.1525000000000003,95,Low
15544,4615.72,3910,12,15.488993288590605,1.561979865771812,8,High
15545,135.32999999999998,75,1,4.365483870967742,2.9829032258064516,7,Low
15546,1079.1000000000001,198,2,89.92500000000001,5.45,242,Medium
15547,5146.45,3279,12,8.079199372056515,2.8504552590266874,12,High
15548,158.09,64,1,6.8734782608695655,3.245217391304348,231,Low
15549,652.7,242,5,13.887234042553192,3.9217021276595743,57,Medium
15550,1635.42,844,8,9.398965517241379,2.7277586206896554,14,High
15551,1243.75,578,6,10.910087719298245,2.950701754385965,30,Medium
15552,162.4,106,1,12.492307692307692,2.776923076923077,259,Low
15555,7267.83,4579,22,9.402108667529108,2.3401423027166883,1,High
15558,202.68,73,1,8.812173913043479,4.565652173913043,275,Low
15559,1109.4,526,1,17.893548387096775,3.7193548387096773,204,Medium
15560,153.52,72,2,15.352,2.644,33,Low
15561,1133.8,1067,4,17.443076923076923,2.627076923076923,19,Medium
15562,536.88,521,2,16.7775,2.1446875,60,Medium
15563,1459.02,1504,3,10.132083333333334,1.9163888888888887,150,High
15564,70.74000000000001,42,2,17.685000000000002,2.2175000000000002,99,Low
15566,227.87,153,2,18.989166666666666,2.1441666666666666,28,Low
15569,2207.74,1068,5,20.254495412844033,2.499357798165138,26,High
15570,5105.32,2181,14,11.220483516483515,3.7964615384615388,5,High
15571,3241.92,2147,10,5.970386740331492,2.5063720073664824,22,High
15572,1431.78,876,3,10.929618320610686,3.363435114503817,16,High
15573,597.23,415,3,5.238859649122807,2.7554385964912282,254,Medium
15574,774.84,577,3,4.234098360655738,2.1827322404371583,8,Medium
15575,30.1,6,1,10.033333333333333,5.183333333333334,255,Low
15577,137.15,31,2,6.8575,4.15,359,Low
15579,923.03,596,3,8.168407079646018,3.0823893805309734,19,Medium
15580,1375.39,955,8,6.112844444444445,2.4452,12,High
15581,4076.9700000000003,2849,26,7.293327370304115,2.471431127012522,2,High
15583,95.96,56,1,2.4605128205128204,1.8784615384615386,12,Low
15584,547.34,170,2,5.585102040816327,3.3201020408163266,35,Medium
15586,1139.1000000000001,1338,3,29.976315789473688,1.58,228,Medium
15587,608.4,216,3,121.67999999999999,2.874,28,Medium
15588,579.6,96,1,144.9,6.0375,313,Medium
15590,1496.6,832,5,17.20229885057471,2.528275862068966,18,High
15591,217.9,58,3,31.12857142857143,4.564285714285715,218,Low
15595,357.59999999999997,144,1,89.39999999999999,2.2,123,Low
15596,1723.45,815,5,17.40858585858586,3.9327272727272726,1,High
15597,238.8,114,1,15.92,3.2333333333333334,211,Low
15598,307.34,244,1,13.969999999999999,1.955909090909091,63,Low
15599,488.32,380,1,15.752258064516129,2.043225806451613,81,Medium
15600,1199.31,657,4,16.89169014084507,3.5646478873239436,64,Medium
15601,8183.56,6078,17,17.713333333333335,2.3094805194805197,8,High
15602,1932.64,1212,8,23.56878048780488,2.6351219512195123,4,High
15603,40.0,32,1,20.0,1.25,284,Low
15605,738.57,271,5,16.785681818181818,5.000454545454546,9,Medium
15606,2310.83,723,8,33.98279411764706,4.101911764705882,26,High
15607,1604.21,1268,8,16.710520833333334,2.4934375,179,High
15608,692.3,548,1,15.384444444444444,2.0817777777777775,51,Medium
15611,1405.83,243,13,27.565294117647056,6.411568627450981,19,High
15613,433.71999999999997,700,1,16.063703703703702,1.7103703703703703,246,Medium
15614,3147.36,1632,4,38.8562962962963,3.404197530864198,73,High
15615,10974.23,6582,24,22.958640167364017,2.507949790794979,26,High
15616,317.11,137,1,24.393076923076926,7.006923076923077,74,Low
15617,828.5500000000001,485,3,19.727380952380955,3.2083333333333335,32,Medium
15620,389.18,334,1,13.42,2.5624137931034485,45,Low
15622,4143.05,2417,8,17.191078838174274,3.268215767634855,63,High
15623,2136.02,962,7,24.000224719101123,3.7831460674157302,29,High
15625,1702.1399999999999,1832,5,15.907850467289718,1.3097196261682242,12,High
15626,391.72,372,1,12.636129032258065,1.6280645161290321,57,Low
15627,566.9,344,2,23.620833333333334,1.6354166666666667,93,Medium
15628,2782.02,1925,9,17.06760736196319,2.622944785276074,2,High
15629,2240.9,1518,4,29.102597402597404,2.879220779220779,86,High
15630,295.05,187,1,14.752500000000001,2.25,280,Low
15631,596.67,525,1,15.299230769230768,2.244102564102564,278,Medium
15633,4335.96,2048,13,24.636136363636364,3.376590909090909,145,High
15634,311.1,128,1,16.373684210526317,3.5842105263157897,19,Low
15635,100.35,5,1,50.175,18.85,31,Low
15636,719.82,276,2,22.494375,3.9734375,73,Medium
15637,574.23,523,4,22.08576923076923,3.094615384615385,49,Medium
15638,2265.2,1134,6,90.60799999999999,3.3760000000000003,14,High
15639,639.76,526,2,14.54,2.3236363636363637,87,Medium
15640,11411.92,5748,15,40.90293906810036,2.923942652329749,8,High
15641,3458.35,2860,8,18.012239583333333,2.0407291666666665,32,High
15642,105.78,270,1,17.63,0.4166666666666667,365,Low
15645,443.16,140,2,27.6975,4.59875,50,Medium
15646,526.97,657,3,10.5394,1.5918,8,Medium
15647,169.0,124,1,15.363636363636363,1.6909090909090911,51,Low
15649,1354.35,293,3,135.435,6.07,3,High
15650,553.88,210,2,15.385555555555555,4.862777777777778,157,Medium
15651,612.76,392,2,21.884285714285713,1.9707142857142856,56,Medium
15652,1068.2,449,4,13.187654320987654,4.266913580246913,23,Medium
15658,1399.3700000000001,449,4,20.578970588235297,4.939852941176471,8,High
15659,226.04,50,2,22.604,5.863,22,Low
15660,1212.13,843,7,17.07225352112676,2.262394366197183,1,Medium
15661,906.15,543,6,23.234615384615385,2.9253846153846155,15,Medium
15662,283.73,145,2,23.644166666666667,3.783333333333333,297,Low
15664,867.6,373,3,16.369811320754717,2.5267924528301884,85,Medium
15665,1764.86,1123,3,10.320818713450292,2.2235087719298248,47,High
15666,632.94,469,2,9.446865671641792,2.0407462686567164,108,Medium
15670,152.15,41,1,21.735714285714288,5.235714285714286,192,Low
15672,45.300000000000004,10,1,15.100000000000001,6.883333333333333,361,Low
15673,3478.09,1823,5,26.754538461538463,2.675,87,High
15674,4501.63,2373,8,18.9942194092827,3.47379746835443,53,High
15675,218.35,97,1,15.596428571428572,3.7142857142857144,40,Low
15677,648.4,356,2,16.625641025641023,3.4730769230769227,57,Medium
15678,1473.24,838,2,18.4155,2.993,31,High
15680,3173.9,2122,8,16.88244680851064,3.0808510638297877,2,High
15681,1563.54,576,9,44.67257142857143,4.2451428571428576,15,High
15682,318.24,222,2,12.7296,2.1412,235,Low
15683,330.79,201,1,20.674375,2.57125,109,Low
15684,173.95,77,3,15.813636363636363,4.913636363636363,183,Low
15685,55.980000000000004,36,1,3.2929411764705883,1.7629411764705885,86,Low
15686,90.0,72,1,90.0,1.25,56,Low
15688,190.57,95,1,7.058148148148148,2.3840740740740745,54,Low
15689,266.93,123,1,17.795333333333335,3.6060000000000003,253,Low
15691,434.5,140,3,36.208333333333336,3.6333333333333333,30,Medium
15693,37.5,30,1,37.5,1.25,295,Low
15694,4331.41,981,12,56.25207792207792,4.517012987012987,1,High
15695,721.0600000000001,272,2,19.48810810810811,4.533513513513514,233,Medium
15696,1170.1100000000001,371,5,22.07754716981132,6.034528301886792,59,Medium
15697,246.75,127,1,17.625,3.4464285714285716,325,Low
15698,46.2,60,1,23.1,0.95,260,Low
15702,140.39,103,2,4.679666666666666,3.416,112,Low
15704,1441.04,681,2,16.56367816091954,3.1104597701149426,138,High
15708,969.19,369,3,9.595940594059407,4.505643564356435,5,Medium
15709,194.6,48,1,9.266666666666666,5.248095238095238,225,Low
15710,898.87,641,1,8.171545454545454,2.4634545454545456,53,Medium
15711,420.25,199,2,16.81,3.378,192,Medium
15712,2400.05,791,7,21.239380530973452,4.016371681415929,15,High
15713,654.09,360,3,15.57357142857143,4.261666666666667,2,Medium
15714,453.93,175,3,32.42357142857143,2.492142857142857,89,Medium
15715,658.02,246,5,17.316315789473684,4.088421052631579,191,Medium
15716,1913.55,1070,8,9.289077669902913,2.8907281553398056,5,High
15717,456.70000000000005,154,4,26.864705882352943,3.7676470588235293,57,Medium
15718,293.79,95,1,16.32166666666667,5.051111111111111,176,Low
15719,5165.9,2638,18,6.157210965435041,2.6695470798569727,17,High
15720,140.49,46,1,5.6196,4.1844,186,Low
15722,3022.79,1256,6,27.232342342342342,3.9231531531531534,81,High
15723,740.0,354,3,8.705882352941176,2.838117647058824,47,Medium
15724,92.6,44,1,15.433333333333332,2.6,36,Low
15726,321.91,123,1,13.99608695652174,4.838260869565217,26,Low
15727,4212.65,2845,8,10.970442708333332,3.843541666666667,23,High
15728,544.6,132,2,45.38333333333333,4.133333333333334,15,Medium
15729,107.55000000000001,19,2,17.925,5.7,36,Low
15730,605.7,372,2,14.773170731707317,3.2148780487804878,17,Medium
15731,125.3,122,1,15.6625,1.1125,189,Low
15732,1387.95,1146,9,15.421666666666667,2.2365555555555554,8,High
15734,923.85,170,2,54.34411764705882,21.65294117647059,72,Medium
15735,327.68,206,1,17.246315789473684,3.2263157894736842,57,Low
15736,1767.1200000000001,1208,2,17.671200000000002,3.2782999999999998,71,High
15738,8560.55,6303,26,26.503250773993805,1.9627244582043344,8,High
15741,208.62,70,2,17.385,4.036666666666666,94,Low
15742,156.87,51,1,3.82609756097561,3.540731707317073,255,Low
15747,1553.17,878,6,12.326746031746032,2.3387301587301588,11,High
15748,465.45,211,2,29.090625,3.471875,85,Medium
15750,4330.461,2806,12,12.164216292134832,2.915901685393258,2,High
15751,1380.44,443,11,10.618769230769232,4.787923076923077,96,High
15752,1557.96,985,3,7.989538461538462,2.1752307692307693,8,High
15754,2579.04,1563,6,25.039223300970875,3.8541747572815535,129,High
15755,3628.87,2607,11,15.777695652173913,2.4896521739130435,15,High
15757,2225.94,1266,4,15.040135135135136,3.970878378378378,22,High
15759,577.89,463,4,57.789,4.407,147,Medium
15760,13916.34,2,2,6958.17,6958.17,266,High
15761,143.05,31,1,28.610000000000003,7.290000000000001,78,Low
15764,1223.1100000000001,895,2,17.726231884057974,2.6098550724637684,70,Medium
15765,370.63,335,1,14.8252,2.6956,302,Low
15766,516.0,164,2,34.4,3.4566666666666666,92,Medium
15768,14687.06,3971,31,12.436121930567316,5.133742591024555,112,High
15769,32451.6,19432,21,345.22978723404253,1.7265957446808509,7,High
15770,321.45,67,1,17.858333333333334,6.027777777777778,248,Low
15771,1006.54,512,3,35.94785714285714,3.3353571428571427,240,Medium
15772,280.88,110,1,17.555,4.52,54,Low
15773,138.84,99,1,3.7524324324324327,2.0910810810810814,45,Low
15774,1017.5400000000001,378,5,11.971058823529413,4.869058823529412,54,Medium
15775,45.599999999999994,192,1,22.799999999999997,0.28500000000000003,267,Low
15777,715.5,221,3,39.75,5.276111111111111,32,Medium
15778,307.95000000000005,101,1,18.114705882352943,4.626470588235295,67,Low
15779,124.08000000000001,20,2,15.510000000000002,8.355,99,Low
15782,1399.36,980,1,77.74222222222221,1.8605555555555557,66,High
15784,848.33,381,2,19.72860465116279,3.9939534883720924,103,Medium
15785,3640.96,2867,11,25.64056338028169,2.352605633802817,15,High
15786,3582.62,2617,2,18.003115577889446,3.309045226130653,53,High
15788,221.83,115,1,15.845,4.875714285714286,144,Low
15789,1610.71,2061,5,14.254070796460176,2.022566371681416,67,High
15791,1995.65,1239,3,21.691847826086956,2.1833695652173915,165,High
15792,933.84,606,2,16.383157894736843,2.437017543859649,35,Medium
15793,1433.96,1132,5,79.66444444444444,2.2150000000000003,14,High
15794,777.0,288,2,51.8,3.3766666666666665,372,Medium
15795,1369.8600000000001,830,7,15.39168539325843,2.653258426966292,66,High
15796,2463.02,873,9,15.298260869565217,4.2622981366459625,10,High
15797,613.6800000000001,408,2,153.42000000000002,1.5525,217,Medium
15798,1535.37,915,3,18.49843373493976,2.4274698795180725,128,High
15799,537.2,386,1,9.592857142857143,2.2248214285714285,54,Medium
15800,530.18,243,5,4.6102608695652165,2.5830434782608696,89,Medium
15803,1513.84,740,3,35.20558139534884,3.050697674418605,81,High
15805,4660.75,2838,13,20.264130434782608,2.689608695652174,21,High
15807,913.62,1102,2,22.8405,2.6305,44,Medium
15808,14482.03,5775,18,22.914604430379747,3.298465189873418,5,High
15809,758.6700000000001,399,2,32.985652173913046,15.678695652173914,95,Medium
15810,1607.06,792,4,20.87090909090909,2.504805194805195,22,High
15811,1557.38,805,2,9.983205128205128,3.143205128205128,1,High
15812,3400.33,2528,7,40.48011904761905,2.522261904761905,71,High
15814,689.11,457,2,26.50423076923077,2.9796153846153848,29,Medium
15816,144.15,54,2,13.104545454545455,3.6954545454545453,178,Low
15817,2766.4,1596,3,18.2,2.9944736842105266,56,High
15818,340.5,284,1,30.954545454545453,1.8336363636363637,224,Low
15819,2029.3400000000001,1571,6,14.812700729927009,1.8237226277372263,67,High
15822,954.59,575,4,29.8309375,2.3284375,129,Medium
15823,3882.17,1774,3,25.04625806451613,3.644903225806452,8,High
15824,890.94,478,2,34.26692307692308,2.5896153846153847,89,Medium
15826,943.97,861,1,18.509215686274512,2.587647058823529,204,Medium
15827,1957.98,942,16,16.87913793103448,5.165258620689655,8,High
15828,1108.82,367,1,14.984054054054052,4.543783783783784,11,Medium
15833,80.4,24,1,16.080000000000002,3.87,373,Low
15834,1539.24,854,3,14.659428571428572,3.3860952380952383,12,High
15837,385.03000000000003,216,1,13.75107142857143,3.389642857142857,121,Low
15838,40519.92,46296,16,964.76,1.4942857142857142,3,High
15841,1518.35,1449,5,33.74111111111111,2.164222222222222,22,High
15842,548.8000000000001,296,2,21.952,3.4092000000000002,29,Medium
15845,714.51,202,3,19.8475,5.085555555555556,172,Medium
15846,107.01,79,1,3.6900000000000004,1.8168965517241378,21,Low
15847,433.3,194,3,16.665384615384617,3.793846153846154,64,Medium
15848,137.99,45,1,4.058529411764706,3.31735294117647,257,Low
15850,771.87,1036,4,3.5406880733944956,2.196605504587156,12,Medium
15851,109.73,67,1,13.71625,1.9925000000000002,162,Low
15852,96.55,12,1,8.777272727272727,7.618181818181818,162,Low
15854,2609.16,765,9,22.11152542372881,3.841949152542373,12,High
15855,340.48,242,1,22.698666666666668,2.0573333333333332,112,Low
15856,17703.63,9359,26,35.12625,2.1469047619047616,1,High
15857,273.48,276,1,27.348000000000003,1.777,66,Low
15858,2508.77,1751,9,8.621202749140894,2.8934364261168386,3,High
15859,438.46,174,1,19.93,4.9381818181818184,68,Medium
15860,1498.8,894,10,6.843835616438356,3.180821917808219,4,High
15861,1222.28,1309,4,4.928548387096774,1.5635483870967741,92,Medium
15862,2033.64,1059,10,4.90033734939759,2.8195903614457833,9,High
15863,286.26,143,3,4.851864406779661,2.949830508474576,253,Low
15864,244.44,294,1,81.48,1.2366666666666666,17,Low
15865,1346.29,773,2,15.65453488372093,3.6095348837209302,49,High
15867,5224.81,3061,17,8.870645161290323,3.336621392190153,5,High
15868,94.53,57,1,23.6325,2.5175,219,Low
15869,171.47,98,1,9.024736842105263,2.3389473684210524,262,Low
15870,506.02000000000004,171,3,7.333623188405798,4.051159420289855,32,Medium
15871,33.099999999999994,5,1,6.619999999999999,6.619999999999999,73,Low
15872,413.0,280,2,5.1625,2.456125,14,Medium
15873,313.91999999999996,1152,4,52.31999999999999,0.2833333333333333,135,Low
15874,6878.88,2568,14,30.985945945945947,7.150135135135135,23,High
15875,108.52,74,1,4.718260869565217,1.7682608695652176,282,Low
15876,1449.14,886,2,131.74,3.7018181818181817,45,High
15878,330.77,243,2,6.485686274509804,2.192745098039216,197,Low
15879,1137.8,639,4,6.356424581005586,3.328659217877095,40,Medium
15880,329.03,202,1,3.427395833333333,2.2252083333333332,5,Low
15882,979.62,538,6,18.838846153846156,1.979423076923077,4,Medium
15884,244.60000000000002,152,2,17.47142857142857,2.1757142857142857,68,Low
15885,1572.47,511,12,16.21103092783505,3.959484536082474,19,High
15886,871.78,520,3,17.4356,3.4233999999999996,52,Medium
15887,1027.15,605,3,27.760810810810813,2.7045945945945946,42,Medium
15888,260.85,63,2,9.661111111111111,4.372222222222222,36,Low
15889,1279.6,735,7,4.653090909090909,2.790436363636364,5,High
15890,535.65,119,5,53.565,12.553,30,Medium
15892,128.2,46,1,3.3736842105263154,2.7626315789473685,305,Low
15893,305.28000000000003,288,1,305.28000000000003,1.06,117,Low
15894,151.44,111,1,4.4541176470588235,2.0755882352941177,5,Low
15898,4129.26,1820,22,6.916683417085427,3.617353433835846,3,High
15899,56.25,39,1,14.0625,4.125,4,Low
15900,549.29,440,3,6.953037974683544,2.096329113924051,49,Medium
15901,335.99,316,4,6.339433962264151,2.07,87,Low
15902,145.01,124,1,8.056111111111111,2.1494444444444443,16,Low
15903,3813.08,1516,5,90.78761904761905,2.8945238095238097,14,High
15905,114.69,82,1,5.213181818181818,2.7677272727272726,179,Low
15906,962.5,205,3,18.872549019607842,6.759803921568627,10,Medium
15908,758.62,173,2,18.9655,3.336,126,Medium
15910,1432.29,1145,7,4.046016949152542,1.7586158192090393,36,High
15911,1700.24,810,8,6.590077519379845,2.80484496124031,259,High
15912,810.08,574,7,10.658947368421053,2.9164473684210526,72,Medium
15913,6.300000000000001,3,1,6.300000000000001,2.1,170,Low
15914,205.99,149,2,15.845384615384615,3.4707692307692306,14,Low
15915,364.45,414,1,3.225221238938053,1.7483185840707964,37,Low
15916,1874.83,931,7,11.15970238095238,3.703095238095238,2,High
15917,407.07,206,4,3.131307692307692,2.3685384615384617,242,Medium
15918,248.65,87,1,11.84047619047619,3.473809523809524,267,Low
15919,214.07999999999998,175,1,5.489230769230769,3.0692307692307694,4,Low
15920,401.64,139,5,8.545531914893617,4.184255319148936,60,Medium
15921,452.23,173,3,8.222363636363637,4.35,32,Medium
15922,369.5,138,1,33.59090909090909,4.409090909090909,9,Low
15923,127.08,122,1,6.051428571428572,2.814761904761905,8,Low
15924,102.82,103,1,6.854666666666666,3.564,367,Low
15926,134.44,155,1,19.205714285714286,1.0371428571428571,178,Low
15927,106.54,66,1,7.102666666666667,3.0013333333333336,283,Low
15928,293.53,164,1,26.684545454545454,2.2363636363636363,292,Low
15929,594.0,120,1,594.0,4.95,280,Medium
15931,239.9,118,1,17.135714285714286,4.814285714285715,64,Low
15934,2190.66,2166,2,75.53999999999999,1.7706896551724138,53,High
15936,282.79,211,2,14.883684210526317,2.934736842105263,15,Low
15938,330.23,209,4,15.725238095238096,2.152857142857143,92,Low
15939,2945.38,1532,1,34.651529411764706,1.9115294117647057,10,High
15941,405.0,60,1,67.5,6.75,273,Medium
15943,271.28999999999996,183,2,22.607499999999998,1.7325,285,Low
15944,1839.14,809,3,57.473125,3.5765625,29,High
15945,646.27,345,4,23.081071428571427,3.7578571428571435,1,Medium
15946,2304.18,1614,3,88.62230769230769,2.5384615384615383,138,High
15948,553.85,285,1,15.824285714285715,2.565714285714286,60,Medium
15950,5376.2,2635,6,18.162837837837838,2.905439189189189,11,High
15951,304.95,107,1,16.941666666666666,4.85,17,Low
15953,1990.8,950,11,23.421176470588236,3.986705882352941,5,High
15954,190.75,119,1,9.5375,1.7,225,Low
15955,4242.1,2078,9,23.698882681564246,2.899832402234637,8,High
15956,617.6,278,2,34.31111111111111,2.05,187,Medium
15957,492.36,242,2,4.734230769230769,2.2986538461538464,56,Medium
15958,357.77,121,3,6.168448275862069,3.1537931034482756,39,Low
15959,542.89,269,3,7.646338028169014,3.8198591549295773,318,Medium
15960,410.95,258,4,15.805769230769231,3.55,10,Medium
15961,451.28999999999996,154,1,10.745,3.7423809523809526,15,Medium
15962,289.48,228,1,5.263272727272728,1.654,85,Low
15964,269.21000000000004,93,1,13.460500000000001,3.5005,299,Low
15965,2119.26,953,10,8.942025316455696,2.582194092827004,3,High
15966,426.53,275,1,15.797407407407407,1.9855555555555555,86,Medium
15967,2568.32,978,10,6.420800000000001,3.14275,15,High
15968,404.55,247,1,5.056875,2.5755,24,Medium
15969,460.95,99,2,30.73,6.868666666666667,61,Medium
15970,703.22,382,1,54.09384615384616,3.1530769230769233,234,Medium
15971,1702.98,534,6,243.28285714285715,3.5442857142857145,21,High
15972,1769.33,468,5,12.728992805755395,5.2108633093525185,92,High
15973,680.62,195,3,61.874545454545455,5.132727272727273,2,Medium
15976,1266.77,778,4,4.4920921985815605,2.5849290780141847,46,Medium
15978,2180.64,1556,2,27.258,2.4533750000000003,68,High
15979,329.21999999999997,450,1,14.964545454545453,1.2840909090909092,238,Low
15980,4144.82,3262,4,57.56694444444444,2.0175,126,High
15981,5954.29,2961,13,31.174293193717276,2.878952879581152,37,High
15982,324.51,131,1,7.211333333333333,3.4331111111111112,241,Low
15983,2458.9,1540,6,12.233333333333334,2.1170646766169154,1,High
15984,5735.09,3971,21,12.830178970917226,2.5473601789709175,4,High
15985,1572.8600000000001,1664,5,23.475522388059705,1.8037313432835822,72,High
15986,186.3,100,1,16.936363636363637,2.1363636363636362,17,Low
15987,216.70000000000002,152,2,4.3340000000000005,2.0318,4,Low
15988,582.11,296,2,6.1926595744680855,2.8327659574468087,187,Medium
15989,368.31,169,2,4.2826744186046515,3.1375581395348835,11,Low
15990,1205.64,643,5,9.64512,2.71328,130,Medium
15991,150.55,41,1,25.09166666666667,6.833333333333333,170,Low
15992,854.61,497,2,16.757058823529412,2.3249019607843135,32,Medium
15994,761.41,289,2,10.018552631578947,3.485394736842105,47,Medium
15995,694.54,352,1,6.314,2.7679090909090904,50,Medium
15996,617.07,358,2,7.911153846153847,3.1799999999999997,2,Medium
15998,5193.92,3318,11,5.639435396308361,2.5806731813246473,29,High
15999,20.4,24,1,20.4,0.85,371,Low
16001,583.39,337,1,20.11689655172414,2.327241379310345,17,Medium
16002,169.21,70,1,4.028809523809524,2.8233333333333333,261,Low
16003,2878.46,1025,5,28.7846,3.9947000000000004,17,High
16004,2146.39,1076,5,23.848777777777777,3.0701111111111112,110,High
16005,1786.78,989,6,6.313710247349824,2.248480565371025,11,High
16006,231.42,121,1,3.3059999999999996,2.423,23,Low
16007,1359.25,1243,3,4.92481884057971,1.9459057971014495,19,High
16008,4860.35,2914,12,22.0925,2.568636363636364,18,High
16010,1302.46,717,8,6.202190476190476,1.9663333333333333,12,High
16011,2486.0,1413,14,10.48945147679325,2.9249367088607596,2,High
16012,1563.3,961,2,10.781379310344827,2.4858620689655173,37,High
16013,20009.84,10344,39,250.123,2.4827500000000002,7,High
16014,453.45,204,2,3.3098540145985402,2.4948905109489052,44,Medium
16016,980.91,417,4,7.056906474820144,3.511654676258993,2,Medium
16017,1333.7,533,4,13.609183673469389,3.276938775510204,53,High
16018,289.23,313,2,10.329642857142858,1.6935714285714287,32,Low
16019,13542.92,5226,18,55.73218106995885,3.897448559670782,17,High
16021,487.03,276,2,3.8653174603174603,2.4549206349206347,31,Medium
16024,232.96,107,2,10.58909090909091,1.9286363636363637,47,Low
16027,1113.74,952,9,58.6178947368421,3.693157894736842,93,Medium
16028,82.2,18,1,16.44,5.3,231,Low
16029,41184.3,16278,47,292.08723404255323,4.007304964539007,8,High
16032,1965.72,1467,6,9.36057142857143,2.1316190476190475,92,High
16033,1985.63,723,8,7.726186770428016,3.446614785992218,5,High
16034,473.62,343,3,13.93,2.22,30,Medium
16035,217.73,33,1,10.368095238095238,7.772857142857142,196,Low
16036,1797.92,653,2,21.152,4.015294117647059,60,High
16037,654.32,338,2,20.4475,2.9009375,180,Medium
16039,456.4,409,2,14.2625,1.7359375,59,Medium
16040,1103.3500000000001,501,4,18.389166666666668,4.178333333333334,66,Medium
16042,1067.85,687,3,18.09915254237288,2.9798305084745764,15,Medium
16043,1082.6,508,4,31.841176470588234,3.7205882352941178,15,Medium
16044,340.84000000000003,170,1,17.938947368421054,3.023157894736842,71,Low
16045,2094.23,1211,4,32.218923076923076,2.5206153846153847,52,High
16046,235.78,248,1,10.717272727272727,2.523181818181818,198,Low
16047,107.14,1,1,107.14,107.14,318,Low
16048,818.7900000000001,425,4,22.74416666666667,2.2227777777777775,9,Medium
16049,777.34,369,3,4.179247311827957,2.734731182795699,11,Medium
16050,162.8,110,2,14.8,2.1454545454545455,19,Low
16051,188.44,80,1,15.703333333333333,2.6366666666666667,317,Low
16053,2122.89,1274,4,19.299,3.7104545454545454,49,High
16054,1327.98,411,3,25.538076923076922,10.633653846153845,54,High
16057,1591.73,828,3,16.409587628865978,3.3029896907216494,155,High
16058,62.7,18,1,31.35,3.35,42,Low
16059,1718.66,841,7,7.4400865800865805,2.7236796536796537,3,High
16060,541.95,243,3,22.58125,4.502083333333333,36,Medium
16061,89.65,19,1,29.883333333333336,11.383333333333333,67,Low
16062,1709.83,1235,4,14.130826446280992,2.6821487603305787,15,High
16064,109.31,55,1,6.43,2.703529411764706,361,Low
16065,1992.13,1207,8,5.643427762039661,2.105184135977337,1,High
16067,3269.11,1236,3,48.07514705882353,3.8464705882352943,198,High
16068,115.73,48,1,3.3065714285714285,2.584,229,Low
16069,457.7,138,1,18.308,5.182,53,Medium
16071,750.5600000000001,517,3,14.433846153846154,2.3390384615384616,163,Medium
16072,3595.77,1440,3,7.078287401574803,3.7012007874015747,64,High
16074,252.5,38,1,10.1,7.416,26,Low
16075,736.9300000000001,271,2,17.973902439024393,4.703414634146341,138,Medium
16077,2300.4,840,1,287.55,2.025,261,High
16078,283.79,184,1,7.4681578947368426,2.0589473684210526,305,Low
16080,385.4,170,2,19.27,3.1525,21,Low
16081,1637.14,757,4,9.803233532934133,3.194071856287425,2,High
16082,106.75,39,1,6.671875,4.14375,306,Low
16083,1033.8,606,2,25.845,2.035,18,Medium
16085,1359.52,746,7,6.536153846153846,3.058894230769231,16,High
16086,1743.6,1015,6,17.791836734693877,3.088163265306122,3,High
16087,1739.92,664,5,173.99200000000002,2.41,25,High
16088,1437.43,373,2,239.5716666666667,4.359999999999999,211,High
16089,263.49,119,2,5.606170212765957,3.2412765957446807,22,Low
16090,180.56,58,1,10.03111111111111,4.415555555555556,260,Low
16092,770.08,560,3,19.745641025641028,2.0384615384615383,140,Medium
16094,2617.33,1373,7,19.679172932330825,4.650676691729323,11,High
16095,447.05,265,1,14.901666666666667,2.4066666666666667,92,Medium
16096,1264.3500000000001,545,3,23.41388888888889,5.699259259259259,52,Medium
16098,2435.67,1529,8,25.63863157894737,3.189052631578947,9,High
16099,841.3,526,4,28.043333333333333,1.8279999999999998,53,Medium
16100,582.64,438,1,15.747027027027027,1.6881081081081082,98,Medium
16101,1938.46,1087,3,16.71086206896552,3.0014655172413796,70,High
16103,4762.07,2081,16,31.32940789473684,3.1805921052631576,25,High
16104,2476.25,925,8,12.138480392156863,3.6151470588235295,54,High
16105,2049.23,1795,4,21.126082474226806,1.841958762886598,74,High
16108,1393.42,858,3,16.01632183908046,3.2011494252873565,70,High
16109,327.59999999999997,480,1,25.199999999999996,0.6792307692307692,334,Low
16110,460.64,160,1,5.234545454545454,3.8406818181818183,158,Medium
16111,549.33,233,1,7.525068493150686,3.03986301369863,64,Medium
16115,892.92,595,4,6.378,2.3937142857142857,33,Medium
16117,422.19,191,2,7.155762711864407,2.5176271186440675,38,Medium
16118,4376.25,2851,1,106.73780487804878,2.763170731707317,288,High
16119,1297.45,571,6,34.14342105263158,3.314736842105263,30,High
16120,1658.3700000000001,1283,2,26.747903225806454,1.4801612903225805,58,High
16121,595.38,303,3,4.252714285714286,2.2273571428571426,26,Medium
16122,316.92,270,3,12.18923076923077,1.9796153846153846,2,Low
16124,1523.49,749,3,21.457605633802817,3.958732394366197,54,High
16125,4292.35,1819,14,14.955923344947736,3.613554006968641,3,High
16126,8356.83,4015,11,31.654659090909092,3.0852651515151517,15,High
16127,145.06,68,1,4.144571428571429,2.806285714285714,362,Low
16128,1920.8300000000002,1457,6,20.65408602150538,2.235268817204301,16,High
16129,1396.05,1261,3,14.542187499999999,3.4642708333333334,43,High
16130,987.48,296,4,17.95418181818182,5.916727272727273,58,Medium
16131,6450.88,2966,6,45.7509219858156,2.9397163120567376,11,High
16132,664.1999999999999,280,2,39.07058823529411,4.526470588235294,180,Medium
16133,8403.22,4766,23,40.79233009708737,5.908349514563106,12,High
16134,1527.25,1266,3,18.854938271604937,2.3130864197530863,59,High
16135,301.9,186,1,16.772222222222222,3.522222222222222,219,Low
16136,237.42000000000002,234,1,26.380000000000003,1.3322222222222222,299,Low
16137,422.7,210,1,15.096428571428572,2.6964285714285716,316,Medium
16138,910.35,774,3,24.604054054054053,4.008108108108108,14,Medium
16139,475.74,272,2,18.29769230769231,2.7792307692307694,358,Medium
16140,832.4200000000001,646,2,23.12277777777778,2.189722222222222,7,Medium
16141,335.54,172,1,16.777,5.9545,53,Low
16143,2485.89,1092,7,20.376147540983606,3.17827868852459,5,High
16145,3005.9500000000003,2147,8,17.476453488372094,3.4405232558139534,24,High
16146,212.25,117,1,17.6875,2.3916666666666666,84,Low
16147,2023.91,1149,4,17.75359649122807,2.9630701754385966,36,High
16148,310.3,178,1,38.7875,2.1625,72,Low
16149,141.7,290,1,11.808333333333332,0.73,65,Low
16150,2342.57,1117,6,19.3600826446281,3.2152892561983473,8,High
16153,3309.26,2620,6,24.155182481751826,2.4486861313868613,56,High
16155,796.9,495,5,16.602083333333333,3.4614583333333333,17,Medium
16156,3096.14,1932,11,23.27924812030075,2.371203007518797,18,High
16158,628.32,182,9,17.952,7.056285714285714,158,Medium
16159,884.59,399,3,23.27868421052632,3.866052631578947,106,Medium
16161,7210.59,3760,25,10.635088495575221,2.637300884955752,4,High
16163,1992.98,576,5,29.745970149253733,5.217910447761194,1,High
16165,79.9,2,1,79.9,39.95,141,Low
16166,435.83,173,2,19.810454545454544,3.5700000000000003,64,Medium
16167,1386.12,1494,5,22.00190476190476,4.1814285714285715,50,High
16168,6848.87,3207,40,32.45909952606635,4.40218009478673,5,High
16170,4983.95,4286,14,15.822063492063492,1.8286031746031746,31,High
16172,744.34,632,3,16.916818181818183,2.0075,109,Medium
16174,1237.2,780,4,29.45714285714286,1.7476190476190474,127,Medium
16175,798.85,399,3,19.97125,3.01125,107,Medium
16176,2052.69,952,4,28.509583333333335,3.585,57,High
16177,1915.3600000000001,926,7,18.595728155339806,3.740388349514563,72,High
16178,414.7,210,1,24.394117647058824,3.054705882352941,37,Medium
16180,5995.69,3946,5,36.33751515151515,2.0404242424242427,114,High
16182,3354.0,2096,5,145.82608695652175,1.52,74,High
16183,739.1,238,3,28.426923076923078,4.107692307692307,30,Medium
16185,115.31,61,1,12.812222222222223,2.852222222222222,200,Low
16186,5019.17,3805,15,16.349087947882737,1.9708143322475569,8,High
16188,105.80000000000001,56,1,15.114285714285716,3.792857142857143,44,Low
16190,2508.4700000000003,1143,7,22.198849557522127,4.2179646017699115,30,High
16191,10497.300000000001,5997,11,107.11530612244898,3.198469387755102,11,High
16192,351.3,208,1,31.936363636363637,2.083636363636364,371,Low
16193,315.98,160,1,16.630526315789474,3.0389473684210526,46,Low
16194,308.6,140,1,38.575,5.3875,11,Low
16195,323.25,123,1,20.203125,3.3312500000000003,359,Low
16196,93.3,26,1,23.325,3.7125,124,Low
16197,2016.71,1420,9,21.68505376344086,3.235698924731183,105,High
16198,629.36,255,1,34.964444444444446,3.4811111111111113,73,Medium
16199,942.75,321,7,94.275,3.34,28,Medium
16200,4539.23,2552,10,10.293038548752833,2.945192743764172,18,High
16201,248.65,135,1,19.126923076923077,3.6884615384615387,51,Low
16202,2136.72,1116,8,20.157735849056603,4.129811320754717,53,High
16203,521.64,345,3,12.42,2.6209523809523807,8,Medium
16204,534.53,453,2,10.480980392156862,2.406862745098039,16,Medium
16205,1062.48,936,3,10.6248,2.2876,32,Medium
16206,2052.81,1107,9,11.59779661016949,3.29954802259887,23,High
16208,2776.19,1208,8,14.845935828877005,3.4893048128342246,30,High
16209,1884.16,716,4,89.72190476190477,4.0600000000000005,18,High
16210,17403.21,6704,19,110.14689873417721,4.137025316455696,4,High
16211,543.5699999999999,365,2,41.81307692307692,2.594615384615385,57,Medium
16212,603.37,327,2,16.307297297297296,3.488648648648648,254,Medium
16214,975.5,888,1,18.064814814814813,3.3551851851851855,71,Medium
16218,1355.29,1149,7,16.941125,1.5295,9,High
16219,40.8,48,1,40.8,0.85,136,Low
16221,1325.8,787,7,8.498717948717948,3.198525641025641,3,High
16222,498.50000000000006,138,1,21.67391304347826,4.897826086956522,357,Medium
16223,1087.05,643,2,8.83780487804878,2.719918699186992,10,Medium
16224,321.24,439,1,16.062,2.3765,23,Low
16225,1762.99,788,10,10.620421686746988,3.0783132530120483,38,High
16226,417.05,329,2,18.132608695652173,1.797826086956522,14,Medium
16227,713.0,346,2,25.464285714285715,3.0285714285714285,130,Medium
16228,885.71,555,3,16.402037037037037,2.9607407407407407,21,Medium
16229,1857.26,974,4,14.397364341085272,2.44031007751938,17,High
16231,1074.47,563,4,10.7447,2.226,15,Medium
16232,1722.09,1299,3,25.32485294117647,2.020441176470588,56,High
16233,1429.03,515,7,26.962830188679245,4.544528301886793,2,High
16234,333.18,170,3,22.212,3.058,112,Low
16235,1186.4,458,4,17.194202898550724,5.343478260869565,11,Medium
16237,136.65,57,1,19.521428571428572,4.128571428571428,73,Low
16238,63.66,85,1,10.61,0.8083333333333332,58,Low
16239,1078.0,464,4,67.375,2.5375,18,Medium
16241,1680.2,912,4,5.2342679127725855,2.6179127725856697,5,High
16242,3824.79,1952,7,10.065236842105262,2.9776315789473684,17,High
16244,1056.63,619,1,16.771904761904764,2.6331746031746035,8,Medium
16246,821.35,336,2,9.333522727272728,2.8926136363636363,95,Medium
16250,401.94,168,2,16.0776,4.0448,9,Medium
16251,128.31,44,1,6.4155,3.0309999999999997,148,Low
16252,295.09000000000003,158,1,14.051904761904764,3.195238095238095,18,Low
16253,3588.34,2797,5,20.62264367816092,2.150747126436782,56,High
16254,967.44,543,3,13.073513513513515,3.154864864864865,14,Medium
16255,2284.34,1282,8,8.652803030303032,3.330416666666667,1,High
16256,876.9399999999999,1009,2,54.808749999999996,5.403125,129,Medium
16258,6739.01,4206,10,32.24406698564594,2.410956937799043,23,High
16259,340.94,143,3,4.011058823529412,2.868235294117647,46,Low
16261,312.62,153,2,7.105,2.2611363636363637,22,Low
16262,755.15,446,1,16.416304347826088,3.0539130434782606,14,Medium
16263,348.16,197,1,16.57904761904762,2.762380952380952,59,Low
16264,823.53,616,2,13.071904761904761,2.5863492063492064,74,Medium
16265,1488.17,568,3,18.83759493670886,5.9860759493670885,22,High
16266,896.06,393,7,18.667916666666667,4.748125,59,Medium
16267,186.66,198,1,26.665714285714284,1.2457142857142858,227,Low
16269,717.57,579,1,13.539056603773586,2.3118867924528304,73,Medium
16271,1993.18,1335,5,11.79396449704142,2.1445562130177516,93,High
16273,318.34000000000003,40,2,21.22266666666667,8.065999999999999,284,Low
16274,351.75,153,1,5.411538461538462,4.313846153846153,9,Low
16275,1591.24,932,2,20.40051282051282,3.435769230769231,110,High
16276,1818.79,1047,2,90.9395,2.8435,115,High
16277,188.69,33,1,8.203913043478261,6.521304347826088,369,Low
16278,551.46,228,2,17.233125,5.9071875,116,Medium
16279,4195.5,2637,6,17.33677685950413,2.6624793388429753,21,High
16280,238.05,101,1,14.878125,3.80625,361,Low
16281,1361.96,636,2,61.907272727272726,2.565,59,High
16282,1139.28,676,2,51.78545454545454,3.8590909090909093,123,Medium
16283,2779.51,1631,3,6.681514423076924,2.283774038461538,54,High
16284,205.8,139,1,6.86,2.0673333333333335,29,Low
16285,176.9,60,1,5.706451612903226,2.987096774193548,282,Low
16286,328.95,101,2,19.349999999999998,4.167647058823529,113,Low
16287,864.48,1128,4,25.425882352941176,2.1217647058823528,12,Medium
16288,129.85,19,1,18.55,8.721428571428572,106,Low
16289,136.31,97,1,6.490952380952381,1.8066666666666666,98,Low
16290,1957.7,957,4,15.787903225806453,5.168467741935483,100,High
16291,117.72,1,1,117.72,117.72,318,Low
16292,951.51,497,4,21.144666666666666,5.3020000000000005,16,Medium
16293,2408.96,1040,6,19.585040650406505,3.874308943089431,3,High
16294,126.05000000000001,54,1,15.756250000000001,2.71875,112,Low
16296,1313.67,645,4,17.752297297297297,3.219864864864865,262,High
16298,487.5,110,4,24.375,5.6375,33,Medium
16299,193.65,107,1,16.1375,2.891666666666667,113,Low
16300,1367.32,643,3,5.745042016806722,2.5734033613445377,66,High
16301,107.33,41,1,17.888333333333332,3.3233333333333337,372,Low
16303,2567.64,1200,4,20.706774193548387,3.3070967741935484,28,High
16304,381.66,228,1,15.2664,2.7604,330,Low
16306,560.55,255,2,20.019642857142856,2.8482142857142856,3,Medium
16307,1194.92,1123,3,15.932266666666667,1.8333333333333333,65,Medium
16308,2560.0,8000,3,853.3333333333334,0.32,42,High
16310,460.08,270,2,16.431428571428572,3.1278571428571427,50,Medium
16312,171.15,53,1,17.115000000000002,5.62,68,Low
16314,1491.4,636,3,24.05483870967742,3.6217741935483874,25,High
16315,176.34,68,1,19.593333333333334,4.163333333333333,172,Low
16316,2806.0,1573,5,19.21917808219178,3.5066438356164387,16,High
16317,850.86,346,2,17.72625,4.728958333333334,186,Medium
16320,4590.53,2587,4,24.813675675675675,3.0657297297297297,89,High
16321,230.9,124,2,20.990909090909092,2.1,262,Low
16323,146.16,96,1,48.72,1.7299999999999998,213,Low
16325,3003.26,2270,9,25.02716666666667,2.42275,60,High
16326,1682.03,401,10,10.072035928143713,5.634011976047904,19,High
16327,6874.97,5956,11,10.982380191693291,2.148067092651757,5,High
16328,310.83,141,1,19.426875,2.879375,199,Low
16329,1664.92,797,4,16.008846153846154,2.268653846153846,63,High
16330,373.46999999999997,179,4,4.788076923076923,2.3615384615384616,60,Low
16331,2037.7,756,6,59.932352941176475,4.917647058823529,68,High
16332,417.21,331,4,9.069782608695652,3.118913043478261,67,Medium
16334,263.73,206,1,4.883888888888889,2.7385185185185184,128,Low
16335,2753.52,1004,7,7.6274792243767315,3.489141274238227,187,High
16336,3517.69,1473,4,51.73073529411765,3.6788235294117646,56,High
16340,961.93,833,2,4.453379629629629,1.6497685185185187,75,Medium
16341,1878.92,1624,3,23.196543209876545,1.602469135802469,73,High
16343,285.54,170,1,8.158285714285714,3.4774285714285713,43,Low
16344,741.3199999999999,688,3,16.848181818181818,1.8413636363636363,145,Medium
16345,613.33,323,1,8.638450704225352,2.6616901408450704,119,Medium
16346,224.51,289,1,14.967333333333332,1.462,21,Low
16347,2595.51,1374,9,10.099260700389106,3.2758365758754864,24,High
16348,328.77,359,1,10.605483870967742,1.447741935483871,66,Low
16350,1137.42,532,5,17.49876923076923,3.9589230769230768,10,Medium
16351,3176.13,2075,12,17.743743016759776,2.0574860335195533,47,High
16353,3323.75,1525,16,41.546875,2.07375,5,High
16354,723.66,442,3,7.164950495049505,2.5883168316831684,15,Medium
16355,416.35,179,1,8.673958333333333,3.192083333333333,11,Medium
16356,204.10000000000002,97,3,7.2892857142857155,2.132142857142857,12,Low
16357,209.49,143,1,16.114615384615384,1.916923076923077,17,Low
16358,892.1500000000001,763,1,19.825555555555557,1.9228888888888889,30,Medium
16359,946.83,581,7,16.047966101694914,3.2664406779661017,12,Medium
16362,212.17000000000002,127,1,16.320769230769233,2.6092307692307695,73,Low
16365,1766.78,631,7,22.364303797468356,4.430759493670886,3,High
16366,1220.83,626,3,20.347166666666666,3.2625,218,Medium
16367,549.8100000000001,460,1,5.7271875,1.6011458333333335,19,Medium
16368,141.53,56,1,6.73952380952381,3.3852380952380954,71,Low
16369,1111.15,559,4,21.368269230769233,3.6490384615384617,72,Medium
16371,157.2,108,1,14.29090909090909,3.686363636363636,84,Low
16372,934.58,564,3,4.1909417040358745,2.2035874439461884,45,Medium
16373,309.49,119,2,10.672068965517242,2.88448275862069,18,Low
16374,1256.67,534,3,5.30240506329114,3.227805907172996,38,Medium
16375,104.0,74,2,8.0,1.7115384615384615,106,Low
16377,632.28,1428,1,126.45599999999999,0.526,253,Medium
16381,247.85,108,2,4.06311475409836,3.0368852459016393,31,Low
16382,353.1,167,2,8.025,4.2275,44,Low
16383,2252.93,1129,5,7.460033112582781,2.8761920529801324,32,High
16384,774.45,601,2,16.134375000000002,1.9577083333333334,65,Medium
16385,473.69,285,3,6.232763157894737,2.069210526315789,2,Medium
16386,765.59,495,1,13.199827586206897,2.4829310344827586,23,Medium
16387,788.1,404,4,9.495180722891567,3.281204819277108,31,Medium
16388,186.05,83,1,14.311538461538463,2.869230769230769,289,Low
16390,467.5,122,3,22.261904761904763,5.692857142857143,172,Medium
16391,1052.26,715,4,3.4613815789473685,2.3435197368421052,36,Medium
16392,538.81,403,2,5.334752475247524,2.2251485148514853,49,Medium
16393,2441.61,1514,11,5.678162790697675,1.9417441860465117,5,High
16395,2036.35,1429,9,4.757827102803738,2.2212616822429907,29,High
16396,137.8,80,1,17.225,1.9,112,Low
16397,123.13,43,1,13.681111111111111,5.632222222222222,264,Low
16399,222.20000000000002,189,1,5.847368421052632,2.6647368421052633,25,Low
16400,2755.92,1894,8,11.579495798319329,2.431428571428571,31,High
16401,2750.83,2153,11,15.54141242937853,1.7374011299435028,15,High
16402,205.65,102,1,3.8083333333333336,2.659259259259259,5,Low
16406,374.01,141,2,4.155666666666667,3.1599999999999997,86,Low
16407,681.97,355,4,11.964385964912282,3.66,25,Medium
16408,231.93,227,1,5.154,1.4766666666666668,227,Low
16409,3629.76,2360,7,6.672352941176471,2.5394117647058825,16,High
16410,130.32,348,1,26.064,0.796,370,Low
16411,673.24,399,3,4.288152866242038,2.0714012738853502,5,Medium
16412,457.2,225,4,4.969565217391304,2.49,29,Medium
16413,259.83,135,1,7.022432432432432,2.8754054054054055,11,Low
16414,424.96000000000004,174,3,7.588571428571429,2.945535714285714,67,Medium
16415,496.49,330,2,5.0662244897959186,2.224795918367347,219,Medium
16416,1906.48,1526,6,16.57808695652174,2.438347826086957,26,High
16417,35.7,6,1,35.7,5.95,128,Low
16418,397.62,284,2,6.518360655737705,3.3913114754098364,44,Low
16419,504.99,273,2,12.62475,3.3305,213,Medium
16420,75.0,120,1,37.5,1.035,32,Low
16421,526.27,123,3,13.849210526315789,6.691842105263158,12,Medium
16422,28904.670000000002,32569,59,84.51657894736843,1.9818713450292396,5,High
16424,309.5,124,1,38.6875,3.34375,18,Low
16428,638.49,575,3,5.02748031496063,2.2476377952755904,49,Medium
16430,817.09,204,6,37.140454545454546,5.450909090909091,17,Medium
16433,200.26,108,1,11.78,2.2294117647058824,44,Low
16434,1161.89,550,5,15.916301369863016,4.224657534246575,82,Medium
16435,1003.0699999999999,608,3,8.02456,4.13488,148,Medium
16436,319.14,227,3,7.9784999999999995,2.24825,304,Low
16437,301.25,197,2,14.345238095238095,2.0738095238095235,17,Low
16439,310.70000000000005,74,1,34.522222222222226,4.672222222222222,358,Low
16440,216.3,90,1,8.652000000000001,2.9360000000000004,129,Low
16441,637.93,305,3,10.457868852459015,3.181311475409836,53,Medium
16442,282.68,137,2,3.7194736842105263,2.599473684210526,240,Low
16443,162.24,96,1,162.24,1.69,156,Low
16444,2971.21,1538,13,10.352648083623693,2.479163763066202,26,High
16445,352.65,176,3,3.014102564102564,2.083846153846154,22,Low
16447,471.19,94,2,13.858529411764707,6.801176470588236,226,Medium
16448,178.13,100,1,5.7461290322580645,1.9761290322580645,107,Low
16450,1193.81,481,2,37.3065625,4.3025,220,Medium
16451,746.1800000000001,404,2,14.630980392156864,2.578039215686274,197,Medium
16452,332.17,199,2,18.45388888888889,1.8605555555555557,266,Low
16453,251.71,139,2,16.78066666666667,3.134,166,Low
16454,24.05,6,2,12.025,3.025,242,Low
16455,2535.69,2113,6,20.28552,2.59816,7,High
16456,4630.16,2541,9,15.589764309764309,2.834848484848485,9,High
16458,2208.15,1241,12,12.336033519553073,2.3592737430167596,11,High
16459,71.78999999999999,59,1,14.357999999999999,2.568,365,Low
16461,1402.91,885,2,6.376863636363637,2.445590909090909,226,High
16465,746.24,504,2,15.546666666666667,2.4052083333333334,56,Medium
16466,2171.13,992,8,11.427000000000001,3.473315789473684,19,High
16467,2869.16,7384,7,119.54833333333333,1.2175,144,High
16468,712.62,340,2,16.572558139534884,2.3504651162790697,106,Medium
16469,178.48000000000002,72,1,7.760000000000001,3.741739130434783,150,Low
16470,1664.08,813,7,5.473947368421053,2.5227302631578947,32,High
16471,966.03,529,3,19.714897959183673,2.7671428571428573,29,Medium
16472,789.6,252,2,20.246153846153845,7.023333333333334,70,Medium
16473,154.72,100,1,15.472,1.6740000000000002,10,Low
16476,350.35,187,1,14.597916666666668,3.5104166666666665,67,Low
16477,1825.56,1217,5,16.013684210526314,2.2814035087719295,7,High
16481,453.38,201,1,28.33625,2.63125,318,Medium
16485,1923.54,918,4,18.858235294117648,3.2000980392156864,68,High
16486,134.36,24,1,19.194285714285716,6.841428571428572,173,Low
16487,209.4,163,2,5.982857142857143,2.0085714285714285,213,Low
16489,303.7,38,2,50.61666666666667,7.466666666666666,16,Low
16490,205.41000000000003,113,1,15.800769230769232,2.3915384615384614,72,Low
16491,801.66,582,1,16.701249999999998,2.2070833333333333,49,Medium
16492,385.56,235,1,16.763478260869565,2.554782608695652,176,Low
16493,780.46,824,3,14.190181818181818,2.4614545454545453,80,Medium
16496,731.25,653,3,17.00581395348837,2.277441860465116,67,Medium
16497,3729.59,1654,17,18.555174129353233,4.205373134328358,49,High
16499,2212.89,1237,6,17.70312,3.13736,10,High
16500,443.05,263,3,19.26304347826087,2.4413043478260867,10,Medium
16501,1191.23,628,1,5.98608040201005,2.592814070351759,19,Medium
16502,258.55,220,2,6.30609756097561,4.198536585365853,256,Low
16503,2182.41,966,7,16.917906976744185,4.006899224806202,31,High
16507,142.71,111,1,3.755526315789474,1.9602631578947367,208,Low
16508,240.95,103,1,5.603488372093023,3.6434883720930236,266,Low
16510,1777.5,930,6,15.870535714285714,3.7929464285714287,8,High
16511,842.16,364,3,5.808,3.172551724137931,33,Medium
16515,1554.92,747,5,12.43936,2.5137599999999996,15,High
16518,475.05,197,2,16.96607142857143,4.583928571428571,57,Medium
16519,327.68,120,3,11.702857142857143,3.945357142857143,1,Low
16520,1427.57,704,4,5.5764453125,2.602421875,1,High
16521,1140.11,1014,3,4.810590717299577,2.5254852320675103,51,Medium
16522,433.36,212,2,24.075555555555557,4.754444444444444,71,Medium
16523,2497.86,714,7,30.83777777777778,5.346913580246913,51,High
16524,306.19,259,2,5.777169811320754,3.4075471698113207,82,Low
16525,11535.29,7231,23,64.44296089385476,3.216815642458101,2,High
16526,426.85,173,1,21.3425,5.6530000000000005,220,Medium
16527,1004.88,602,1,17.03186440677966,3.264237288135593,60,Medium
16529,1531.55,541,3,15.628061224489796,3.6598979591836738,113,High
16530,48.35,17,1,16.116666666666667,5.883333333333333,304,Low
16531,1053.74,948,4,17.274426229508197,2.5914754098360655,17,Medium
16532,2007.84,528,2,1003.92,3.785,67,High
16534,635.9,168,1,17.663888888888888,5.134444444444444,278,Medium
16535,378.28999999999996,308,2,9.457249999999998,2.25775,21,Low
16537,23.35,59,1,5.8375,0.5125,277,Low
16538,395.07,254,3,9.635853658536584,1.9609756097560977,177,Low
16539,2343.2,838,7,21.899065420560746,6.055607476635514,9,High
16540,205.75,105,1,7.094827586206897,2.7051724137931035,50,Low
16541,424.03,173,1,11.158684210526316,3.6868421052631577,371,Medium
16542,137.7,96,1,15.299999999999999,2.2944444444444447,37,Low
16543,292.21,317,1,16.233888888888888,1.3544444444444443,227,Low
16544,376.70000000000005,150,4,34.24545454545455,2.7809090909090908,155,Low
16545,350.52,244,1,70.104,2.032,11,Low
16546,4819.32,3818,4,69.84521739130435,2.1821739130434783,8,High
16547,104.25999999999999,108,1,4.1704,2.2088,182,Low
16548,30.15,6,1,5.0249999999999995,5.0249999999999995,235,Low
16549,8746.9,4793,24,4.0345479704797045,2.065069188191882,33,High
16550,7069.27,4122,14,12.806648550724638,2.700253623188406,4,High
16551,1315.0,1106,4,23.482142857142858,4.01625,59,High
16552,95.28999999999999,39,1,19.058,4.638,9,Low
16553,10864.19,11827,21,52.23168269230769,1.9619230769230769,32,High
16554,2004.6200000000001,944,5,17.431478260869568,3.806434782608696,22,High
16555,1629.79,1641,4,33.26102040816326,2.0248979591836735,141,High
16556,4698.79,2463,10,17.08650909090909,4.589527272727273,11,High
16558,5535.02,2711,19,17.296937500000002,3.368625,2,High
16559,175.0,61,1,10.294117647058824,3.9588235294117644,33,Low
16560,2206.9700000000003,1103,6,15.542042253521128,4.2035915492957745,33,High
16562,223.86,264,1,6.584117647058824,1.1917647058823528,112,Low
16563,3334.82,2098,5,47.64028571428572,2.368,36,High
16564,87.80000000000001,40,1,17.560000000000002,3.29,205,Low
16565,599.35,165,3,74.91875,4.175,42,Medium
16568,1020.9,366,2,204.18,12.290000000000001,63,Medium
16569,1331.03,895,4,44.367666666666665,1.9986666666666666,267,High
16570,3695.91,2180,10,32.13834782608696,5.511217391304347,15,High
16571,2827.05,2464,7,16.82767857142857,1.9032738095238095,31,High
16574,850.34,586,2,14.661034482758621,1.986206896551724,59,Medium
16576,540.87,323,2,16.39,3.3133333333333335,56,Medium
16577,380.0,142,1,16.52173913043478,4.243478260869566,302,Low
16578,156.6,108,1,17.4,1.4500000000000002,262,Low
16579,295.05,119,1,21.075,5.05,61,Low
16583,297.95,153,2,16.552777777777777,2.3833333333333333,9,Low
16584,2220.09,1267,3,41.11277777777778,2.51,68,High
16585,341.59000000000003,151,2,18.977222222222224,3.0822222222222226,229,Low
16586,998.83,253,2,49.941500000000005,5.0395,80,Medium
16588,1361.28,882,4,19.172957746478872,3.074225352112676,22,High
16589,153.12,168,1,13.92,1.2754545454545456,86,Low
16590,605.9,240,2,20.893103448275863,3.829310344827586,36,Medium
16592,3694.23,2577,12,17.42561320754717,2.1673113207547168,11,High
16593,741.11,261,5,14.53156862745098,4.232941176470588,26,Medium
16595,1397.59,996,4,3.8081471389645776,2.1040599455040874,12,High
16596,329.48,130,3,18.304444444444446,3.6411111111111114,2,Low
16599,172.8,159,1,14.4,2.7291666666666665,21,Low
16600,1339.89,1275,7,16.541851851851852,2.0146913580246912,10,High
16601,434.3,258,2,11.135897435897435,3.137179487179487,26,Medium
16602,235.25,93,1,21.386363636363637,3.9863636363636363,24,Low
16604,432.45000000000005,175,2,36.0375,2.975,198,Medium
16605,60.48,144,1,60.48,0.42,360,Low
16606,357.66,148,2,16.257272727272728,4.4377272727272725,40,Low
16607,2359.16,1577,11,18.723492063492063,2.6817460317460315,35,High
16608,1286.6200000000001,612,2,10.633223140495868,3.4154545454545455,89,High
16611,1655.64,827,5,16.5564,4.0351,39,High
16612,2057.77,913,5,20.373960396039603,3.3970297029702974,15,High
16614,673.6,126,2,29.286956521739132,6.754347826086956,38,Medium
16615,291.5,211,1,15.342105263157896,3.3084210526315787,262,Low
16619,1712.1200000000001,922,3,16.78549019607843,3.6666666666666665,19,High
16620,1579.97,1058,4,18.587882352941175,2.211411764705882,25,High
16622,225.4,44,1,18.783333333333335,5.958333333333333,179,Low
16623,885.79,403,3,19.256304347826084,3.3108695652173914,37,Medium
16625,1320.95,893,4,17.380921052631578,2.188684210526316,58,High
16628,130.05,55,2,16.25625,4.2,43,Low
16630,106.80000000000001,72,1,26.700000000000003,1.6,43,Low
16631,1892.52,775,7,23.6565,4.076124999999999,117,High
16632,406.4,256,2,15.05185185185185,1.612962962962963,121,Medium
16634,1596.71,1239,5,19.472073170731708,4.5546341463414635,8,High
16635,473.0,277,1,18.92,2.2048,42,Medium
16636,3802.04,2186,4,52.0827397260274,2.620821917808219,74,High
16638,749.8100000000001,396,6,16.30021739130435,2.92,4,Medium
16639,490.47,241,1,15.821612903225807,4.182903225806452,45,Medium
16640,179.4,146,1,13.8,1.4115384615384616,33,Low
16641,323.4,198,1,13.475,1.9812500000000002,337,Low
16642,389.12,296,1,19.456,2.451,51,Low
16643,435.6,284,1,15.557142857142859,2.3592857142857144,58,Medium
16645,160.39,117,1,11.456428571428571,2.3814285714285717,371,Low
16646,678.8,1072,1,23.406896551724138,1.6158620689655172,85,Medium
16647,327.84,250,2,17.254736842105263,3.418421052631579,78,Low
16648,382.14,222,2,21.23,2.538333333333333,91,Low
16649,306.58,82,1,15.328999999999999,6.8095,156,Low
16650,1397.69,1139,6,18.887702702702704,2.316891891891892,56,High
16651,136.2,60,1,22.7,2.9333333333333336,222,Low
16652,10776.42,4194,9,68.63961783439491,4.148025477707006,40,High
16654,1110.2,421,5,20.55925925925926,4.137037037037037,4,Medium
16655,2633.74,1575,7,7.932951807228915,2.795722891566265,47,High
16656,8207.37,6539,15,120.69661764705883,1.9504411764705882,56,High
16658,690.83,277,6,10.79421875,3.66171875,4,Medium
16660,611.9,420,3,76.4875,3.265,58,Medium
16661,932.76,364,4,15.044516129032258,3.3351612903225805,176,Medium
16662,151.05,35,1,5.394642857142857,4.555357142857143,30,Low
16663,165.0,100,1,165.0,1.65,365,Low
16664,109.2,24,1,13.65,5.25,205,Low
16666,98.73,121,1,6.170625,2.219375,257,Low
16668,555.7,455,7,16.83939393939394,2.5793939393939396,23,Medium
16670,3934.25,1978,9,16.88519313304721,3.1721030042918454,29,High
16673,171.13,95,1,9.006842105263157,2.8073684210526317,315,Low
16675,608.86,296,2,26.47217391304348,2.781304347826087,77,Medium
16676,769.78,291,2,17.495,5.619545454545454,38,Medium
16677,880.62,457,2,18.73659574468085,3.332340425531915,47,Medium
16679,663.31,247,3,36.85055555555555,5.1883333333333335,2,Medium
16680,637.75,283,2,33.56578947368421,2.994736842105263,164,Medium
16681,151.5,85,1,30.3,2.104,277,Low
16683,320.25,190,1,17.791666666666668,3.2088888888888887,169,Low
16684,80489.21,54555,27,182.51521541950115,2.6650113378684805,15,High
16686,1921.19,1442,9,3.969400826446281,2.1097520661157025,25,High
16687,157.63,141,1,19.70375,2.0025,26,Low
16690,127.45,71,2,18.20714285714286,2.835714285714286,29,Low
16691,178.83,92,2,16.257272727272728,6.487272727272727,54,Low
16692,638.6999999999999,726,2,319.34999999999997,1.05,44,Medium
16693,701.62,455,3,6.436880733944954,2.3941284403669725,47,Medium
16694,98.30000000000001,26,1,32.76666666666667,16.666666666666668,359,Low
16695,191.9,184,2,5.482857142857143,2.1971428571428575,197,Low
16699,994.6,640,7,16.04193548387097,2.4306451612903226,16,Medium
16700,4091.16,2858,13,18.51203619909502,2.286787330316742,2,High
16701,4518.43,4653,13,34.491832061068706,2.0402290076335876,59,High
16702,1110.83,692,4,12.206923076923076,3.681978021978022,51,Medium
16704,664.16,433,2,12.299259259259259,2.8487037037037033,254,Medium
16705,29480.061,16826,22,70.02389786223279,3.4770570071258904,36,High
16707,533.41,396,4,8.206307692307691,2.4858461538461536,36,Medium
16709,6026.14,2410,9,27.02304932735426,4.288026905829597,15,High
16710,3823.78,2543,13,6.720175746924429,2.487908611599297,4,High
16711,1217.45,379,4,110.67727272727274,4.320909090909091,15,Medium
16712,621.5600000000001,344,2,7.488674698795181,3.2460240963855425,37,Medium
16713,7619.21,4400,18,10.776817538896747,3.6187128712871286,2,High
16714,368.27,239,1,16.011739130434783,2.986521739130435,306,Low
16715,323.8,532,1,35.97777777777778,1.2433333333333332,198,Low
16716,1248.48,792,1,208.08,1.5333333333333332,266,Medium
16717,3127.85,1360,9,18.729640718562873,3.398862275449102,2,High
16718,3006.08,1924,5,16.983502824858757,2.4522598870056496,5,High
16719,2174.13,1327,8,9.058875,3.6022916666666664,4,High
16720,605.79,280,2,5.267739130434783,2.7089565217391307,12,Medium
16722,4258.27,3579,11,21.949845360824746,1.4868556701030928,2,High
16723,654.96,560,2,7.987317073170733,2.793170731707317,79,Medium
16724,147.35,69,1,8.66764705882353,2.3911764705882352,40,Low
16725,1052.14,476,8,4.614649122807018,3.3190789473684212,7,Medium
16726,705.14,378,2,8.39452380952381,2.802619047619048,19,Medium
16727,1121.45,899,3,6.965527950310559,1.627391304347826,28,Medium
16731,170.3,124,1,4.0547619047619055,1.8114285714285714,284,Low
16732,3783.89,2097,3,19.605647668393782,4.632590673575129,39,High
16733,259.68,112,1,21.64,2.8783333333333334,165,Low
16735,3970.0,2708,9,22.303370786516854,2.1860674157303372,29,High
16736,2956.56,1050,5,20.675244755244755,4.299160839160839,141,High
16737,417.6,288,1,417.6,1.45,213,Medium
16739,463.43,219,1,18.5372,3.2536,172,Medium
16740,226.91,110,1,7.0909375,2.7409375,31,Low
16741,173.06,81,1,15.732727272727272,3.2436363636363637,261,Low
16742,2334.9700000000003,2557,13,22.66961165048544,2.0394174757281553,128,High
16743,1999.02,1672,7,11.044309392265193,1.470220994475138,92,High
16746,11366.64,7240,24,21.08838589981447,2.4089424860853432,19,High
16748,2121.43,1247,9,22.098229166666666,1.8154166666666667,24,High
16749,4157.88,1910,2,57.748333333333335,2.9561111111111114,227,High
16752,207.5,54,1,23.055555555555557,13.594444444444443,8,Low
16754,65500.07,63551,29,467.8576428571429,1.6819285714285714,8,High
16755,1389.25,927,4,9.021103896103897,2.3118181818181816,103,High
16756,1072.97,601,6,16.257121212121213,3.2609090909090908,40,Medium
16757,163.65,99,1,20.45625,2.11375,45,Low
16760,228.0,168,1,13.411764705882353,1.6147058823529412,66,Low
16763,352.85,173,1,16.802380952380954,3.092857142857143,374,Low
16765,420.75,307,1,8.25,2.601960784313725,18,Medium
16767,2481.2,2679,4,24.811999999999998,1.1733,54,High
16768,1220.48,578,6,11.406355140186916,3.470560747663552,19,Medium
16769,755.51,215,3,12.805254237288135,5.415084745762712,114,Medium
16770,1152.63,652,5,5.622585365853659,2.7194146341463417,8,Medium
16771,1706.99,821,5,11.08435064935065,3.1355844155844155,93,High
16772,3698.05,687,3,54.38308823529412,5.805882352941176,59,High
16773,249.65,81,2,6.401282051282052,4.194102564102564,72,Low
16774,905.96,452,4,10.915180722891566,3.5363855421686745,59,Medium
16775,1361.23,580,6,11.343583333333333,4.03775,3,High
16776,220.97,181,1,4.017636363636363,1.5043636363636363,51,Low
16777,1069.56,408,3,11.378297872340426,4.016595744680851,49,Medium
16779,22554.22,14243,32,31.41256267409471,2.0569359331476327,2,High
16780,174.16,82,1,4.707027027027027,3.3035135135135136,43,Low
16781,623.0,192,2,15.974358974358974,5.803846153846154,8,Medium
16782,7732.37,3407,26,5.0015329883570505,2.9485446313065977,1,High
16783,391.95,163,1,15.677999999999999,3.338,72,Low
16784,784.73,470,4,5.062774193548387,2.047483870967742,12,Medium
16785,533.78,313,1,15.250857142857143,3.2808571428571427,45,Medium
16786,51.84,72,1,51.84,0.72,29,Low
16787,1017.53,472,4,9.085089285714286,3.3854464285714285,33,Medium
16788,1334.54,661,3,4.044060606060606,2.3656666666666664,40,High
16791,2251.85,1097,8,6.1358310626703,2.8697547683923705,19,High
16792,513.08,280,3,5.70088888888889,2.4664444444444444,19,Medium
16794,856.1999999999999,653,5,3.822321428571428,1.912455357142857,16,Medium
16795,2062.41,1214,3,6.138125,2.1130059523809526,1,High
16797,1802.02,898,5,4.527688442211055,2.782211055276382,29,High
16798,841.16,205,3,4.977278106508876,4.208934911242603,190,Medium
16799,452.78000000000003,162,2,4.921521739130435,3.421195652173913,68,Medium
16802,582.61,369,2,10.992641509433962,1.8016981132075471,315,Medium
16805,630.75,581,3,4.177152317880795,2.332384105960265,213,Medium
16807,1002.29,655,3,13.363866666666667,2.5369333333333333,106,Medium
16809,812.74,441,4,7.388545454545454,2.088636363636364,68,Medium
16810,532.5,258,1,28.026315789473685,4.268421052631578,56,Medium
16812,1912.65,1035,3,19.1265,2.8251999999999997,14,High
16814,5781.4400000000005,2254,16,12.486911447084234,3.5007775377969765,5,High
16815,406.02,237,2,5.561917808219178,2.5226027397260276,89,Medium
16817,1200.15,743,5,18.463846153846156,2.6243076923076925,4,Medium
16819,182.59,253,2,10.740588235294117,2.7847058823529416,101,Low
16821,113.35,13,1,16.192857142857143,10.235714285714286,17,Low
16822,181.39,171,1,16.49,2.5436363636363635,322,Low
16823,1884.71,1030,6,13.960814814814816,2.650148148148148,23,High
16824,225.6,154,1,17.353846153846153,2.4692307692307693,29,Low
16825,1051.71,731,3,29.214166666666667,2.9316666666666666,14,Medium
16827,392.13,125,5,32.6775,6.29,29,Low
16829,316.1,116,1,19.75625,4.5687500000000005,24,Low
16830,881.59,435,3,16.95365384615385,3.223846153846154,78,Medium
16831,91.8,48,1,15.299999999999999,2.783333333333333,200,Low
16832,218.46,146,2,24.273333333333333,2.054444444444444,64,Low
16833,1302.51,438,2,28.944666666666667,10.530222222222223,75,High
16834,485.5,402,1,20.229166666666668,1.4258333333333333,310,Medium
16835,1357.56,454,5,17.63064935064935,4.129350649350649,9,High
16836,530.5,374,2,17.112903225806452,2.556451612903226,42,Medium
16838,570.76,324,2,16.78705882352941,3.8752941176470586,166,Medium
16839,5716.14,2552,11,64.22629213483147,3.3640449438202245,5,High
16840,139.85,117,2,15.538888888888888,2.5055555555555555,239,Low
16841,2136.2400000000002,1228,6,20.740194174757285,2.2350485436893206,64,High
16843,9374.86,8343,19,43.00394495412844,2.3255963302752294,58,High
16844,614.34,281,2,19.198125,3.2328125,198,Medium
16845,253.88,167,1,12.693999999999999,3.443,254,Low
16846,628.09,382,2,17.446944444444444,2.7308333333333334,213,Medium
16847,421.45,177,1,16.858,5.6339999999999995,254,Medium
16848,1130.2,598,3,15.918309859154931,2.6436619718309857,12,Medium
16854,1408.96,997,2,18.786133333333336,2.5152,53,High
16856,323.09000000000003,159,2,19.00529411764706,2.8488235294117645,53,Low
16857,352.8,168,1,32.07272727272727,2.6045454545454545,78,Low
16858,4292.59,1423,10,34.068174603174604,4.014444444444444,4,High
16859,1184.6,1072,5,20.42413793103448,2.019655172413793,52,Medium
16860,1610.62,625,3,37.45627906976744,5.241860465116279,88,High
16861,772.83,476,3,17.97279069767442,2.622093023255814,26,Medium
16862,662.33,513,4,18.923714285714286,2.358857142857143,183,Medium
16863,495.72,336,2,16.524,1.9789999999999999,2,Medium
16864,409.25,283,2,24.073529411764707,2.235294117647059,70,Medium
16865,130.95,157,1,8.184375,1.585625,37,Low
16867,76.74000000000001,58,1,12.790000000000001,1.5283333333333333,325,Low
16868,384.56,112,3,7.6912,4.3806,30,Low
16870,450.16,278,1,16.077142857142857,2.7842857142857147,105,Medium
16872,533.11,479,3,48.46454545454546,4.7736363636363635,63,Medium
16873,7493.77,4761,6,32.16210300429185,2.3647210300429187,65,High
16874,209.89000000000001,78,1,6.770645161290323,3.3216129032258066,15,Low
16875,2139.0,1030,6,18.127118644067796,3.740254237288136,73,High
16876,136.01,181,1,4.2503125,1.9859375000000001,39,Low
16880,321.78000000000003,158,1,35.75333333333334,3.9433333333333334,129,Low
16883,2101.61,967,18,8.508542510121458,3.6002024291497974,7,High
16884,641.13,200,2,13.356875,5.808333333333334,192,Medium
16885,234.19,180,1,5.85475,2.34025,21,Low
16886,134.0,48,1,16.75,3.8375,92,Low
16887,465.84000000000003,267,2,7.166769230769232,2.765230769230769,36,Medium
16888,434.2,145,3,8.35,4.224615384615385,36,Medium
16889,947.98,686,3,11.560731707317073,2.4391463414634145,33,Medium
16890,285.41,243,3,15.021578947368422,1.9442105263157894,112,Low
16891,1202.77,473,7,4.077186440677966,3.224135593220339,7,Medium
16892,236.56,131,2,5.914,3.9115,190,Low
16893,249.89000000000001,117,2,2.8722988505747127,2.384367816091954,2,Low
16894,1306.96,503,3,6.989090909090909,4.633903743315508,138,High
16895,900.63,330,4,8.917128712871287,3.3968316831683167,74,Medium
16896,103.95,18,1,5.775,5.775,191,Low
16898,496.26,377,3,4.034634146341463,2.2622764227642276,4,Medium
16899,424.71000000000004,291,2,8.494200000000001,2.6704000000000003,14,Medium
16901,204.26,42,1,8.880869565217392,6.1256521739130445,365,Low
16903,678.55,470,2,5.38531746031746,2.2186507936507938,16,Medium
16904,1360.31,762,7,5.1722813688212925,2.4366159695817493,3,High
16905,1923.57,640,11,14.683740458015267,4.0995419847328245,7,High
16906,851.33,327,3,6.703385826771654,3.438740157480315,64,Medium
16907,722.0500000000001,232,5,7.078921568627452,3.371764705882353,1,Medium
16908,252.59,61,1,12.6295,3.9219999999999997,358,Low
16911,255.25,161,2,7.292857142857143,2.318571428571429,271,Low
16912,1904.93,664,4,26.457361111111112,4.757777777777778,57,High
16913,310.47,147,2,31.047000000000004,5.053,287,Low
16915,921.5,58,5,54.205882352941174,30.16176470588235,22,Medium
16916,536.04,320,3,4.54271186440678,2.6490677966101694,8,Medium
16917,1460.3600000000001,560,1,35.61853658536586,5.515365853658537,268,High
16918,2137.72,1345,10,6.557423312883435,2.207883435582822,58,High
16919,2515.76,1003,14,8.115354838709678,3.1437096774193547,4,High
16920,355.45,81,1,15.454347826086956,5.4195652173913045,47,Low
16921,255.03,121,2,7.7281818181818185,4.675454545454545,78,Low
16922,611.08,281,1,5.008852459016394,3.0281967213114753,208,Medium
16923,6088.05,2846,13,13.321772428884026,2.800153172866521,11,High
16925,125.65,123,1,6.980555555555556,2.3866666666666667,176,Low
16926,1169.6100000000001,197,5,12.183437500000002,6.30125,7,Medium
16928,1199.08,588,13,9.909752066115702,4.44198347107438,9,Medium
16931,629.4,305,3,6.110679611650485,2.224271844660194,5,Medium
16932,262.32,135,2,3.0861176470588236,2.3698823529411763,59,Low
16933,2536.07,1245,7,10.65575630252101,3.0666386554621847,25,High
16934,1152.1100000000001,539,4,14.401375000000002,3.695875,19,Medium
16935,530.86,273,3,7.693623188405797,2.0298550724637683,17,Medium
16936,286.39,168,1,3.450481927710843,1.8932530120481925,21,Low
16937,196.25,123,1,4.005102040816326,1.9846938775510203,135,Low
16938,4283.68,2508,5,7.272801358234296,2.5737181663837014,17,High
16939,433.84999999999997,229,3,10.58170731707317,3.1726829268292684,124,Medium
16940,3377.78,2334,5,10.425246913580247,1.9781172839506171,86,High
16941,33.0,12,1,16.5,2.75,247,Low
16943,482.76,2,2,241.38,241.38,175,Medium
16944,101.36,27,1,14.48,5.897142857142858,245,Low
16945,4202.66,3164,14,18.67848888888889,1.9749333333333334,29,High
16946,1222.04,509,5,16.293866666666666,3.5776,19,Medium
16947,548.73,343,4,17.1478125,2.384375,98,Medium
16948,433.75,477,4,18.072916666666668,2.410833333333333,65,Medium
16950,2535.21,1820,8,24.144857142857145,2.3781904761904764,3,High
16952,628.22,251,3,8.848169014084508,3.170985915492958,77,Medium
16954,3996.7999999999997,3032,11,26.294736842105262,2.437105263157895,15,High
16955,790.74,557,4,24.710625,2.9796875,4,Medium
16958,778.49,514,1,11.121285714285714,2.5025714285714287,71,Medium
16960,1483.83,1188,5,4.263879310344827,1.9528160919540232,26,High
16961,560.39,357,2,14.747105263157895,3.261315789473684,24,Medium
16962,251.04,158,1,16.736,2.682666666666667,45,Low
16964,207.85,49,2,34.641666666666666,4.55,369,Low
16970,71.4,12,1,35.7,5.95,262,Low
16972,749.0,183,2,9.134146341463415,4.507317073170732,18,Medium
16973,127.0,60,1,21.166666666666668,2.1166666666666667,22,Low
16974,365.5,70,2,45.6875,5.3125,158,Low
16975,926.12,586,3,20.580444444444446,2.376666666666667,59,Medium
16977,496.0,142,4,17.714285714285715,5.271428571428571,31,Medium
16978,424.55,119,2,15.1625,3.789285714285714,302,Medium
16979,1007.74,586,3,25.1935,3.40525,19,Medium
16980,394.37,251,1,15.7748,2.2072,64,Low
16983,1748.15,1087,5,18.02216494845361,3.8765979381443296,5,High
16984,5891.01,2747,7,8.766383928571429,3.901130952380952,40,High
16985,5459.04,1271,13,44.382439024390244,12.026829268292683,12,High
16986,3015.55,1499,9,17.634795321637426,4.103801169590644,81,High
16987,904.6,270,4,6.801503759398496,3.9227067669172935,12,Medium
16988,256.55,115,1,19.734615384615385,5.023076923076923,15,Low
16990,165.0,100,1,165.0,1.65,58,Low
16991,1041.21,793,1,14.070405405405406,2.28445945945946,57,Medium
16992,3862.19,1201,8,20.115572916666668,5.88578125,23,High
16993,1950.95,285,2,69.67678571428571,7.960714285714286,99,High
16996,666.6500000000001,375,3,17.543421052631583,2.532631578947368,18,Medium
16998,107.0,28,1,53.5,4.0,80,Low
17000,406.3,305,2,13.543333333333333,1.6306666666666667,32,Medium
17001,2651.23,1618,8,25.011603773584905,2.7391509433962264,12,High
17002,1077.82,586,4,30.79485714285714,3.2382857142857144,79,Medium
17003,828.21,494,4,7.461351351351352,2.0905405405405406,38,Medium
17004,1012.22,462,2,38.931538461538466,2.389615384615385,28,Medium
17005,622.36,691,2,34.57555555555555,1.7838888888888889,106,Medium
17006,853.49,300,4,10.041058823529411,3.059764705882353,28,Medium
17007,230.17000000000002,120,1,15.344666666666667,4.296,73,Low
17008,81.36,24,1,81.36,3.39,65,Low
17009,242.06,336,1,22.005454545454544,1.7272727272727273,187,Low
17011,400.8,606,2,30.83076923076923,1.4561538461538461,283,Medium
17012,360.61,251,1,10.016944444444444,2.201111111111111,361,Low
17016,552.4,309,1,13.473170731707317,3.7685365853658532,212,Medium
17017,5416.35,3918,13,31.49040697674419,1.971860465116279,1,High
17018,1367.6,280,4,65.12380952380951,5.535714285714286,23,High
17019,2703.03,1799,8,5.825495689655173,1.9974137931034481,4,High
17020,935.62,860,2,13.559710144927536,1.6201449275362318,178,Medium
17021,1182.22,992,6,24.629583333333333,2.906041666666667,78,Medium
17022,189.0,72,1,21.0,3.738888888888889,68,Low
17023,800.1800000000001,530,3,16.330204081632655,2.5904081632653058,53,Medium
17025,1152.8700000000001,789,4,34.93545454545455,1.6387878787878787,9,Medium
17026,54.15,35,2,13.5375,4.1375,5,Low
17027,433.07,229,3,14.435666666666666,7.289666666666666,82,Medium
17028,1593.83,856,3,16.777157894736842,3.4441052631578946,217,High
17029,1421.3,865,5,52.64074074074074,2.3362962962962963,18,High
17031,2393.5,1360,4,85.48214285714286,1.9553571428571428,14,High
17032,2984.32,1667,8,12.592067510548524,3.2261181434599155,183,High
17033,302.65000000000003,121,1,25.220833333333335,5.45,33,Low
17034,530.9,284,2,18.960714285714285,2.435714285714286,45,Medium
17035,180.06,98,2,36.012,3.7979999999999996,227,Low
17036,176.9,76,1,14.741666666666667,4.929166666666666,19,Low
17038,630.77,507,1,15.384634146341464,2.5417073170731705,51,Medium
17039,1954.99,689,1,44.43159090909091,3.930454545454545,240,High
17040,13.52,8,1,13.52,1.69,186,Low
17041,583.71,376,3,10.240526315789474,2.455964912280702,33,Medium
17043,858.47,618,4,8.85020618556701,3.712268041237113,11,Medium
17044,11013.82,5218,11,77.01972027972027,3.756783216783217,10,High
17045,488.24,188,2,15.749677419354839,5.908387096774193,12,Medium
17046,1264.05,1126,4,20.064285714285713,1.634126984126984,80,Medium
17047,1188.33,651,3,15.432857142857141,3.4251948051948053,67,Medium
17048,1146.33,583,4,19.764310344827585,2.299137931034483,73,Medium
17049,4287.5,1600,10,17.79045643153527,4.93655601659751,11,High
17050,1462.95,837,5,35.68170731707317,9.082926829268292,11,High
17051,465.6,328,3,4.120353982300885,1.728849557522124,82,Medium
17055,232.85000000000002,83,1,8.955769230769231,3.2807692307692307,81,Low
17056,128.60000000000002,26,1,16.075000000000003,4.125,374,Low
17057,294.74,129,1,5.8948,2.9414,232,Low
17059,2506.54,1728,5,7.736234567901234,2.5683024691358023,5,High
17062,645.8100000000001,472,4,7.175666666666667,2.294,1,Medium
17063,2177.39,1129,6,17.144803149606297,2.4473228346456692,43,High
17065,194.7,82,2,16.224999999999998,3.3833333333333333,273,Low
17066,228.34,93,1,12.685555555555556,2.717777777777778,362,Low
17067,454.54,322,3,34.964615384615385,2.1592307692307693,360,Medium
17068,4601.69,2267,27,6.35592541436464,2.473439226519337,4,High
17069,3084.58,1827,6,20.29328947368421,2.4759210526315787,9,High
17070,133.18,101,1,3.2482926829268295,2.1185365853658538,46,Low
17071,1364.68,737,4,19.220845070422538,3.6029577464788733,17,High
17072,273.35,212,1,13.016666666666667,1.7557142857142856,261,Low
17074,203.05,19,1,50.7625,10.3,198,Low
17075,1402.51,493,6,11.495983606557377,3.966967213114754,65,High
17076,401.67,219,3,16.0668,2.6388,28,Medium
17077,306.0,36,1,306.0,8.5,214,Low
17080,669.91,403,5,26.7964,3.4924,15,Medium
17081,660.48,304,4,4.586666666666667,3.3065277777777777,31,Medium
17082,2728.18,1477,4,30.65370786516854,2.504044943820225,30,High
17083,2644.01,1183,6,41.9684126984127,2.737936507936508,45,High
17084,2253.22,1476,1,17.06984848484848,2.6140909090909092,32,High
17085,6285.27,2798,23,7.846779026217229,2.85960049937578,12,High
17087,221.53,113,1,18.460833333333333,3.203333333333333,373,Low
17089,128.45,35,1,32.1125,3.85,22,Low
17090,1105.53,441,6,38.12172413793103,2.7937931034482757,10,Medium
17091,3961.44,2087,11,14.510769230769231,2.9152747252747253,3,High
17092,3737.38,2638,7,13.94544776119403,2.376865671641791,73,High
17093,235.88,114,1,18.144615384615385,3.053076923076923,228,Low
17094,100.2,60,1,25.05,1.775,59,Low
17095,1248.09,1077,4,19.81095238095238,2.767301587301587,66,Medium
17096,2675.8,1220,7,17.04331210191083,3.6796178343949046,19,High
17097,363.66,190,2,3.7881250000000004,2.3739583333333334,1,Low
17098,591.07,125,3,32.83722222222222,6.132222222222222,17,Medium
17099,582.17,317,1,14.55425,3.178,169,Medium
17101,885.32,360,3,28.558709677419355,4.275483870967742,30,Medium
17103,424.3,471,1,13.259375,1.6868750000000001,358,Medium
17104,474.03000000000003,149,1,24.948947368421056,4.546842105263158,59,Medium
17106,481.58000000000004,153,1,9.442745098039216,4.553725490196078,25,Medium
17107,5255.24,2704,4,20.689921259842517,2.9961811023622045,33,High
17108,174.95,31,1,19.438888888888886,5.25,299,Low
17109,410.42,200,2,17.844347826086956,3.1904347826086954,42,Medium
17110,336.6,86,2,9.097297297297297,3.9770270270270274,156,Low
17111,227.97,299,1,11.99842105263158,1.2794736842105263,61,Low
17112,197.57,130,1,4.203617021276596,1.9951063829787232,138,Low
17113,2305.59,913,6,14.592341772151899,4.1256329113924055,210,High
17115,1923.99,513,4,23.752962962962965,5.295679012345679,184,High
17116,389.78,392,1,8.293191489361702,1.5346808510638297,284,Low
17121,314.74,106,1,26.228333333333335,3.7366666666666664,38,Low
17122,432.18,288,3,18.790434782608695,1.6486956521739131,24,Medium
17123,631.87,430,2,18.584411764705884,2.012941176470588,75,Medium
17126,1026.98,646,4,5.213096446700508,2.430761421319797,17,Medium
17127,1155.0300000000002,340,5,31.217027027027033,4.106486486486486,64,Medium
17129,31.85,5,1,15.925,6.725,156,Low
17132,1220.91,963,2,17.19591549295775,3.1235211267605636,88,Medium
17133,9730.09,7377,5,335.5203448275862,1.916896551724138,110,High
17134,212.1,46,1,16.315384615384616,5.596153846153846,78,Low
17135,798.03,684,4,7.9803,1.8113,7,Medium
17136,231.68,256,1,16.548571428571428,2.8042857142857143,298,Low
17137,1099.81,680,6,6.585688622754491,2.131556886227545,52,Medium
17138,4036.77,1898,6,17.399870689655174,3.8420689655172415,25,High
17139,8915.99,4677,13,26.936525679758308,3.4043202416918428,25,High
17141,727.58,423,4,4.491234567901235,2.999444444444445,54,Medium
17142,696.25,241,3,9.408783783783784,3.9912162162162166,40,Medium
17143,880.97,314,2,7.865803571428572,3.4870535714285715,53,Medium
17145,3120.91,2591,4,17.33838888888889,2.8254444444444444,148,High
17146,5102.86,1976,10,19.183684210526316,4.145902255639098,71,High
17147,1485.36,426,5,27.006545454545453,5.274727272727273,88,High
17149,143.10000000000002,18,1,23.850000000000005,7.95,87,Low
17150,1357.95,397,6,14.760326086956523,5.02,12,High
17151,231.90000000000003,42,1,57.97500000000001,5.575,371,Low
17152,327.0,60,1,163.5,5.45,61,Low
17155,640.76,745,5,12.089811320754716,1.6528301886792451,163,Medium
17156,591.87,391,1,15.176153846153847,2.0646153846153843,127,Medium
17157,4832.900000000001,1920,17,37.757031250000004,2.99921875,116,High
17158,713.03,369,2,15.500652173913043,4.001956521739131,183,Medium
17159,560.71,237,2,19.3348275862069,4.134827586206897,113,Medium
17160,6691.13,5534,11,15.855758293838862,1.617440758293839,10,High
17161,856.01,537,1,16.46173076923077,2.5467307692307695,80,Medium
17163,406.68,465,2,16.2672,1.0944,81,Medium
17165,1635.64,688,5,18.17377777777778,4.442555555555556,17,High
17167,867.11,429,3,10.97607594936709,3.130253164556962,15,Medium
17168,400.2,220,1,19.057142857142857,3.2785714285714285,134,Medium
17169,320.95,145,1,15.283333333333333,3.5857142857142854,214,Low
17170,178.68,152,2,17.868000000000002,1.377,10,Low
17171,159.68,40,1,17.742222222222225,7.071111111111112,297,Low
17172,638.81,735,2,26.61708333333333,1.0979166666666667,66,Medium
17176,596.1899999999999,406,2,22.08111111111111,2.0677777777777777,162,Medium
17177,119.5,40,1,4.120689655172414,3.3982758620689655,141,Low
17178,432.96000000000004,100,1,13.966451612903226,5.310967741935484,367,Medium
17179,795.47,335,3,10.198333333333334,2.2730769230769234,18,Medium
17180,1452.8,1139,7,5.282909090909091,2.038290909090909,58,High
17181,225.45000000000002,243,2,32.20714285714286,8.9,9,Low
17182,321.3,54,2,53.550000000000004,5.95,58,Low
17184,198.41000000000003,73,2,14.172142857142859,3.952142857142857,205,Low
17185,229.46,119,3,5.215,1.9956818181818183,227,Low
17187,263.76,282,1,20.28923076923077,1.863846153846154,162,Low
17188,2118.7000000000003,1241,6,24.076136363636365,2.6913636363636364,82,High
17189,569.88,375,3,9.498,2.312,196,Medium
17190,1281.83,2057,5,7.496081871345029,3.1143859649122803,39,High
17191,2726.77,1362,11,8.188498498498499,3.037177177177177,4,High
17192,75.28,45,1,3.7640000000000002,3.036,172,Low
17193,610.74,414,2,50.895,3.356666666666667,22,Medium
17194,549.88,301,1,17.18375,3.405,166,Medium
17195,562.98,486,1,18.160645161290322,1.5964516129032258,291,Medium
17196,327.75,154,1,3.524193548387097,2.4725806451612904,63,Low
17198,521.66,242,2,6.774805194805195,3.0305194805194806,1,Medium
17199,135.04000000000002,232,1,16.880000000000003,0.88125,218,Low
17200,356.71,367,4,14.2684,2.1492,23,Low
17201,853.32,773,3,6.415939849624061,2.6962406015037597,159,Medium
17202,160.65,55,1,20.08125,2.9375,56,Low
17203,2004.01,1751,4,17.734601769911503,2.204070796460177,24,High
17204,3940.13,2005,5,32.83441666666667,3.7126666666666663,10,High
17205,615.27,1330,2,27.96681818181818,1.0568181818181819,52,Medium
17207,292.62,233,1,4.877,2.0286666666666666,288,Low
17208,111.15,101,1,4.8326086956521745,1.9017391304347826,31,Low
17209,595.7,723,3,15.676315789473685,2.6447368421052633,285,Medium
17210,251.72,242,1,4.749433962264151,1.3450943396226414,28,Low
17211,1729.43,1022,6,10.418253012048194,2.6486746987951806,5,High
17212,567.56,580,2,22.702399999999997,1.8064000000000002,94,Medium
17213,2401.07,1003,7,19.363467741935484,3.7120967741935487,2,High
17215,186.15,104,1,16.922727272727272,2.518181818181818,100,Low
17216,63.6,21,1,4.892307692307693,3.1846153846153844,190,Low
17217,96.6,69,1,5.366666666666666,2.4833333333333334,255,Low
17218,2226.96,1240,9,8.943614457831325,2.6397991967871484,4,High
17219,144.9,99,1,5.796,1.5064000000000002,52,Low
17220,1269.76,766,7,6.193951219512195,2.227317073170732,53,High
17221,642.14,426,3,10.357096774193549,2.6274193548387097,227,Medium
17222,1250.8600000000001,735,5,14.716000000000001,3.082235294117647,113,Medium
17223,433.99,109,2,8.509607843137255,4.696078431372549,4,Medium
17224,100.86000000000001,65,1,12.607500000000002,7.1425,137,Low
17225,131.15,36,1,26.23,3.2600000000000002,217,Low
17226,501.98,447,2,13.21,2.606842105263158,80,Medium
17227,1081.8600000000001,1032,7,14.050129870129872,1.1641558441558442,4,Medium
17228,1269.89,1033,7,8.52275167785235,1.9553020134228187,3,High
17230,5750.08,2102,10,38.85189189189189,3.9992567567567567,199,High
17231,3940.08,1957,15,5.880716417910448,3.0159850746268657,25,High
17233,369.98,167,2,11.211515151515153,3.118181818181818,84,Low
17235,1354.82,747,7,19.35457142857143,2.694571428571429,8,High
17236,1013.13,330,6,19.11566037735849,5.258679245283019,46,Medium
17237,679.44,309,2,11.324000000000002,3.0876666666666663,11,Medium
17238,3982.66,1874,17,6.184254658385093,2.896195652173913,7,High
17239,806.95,365,3,47.46764705882353,2.4676470588235295,23,Medium
17240,130.60000000000002,108,1,18.657142857142862,1.6214285714285714,232,Low
17241,2736.64,859,12,16.097882352941177,4.664882352941176,21,High
17242,1754.24,848,3,39.86909090909091,2.145,92,High
17243,11920.43,4704,44,17.10248206599713,4.256542324246772,5,High
17244,871.14,803,4,9.78808988764045,2.756292134831461,19,Medium
17245,200.18,232,1,12.51125,1.318125,325,Low
17246,38.92,36,2,6.486666666666667,3.735,182,Low
17248,181.89000000000001,63,1,5.1968571428571435,2.8634285714285714,117,Low
17249,68.03,79,1,2.51962962962963,1.4722222222222223,64,Low
17251,529.15,269,2,12.90609756097561,3.551951219512195,18,Medium
17254,198.29,146,1,5.508055555555555,1.8644444444444446,37,Low
17255,490.21999999999997,356,2,4.539074074074073,2.1705555555555556,26,Medium
17256,258.93,158,3,17.262,1.879333333333333,117,Low
17257,189.78,187,2,13.555714285714286,1.9821428571428572,72,Low
17258,417.3,188,2,7.587272727272728,2.597272727272727,32,Medium
17259,1239.11,712,5,6.321989795918367,2.771173469387755,4,Medium
17260,120.95,23,1,20.158333333333335,10.191666666666668,47,Low
17261,221.59,95,1,5.153255813953488,2.4299999999999997,145,Low
17262,1504.26,342,7,167.14,5.591111111111111,2,High
17264,268.28,217,1,3.625405405405405,1.637027027027027,60,Low
17266,205.14,90,2,4.459565217391304,3.0730434782608693,135,Low
17268,970.25,551,7,40.427083333333336,2.827083333333333,81,Medium
17269,491.81,314,1,3.93448,2.2990399999999998,21,Medium
17270,601.45,420,2,12.530208333333334,2.758125,105,Medium
17271,204.3,113,1,4.2562500000000005,2.863958333333333,372,Low
17273,141.12,133,1,11.76,1.7416666666666665,60,Low
17274,465.4,194,1,8.95,3.3596153846153842,31,Medium
17275,114.1,71,1,4.960869565217391,3.7039130434782606,19,Low
17276,502.49,187,1,9.480943396226415,2.832830188679245,38,Medium
17278,25.2,16,1,12.6,2.3,201,Low
17280,118.86,74,1,19.81,1.68,74,Low
17281,797.85,295,6,132.975,2.8166666666666664,10,Medium
17282,623.08,466,2,5.41808695652174,2.720521739130435,92,Medium
17283,188.46,179,1,12.564,2.348666666666667,14,Low
17284,1140.58,707,2,13.90951219512195,4.5580487804878045,25,Medium
17285,407.94,134,2,9.271363636363636,4.66,264,Medium
17286,237.81,251,2,5.169782608695653,1.9493478260869566,36,Low
17287,3000.5,1507,16,8.265840220385675,3.521349862258953,3,High
17288,1050.8,498,4,7.1,3.214662162162162,26,Medium
17289,1110.78,724,6,6.8566666666666665,2.3721604938271605,12,Medium
17290,974.95,742,6,9.749500000000001,2.9068,17,Medium
17292,271.75,131,2,18.116666666666667,4.784666666666666,108,Low
17293,1896.57,1093,8,17.3997247706422,2.675321100917431,30,High
17294,467.79,297,2,27.517058823529414,2.698823529411765,305,Medium
17296,338.13,216,1,10.246363636363636,3.890909090909091,366,Low
17298,455.84,465,3,11.688205128205128,1.5551282051282052,10,Medium
17299,336.62,251,2,5.803793103448276,1.8925862068965515,75,Low
17300,393.64,467,2,8.946363636363635,2.0211363636363635,26,Low
17301,131.15,79,1,2.428703703703704,1.7462962962962962,260,Low
17304,111.5,73,1,22.3,3.168,170,Low
17305,2135.46,1006,1,237.27333333333334,3.07,284,High
17306,1151.04,2256,2,191.84,0.7966666666666667,29,Medium
17307,3999.8900000000003,3667,11,83.33104166666668,2.107083333333333,31,High
17308,4511.76,5148,2,644.5371428571428,0.8871428571428571,29,High
17309,237.64000000000001,140,2,9.901666666666667,3.6166666666666667,17,Low
17310,1025.1,402,2,512.55,2.55,23,Medium
17311,2181.71,1750,4,30.30152777777778,2.4234722222222222,28,High
17314,2376.51,1767,9,19.01208,2.8613600000000003,29,High
17315,3318.35,1225,5,12.023007246376812,3.264130434782609,11,High
17316,124.45,44,1,3.5557142857142856,2.831428571428572,56,Low
17318,157.32999999999998,59,1,9.25470588235294,3.4776470588235293,361,Low
17319,29.099999999999998,14,1,9.7,2.0500000000000003,305,Low
17320,1695.15,758,4,16.783663366336633,4.507029702970297,4,High
17321,1008.05,426,4,5.860755813953488,3.2551162790697674,30,Medium
17322,922.59,631,5,5.2123728813559325,2.0903389830508474,12,Medium
17323,644.52,666,5,4.739117647058824,1.1884558823529412,43,Medium
17324,1311.64,693,9,12.85921568627451,2.0804901960784314,2,High
17325,512.77,405,2,15.538484848484847,3.3699999999999997,46,Medium
17326,312.35,136,2,3.631976744186047,3.0439534883720927,44,Low
17327,152.35,59,2,38.0875,4.665,45,Low
17328,104.7,86,1,17.45,1.8833333333333335,309,Low
17329,475.42,288,3,6.6960563380281695,2.350985915492958,367,Medium
17330,59.900000000000006,2,2,29.950000000000003,29.950000000000003,180,Low
17332,838.27,794,5,8.823894736842105,2.5733684210526317,164,Medium
17334,328.13,251,1,16.4065,3.1285,42,Low
17335,497.04,210,2,13.806666666666667,3.215,19,Medium
17336,81.12,48,1,81.12,1.69,108,Low
17338,5395.79,2721,9,9.239366438356164,2.6911130136986303,11,High
17339,119.0,36,2,23.8,3.59,1,Low
17340,9935.93,5195,8,27.831736694677872,2.8162464985994395,2,High
17341,1006.53,634,3,5.083484848484848,2.274040404040404,2,Medium
17342,1227.54,521,4,35.07257142857143,6.774571428571429,15,Medium
17343,1066.3,398,5,16.925396825396824,3.882857142857143,12,Medium
17344,299.74,135,1,8.32611111111111,2.656111111111111,364,Low
17345,1066.94,1667,6,8.467777777777778,1.839920634920635,11,Medium
17346,2509.84,1906,12,5.328747346072187,2.1383014861995755,9,High
17348,1285.69,1368,4,5.589956521739131,1.7963913043478261,73,High
17349,674.16,670,4,8.755324675324674,2.128311688311688,16,Medium
17350,612.381,408,3,8.388780821917807,3.1282328767123286,30,Medium
17351,1401.08,270,9,33.359047619047615,5.517857142857143,63,High
17352,36.25,15,1,7.25,3.45,332,Low
17353,1502.0,968,2,250.33333333333334,1.6666666666666667,127,High
17354,1740.8999999999999,1525,3,20.481176470588235,2.1281176470588234,64,High
17355,273.31,249,1,8.282121212121211,2.153939393939394,22,Low
17356,768.25,759,4,11.466417910447761,1.5110447761194028,190,Medium
17358,500.2,240,3,5.684090909090909,3.321022727272727,12,Medium
17359,156.6,76,1,6.808695652173912,3.039130434782609,284,Low
17360,632.27,296,3,6.079519230769231,3.0302884615384613,21,Medium
17361,383.59000000000003,223,2,13.699642857142859,2.5207142857142855,312,Low
17362,711.8100000000001,358,5,6.530366972477065,2.976238532110092,36,Medium
17363,920.46,499,3,26.298857142857145,2.3042857142857143,31,Medium
17364,7510.24,4772,17,15.080803212851405,3.3678915662650604,12,High
17365,3417.13,3266,7,10.386413373860183,1.9173860182370823,22,High
17366,1077.24,504,2,8.22320610687023,2.9078625954198474,68,Medium
17368,879.42,942,6,7.390084033613445,3.1685714285714286,11,Medium
17369,979.2,1152,1,979.2,0.85,91,Medium
17371,236.97,130,3,4.085689655172414,2.4270689655172415,259,Low
17372,3010.13,1116,20,7.582191435768262,3.2954659949622167,17,High
17373,520.58,330,3,15.311176470588236,1.4982352941176469,54,Medium
17374,231.34,70,1,16.524285714285714,5.384285714285714,31,Low
17375,260.45,113,1,15.320588235294117,3.658235294117647,67,Low
17376,250.44,158,2,8.078709677419354,2.7864516129032255,40,Low
17377,14174.25,5486,60,10.554169769173493,2.9631943410275503,1,High
17378,10.95,1,1,10.95,10.95,10,Low
17380,645.0,252,3,64.5,2.625,70,Medium
17381,19726.76,20118,12,303.48861538461534,1.6801538461538463,4,High
17382,836.88,432,7,52.305,2.188125,71,Medium
17383,110.7,12,1,55.35,5.6,89,Low
17384,171.15,33,1,34.230000000000004,3.2700000000000005,103,Low
17386,126.35000000000001,53,1,12.635000000000002,2.305,21,Low
17388,1415.81,1487,7,35.39525,1.905,56,High
17389,25381.65,10268,27,117.50763888888889,3.575740740740741,10,High
17390,149.3,49,1,12.441666666666668,2.6875,56,Low
17392,168.65,173,1,12.046428571428573,3.5121428571428575,86,Low
17393,381.15000000000003,238,2,7.940625000000001,2.8854166666666665,46,Low
17395,97.5,66,1,32.5,2.0833333333333335,144,Low
17396,1476.3,414,7,64.18695652173913,3.9517391304347824,7,High
17397,516.87,441,1,11.486,2.674,52,Medium
17400,2525.44,1097,3,9.602433460076046,3.623764258555133,217,High
17401,114.85,34,1,9.570833333333333,4.429166666666666,177,Low
17402,2461.68,869,12,17.214545454545455,3.3728671328671327,5,High
17403,118.95,77,1,9.15,5.406923076923078,86,Low
17404,15874.300000000001,17931,8,168.87553191489363,1.9120212765957445,45,High
17406,2704.63,1337,11,18.52486301369863,2.8002739726027395,2,High
17407,552.9,426,1,24.039130434782606,2.3,47,Medium
17408,283.44,160,2,47.24,4.2299999999999995,136,Low
17409,7021.66,3984,8,77.1610989010989,2.945604395604396,57,High
17411,646.44,302,2,19.01294117647059,2.7623529411764705,22,Medium
17412,3159.46,1866,10,18.585058823529412,5.686,8,High
17413,560.14,302,2,56.013999999999996,3.742,40,Medium
17414,1471.52,4156,4,98.10133333333333,0.49133333333333334,59,High
17416,10405.03,4467,15,31.722652439024394,3.4682012195121947,29,High
17417,164.18,76,1,10.26125,2.7275,184,Low
17418,206.6,232,1,17.216666666666665,1.2716666666666667,23,Low
17419,2273.95,1211,8,20.303124999999998,3.1566964285714287,3,High
17420,485.6,234,4,17.985185185185188,3.3333333333333335,9,Medium
17421,1059.41,807,3,18.265689655172416,1.8191379310344828,22,Medium
17422,1615.39,1285,5,18.356704545454548,2.174545454545455,17,High
17423,420.54,331,1,24.73764705882353,1.5029411764705882,29,Medium
17426,3040.51,2093,7,19.49044871794872,2.9061538461538463,88,High
17428,14562.91,8030,18,36.31648379052369,3.2404738154613466,4,High
17429,832.54,662,2,14.866785714285713,2.3319642857142857,32,Medium
17430,469.40999999999997,325,3,16.764642857142857,2.578928571428572,1,Medium
17432,1363.23,801,7,6.031991150442478,2.4470353982300885,21,High
17433,266.8,120,1,6.841025641025642,2.8076923076923075,21,Low
17435,331.35,195,1,22.09,4.346666666666667,47,Low
17436,317.76,88,3,39.72,3.70125,44,Low
17437,369.68,283,1,7.109230769230769,3.5225000000000004,165,Low
17438,1034.32,450,4,19.154074074074074,4.828888888888889,80,Medium
17439,325.74,370,1,40.7175,2.21375,291,Low
17440,137.16,36,1,137.16,3.81,185,Low
17441,293.35,245,1,13.96904761904762,2.050952380952381,368,Low
17442,2371.7400000000002,1638,9,16.025270270270273,2.6442567567567568,17,High
17448,14523.67,11534,46,13.025713004484304,2.1187354260089686,133,High
17449,2348.94,1362,6,7.626428571428572,2.6400974025974024,23,High
17450,52422.3,14727,7,602.5551724137931,3.124712643678161,3,High
17454,1030.41,484,6,15.85246153846154,3.302769230769231,98,Medium
17456,975.5600000000001,508,2,16.259333333333334,3.3371666666666666,1,Medium
17457,4247.11,1869,9,94.38022222222222,2.6655555555555557,15,High
17458,213.08,112,1,6.65875,2.57,17,Low
17460,1605.8400000000001,744,12,14.598545454545455,3.537,8,High
17463,659.4,394,2,6.105555555555555,2.693611111111111,196,Medium
17464,617.1800000000001,388,2,20.57266666666667,2.3673333333333333,158,Medium
17465,2542.79,1477,7,17.906971830985917,3.1200704225352114,61,High
17467,102.6,20,1,25.65,6.625,31,Low
17468,57.8,68,1,19.266666666666666,0.85,11,Low
17469,3180.28,1517,12,17.766927374301677,3.569217877094972,36,High
17470,1679.8,1168,7,19.088636363636365,1.96,3,High
17471,321.65000000000003,153,1,16.928947368421053,2.805263157894737,110,Low
17472,224.81,96,1,4.587959183673469,3.0902040816326526,264,Low
17473,607.0,270,2,17.852941176470587,3.1941176470588233,44,Medium
17474,1047.0,200,1,174.5,6.008333333333333,235,Medium
17476,489.86,224,2,15.801935483870968,5.893225806451613,31,Medium
17477,1144.3,225,2,26.00681818181818,6.013181818181818,248,Medium
17478,1272.8000000000002,516,2,31.820000000000004,3.45075,44,High
17479,389.26000000000005,266,1,21.625555555555557,1.9966666666666666,268,Low
17480,370.41,243,1,15.433750000000002,2.13375,80,Low
17482,775.64,240,2,14.634716981132076,4.37433962264151,123,Medium
17483,177.69,74,1,25.384285714285713,3.684285714285714,50,Low
17484,209.57,339,2,14.969285714285714,2.343571428571429,212,Low
17487,160.55,37,1,20.06875,6.0625,364,Low
17488,336.5,136,1,18.694444444444443,3.0944444444444446,277,Low
17490,658.1800000000001,397,2,16.454500000000003,2.84125,24,Medium
17491,2422.2,1617,8,33.18082191780822,2.2187671232876713,3,High
17492,747.85,295,2,27.69814814814815,3.937037037037037,114,Medium
17493,100.91,62,1,12.61375,2.89875,21,Low
17494,54.7,26,1,18.233333333333334,4.283333333333333,137,Low
17495,309.16,138,1,14.721904761904764,4.028095238095238,26,Low
17496,1141.84,596,3,18.416774193548385,4.182741935483871,199,Medium
17497,287.25,59,2,41.035714285714285,7.192857142857143,26,Low
17499,718.51,375,1,23.17774193548387,4.252258064516129,197,Medium
17504,6493.14,3756,9,30.2006511627907,2.650511627906977,16,High
17505,1289.64,686,3,25.792800000000003,3.5444,186,High
17508,4191.92,2602,7,20.057033492822967,3.0728229665071773,17,High
17510,206.08,208,1,13.738666666666667,1.5626666666666666,56,Low
17511,84541.17,55107,31,89.1784493670886,2.5022468354430383,3,High
17512,2542.83,2681,8,27.63945652173913,1.8667391304347827,88,High
17513,645.6,186,2,53.800000000000004,3.4958333333333336,44,Medium
17514,313.35,149,1,7.287209302325582,2.4441860465116276,305,Low
17515,963.49,284,5,10.472717391304348,6.071413043478262,30,Medium
17516,182.62,108,1,3.261071428571429,2.3592857142857144,14,Low
17518,329.42,267,2,4.278181818181818,2.3902597402597405,61,Low
17519,3265.4500000000003,2178,10,23.32464285714286,3.8135,4,High
17521,554.85,287,2,16.813636363636363,3.774242424242424,30,Medium
17524,394.14,272,2,10.652432432432432,2.2029729729729732,74,Low
17525,739.2,256,2,43.48235294117647,4.550000000000001,33,Medium
17526,2970.14,1172,9,38.078717948717944,6.161538461538462,1,High
17529,1240.25,790,2,15.125,3.7251219512195117,246,Medium
17530,725.21,421,3,4.771118421052631,2.563618421052632,1,Medium
17531,970.12,336,2,22.048181818181817,4.315909090909091,163,Medium
17532,65.34,30,1,16.335,2.6175,21,Low
17533,34.8,24,1,34.8,1.45,70,Low
17534,1445.47,757,4,17.415301204819276,2.7816867469879516,87,High
17536,288.33,195,2,22.179230769230767,2.6376923076923076,56,Low
17539,1176.84,708,4,8.1725,2.900833333333333,253,Medium
17540,1011.7,394,4,25.941025641025643,2.8217948717948715,19,Medium
17541,119.86,44,1,3.8664516129032256,3.3796774193548385,145,Low
17542,170.1,189,2,4.361538461538461,2.12025641025641,277,Low
17543,120.05,62,1,9.234615384615385,3.476923076923077,185,Low
17544,944.82,410,3,10.736590909090909,3.515,26,Medium
17545,767.54,345,3,6.449915966386555,2.7113445378151257,26,Medium
17547,727.85,223,2,23.479032258064517,4.633870967741935,11,Medium
17548,627.96,436,3,21.653793103448276,1.7755172413793103,14,Medium
17550,2239.48,882,6,8.026810035842294,3.1157347670250894,33,High
17552,2154.88,1376,10,20.139065420560748,2.6896261682242995,8,High
17553,2270.0,1240,3,567.5,2.75,108,High
17555,565.43,391,3,3.5561635220125782,1.8649056603773584,61,Medium
17556,142.77,83,1,17.84625,2.2462500000000003,15,Low
17557,34.0,4,1,34.0,8.5,368,Low
17558,259.17,54,1,9.25607142857143,4.497142857142857,29,Low
17559,167.62,270,1,13.968333333333334,0.7866666666666666,148,Low
17560,1040.85,953,4,35.891379310344824,1.326551724137931,31,Medium
17561,537.9,237,3,3.6842465753424656,2.6413013698630134,26,Medium
17563,392.38,256,2,13.530344827586207,2.476551724137931,214,Low
17565,131.83,67,1,4.394333333333334,2.8463333333333334,222,Low
17567,1024.55,520,2,17.66465517241379,2.8905172413793103,8,Medium
17568,374.45,275,1,6.039516129032258,1.562741935483871,269,Low
17570,100.0,1,1,100.0,100.0,17,Low
17571,205.23999999999998,115,1,3.8007407407407405,2.359074074074074,178,Low
17572,496.26000000000005,256,7,20.677500000000002,2.4079166666666665,9,Medium
17575,171.7,72,1,34.339999999999996,6.159999999999999,303,Low
17576,5266.77,2673,23,10.554649298597194,3.3067134268537073,1,High
17577,348.75,179,2,16.607142857142858,2.4714285714285715,281,Low
17578,903.87,391,6,15.0645,3.7216666666666667,110,Medium
17579,304.38,117,1,6.917727272727273,4.519318181818182,214,Low
17580,325.3,135,2,6.6387755102040815,3.136530612244898,12,Low
17581,7712.71,4045,20,18.81148780487805,2.813390243902439,8,High
17582,1271.68,480,4,13.673978494623656,3.401720430107527,82,High
17583,135.95,55,1,19.42142857142857,2.807142857142857,196,Low
17584,4067.12,2006,4,45.697977528089886,4.193033707865169,103,High
17585,948.03,860,3,5.386534090909091,2.3245454545454547,81,Medium
17586,167.4,68,1,20.925,2.975,255,Low
17587,176.71,67,1,4.207380952380952,3.3614285714285717,264,Low
17588,1699.35,703,4,35.403124999999996,4.304375,32,High
17589,11433.77,7073,14,10.899685414680649,2.4695042897998096,21,High
17591,519.95,152,2,5.777222222222223,4.251666666666666,3,Medium
17592,148.3,38,1,11.407692307692308,3.965384615384615,374,Low
17593,4168.46,2506,6,21.26765306122449,2.9568877551020405,45,High
17594,1504.7,818,2,27.864814814814817,2.4222222222222225,85,High
17596,2075.7400000000002,3163,7,7.413357142857143,2.0082857142857145,4,High
17597,1439.72,1039,4,19.72219178082192,2.687945205479452,54,High
17598,409.98,126,1,40.998000000000005,3.2689999999999997,17,Medium
17599,52.05,11,1,17.349999999999998,5.1499999999999995,113,Low
17601,297.07,192,1,4.715396825396826,2.5134920634920634,16,Low
17602,2300.01,1764,8,6.424608938547487,1.9454748603351957,108,High
17603,1393.66,564,3,14.670105263157895,3.3053684210526315,253,High
17604,633.02,445,4,4.365655172413793,2.2240689655172416,58,Medium
17605,160.75,71,1,12.365384615384615,2.2115384615384617,226,Low
17606,87.30000000000001,42,1,14.550000000000002,2.216666666666667,373,Low
17607,333.81,269,1,15.173181818181819,2.44,12,Low
17608,296.07,299,2,2.8744660194174756,1.2097087378640776,85,Low
17609,782.12,602,6,5.145526315789474,1.9339473684210524,38,Medium
17610,1511.94,893,5,9.817792207792207,2.9338311688311687,176,High
17611,4376.41,2791,13,8.030110091743119,2.7955229357798164,57,High
17612,3346.41,1713,12,16.323951219512196,3.6607317073170735,15,High
17615,392.2,238,3,9.338095238095239,2.8907142857142856,23,Low
17616,489.59999999999997,192,2,244.79999999999998,2.55,3,Medium
17617,385.19,249,1,21.399444444444445,2.567222222222222,194,Low
17618,3071.36,1479,8,10.59089655172414,3.4443103448275862,19,High
17621,1795.22,596,3,44.8805,3.5744999999999996,40,High
17622,1130.21,379,2,29.742368421052632,4.117894736842105,233,Medium
17623,1838.72,534,6,11.420621118012422,4.765031055900621,45,High
17624,725.15,404,2,15.428723404255319,3.297872340425532,73,Medium
17625,3958.5,2325,4,10.5,2.3968700265251988,82,High
17626,254.0,202,1,14.11111111111111,1.8783333333333334,238,Low
17627,296.36,676,1,29.636000000000003,1.8690000000000002,114,Low
17629,641.4,274,2,19.436363636363637,3.9530303030303027,24,Medium
17631,470.16,257,4,15.672,3.344666666666667,10,Medium
17633,732.55,255,3,23.63064516129032,4.22741935483871,15,Medium
17635,1265.58,770,3,17.10243243243243,2.7762162162162163,60,Medium
17638,842.4000000000001,432,2,280.8,1.95,283,Medium
17639,506.67,527,5,7.037083333333333,2.1180555555555554,23,Medium
17640,2547.28,1442,5,41.75868852459017,2.311639344262295,15,High
17642,1112.2,1001,3,16.355882352941176,2.004705882352941,65,Medium
17643,439.7,226,2,14.183870967741935,3.4596774193548385,9,Medium
17644,3132.96,1676,9,18.429176470588235,3.403764705882353,30,High
17646,3141.4,1095,10,20.3987012987013,5.2641558441558445,1,High
17647,198.6,52,2,39.72,5.17,305,Low
17648,418.87,467,1,12.319705882352942,1.842941176470588,21,Medium
17649,710.4,324,2,15.443478260869565,3.737173913043478,105,Medium
17651,1758.52,974,6,17.5852,2.9526,134,High
17655,1013.54,426,3,34.94965517241379,3.8717241379310345,2,Medium
17657,126.0,60,1,18.0,2.25,66,Low
17659,835.33,291,3,18.159347826086957,4.488695652173913,8,Medium
17660,163.47,138,1,3.715227272727273,2.416818181818182,373,Low
17662,412.92,184,2,27.528000000000002,4.554,297,Medium
17663,3372.92,1500,10,22.190263157894737,4.761776315789473,53,High
17664,561.59,454,2,15.178108108108109,2.308648648648649,110,Medium
17665,563.1,690,1,29.63684210526316,1.513157894736842,129,Medium
17666,1319.6399999999999,956,3,50.755384615384614,1.8092307692307692,113,High
17667,1895.19,1159,4,16.62447368421053,2.889473684210526,71,High
17669,2735.63,1589,3,35.99513157894737,2.3360526315789474,98,High
17671,830.63,405,2,21.29820512820513,3.6315384615384616,1,Medium
17672,2600.46,1068,5,27.088125,5.326979166666667,53,High
17673,2578.91,1822,7,8.92356401384083,1.7155017301038062,11,High
17674,300.66,349,1,27.332727272727276,0.6581818181818182,4,Low
17675,17885.32,8056,40,42.28208037825059,3.325342789598109,3,High
17676,1378.16,1000,5,16.025116279069767,1.9665116279069768,2,High
17677,20329.68,12161,28,49.82764705882353,2.646887254901961,2,High
17678,301.65,161,1,25.1375,4.245833333333333,239,Low
17679,1585.5,1026,5,31.08823529411765,1.8564705882352939,157,High
17680,313.05,59,2,34.78333333333333,8.95,19,Low
17681,731.2,450,5,52.228571428571435,2.7621428571428575,233,Medium
17682,1982.45,1124,6,16.520416666666666,2.440833333333333,4,High
17683,819.01,781,3,17.804565217391303,2.1032608695652173,21,Medium
17685,2751.64,1898,6,33.1522891566265,1.8656626506024097,8,High
17686,2557.35,1105,2,17.883566433566433,3.6803496503496502,59,High
17687,432.68,210,1,16.641538461538463,2.8246153846153845,56,Medium
17688,304.2,114,1,16.010526315789473,3.823684210526316,29,Low
17689,317.08,300,2,14.412727272727272,1.199090909090909,24,Low
17690,2685.2,1352,8,21.31111111111111,4.172936507936508,2,High
17691,489.65000000000003,239,3,14.83787878787879,3.3227272727272728,4,Medium
17692,2234.86,1666,8,19.26603448275862,2.0038793103448276,32,High
17694,1412.85,1309,2,21.40681818181818,1.464090909090909,147,High
17695,980.6999999999999,1030,3,37.71923076923077,1.3184615384615386,30,Medium
17696,5393.88,4135,19,21.57552,2.07944,18,High
17699,442.0,208,2,23.263157894736842,3.2868421052631582,112,Medium
17700,4145.33,2203,10,19.015275229357798,3.760275229357798,17,High
17702,1319.67,800,2,16.704683544303798,2.6039240506329113,19,High
17703,296.1,307,1,12.873913043478263,1.3765217391304347,54,Low
17705,260.38,338,2,15.316470588235294,1.7529411764705882,91,Low
17706,10245.49,4150,17,26.750626631853784,3.6663446475195824,2,High
17707,456.9,402,6,24.04736842105263,1.6657894736842107,12,Medium
17708,620.85,297,2,15.91923076923077,3.3356410256410256,38,Medium
17709,533.5600000000001,278,4,16.16848484848485,4.566363636363636,106,Medium
17710,293.5,158,1,14.675,4.0085,59,Low
17713,1198.09,989,4,15.764342105263157,2.8776315789473683,18,Medium
17714,1257.18,516,4,17.706760563380282,4.763661971830985,60,Medium
17715,163.2,192,1,163.2,0.85,228,Low
17716,10300.98,5747,13,28.935337078651685,2.852724719101124,32,High
17717,376.92,344,1,14.496923076923078,1.8615384615384616,57,Low
17718,299.83,191,1,17.63705882352941,2.6411764705882352,280,Low
17720,1572.97,1037,7,18.95144578313253,3.6022891566265063,3,High
17721,307.21000000000004,107,1,27.928181818181823,4.173636363636364,295,Low
17722,2006.32,1342,2,19.29153846153846,2.6250961538461537,2,High
17723,102.0,120,1,51.0,0.85,11,Low
17726,1092.06,444,7,17.0634375,3.47,31,Medium
17728,1362.75,677,2,17.25,3.6556962025316455,40,High
17729,438.65000000000003,247,1,19.071739130434786,3.067391304347826,232,Medium
17730,2475.32,1724,7,25.784583333333334,1.8117708333333333,18,High
17731,468.88,214,2,14.6525,2.9771875,257,Medium
17732,2166.42,1058,8,17.757540983606557,4.515081967213115,8,High
17734,741.69,319,3,17.248604651162793,3.607906976744186,161,Medium
17735,4134.91,2462,8,20.072378640776698,3.4466504854368933,3,High
17738,2304.51,1747,9,17.32714285714286,2.29187969924812,31,High
17739,4939.24,1474,11,48.42392156862745,4.043235294117648,10,High
17740,426.90000000000003,222,6,47.43333333333334,2.192222222222222,25,Medium
17741,101.1,114,2,16.849999999999998,1.1333333333333333,42,Low
17742,1743.3700000000001,564,9,24.905285714285714,7.501571428571428,64,High
17743,229.2,96,1,76.39999999999999,2.45,84,Low
17744,326.74,414,1,21.782666666666668,1.1520000000000001,16,Low
17745,600.34,164,2,21.440714285714286,6.6207142857142856,113,Medium
17746,793.9300000000001,659,3,26.464333333333336,2.539,107,Medium
17748,358.15,111,1,21.06764705882353,4.497058823529412,163,Low
17749,351.66,126,1,15.984545454545456,6.057272727272727,182,Low
17751,157.85999999999999,147,1,4.9331249999999995,2.1071875,57,Low
17753,382.06,124,4,5.5371014492753625,2.8657971014492754,100,Low
17754,2786.57,2550,8,20.79529850746269,1.4304477611940298,10,High
17756,728.75,399,3,8.675595238095237,2.7920238095238097,11,Medium
17757,3773.11,1833,28,6.749749552772808,2.895080500894454,4,High
17758,1555.83,1145,4,12.547016129032258,2.5166935483870967,63,High
17759,441.92,268,2,10.277209302325582,2.506744186046512,29,Medium
17760,631.34,457,5,12.379215686274511,2.719411764705882,9,Medium
17762,129.75,129,1,7.632352941176471,1.918235294117647,92,Low
17763,71.15,29,3,5.473076923076923,3.1884615384615387,289,Low
17764,741.02,323,3,9.50025641025641,3.0075641025641024,38,Medium
17765,156.37,52,1,6.2548,4.1888,84,Low
17766,299.61,155,2,13.618636363636364,2.8645454545454547,17,Low
17767,141.85,70,1,7.8805555555555555,2.3444444444444446,46,Low
17768,1210.83,1217,4,14.414642857142857,2.240595238095238,23,Medium
17769,3095.95,1307,7,11.096594982078852,3.1426523297491036,19,High
17771,141.6,86,2,9.44,3.746,72,Low
17772,187.3,58,1,4.071739130434783,3.2065217391304346,28,Low
17773,575.37,254,2,10.461272727272727,3.1116363636363635,150,Medium
17774,2060.1,1077,5,8.443032786885245,3.180204918032787,33,High
17776,330.56,273,2,4.132,2.3741250000000003,22,Low
17778,197.70000000000002,214,1,19.770000000000003,2.35,297,Low
17780,346.56,156,3,4.386835443037975,3.158481012658228,303,Low
17782,679.02,538,2,23.41448275862069,1.7620689655172415,18,Medium
17783,93.49,84,1,3.8954166666666663,2.685416666666667,148,Low
17784,112.86,72,1,4.90695652173913,3.0591304347826087,186,Low
17785,271.44,160,2,7.143157894736842,2.9028947368421054,81,Low
17787,736.28,356,1,23.750967741935483,3.507096774193548,7,Medium
17789,171.25,125,1,11.416666666666666,2.7733333333333334,297,Low
17790,815.11,552,6,7.213362831858407,1.8997345132743362,14,Medium
17792,368.35,149,2,7.0836538461538465,3.4465384615384616,103,Low
17794,147.3,46,2,21.042857142857144,4.421428571428572,322,Low
17796,661.04,199,4,4.6882269503546095,3.6772340425531915,5,Medium
17797,1191.44,588,5,7.4465,2.7991875,31,Medium
17798,178.07,138,1,3.957111111111111,1.8191111111111111,217,Low
17799,3207.76,1921,10,6.415520000000001,2.52066,25,High
17801,770.03,820,3,9.506543209876543,1.5719753086419752,87,Medium
17802,3761.38,2028,8,9.498434343434344,2.135328282828283,8,High
17803,184.66,98,1,6.839259259259259,2.5818518518518516,28,Low
17804,383.78000000000003,194,3,4.217362637362638,2.7221978021978024,12,Low
17805,414.72,648,1,414.72,0.64,246,Medium
17807,437.87,262,3,4.9198876404494385,2.3257303370786517,31,Medium
17808,262.64,143,4,7.958787878787878,2.7081818181818185,184,Low
17809,5925.4800000000005,1296,11,116.18588235294119,4.533137254901961,7,High
17810,373.16,118,2,6.784727272727273,4.421454545454545,304,Low
17811,1757.98,1132,8,5.425864197530864,2.5348765432098763,10,High
17812,405.48,242,4,4.770352941176471,2.4521176470588237,4,Medium
17814,1609.37,1435,2,11.254335664335663,2.4854545454545454,11,High
17815,591.96,612,1,45.535384615384615,1.169230769230769,29,Medium
17816,75.75999999999999,66,3,1.9936842105263155,1.2568421052631578,1,Low
17817,400.46999999999997,286,3,3.965049504950495,2.298019801980198,14,Medium
17818,124.78,86,1,2.970952380952381,1.9300000000000002,373,Low
17819,2907.65,818,6,54.861320754716985,3.297735849056604,7,High
17820,180.60999999999999,111,1,4.4051219512195114,2.7778048780487805,10,Low
17821,334.62,162,1,55.77,2.8183333333333334,42,Low
17822,2162.93,1375,5,12.798402366863904,2.7139644970414203,56,High
17823,449.25,252,2,4.4925,2.7114999999999996,57,Medium
17825,701.96,516,4,25.99851851851852,2.367777777777778,234,Medium
17826,133.34,84,1,4.040606060606061,2.3851515151515152,10,Low
17827,388.84,342,1,5.891515151515151,1.6328787878787878,257,Low
17829,3867.5,2513,4,27.429078014184398,2.4411347517730495,45,High
17833,338.46000000000004,143,1,10.918064516129034,3.5280645161290325,359,Low
17834,689.6700000000001,639,2,11.890862068965518,3.856034482758621,50,Medium
17838,3786.7000000000003,2192,10,21.27359550561798,2.9342134831460673,1,High
17840,175.9,128,1,3.5180000000000002,1.771,79,Low
17841,29562.02,14332,91,5.979372977346278,3.022502022653722,1,High
17842,430.69,89,1,23.927222222222223,5.782777777777778,238,Medium
17843,114.92,138,1,4.5968,1.324,47,Low
17845,596.09,195,4,12.68276595744681,4.586595744680851,191,Medium
17847,129.69,29,2,14.41,4.625555555555556,151,Low
17848,2657.91,1006,21,23.314999999999998,5.286929824561404,53,High
17849,457.96000000000004,110,4,19.081666666666667,7.238333333333333,116,Medium
17850,51208.87,21052,155,20.491744697879152,3.0635814325730295,8,High
17851,1552.35,933,6,6.691163793103448,2.808448275862069,58,High
17852,543.47,319,3,6.469880952380953,1.7635714285714288,24,Medium
17853,1596.29,625,3,15.202761904761905,4.1378095238095245,43,High
17854,757.24,523,4,7.351844660194175,2.3689320388349513,98,Medium
17855,208.97,197,1,12.292352941176471,1.7658823529411765,8,Low
17857,1803.2,2804,2,300.53333333333336,0.8099999999999999,1,High
17858,7614.24,2764,19,39.4520207253886,6.12497409326425,5,High
17860,717.39,696,4,4.428333333333334,2.646543209876543,4,Medium
17861,2990.41,2556,10,8.82126843657817,2.0910029498525073,21,High
17862,923.99,340,3,10.499886363636364,3.9819318181818186,21,Medium
17863,2585.2,2314,7,20.196875,1.60765625,5,High
17864,321.72,309,2,7.660000000000001,1.803095238095238,21,Low
17865,15785.87,7193,26,24.665421875,3.2670625,11,High
17866,805.3000000000001,361,2,47.37058823529412,3.911764705882353,120,Medium
17867,424.18,130,9,6.841612903225807,4.785161290322581,46,Medium
17868,227.15,85,1,12.619444444444445,3.9499999999999997,22,Low
17869,599.78,447,3,10.710357142857143,5.514642857142857,4,Medium
17870,1213.8,476,2,404.59999999999997,2.55,2,Medium
17871,913.05,483,4,12.507534246575341,3.274246575342466,33,Medium
17872,235.87,176,1,15.724666666666668,2.2826666666666666,17,Low
17873,4621.320000000001,3241,14,34.746766917293236,2.185563909774436,9,High
17875,167.1,98,1,6.426923076923076,2.7838461538461536,324,Low
17876,3424.02,1958,3,856.005,1.7475,35,High
17878,999.48,613,2,17.847857142857144,2.058392857142857,31,Medium
17880,366.0,152,2,19.263157894736842,2.981578947368421,275,Low
17882,291.56,130,2,5.501132075471698,2.758679245283019,15,Low
17883,324.08,102,3,10.454193548387096,4.799354838709678,175,Low
17884,2325.92,2167,18,6.533483146067416,2.247191011235955,4,High
17886,703.27,242,3,10.98859375,4.8009375,73,Medium
17888,1091.44,563,17,11.488842105263158,2.7485263157894737,10,Medium
17889,545.05,326,5,5.677604166666666,2.8779166666666662,10,Medium
17894,1292.39,573,11,5.8479185520362,2.886515837104072,2,High
17897,1968.75,793,8,8.868243243243244,3.1078828828828833,3,High
17898,147.12,61,2,6.6872727272727275,3.6145454545454543,88,Low
17901,149.7,14,2,49.9,14.549999999999999,157,Low
17902,216.4,526,1,9.016666666666667,1.3066666666666666,182,Low
17903,381.09000000000003,142,1,8.468666666666667,3.259777777777778,30,Low
17905,1580.38,964,10,11.70651851851852,3.9289629629629625,9,High
17907,291.76,1046,1,22.443076923076923,3.3361538461538465,276,Low
17908,1142.47,670,5,5.492644230769231,3.0338942307692305,9,Medium
17909,110.05,35,1,13.75625,5.5375,373,Low
17910,261.7,121,1,10.065384615384614,3.0442307692307695,362,Low
17912,64.49,31,1,4.606428571428571,2.6149999999999998,11,Low
17913,3020.64,1437,12,7.403529411764706,2.9634803921568627,36,High
17915,225.78,184,1,7.785517241379311,2.806896551724138,187,Low
17916,43.87,90,2,2.3089473684210526,1.174736842105263,264,Low
17918,396.39,352,3,9.909749999999999,1.98675,136,Low
17919,536.28,696,1,31.545882352941174,1.066470588235294,74,Medium
17920,20137.24,10071,39,19.05131504257332,2.7194607379375593,4,High
17921,1574.13,566,6,7.220779816513762,3.3705504587155963,15,High
17922,170.4,49,1,21.3,4.63125,179,Low
17923,289.5,90,2,144.75,3.15,163,Low
17924,574.2,108,2,143.55,5.4,9,Medium
17925,244.08,72,1,244.08,3.39,8,Low
17926,638.2,266,3,27.747826086956525,3.1739130434782608,80,Medium
17927,294.0,108,1,29.4,3.015,357,Low
17928,128.7,82,1,32.175,1.525,207,Low
17929,2239.1,326,8,223.91,6.955,23,High
17930,2534.7400000000002,2201,8,52.80708333333334,1.6347916666666666,29,High
17931,2993.88,1670,12,10.468111888111888,2.6912587412587414,33,High
17933,114.69,63,1,8.192142857142857,2.0957142857142856,268,Low
17934,344.90000000000003,150,1,17.245,2.7350000000000003,42,Low
17935,540.35,162,5,15.438571428571429,3.6757142857142857,36,Medium
17938,144.29,53,1,4.97551724137931,3.1317241379310348,56,Low
17940,26286.75,75825,6,1546.2794117647059,3.335294117647059,81,High
17941,1128.72,856,3,225.744,2.1839999999999997,226,Medium
17944,74.99,84,1,2.9995999999999996,1.9172,59,Low
17945,360.35,244,3,5.004861111111111,2.0306944444444444,332,Low
17949,60117.6,30112,74,691.0068965517241,105.99011494252875,7,High
17950,947.26,479,6,7.1222556390977445,2.7206766917293237,1,Medium
17951,627.5400000000001,282,2,48.2723076923077,3.2515384615384617,9,Medium
17952,788.46,477,4,8.045510204081634,2.4634693877551017,14,Medium
17953,159.17000000000002,98,1,7.958500000000001,3.597,176,Low
17954,1618.93,1021,9,5.761316725978648,2.6527402135231317,3,High
17955,392.6,408,2,130.86666666666667,1.0533333333333335,291,Low
17958,465.41999999999996,200,1,16.048965517241378,3.2506896551724136,364,Medium
17959,140.75,49,1,70.375,21.025000000000002,228,Low
17960,61.300000000000004,19,2,5.572727272727273,3.290909090909091,158,Low
17961,1697.85,976,62,4.141097560975609,2.654658536585366,8,High
17962,564.55,506,3,3.788926174496644,2.164295302013423,185,Medium
17963,643.16,341,4,5.900550458715596,3.052110091743119,107,Medium
17964,261.76,195,1,7.478857142857143,3.561714285714286,8,Low
17965,4558.01,2908,17,8.850504854368932,3.0857864077669905,1,High
17966,865.49,1347,5,19.23311111111111,1.3871111111111112,227,Medium
17967,223.42,111,2,3.6626229508196717,2.4218032786885244,7,Low
17968,590.44,352,4,4.6128125,1.879375,9,Medium
17969,2126.09,862,18,11.189947368421054,5.057368421052631,138,High
17971,161.94,62,1,7.711428571428572,3.13047619047619,184,Low
17974,1035.1,689,3,5.281122448979591,2.1560204081632652,17,Medium
17975,2527.17,700,12,13.962265193370166,3.8066298342541436,2,High
17976,321.79,93,1,5.645438596491228,3.6531578947368417,8,Low
17977,1223.31,1606,1,14.73867469879518,1.5434939759036146,36,Medium
17978,1159.99,1297,4,17.313283582089554,3.293731343283582,1,Medium
17980,201.27,89,1,6.492580645161291,3.0238709677419355,29,Low
17981,239.12,260,1,14.065882352941177,1.6017647058823528,46,Low
17982,138.18,117,1,10.62923076923077,1.9738461538461538,316,Low
17983,171.71,108,1,7.154583333333334,2.8091666666666666,31,Low
17984,999.51,841,4,5.152113402061856,2.2792268041237116,28,Medium
17987,766.87,720,4,5.078609271523179,2.1850331125827815,12,Medium
17988,288.42,143,7,3.3931764705882355,2.7529411764705882,123,Low
17989,207.33,300,1,7.149310344827587,1.8689655172413795,15,Low
17990,896.7700000000001,363,3,32.0275,2.7921428571428573,16,Medium
17991,206.95,68,1,6.271212121212121,4.450909090909091,227,Low
17992,252.88,130,1,4.863076923076923,2.4053846153846155,25,Low
17993,225.99,108,1,3.7665,2.3314999999999997,253,Low
17994,1595.1399999999999,1686,7,7.027048458149779,2.6499118942731275,24,High
17995,419.38,130,2,15.532592592592593,3.7377777777777776,18,Medium
17996,482.33,587,3,7.1989552238805965,3.2059701492537314,15,Medium
17998,639.24,561,3,11.021379310344829,3.822241379310345,16,Medium
17999,338.41,161,2,4.177901234567901,3.1601234567901235,2,Low
18000,124.25,109,1,20.708333333333332,2.018333333333333,200,Low
18001,509.01,512,4,6.7867999999999995,1.9861333333333335,85,Medium
18002,244.37,71,4,4.610754716981132,3.978679245283019,11,Low
18003,353.51,297,1,15.37,1.8721739130434785,12,Low
18006,524.83,175,3,12.800731707317075,3.789268292682927,17,Medium
18007,215.22,246,1,4.3044,1.6262,28,Low
18008,17642.89,6244,14,263.32671641791046,4.382686567164179,51,High
18009,1896.84,526,7,12.816486486486486,3.9825,178,High
18011,410.79,125,2,6.520476190476191,4.196190476190476,9,Medium
18012,115.3,63,1,8.86923076923077,6.810769230769231,359,Low
18016,476.90000000000003,180,2,10.146808510638298,3.4361702127659575,46,Medium
18017,165.0,100,1,165.0,1.65,67,Low
18018,175.85,131,2,11.723333333333333,2.5313333333333334,35,Low
18020,190.48000000000002,67,1,15.873333333333335,4.866666666666666,179,Low
18021,216.41,168,2,6.7628125,2.5359375,145,Low
18022,894.53,608,4,3.4273180076628353,2.1053639846743293,21,Medium
18025,1177.72,1053,6,10.515357142857143,1.9142857142857144,15,Medium
18026,2074.07,530,2,122.00411764705883,5.149411764705882,136,High
18028,192.05,133,1,48.0125,2.75,219,Low
18029,433.77,253,1,24.098333333333333,1.738888888888889,278,Medium
18031,451.3,298,1,7.163492063492064,1.7233333333333332,14,Medium
18034,335.52,392,1,3.226153846153846,1.6439423076923076,11,Low
18035,546.34,550,2,68.2925,1.01875,21,Medium
18036,1142.37,509,8,4.924008620689655,2.8262500000000004,21,Medium
18037,97.39999999999999,17,9,6.957142857142856,6.082142857142856,57,Low
18038,141.48,80,1,5.239999999999999,2.6722222222222225,192,Low
18039,548.22,555,4,3.469746835443038,2.1044936708860758,10,Medium
18041,4536.29,4026,20,9.550084210526316,2.131263157894737,1,High
18042,116.10000000000001,36,1,12.9,3.3833333333333333,177,Low
18043,287.91,157,1,4.643709677419356,2.928548387096774,2,Low
18044,1417.01,565,8,19.41109589041096,4.155068493150685,23,High
18046,189.63,44,1,7.293461538461538,6.181923076923078,285,Low
18047,326.09,130,2,3.9287951807228914,2.8757831325301204,17,Low
18048,222.64000000000001,129,1,4.281538461538462,2.6551923076923076,129,Low
18049,500.92,402,2,5.757701149425287,2.242758620689655,73,Medium
18050,337.66,210,1,18.75888888888889,3.4205555555555556,29,Low
18051,2282.28,1661,7,41.496,1.962,270,High
18052,10877.18,17766,1,679.82375,0.65625,200,High
18053,271.05,107,2,22.587500000000002,3.275,161,Low
18054,176.5,96,1,16.045454545454547,2.4681818181818183,28,Low
18055,4381.78,1376,6,19.737747747747747,4.792072072072072,3,High
18056,190.95,123,1,17.35909090909091,1.9,254,Low
18057,1188.46,970,3,8.869104477611941,3.0322388059701493,29,Medium
18058,603.9,306,2,46.45384615384615,1.9961538461538462,177,Medium
18060,1185.46,902,2,15.806133333333333,3.1578666666666666,44,Medium
18061,4369.56,2652,19,53.28731707317073,3.209268292682927,2,High
18062,912.15,435,3,33.78333333333333,2.9277777777777776,22,Medium
18063,186.60000000000002,48,2,62.20000000000001,3.766666666666667,26,Low
18064,3667.83,2301,9,64.34789473684211,2.196315789473684,82,High
18065,3473.8,1238,15,20.07976878612717,4.847919075144509,24,High
18066,1122.4,427,2,26.102325581395352,4.04,22,Medium
18069,2455.68,1872,6,4.786900584795322,2.1640155945419104,19,High
18070,314.1,86,1,34.900000000000006,3.822222222222222,305,Low
18071,975.63,575,5,16.2605,2.924,1,Medium
18074,1019.44,361,2,23.707906976744187,4.56906976744186,9,Medium
18075,3171.54,1817,10,17.52232044198895,3.4340331491712712,10,High
18076,151.49,164,1,18.93625,2.345,16,Low
18077,1699.25,1352,8,11.404362416107382,1.523758389261745,2,High
18078,389.4,225,2,8.85,2.810227272727273,61,Low
18079,590.78,1383,1,45.44461538461538,0.94,127,Medium
18083,463.53,268,1,11.588249999999999,3.5025,33,Medium
18084,704.75,443,2,117.45833333333333,4.416666666666667,19,Medium
18085,955.8000000000001,320,3,22.75714285714286,3.3892857142857142,9,Medium
18087,10705.8,3868,15,124.4860465116279,3.1239534883720927,15,High
18089,428.45,95,1,42.845,7.779999999999999,82,Medium
18090,321.9,307,1,5.96111111111111,1.7614814814814816,57,Low
18091,360.85,539,1,14.434000000000001,1.678,229,Low
18092,7111.18,4578,8,116.57672131147541,2.8496721311475413,1,High
18093,2346.19,2037,4,93.8476,2.0492,80,High
18094,3374.22,1646,6,60.25392857142857,2.9362500000000002,82,High
18095,1723.04,1204,3,63.816296296296294,2.1555555555555554,63,High
18096,808.81,621,3,4.147743589743589,2.2681538461538464,78,Medium
18097,1965.52,1054,5,39.3104,2.7974,21,High
18098,527.94,215,1,6.138837209302326,3.355581395348837,32,Medium
18100,451.56,440,1,15.052,2.0776666666666666,186,Medium
18101,399.61,160,3,5.791449275362319,3.0992753623188407,10,Low
18102,349164.35,124216,89,556.8809409888357,3.4919298245614034,1,High
18103,105.8,23,1,10.58,4.8549999999999995,185,Low
18106,1019.16,380,5,6.617922077922078,2.997987012987013,112,Medium
18107,165.88,65,1,4.365263157894737,3.283157894736842,78,Low
18108,577.8100000000001,177,2,19.260333333333335,4.6226666666666665,232,Medium
18109,1828.24,647,13,8.053920704845815,3.512246696035242,5,High
18110,193.48000000000002,97,1,5.5280000000000005,2.1965714285714286,47,Low
18111,405.85,232,1,15.031481481481482,4.8351851851851855,225,Medium
18112,420.66999999999996,188,2,11.685277777777777,3.274166666666667,54,Medium
18113,76.32000000000001,72,1,76.32000000000001,1.06,4,Low
18115,9.700000000000001,3,1,3.233333333333334,3.233333333333334,333,Low
18116,731.38,430,5,3.789533678756477,2.783886010362694,12,Medium
18118,1068.05,530,4,3.760739436619718,2.3415845070422536,5,Medium
18119,180.7,124,1,6.23103448275862,2.863793103448276,3,Low
18123,92.2,34,1,4.190909090909091,3.7704545454545455,149,Low
18124,102.65,47,1,5.1325,2.691,108,Low
18127,209.05,63,1,9.954761904761906,3.8499999999999996,39,Low
18128,399.29,216,1,9.506904761904762,2.498095238095238,173,Low
18131,222.95999999999998,552,1,55.739999999999995,1.0075,267,Low
18132,220.13,212,1,3.5504838709677418,2.0232258064516127,140,Low
18134,445.0,128,2,15.892857142857142,4.917857142857143,234,Medium
18135,567.71,404,5,33.394705882352945,2.656470588235294,28,Medium
18136,847.03,481,2,16.9406,3.3004000000000002,45,Medium
18137,145.99,59,2,5.034137931034483,3.51448275862069,187,Low
18140,536.41,395,1,9.933518518518518,2.2735185185185185,109,Medium
18141,882.47,433,2,21.011190476190478,2.971190476190476,37,Medium
18144,2169.25,896,8,49.30113636363637,3.8774999999999995,9,High
18145,2748.19,2479,7,15.183370165745856,1.9643646408839779,18,High
18148,112.85000000000001,63,1,11.285,2.711,282,Low
18149,941.88,559,4,12.5584,2.3882666666666665,40,Medium
18151,1226.09,631,4,18.030735294117648,3.9280882352941178,56,Medium
18152,426.69,75,1,42.669,7.1579999999999995,282,Medium
18153,246.22,200,1,14.483529411764707,1.3964705882352941,295,Low
18154,533.41,371,3,20.51576923076923,1.7634615384615384,24,Medium
18156,186.88,68,1,3.7376,2.8928000000000003,5,Low
18157,213.9,145,1,8.556000000000001,3.6612,207,Low
18160,365.82,225,1,14.07,2.8542307692307696,22,Low
18161,184.41,153,1,14.185384615384615,2.8153846153846156,15,Low
18162,371.51,332,1,8.076304347826087,1.8706521739130435,368,Low
18163,728.84,452,1,22.086060606060606,3.770606060606061,220,Medium
18166,175.5,90,1,17.55,2.38,259,Low
18168,2538.7599999999998,1536,11,9.764461538461537,2.7872692307692306,8,High
18170,1897.69,775,6,21.564659090909092,4.717045454545455,10,High
18171,1206.0,510,4,31.736842105263158,6.316578947368421,106,Medium
18172,9905.56,4223,32,34.634825174825174,4.257727272727273,23,High
18173,589.52,510,1,42.10857142857143,2.902142857142857,248,Medium
18174,58.5,30,1,58.5,1.95,239,Low
18175,176.10000000000002,70,1,25.157142857142862,4.45,311,Low
18177,875.45,529,3,33.67115384615385,1.9280769230769232,196,Medium
18178,4512.93,2867,7,17.837667984189725,2.65498023715415,38,High
18179,754.38,451,2,39.70421052631579,2.7205263157894737,158,Medium
18181,821.49,377,4,5.996277372262774,2.9426277372262772,36,Medium
18182,291.13,167,1,29.113,2.298,99,Low
18186,329.58000000000004,338,1,29.961818181818185,2.1836363636363636,358,Low
18187,724.89,310,1,15.101875,4.726041666666666,267,Medium
18188,1279.55,720,3,20.63790322580645,2.456935483870968,66,High
18189,313.49,270,1,17.41611111111111,1.8694444444444445,261,Low
18190,461.16,350,3,17.080000000000002,2.2762962962962963,239,Medium
18191,321.6,192,1,40.2,2.0625,113,Low
18193,963.59,802,2,17.84425925925926,2.542777777777778,16,Medium
18194,3188.2,1142,5,151.8190476190476,3.9180952380952383,74,High
18195,101.16,60,1,20.232,2.418,23,Low
18196,770.56,607,2,5.5837681159420285,2.044057971014493,107,Medium
18197,230.1,166,1,25.566666666666666,1.9166666666666667,211,Low
18199,344.75,99,1,17.2375,5.035,319,Low
18201,447.53000000000003,191,1,16.575185185185187,4.629259259259259,358,Medium
18203,332.1,68,3,8.3025,5.452,17,Low
18206,314.65999999999997,246,1,16.561052631578946,1.4352631578947368,189,Low
18207,544.47,325,1,17.563548387096777,2.9419354838709677,135,Medium
18208,360.08,82,1,21.181176470588234,8.346470588235293,201,Low
18210,147.45,101,1,14.745,2.535,18,Low
18212,298.3,66,1,24.858333333333334,5.295833333333333,313,Low
18214,1780.34,989,4,30.69551724137931,3.1232758620689656,166,High
18215,1933.15,1013,4,25.436184210526317,2.9532894736842104,73,High
18217,323.29,249,2,35.92111111111112,2.0044444444444443,149,Low
18218,479.91999999999996,492,2,26.66222222222222,1.6738888888888888,232,Medium
18219,1493.1200000000001,768,8,16.776629213483147,3.5246067415730336,4,High
18220,1616.48,1064,5,70.28173913043479,3.680869565217391,30,High
18221,383.33,209,1,19.1665,2.9485,26,Low
18223,7516.31,3696,12,24.724703947368422,3.4155592105263155,23,High
18225,7539.84,4056,15,24.720786885245904,2.8844590163934427,1,High
18226,6650.83,4417,15,23.25465034965035,3.369020979020979,14,High
18227,295.0,1,1,295.0,295.0,120,Low
18229,3526.81,695,10,75.03851063829786,6.148723404255319,2,High
18230,1480.8600000000001,680,2,27.423333333333336,2.3581481481481483,14,High
18231,4782.400000000001,2096,23,18.393846153846155,4.226038461538462,42,High
18234,179.6,80,1,5.986666666666666,2.3583333333333334,187,Low
18236,913.11,293,6,18.634897959183675,4.751428571428571,24,Medium
18238,270.92,114,1,19.351428571428574,2.8957142857142855,151,Low
18239,588.75,257,2,15.912162162162161,3.7729729729729726,8,Medium
18241,913.9,420,4,16.616363636363637,3.1063636363636364,51,Medium
18242,1372.72,1004,4,22.140645161290323,1.8133870967741936,81,High
18243,515.78,221,1,19.837692307692308,3.1588461538461536,50,Medium
18244,568.64,856,2,29.928421052631577,1.4942105263157894,66,Medium
18245,3757.92,3310,13,13.27886925795053,2.1438869257950532,15,High
18246,162.72,48,1,162.72,3.39,245,Low
18247,839.73,335,3,22.695405405405406,4.495675675675676,50,Medium
18251,21964.14,31815,8,238.74065217391305,1.0592391304347826,81,High
18252,1015.42,698,5,25.3855,3.9189999999999996,184,Medium
18253,317.88,128,1,45.41142857142857,4.604285714285715,278,Low
18254,267.9,188,1,16.74375,1.546875,217,Low
18255,199.85,127,1,15.373076923076923,1.9507692307692308,92,Low
18256,110.69999999999999,180,1,11.069999999999999,0.8240000000000001,23,Low
18257,2262.52,1328,4,14.319746835443038,2.714873417721519,82,High
18258,2059.67,1981,6,41.193400000000004,2.9537999999999998,100,High
18259,1979.6000000000001,676,5,39.592000000000006,3.077,2,High
18260,7318.91,3769,17,26.42205776173285,5.3946931407942245,10,High
18262,428.06,370,2,14.760689655172413,1.7810344827586206,29,Medium
18264,603.25,241,1,16.756944444444443,4.597222222222222,134,Medium
18266,251.1,138,1,17.935714285714287,2.0785714285714283,70,Low
18267,269.37,135,1,15.84529411764706,2.9864705882352944,308,Low
18268,1464.73,709,5,22.192878787878787,3.0954545454545457,227,High
18269,168.60000000000002,76,1,24.08571428571429,3.164285714285714,2,Low
18270,161.4,108,1,26.900000000000002,1.6833333333333333,68,Low
18271,680.85,319,2,32.42142857142857,2.954285714285714,245,Medium
18272,1307.4,830,3,21.790000000000003,2.580833333333333,184,High
18273,153.0,60,1,153.0,2.55,226,Low
18275,741.85,417,2,39.044736842105266,2.488947368421053,214,Medium
18276,1320.66,1060,5,16.50825,2.287125,28,High
18277,1069.67,381,4,19.10125,5.311964285714287,33,Medium
18278,240.3,74,1,16.02,4.363333333333333,40,Low
18279,231.34,630,1,17.795384615384616,0.5476923076923077,155,Low
18280,307.55,149,1,15.377500000000001,3.55,30,Low
18281,120.32,92,1,12.032,1.9009999999999998,213,Low
18283,619.37,322,6,2.8542396313364056,2.1994009216589863,18,Medium
18284,461.68,494,1,16.48857142857143,3.253214285714286,67,Medium
18285,427.0,145,1,35.583333333333336,8.35,296,Medium
18286,1296.43,608,2,19.349701492537314,4.273134328358209,112,High
18287,2345.71,1427,4,27.596588235294117,2.8445882352941174,18,High
