CustomerID,TotalSpend,TotalQuantity,PreviousTransactions,AverageTreatmentEffect,AveragePriceReduction,CustomerResponse,RecommendedDiscount,PricingStrategy,CurrentAveragePrice,RecommendedPrice,ExpectedRevenue
12346,365.37,70,32,7.429736078459638,16.510903426791277,Positive Response,10,Moderate Discount Strategy,6.253333333333334,5.628000000000001,393.9600000000001
12347,1290.38,828,70,10.491947755001496,24.405922715781873,Positive Response,10,Moderate Discount Strategy,2.295070422535211,2.06556338028169,1710.2864788732395
12348,1323.32,373,19,15.656852162317955,14.181818181818183,High Response,20,High Discount Strategy,0.7195,0.5756,214.6988
12349,2654.64,993,101,10.930529093011849,23.13341022683583,High Response,20,High Discount Strategy,8.581764705882353,6.8654117647058825,6817.353882352942
12351,2671.14,261,20,11.242525935849182,24.739363200901668,High Response,20,High Discount Strategy,2.355238095238095,1.8841904761904762,491.7737142857143
12352,313.8,188,17,9.674939355843934,16.392318244170095,Positive Response,10,Moderate Discount Strategy,3.033333333333333,2.73,513.24
12353,343.8,192,19,9.397723744363352,16.624203821656046,Positive Response,10,Moderate Discount Strategy,1.939,1.7451,335.05920000000003
12355,478.21000000000004,303,21,12.270261875711276,11.127272727272727,High Response,20,High Discount Strategy,2.399090909090909,1.9192727272727272,581.5396363636363
12356,3559.45,1825,82,15.20179570912683,25.61518802482658,High Response,20,High Discount Strategy,3.12566265060241,2.500530120481928,4563.467469879519
12357,11229.99,3879,164,38.85221760467937,26.131907308377894,High Response,20,High Discount Strategy,8.458424242424242,6.766739393939393,26248.182109090907
12358,12079.99,831,57,22.930941071169777,22.768863093205876,High Response,20,High Discount Strategy,4.41603448275862,3.5328275862068965,2935.779724137931
12359,2719.01,1130,116,10.62971768458819,24.009116809116808,Positive Response,10,Moderate Discount Strategy,4.732393162393163,4.259153846153847,4812.843846153847
12360,2563.36,1294,87,9.914954320033852,23.663636363636364,Positive Response,10,Moderate Discount Strategy,2.7070454545454545,2.436340909090909,3152.6251363636366
12361,1590.83,144,18,8.862882285999493,16.718266253869967,Positive Response,10,Moderate Discount Strategy,4.152631578947369,3.737368421052632,538.181052631579
12362,321.35,1,0,8.817738099293102,0.0,Positive Response,10,Moderate Discount Strategy,130.0,117.0,117.0
12366,324.48,296,2,28.663215321657884,0.0,High Response,20,High Discount Strategy,1.6900000000000002,1.3520000000000003,400.1920000000001
12368,887.7,330,17,29.454660025121402,25.454545454545453,High Response,20,High Discount Strategy,4.391666666666667,3.5133333333333336,1159.4
12369,1780.95,1241,92,12.733984200788491,26.731834473769958,High Response,20,High Discount Strategy,3.148924731182796,2.519139784946237,3126.25247311828
12370,1791.15,252,34,9.218702546520582,23.283292978208234,Positive Response,10,Moderate Discount Strategy,6.410285714285715,5.7692571428571435,1453.8528000000001
12371,1939.42,845,103,9.475499594209586,23.455019556714472,Positive Response,10,Moderate Discount Strategy,4.05625,3.6506250000000002,3084.7781250000003
12373,2179.42,319,36,10.722501098650463,16.216216216216218,High Response,20,High Discount Strategy,4.644594594594595,3.715675675675676,1185.3005405405406
12374,2046.29,1020,49,15.400924781145175,14.543589743589745,High Response,20,High Discount Strategy,2.9894,2.39152,2439.3504
12376,2246.29,240,12,15.349064317793356,19.04761904761905,High Response,20,High Discount Strategy,8.03076923076923,6.424615384615385,1541.9076923076925
12377,1718.2,1161,74,13.322766623369935,25.319658119658122,High Response,20,High Discount Strategy,2.762266666666667,2.209813333333334,2565.5932800000005
12378,1798.2,787,81,9.719940612050742,16.936065810362248,Positive Response,10,Moderate Discount Strategy,4.402073170731708,3.9618658536585367,3117.9884268292685
12379,1407.7,408,40,10.260790216816426,10.776053215077605,Positive Response,10,Moderate Discount Strategy,2.948780487804878,2.65390243902439,1082.7921951219512
12380,6906.49,2228,172,16.82260958269761,15.967519955959265,High Response,20,High Discount Strategy,13.81179190751445,11.049433526011562,24618.13789595376
12385,6951.49,612,64,14.704005962518439,13.367521367521368,High Response,20,High Discount Strategy,3.6807692307692306,2.9446153846153846,1802.1046153846155
12386,1938.4,214,7,18.855773780481424,15.833333333333332,High Response,20,High Discount Strategy,2.72625,2.181,466.73400000000004
12387,258.90000000000003,134,8,13.111558574551637,25.68888888888889,High Response,20,High Discount Strategy,2.7622222222222224,2.209777777777778,296.11022222222226
12388,1105.45,539,45,9.78382201585581,24.21518054532056,Positive Response,10,Moderate Discount Strategy,2.9269565217391307,2.634260869565218,1419.8666086956525
12389,1386.53,614,48,11.474644155227738,13.699633699633702,High Response,20,High Discount Strategy,2.6542857142857144,2.1234285714285717,1303.785142857143
12391,2283.53,911,173,8.597174356379956,23.403200360604007,Positive Response,10,Moderate Discount Strategy,4.521896551724137,4.069706896551724,3707.50298275862
12392,2285.18,73,6,17.673386923153277,18.823529411764703,High Response,20,High Discount Strategy,5.035714285714286,4.0285714285714285,294.0857142857143
12393,803.35,495,42,10.147535489795791,11.698379140239604,Positive Response,10,Moderate Discount Strategy,2.777906976744186,2.5001162790697675,1237.5575581395349
12395,2012.64,1615,97,10.762812791144096,23.710575139146567,High Response,20,High Discount Strategy,2.965816326530612,2.3726530612244896,3831.8346938775508
12396,2048.64,591,64,9.800519961076205,13.36870026525199,Positive Response,10,Moderate Discount Strategy,2.2993846153846156,2.069446153846154,1223.0426769230771
12399,931.4300000000001,1020,50,12.601016205734059,18.10841983852364,High Response,20,High Discount Strategy,1.9568627450980391,1.5654901960784313,1596.8
12400,853.65,91,10,9.531488211241477,14.616755793226378,Positive Response,10,Moderate Discount Strategy,2.9136363636363636,2.622272727272727,238.62681818181815
12402,1016.3000000000001,490,58,9.468088493825144,6.692742285962626,Positive Response,10,Moderate Discount Strategy,3.307627118644068,2.9768644067796615,1458.6635593220342
12403,1031.3,164,3,41.342649374468465,2.5210084033613467,High Response,20,High Discount Strategy,7.1325,5.706,935.7840000000001
12404,591.6600000000001,1,0,9.813648452282353,0.0,Positive Response,10,Moderate Discount Strategy,63.24,56.916000000000004,56.916000000000004
12406,2791.46,1598,60,16.99585099062945,19.734582357533178,High Response,20,High Discount Strategy,2.603606557377049,2.082885245901639,3328.4506229508193
12408,2975.06,820,53,10.989593506221407,20.448933782267115,High Response,20,High Discount Strategy,3.211666666666667,2.5693333333333337,2106.8533333333335
12409,12215.22,7592,154,37.02484649628381,20.058651026392962,High Response,20,High Discount Strategy,2.998322580645161,2.398658064516129,18210.61202580645
12410,12346.62,130,13,13.594354378399379,21.365079365079364,High Response,20,High Discount Strategy,5.4192857142857145,4.335428571428571,563.6057142857143
12411,334.15,138,21,9.091006423460405,14.177489177489178,Positive Response,10,Moderate Discount Strategy,3.3954545454545455,3.055909090909091,421.7154545454546
12412,1352.05,1168,65,14.019657923463983,29.490909090909092,High Response,20,High Discount Strategy,2.4328787878787876,1.9463030303030302,2273.2819393939394
12413,1370.05,33,12,8.507347368671956,16.932752781809384,Positive Response,10,Moderate Discount Strategy,9.13076923076923,8.217692307692307,271.1838461538461
12414,260.0,195,9,26.515361274768708,18.615384615384617,High Response,20,High Discount Strategy,30.353999999999996,24.283199999999997,4735.223999999999
12415,19093.84,14073,211,23.394763652610646,28.77662811929397,High Response,20,High Discount Strategy,3.075566037735849,2.460452830188679,34625.95267924528
12416,19543.84,132,10,11.992588407481504,17.21355567509414,High Response,20,High Discount Strategy,1.5345454545454544,1.2276363636363636,162.048
12417,3103.31,1332,176,9.076068985922324,25.651455888744024,Positive Response,10,Moderate Discount Strategy,5.578700564971751,5.0208305084745755,6687.746237288135
12418,3148.31,681,67,9.164632242812637,33.099304237824164,Positive Response,10,Moderate Discount Strategy,3.2358823529411764,2.912294117647059,1983.272294117647
12419,1352.62,231,24,9.304410417500472,15.232000000000001,Positive Response,10,Moderate Discount Strategy,5.0436000000000005,4.53924,1048.56444
12421,503.01,168,19,8.63543972471901,20.272727272727273,Positive Response,10,Moderate Discount Strategy,5.3355,4.80195,806.7275999999999
12422,4348.24,2226,132,18.909811102236517,17.659533449007135,High Response,20,High Discount Strategy,12.206165413533835,9.764932330827069,21736.739368421055
12423,4428.24,454,39,9.961547097917256,22.28787878787879,Positive Response,10,Moderate Discount Strategy,3.14725,2.832525,1285.96635
12424,1558.67,1285,61,15.267530431412377,16.348387096774193,High Response,20,High Discount Strategy,1.9029032258064518,1.5223225806451615,1956.1845161290325
12425,1579.07,651,54,10.222167307782613,30.36007130124777,Positive Response,10,Moderate Discount Strategy,2.2994545454545454,2.069509090909091,1347.2504181818183
12426,964.21,326,46,7.750532310529128,18.589904046725067,Positive Response,10,Moderate Discount Strategy,3.31531914893617,2.9837872340425533,972.7146382978724
12427,762.48,79,9,9.991674775064268,12.352941176470585,Positive Response,10,Moderate Discount Strategy,4.925,4.4325,350.1675
12429,3591.51,1787,75,20.450195506734982,15.269104965804344,High Response,20,High Discount Strategy,2.9568421052631577,2.365473684210526,4227.10147368421
12431,4350.12,1811,169,10.219227925458343,24.12761714855434,Positive Response,10,Moderate Discount Strategy,3.8692941176470588,3.482364705882353,6306.5624823529415
12433,7195.31,6045,285,12.911839168825228,23.00979020979021,High Response,20,High Discount Strategy,2.0148951048951047,1.6119160839160838,9744.032727272726
12434,7205.39,138,19,8.871441185503413,14.595238095238097,Positive Response,10,Moderate Discount Strategy,3.406,3.0654000000000003,423.02520000000004
12435,5994.28,2903,75,64.08629680674791,20.26990553306343,High Response,20,High Discount Strategy,2.9001315789473683,2.320105263157895,6735.265578947369
12437,7713.99,5078,363,10.550324849892373,22.604062604062605,Positive Response,10,Moderate Discount Strategy,3.021648351648352,2.719483516483517,13809.5372967033
12439,7731.99,478,70,7.881433482947642,20.1671043208403,Positive Response,10,Moderate Discount Strategy,3.706478873239437,3.3358309859154933,1594.5272112676057
12440,1142.88,331,31,11.843792457864565,18.985849056603776,High Response,20,High Discount Strategy,5.448125,4.3585,1442.6635
12441,859.2,121,10,10.726973956314511,28.628659476117104,High Response,20,High Discount Strategy,3.700909090909091,2.960727272727273,358.24800000000005
12443,365.31,182,20,8.84358399020277,22.35827664399093,Positive Response,10,Moderate Discount Strategy,5.87047619047619,5.283428571428572,961.5840000000001
12445,485.31,144,19,8.965205784214916,24.338983050847457,Positive Response,10,Moderate Discount Strategy,2.7670000000000003,2.4903000000000004,358.6032000000001
12449,678.6,729,9,50.57485553692474,16.823529411764703,High Response,20,High Discount Strategy,2.693,2.1544000000000003,1570.5576000000003
12450,768.6,314,28,9.892919089173402,17.26227795193312,Positive Response,10,Moderate Discount Strategy,2.396206896551724,2.1565862068965513,677.1680689655171
12451,3614.08,2784,156,11.3329764586575,23.790773981856784,High Response,20,High Discount Strategy,2.273057324840764,1.8184458598726114,5062.55327388535
12454,12743.44,6697,24,254.02744134653935,16.376470588235293,High Response,20,High Discount Strategy,11.5824,9.26592,62053.866239999996
12455,13151.44,1213,136,9.796160418804975,22.080910553012497,Positive Response,10,Moderate Discount Strategy,4.402262773722628,3.962036496350365,4805.950270072993
12457,3413.09,251,21,16.273784554107042,22.449922958397536,High Response,20,High Discount Strategy,6.358181818181818,5.086545454545455,1276.722909090909
12458,812.24,480,45,9.774567303862431,17.733860342555996,Positive Response,10,Moderate Discount Strategy,3.6663043478260873,3.2996739130434785,1583.8434782608697
12459,830.09,258,22,11.472502520421736,12.200263504611328,High Response,20,High Discount Strategy,4.148695652173913,3.3189565217391306,856.2907826086957
12460,454.36,170,17,9.873882136835292,26.15819209039548,Positive Response,10,Moderate Discount Strategy,4.381111111111111,3.943,670.3100000000001
12466,326.65,1,0,9.891896012440542,0.0,Positive Response,10,Moderate Discount Strategy,56.73,51.056999999999995,51.056999999999995
12467,122.6,129,8,8.905237743590895,30.235690235690235,Positive Response,10,Moderate Discount Strategy,1.6177777777777778,1.456,187.82399999999998
12468,2926.2,1835,111,11.920655025933163,23.235930735930737,High Response,20,High Discount Strategy,2.5244642857142856,2.0195714285714286,3705.9135714285712
12469,3045.04,2552,75,52.616461741032154,18.909774436090224,High Response,20,High Discount Strategy,2.999605263157895,2.399684210526316,6123.994105263158
12470,3070.54,95,22,3.876650269623346,17.614269788182835,Positive Response,10,Moderate Discount Strategy,3.928260869565217,3.5354347826086956,335.8663043478261
12471,20082.74,8658,675,10.98533347413127,18.67091488393264,High Response,20,High Discount Strategy,3.474659763313609,2.7797278106508876,24066.883384615383
12472,20129.54,7202,571,9.930961970896426,21.62534435261708,Positive Response,10,Moderate Discount Strategy,2.3936713286713287,2.1543041958041957,15515.298818181818
12474,11308.48,3107,285,9.506059324120617,19.98092816274634,Positive Response,10,Moderate Discount Strategy,3.0755594405594406,2.7680034965034968,8600.186863636365
12475,5048.66,236,24,9.580348782900465,20.495238095238097,Positive Response,10,Moderate Discount Strategy,3.3136,2.98224,703.80864
12476,7177.49,3223,280,10.433063425955961,24.526207853308403,Positive Response,10,Moderate Discount Strategy,4.146192170818505,3.731572953736655,12026.859629893239
12477,7267.49,2466,263,9.89540171403289,20.724191063174118,Positive Response,10,Moderate Discount Strategy,3.955378787878788,3.559840909090909,8778.567681818182
12480,7056.63,1245,87,10.323014834422933,18.801034295046268,Positive Response,10,Moderate Discount Strategy,3.4334090909090906,3.0900681818181814,3847.134886363636
12481,6747.37,3949,173,24.075824215807188,20.020898641588296,High Response,20,High Discount Strategy,4.633333333333334,3.706666666666667,14637.626666666669
12482,23641.0,27042,203,123.43975884475431,24.389978213507625,High Response,20,High Discount Strategy,9.930196078431372,7.944156862745098,214825.88988235293
12483,23691.4,1050,62,15.214172258119701,21.039526921879858,High Response,20,High Discount Strategy,7.412698412698413,5.93015873015873,6226.666666666667
12484,2612.2000000000003,1079,127,6.135931362456533,16.47253787878788,Positive Response,10,Moderate Discount Strategy,2.92390625,2.631515625,2839.405359375
12485,1826.78,414,33,9.711633094946967,22.799188640973632,Positive Response,10,Moderate Discount Strategy,2.4105882352941173,2.1695294117647057,898.1851764705882
12486,917.28,523,48,10.807271321107145,22.704946385333795,High Response,20,High Discount Strategy,4.103673469387755,3.282938775510204,1716.9769795918369
12487,1037.28,174,1,27.595840597267,13.750000000000002,High Response,20,High Discount Strategy,2.0,1.6,278.40000000000003
12490,4351.71,2842,216,11.549768228839019,20.876757650951202,High Response,20,High Discount Strategy,3.048341013824885,2.438672811059908,6930.7081290322585
12492,4405.71,252,21,11.684883608142725,20.661157024793386,High Response,20,High Discount Strategy,3.1818181818181817,2.5454545454545454,641.4545454545455
12494,608.77,281,33,9.15567596613323,21.843891402714934,Positive Response,10,Moderate Discount Strategy,4.4202941176470585,3.978264705882353,1117.8923823529412
12495,626.77,130,16,9.264049649948207,13.865546218487397,Positive Response,10,Moderate Discount Strategy,5.705882352941177,5.135294117647059,667.5882352941177
12496,357.4,30,9,5.039713661325382,12.620689655172413,Positive Response,10,Moderate Discount Strategy,1.927,1.7343000000000002,52.029
12497,5129.8,4449,42,60.98821901785476,17.562790697674416,High Response,20,High Discount Strategy,1.816046511627907,1.4528372093023256,6463.672744186047
12499,5205.400000000001,302,26,11.38500519316184,14.992592592592594,High Response,20,High Discount Strategy,2.3296296296296295,1.8637037037037036,562.8385185185185
12500,1679.39,699,84,9.003037293207461,21.204386839481558,Positive Response,10,Moderate Discount Strategy,4.068352941176471,3.6615176470588238,2559.4008352941178
12503,1697.39,561,1,315.66662133707865,49.30915371329879,High Response,20,High Discount Strategy,115.8,92.64,51971.04
12504,1126.0,368,10,16.16568268646695,25.45454545454545,High Response,20,High Discount Strategy,4.054545454545455,3.243636363636364,1193.658181818182
12505,787.2,324,41,9.414986889133234,18.394024276377213,Positive Response,10,Moderate Discount Strategy,4.436904761904762,3.9932142857142856,1293.8014285714285
12507,955.2,362,27,11.037682236581434,19.458128078817733,High Response,20,High Discount Strategy,3.539285714285714,2.8314285714285714,1024.9771428571428
12510,4182.25,1696,111,25.16596399905877,20.631950384944396,High Response,20,High Discount Strategy,15.979017857142859,12.783214285714287,21680.33142857143
12511,4195.45,1753,189,9.495794455832819,28.02296650717703,Positive Response,10,Moderate Discount Strategy,3.4306842105263162,3.0876157894736846,5412.590478947369
12514,3084.02,400,32,10.93620892401138,2.245989304812834,High Response,20,High Discount Strategy,1.7969696969696969,1.4375757575757575,575.030303030303
12516,1282.56,1077,47,15.190364272112681,24.490740740740737,High Response,20,High Discount Strategy,1.9652083333333332,1.5721666666666667,1693.2235
12519,1336.56,212,21,9.531010547307153,25.882352941176467,Positive Response,10,Moderate Discount Strategy,3.274090909090909,2.946681818181818,624.6965454545455
12523,2554.08,1398,142,9.59337995822396,22.204462204462207,Positive Response,10,Moderate Discount Strategy,4.041118881118881,3.637006993006993,5084.535776223776
12524,6550.39,3479,95,39.76998276767397,16.284722222222225,High Response,20,High Discount Strategy,3.486666666666667,2.7893333333333334,9704.090666666667
12525,6640.39,509,59,9.792794364331861,20.03174603174603,Positive Response,10,Moderate Discount Strategy,3.006,2.7054,1377.0486
12527,973.73,292,13,18.539808169413757,22.28571428571428,High Response,20,High Discount Strategy,2.1571428571428575,1.725714285714286,503.9085714285715
12529,386.8,192,20,8.831900488038718,24.631185807656397,Positive Response,10,Moderate Discount Strategy,3.040952380952381,2.736857142857143,525.4765714285714
12530,2042.98,1800,91,11.5239044447729,24.374176548089594,High Response,20,High Discount Strategy,2.8434782608695657,2.2747826086956526,4094.608695652175
12531,2096.98,1074,109,10.150527920878112,19.261707988980714,Positive Response,10,Moderate Discount Strategy,2.3713636363636366,2.134227272727273,2292.160090909091
12533,1807.98,704,71,10.447185015727158,15.902366863905327,Positive Response,10,Moderate Discount Strategy,3.3030555555555554,2.97275,2092.816
12537,1367.89,449,42,9.614737312704163,20.144346431435448,Positive Response,10,Moderate Discount Strategy,2.9227906976744187,2.630511627906977,1181.0997209302327
12538,732.94,145,12,12.320709399747999,23.469079939668173,High Response,20,High Discount Strategy,4.128461538461538,3.302769230769231,478.9015384615385
12539,5618.400000000001,2468,230,10.609457514450842,21.5563801278087,Positive Response,10,Moderate Discount Strategy,3.305108225108225,2.9745974025974027,7341.3063896103895
12540,8770.25,4334,292,13.746184705898957,20.75085324232082,High Response,20,High Discount Strategy,3.9552901023890787,3.1642320819112633,13713.781843003415
12542,8854.25,522,38,8.23533960906373,14.932126696832578,Positive Response,10,Moderate Discount Strategy,2.465128205128205,2.2186153846153847,1158.117230769231
12543,972.45,688,42,11.802504353449116,18.652766639935844,High Response,20,High Discount Strategy,2.6132558139534883,2.0906046511627907,1438.336
12547,980.25,175,12,9.919503616716268,9.32126696832579,Positive Response,10,Moderate Discount Strategy,3.082307692307692,2.774076923076923,485.4634615384615
12549,1545.08,1366,48,16.458706393739707,17.114707952146375,High Response,20,High Discount Strategy,1.6487755102040815,1.3190204081632653,1801.7818775510204
12553,1575.68,360,46,9.625854578459423,27.36386584926073,Positive Response,10,Moderate Discount Strategy,4.648085106382979,4.183276595744681,1505.9795744680853
12554,916.47,240,25,9.10996472805546,22.40694789081886,Positive Response,10,Moderate Discount Strategy,3.8242307692307693,3.4418076923076923,826.0338461538462
12555,468.5,1,0,10.209838991197808,0.0,Positive Response,10,Moderate Discount Strategy,129.23,116.30699999999999,116.30699999999999
12557,6580.18,2398,24,189.36559969743865,6.787878787878787,High Response,20,High Discount Strategy,2.1692,1.73536,4161.39328
12562,6725.18,548,38,10.36417379964291,12.268244575936885,Positive Response,10,Moderate Discount Strategy,3.5992307692307692,3.239307692307692,1775.1406153846153
12563,1185.18,113,12,9.257843616990552,14.918414918414918,Positive Response,10,Moderate Discount Strategy,3.921538461538461,3.529384615384615,398.82046153846153
12567,4255.03,1781,192,9.838659717084939,20.82901554404145,Positive Response,10,Moderate Discount Strategy,4.186683937823834,3.7680155440414507,6710.835683937824
12568,4308.58,48,4,8.529330233611137,19.68,Positive Response,10,Moderate Discount Strategy,6.234,5.6106,269.3088
12570,70.0,1,0,8.96304564731077,0.0,Positive Response,10,Moderate Discount Strategy,77.52,69.768,69.768
12573,555.62,395,90,4.821572978532912,23.138912369681602,Positive Response,10,Moderate Discount Strategy,2.2493406593406595,2.0244065934065936,799.6406043956044
12575,604.82,315,37,8.575292725862374,20.374269005847953,Positive Response,10,Moderate Discount Strategy,3.5702631578947375,3.213236842105264,1012.1696052631581
12576,811.59,527,53,9.420694445644346,11.94074074074074,Positive Response,10,Moderate Discount Strategy,2.866296296296296,2.5796666666666668,1359.4843333333333
12577,987.9499999999999,722,151,6.489172177396969,14.415789473684208,Positive Response,10,Moderate Discount Strategy,1.8311842105263156,1.648065789473684,1189.9035
12578,1735.94,1184,57,12.195048477222732,21.618773946360154,High Response,20,High Discount Strategy,3.0263793103448275,2.421103448275862,2866.586482758621
12580,1847.94,331,33,10.320516649178767,12.73001508295626,Positive Response,10,Moderate Discount Strategy,2.606176470588235,2.345558823529412,776.3799705882353
12582,1442.64,685,80,9.27444501691526,18.124632569077015,Positive Response,10,Moderate Discount Strategy,3.481728395061728,3.133555555555555,2146.4855555555555
12583,7112.06,3924,218,14.332218271676895,17.02737024127962,High Response,20,High Discount Strategy,3.093972602739726,2.475178082191781,9712.598794520549
12586,7166.06,608,82,10.165949831427163,24.799433026222538,Positive Response,10,Moderate Discount Strategy,5.244819277108434,4.720337349397591,2869.965108433735
12588,1865.73,385,35,9.467728094521641,24.891975308641975,Positive Response,10,Moderate Discount Strategy,6.514444444444444,5.8629999999999995,2257.2549999999997
12589,3994.98,1458,144,10.721858510475336,19.971706454465075,High Response,20,High Discount Strategy,10.707793103448276,8.566234482758622,12489.569875862071
12591,4048.98,425,41,8.687664348949022,21.123321123321126,Positive Response,10,Moderate Discount Strategy,4.775,4.2975,1826.4375000000002
12592,2140.02,1585,62,17.667520766500274,0.0,High Response,20,High Discount Strategy,12.9815873015873,10.38526984126984,16460.652698412698
12594,2145.06,991,80,9.688667877731866,16.261022927689595,Positive Response,10,Moderate Discount Strategy,3.1276543209876544,2.814888888888889,2789.554888888889
12595,1751.89,271,18,8.016710555630144,33.16959064327485,Positive Response,10,Moderate Discount Strategy,3.1905263157894734,2.871473684210526,778.1693684210526
12598,1439.01,942,73,10.639826270330008,17.15806715806716,Positive Response,10,Moderate Discount Strategy,2.743513513513513,2.4691621621621618,2325.9507567567566
12599,1511.01,1233,70,11.991429919384958,9.047224523612261,High Response,20,High Discount Strategy,2.5822535211267605,2.0658028169014084,2547.1348732394367
12600,2386.38,640,67,13.518676499519563,28.964409293129016,High Response,20,High Discount Strategy,6.17,4.936,3159.04
12601,2444.88,45,5,10.049992555952565,36.53333333333334,Positive Response,10,Moderate Discount Strategy,8.158333333333333,7.3425,330.4125
12605,1196.95,929,75,10.81421900148906,23.321234119782215,High Response,20,High Discount Strategy,2.224078947368421,1.7792631578947369,1652.9354736842106
12606,1232.95,1,0,11.127961106815905,0.0,High Response,20,High Discount Strategy,21.0,16.8,16.8
12608,414.84000000000003,323,15,12.716576390619744,21.59090909090909,High Response,20,High Discount Strategy,1.6275,1.302,420.546
12609,2255.01,905,114,9.876326393221953,19.075873827791984,Positive Response,10,Moderate Discount Strategy,4.169130434782609,3.7522173913043484,3395.756739130435
12613,3436.9900000000002,2513,172,10.53362236561894,20.388320735141544,Positive Response,10,Moderate Discount Strategy,2.9778612716763004,2.6800751445086703,6735.028838150289
12615,3472.9900000000002,1941,164,10.24671782780766,21.047397047397048,Positive Response,10,Moderate Discount Strategy,3.0444242424242423,2.739981818181818,5318.304709090909
12616,3449.79,214,21,9.463474200849392,15.85081585081585,Positive Response,10,Moderate Discount Strategy,3.6795454545454547,3.3115909090909095,708.6804545454546
12619,417.8,140,9,8.39173310535627,24.827586206896548,Positive Response,10,Moderate Discount Strategy,2.548,2.2932,321.048
12621,11050.14,6493,302,13.946203665396805,20.042311923500044,High Response,20,High Discount Strategy,3.2315511551155116,2.5852409240924095,16785.969320132015
12623,11086.14,1780,154,11.11746107213201,17.538461538461544,High Response,20,High Discount Strategy,3.0063870967741937,2.405109677419355,4281.095225806453
12625,3442.7400000000002,1697,96,11.348515068074478,22.861605748203687,High Response,20,High Discount Strategy,2.43,1.9440000000000002,3298.9680000000003
12629,2481.06,722,44,19.649214494498054,11.633986928104573,High Response,20,High Discount Strategy,3.997777777777778,3.1982222222222223,2309.1164444444444
12631,2826.07,1371,151,10.193050285301798,19.780701754385966,Positive Response,10,Moderate Discount Strategy,2.844868421052632,2.5603815789473687,3510.2831447368426
12632,2841.07,694,34,14.971400080145074,21.89714285714286,High Response,20,High Discount Strategy,2.2334285714285715,1.7867428571428574,1239.999542857143
12633,3460.18,2076,204,9.771126884399413,15.810790835181079,Positive Response,10,Moderate Discount Strategy,2.9680975609756097,2.6712878048780486,5545.593482926829
12634,3514.18,337,19,14.7264965584942,16.799999999999997,High Response,20,High Discount Strategy,7.777500000000001,6.222000000000001,2096.8140000000003
12635,1187.23,777,77,10.261276013830857,19.86013986013986,Positive Response,10,Moderate Discount Strategy,2.795512820512821,2.515961538461539,1954.9021153846156
12636,1241.23,1,0,10.474278103540508,0.0,Positive Response,10,Moderate Discount Strategy,141.0,126.9,126.9
12637,2246.91,1263,231,5.954466975905641,19.08930150309461,Positive Response,10,Moderate Discount Strategy,2.324956896551724,2.092461206896552,2642.7785043103454
12638,2280.91,86,8,9.364459001561741,14.222222222222221,Positive Response,10,Moderate Discount Strategy,6.888888888888889,6.2,533.2
12639,746.27,430,41,9.647615363412784,25.67195767195767,Positive Response,10,Moderate Discount Strategy,4.237857142857143,3.814071428571429,1640.0507142857143
12643,4909.78,2857,26,76.87218666124907,29.25925925925926,High Response,20,High Discount Strategy,8.987407407407407,7.189925925925926,20541.618370370372
12644,4960.18,707,79,9.860209514260571,26.072033898305087,Positive Response,10,Moderate Discount Strategy,3.629625,3.2666625,2309.5303875
12645,1710.1200000000001,1041,86,10.511357826563161,19.54022988505747,Positive Response,10,Moderate Discount Strategy,2.6298850574712644,2.366896551724138,2463.939310344828
12647,14111.53,5447,428,14.069709130751443,15.141525141525143,High Response,20,High Discount Strategy,4.737132867132867,3.7897062937062937,20642.530181818183
12648,14201.53,358,43,9.696282425857945,25.17719568567026,Positive Response,10,Moderate Discount Strategy,3.943636363636364,3.5492727272727276,1270.6396363636366
12649,1631.54,1373,86,10.686598561466344,25.294322535701845,Positive Response,10,Moderate Discount Strategy,2.720229885057471,2.448206896551724,3361.388068965517
12651,1671.14,187,20,8.557804705493233,14.476190476190476,Positive Response,10,Moderate Discount Strategy,1.9523809523809523,1.7571428571428571,328.5857142857143
12652,263.75,31,2,11.698357857448729,19.191919191919194,High Response,20,High Discount Strategy,5.0,4.0,124.0
12653,1903.78,762,42,16.861965733688244,23.333333333333336,High Response,20,High Discount Strategy,2.9111627906976745,2.3289302325581396,1774.6448372093023
12655,1950.98,80,15,8.868478452604863,18.914473684210524,Positive Response,10,Moderate Discount Strategy,5.490625,4.9415625,395.325
12656,2284.66,1137,120,9.389624441943603,25.872630043753038,Positive Response,10,Moderate Discount Strategy,3.303884297520661,2.973495867768595,3380.8648016528923
12661,2356.66,216,10,17.614483141387662,0.0,High Response,20,High Discount Strategy,0.8772727272727273,0.7018181818181819,151.5927272727273
12662,3120.2400000000002,1523,175,9.593286760331825,18.266317016317018,Positive Response,10,Moderate Discount Strategy,3.559090909090909,3.203181818181818,4878.445909090909
12663,3138.2400000000002,181,9,10.563185775013835,24.800000000000004,Positive Response,10,Moderate Discount Strategy,5.84,5.256,951.336
12664,1108.16,292,7,47.125301138141765,2.399999999999999,High Response,20,High Discount Strategy,12.7225,10.178,2971.976
12665,1188.16,128,13,10.120126645745414,23.886328725038403,Positive Response,10,Moderate Discount Strategy,4.510714285714285,4.059642857142856,519.6342857142856
12666,1217.82,370,30,14.665702526363013,23.605313092979127,High Response,20,High Discount Strategy,3.846774193548387,3.07741935483871,1138.6451612903227
12668,7413.88,3415,374,9.248189270772288,18.939682539682543,Positive Response,10,Moderate Discount Strategy,3.49808,3.148272,10751.34888
12670,7575.88,230,22,11.698977925072612,30.996925779534475,High Response,20,High Discount Strategy,5.530869565217392,4.424695652173914,1017.6800000000002
12671,2582.681,1460,44,17.61805852451719,28.358730158730157,High Response,20,High Discount Strategy,2.7264666666666666,2.181173333333333,3184.5130666666664
12672,2622.481,60,11,8.565570198918921,22.309027777777782,Positive Response,10,Moderate Discount Strategy,5.141666666666667,4.6275,277.65000000000003
12673,565.5,349,31,9.623127003786777,16.666666666666668,Positive Response,10,Moderate Discount Strategy,3.0109375,2.70984375,945.73546875
12675,944.5,336,111,4.527887332637345,23.04971988795518,Positive Response,10,Moderate Discount Strategy,3.8019642857142855,3.421767857142857,1149.714
12676,1471.7,1197,61,12.474065574779257,21.397849462365592,High Response,20,High Discount Strategy,3.9393548387096775,3.151483870967742,3772.3261935483874
12677,1511.7,176,20,9.64299168418056,11.544011544011545,Positive Response,10,Moderate Discount Strategy,4.0547619047619055,3.649285714285715,642.2742857142858
12678,16651.02,11449,210,36.381194566205366,20.05687203791469,High Response,20,High Discount Strategy,3.433364928909953,2.7466919431279626,31446.876056872043
12681,17008.74,10060,826,9.685391289920975,22.01165219303067,Positive Response,10,Moderate Discount Strategy,2.8506045949214025,2.5655441354292625,25809.374002418383
12682,17080.74,5443,513,9.853901154750373,19.480195550234463,Positive Response,10,Moderate Discount Strategy,3.4336575875486384,3.0902918287937746,16820.458424124514
12683,11745.69,2696,196,10.710800722339517,23.580987540378402,High Response,20,High Discount Strategy,2.9263959390862944,2.3411167512690354,6311.65076142132
12686,4220.21,107,6,6.92392415014452,21.68067226890756,Positive Response,10,Moderate Discount Strategy,3.2585714285714285,2.932714285714286,313.8004285714286
12687,2121.21,1403,125,14.350968627546616,19.474548440065682,High Response,20,High Discount Strategy,4.4835714285714285,3.586857142857143,5032.360571428572
12691,2138.91,51,6,8.83834446934832,11.76470588235294,Positive Response,10,Moderate Discount Strategy,5.364285714285714,4.827857142857143,246.22071428571428
12692,134.6,36,12,6.417219172459933,7.875457875457877,Positive Response,10,Moderate Discount Strategy,3.123076923076923,2.810769230769231,101.18769230769232
12693,829.11,281,39,9.310835975224535,18.072916666666664,Positive Response,10,Moderate Discount Strategy,4.71,4.239,1191.1589999999999
12694,958.93,846,45,12.487924817869683,19.356521739130436,High Response,20,High Discount Strategy,2.1069565217391304,1.6855652173913045,1425.9881739130435
12695,973.68,234,31,10.441462493272612,24.137931034482758,Positive Response,10,Moderate Discount Strategy,5.8909375,5.30184375,1240.6314375
12696,834.91,564,48,9.474159947020752,12.016326530612243,Positive Response,10,Moderate Discount Strategy,3.293673469387755,2.9643061224489795,1671.8686530612244
12698,851.91,111,15,9.156468904019,19.659090909090907,Positive Response,10,Moderate Discount Strategy,5.1,4.59,509.49
12699,566.11,373,40,9.366994252917515,22.15816703621582,Positive Response,10,Moderate Discount Strategy,3.111219512195122,2.80009756097561,1044.4363902439025
12701,1628.9,1049,93,10.158877580002958,22.727768685215498,Positive Response,10,Moderate Discount Strategy,2.916914893617021,2.625223404255319,2753.8593510638298
12703,1648.7,431,52,8.542630341157992,19.485420240137223,Positive Response,10,Moderate Discount Strategy,3.031509433962264,2.7283584905660376,1175.9225094339622
12705,4857.81,3191,264,10.595693817925396,22.48370497427101,Positive Response,10,Moderate Discount Strategy,2.3078490566037737,2.0770641509433965,6627.911705660378
12708,4893.81,1214,152,9.104226540309941,15.57231439584381,Positive Response,10,Moderate Discount Strategy,3.885228758169935,3.4967058823529413,4245.00094117647
12709,20981.94,9999,289,35.67961595325547,18.167189132706373,High Response,20,High Discount Strategy,4.1272413793103455,3.3017931034482766,33014.62924137932
12711,21107.94,770,59,10.721671670867533,16.040404040404038,High Response,20,High Discount Strategy,2.579333333333333,2.0634666666666663,1588.869333333333
12712,2746.53,1287,142,9.328706801856745,24.09624274031054,Positive Response,10,Moderate Discount Strategy,4.333216783216783,3.899895104895105,5019.165
12714,9222.85,5705,436,10.174818568299788,20.43686290825879,Positive Response,10,Moderate Discount Strategy,2.671395881006865,2.4042562929061786,13716.282151029749
12717,9384.85,94,15,8.624789534288304,16.440677966101696,Positive Response,10,Moderate Discount Strategy,5.961875,5.3656875,504.374625
12720,2406.94,1645,154,9.562341754030276,22.866080156402735,Positive Response,10,Moderate Discount Strategy,2.769741935483871,2.492767741935484,4100.602935483871
12721,2478.94,696,77,9.40303599534999,25.3006993006993,Positive Response,10,Moderate Discount Strategy,4.053589743589744,3.6482307692307696,2539.168615384616
12724,1356.95,934,75,10.226408031273223,20.423976608187132,Positive Response,10,Moderate Discount Strategy,2.890263157894737,2.6012368421052634,2429.555210526316
12725,2210.76,1142,105,10.613881877153359,25.366165653981454,Positive Response,10,Moderate Discount Strategy,5.955943396226416,5.360349056603774,6121.518622641511
12726,2266.76,1475,54,16.104336006430263,9.368983957219251,High Response,20,High Discount Strategy,2.3640000000000003,1.8912000000000004,2789.5200000000004
12727,1626.8300000000002,734,63,10.924105426738661,26.145833333333332,High Response,20,High Discount Strategy,3.423125,2.7385,2010.0590000000002
12728,1698.8300000000002,124,14,7.734190118376504,25.333333333333332,Positive Response,10,Moderate Discount Strategy,3.9679999999999995,3.5711999999999997,442.82879999999994
12730,811.55,234,46,7.767546928217082,22.377972465581976,Positive Response,10,Moderate Discount Strategy,4.915957446808511,4.42436170212766,1035.3006382978724
12731,6869.72,3204,118,23.605764294780933,22.913165266106446,High Response,20,High Discount Strategy,3.4414285714285713,2.753142857142857,8821.069714285713
12733,6879.8,759,134,7.859834326774602,18.564609053497943,Positive Response,10,Moderate Discount Strategy,3.424888888888889,3.0824000000000003,2339.5416
12734,2040.92,177,14,13.9684783121825,17.777777777777775,High Response,20,High Discount Strategy,4.543333333333334,3.6346666666666674,643.3360000000001
12737,529.25,2,1,18.162235502808333,47.30494542514486,High Response,20,High Discount Strategy,1855.25,1484.2,2968.4
12738,3710.5,148,10,10.343824051333176,12.834224598930478,Positive Response,10,Moderate Discount Strategy,3.95,3.555,526.14
12739,1460.69,465,50,11.477894219925002,22.897972748421402,High Response,20,High Discount Strategy,11.266666666666667,9.013333333333334,4191.2
12741,1713.69,214,15,11.201465071262028,16.6,High Response,20,High Discount Strategy,12.220625,9.7765,2092.1710000000003
12742,1188.32,1359,66,10.698225420184496,23.274536408864765,Positive Response,10,Moderate Discount Strategy,1.7086567164179105,1.5377910447761194,2089.8580298507463
12744,3970.57,1753,116,13.66758150062725,18.656898656898658,High Response,20,High Discount Strategy,3.1838461538461535,2.547076923076923,4465.025846153846
12745,4037.77,468,22,29.614041953866575,20.449775112443774,High Response,20,High Discount Strategy,11.71913043478261,9.375304347826088,4387.642434782609
12746,925.41,97,16,8.64882199841678,16.25124626121635,Positive Response,10,Moderate Discount Strategy,3.476470588235294,3.128823529411765,303.4958823529412
12747,5047.51,1473,152,12.12039393618377,15.38052509139249,High Response,20,High Discount Strategy,4.339607843137255,3.4716862745098043,5113.793882352942
12748,22442.0,13109,2530,4.357550709600827,21.195838272092715,Positive Response,10,Moderate Discount Strategy,3.6018806795732914,3.2416926116159623,42495.34844567365
12749,22457.9,889,138,9.90639230994452,25.59627592044012,Positive Response,10,Moderate Discount Strategy,6.165035971223021,5.548532374100719,4932.645280575539
12751,2806.48,189,61,3.0646371266386603,20.884495317377727,Positive Response,10,Moderate Discount Strategy,1.834032258064516,1.6506290322580646,311.9688870967742
12755,1424.31,2290,59,5.769613510445563,7.111111111111111,Positive Response,10,Moderate Discount Strategy,1.9468333333333334,1.75215,4012.4235000000003
12758,7094.25,4020,215,13.394443360029477,20.75735992402659,High Response,20,High Discount Strategy,2.5043981481481485,2.003518518518519,8054.144444444446
12759,7111.650000000001,2300,206,9.815407028024813,19.74679327003165,Positive Response,10,Moderate Discount Strategy,2.7155072463768115,2.4439565217391306,5621.1
12760,3489.3,198,20,9.229487743174632,21.746031746031747,Positive Response,10,Moderate Discount Strategy,2.979047619047619,2.681142857142857,530.8662857142857
12761,757.95,281,26,10.720375450044742,5.12820512820513,High Response,20,High Discount Strategy,4.394444444444445,3.515555555555556,987.8711111111113
12763,782.95,196,15,7.989755383503465,27.370689655172416,Positive Response,10,Moderate Discount Strategy,1.811875,1.6306874999999998,319.61474999999996
12765,1389.58,1009,67,10.600766117404207,16.988235294117647,Positive Response,10,Moderate Discount Strategy,2.6519117647058823,2.386720588235294,2408.201073529412
12766,2910.65,1800,144,10.07764467466009,24.919540229885058,Positive Response,10,Moderate Discount Strategy,2.8139999999999996,2.5325999999999995,4558.679999999999
12767,3078.65,598,42,11.065697255896747,17.42071881606765,High Response,20,High Discount Strategy,2.0948837209302327,1.6759069767441863,1002.1923720930234
12768,949.82,102,9,9.198895641700146,20.74576271186441,Positive Response,10,Moderate Discount Strategy,3.008,2.7072000000000003,276.1344
12770,1788.8,1100,15,47.001819533644735,13.522727272727272,High Response,20,High Discount Strategy,2.733125,2.1865,2405.15
12771,1895.0,104,14,10.546143649036715,32.0,Positive Response,10,Moderate Discount Strategy,5.656666666666666,5.091,529.464
12773,282.3,109,5,19.20004820903369,25.666666666666668,High Response,20,High Discount Strategy,2.018333333333333,1.6146666666666665,175.99866666666665
12774,124.25,53,5,8.670490604766204,16.666666666666668,Positive Response,10,Moderate Discount Strategy,3.966666666666667,3.5700000000000003,189.21
12775,285.08000000000004,206,14,9.450687060500655,19.555555555555554,Positive Response,10,Moderate Discount Strategy,3.4566666666666666,3.1109999999999998,640.866
12776,300.08000000000004,46,3,24.506509465672288,12.647058823529411,High Response,20,High Discount Strategy,7.53,6.024000000000001,277.10400000000004
12777,501.75,458,25,10.425847628336625,17.841191066997517,Positive Response,10,Moderate Discount Strategy,3.200384615384615,2.8803461538461534,1319.1985384615382
12778,893.4499999999999,910,63,10.18997608420637,11.70955882352941,Positive Response,10,Moderate Discount Strategy,2.6121875,2.3509687500000003,2139.3815625
12779,2723.51,1617,127,11.058188101152059,12.064393939393938,High Response,20,High Discount Strategy,2.577890625,2.0623125000000004,3334.7593125000008
12780,2740.91,285,19,10.359648464025017,26.931034482758623,Positive Response,10,Moderate Discount Strategy,3.037,2.7333,778.9905
12782,2231.32,931,123,9.224075235842026,21.148007590132824,Positive Response,10,Moderate Discount Strategy,4.066774193548388,3.660096774193549,3407.550096774194
12784,2287.32,582,71,9.914818265258118,20.714285714285715,Positive Response,10,Moderate Discount Strategy,3.6544444444444446,3.289,1914.198
12785,1230.33,322,41,9.53940323357305,16.806722689075627,Positive Response,10,Moderate Discount Strategy,5.525,4.9725,1601.145
12786,788.45,324,17,18.282239081433065,24.01129943502825,High Response,20,High Discount Strategy,3.1,2.4800000000000004,803.5200000000001
12787,728.5000000000001,249,23,10.016792419364156,13.787878787878787,Positive Response,10,Moderate Discount Strategy,2.422083333333333,2.179875,542.788875
12788,429.6,194,25,9.06142372201915,15.987933634992457,Positive Response,10,Moderate Discount Strategy,4.119230769230769,3.707307692307692,719.2176923076922
12789,444.90000000000003,32,3,12.287850017050921,25.187969924812027,High Response,20,High Discount Strategy,10.725,8.58,274.56
12790,251.92999999999998,140,15,8.791389809099815,28.83254716981132,Positive Response,10,Moderate Discount Strategy,5.2143749999999995,4.692937499999999,657.0112499999999
12791,848.51,353,27,11.353252488003685,18.04421768707483,High Response,20,High Discount Strategy,9.510714285714286,7.608571428571429,2685.8257142857146
12792,863.51,177,21,9.888674842741613,17.397504456327983,Positive Response,10,Moderate Discount Strategy,4.581363636363636,4.123227272727273,729.8112272727273
12793,455.35,231,26,9.058610488209373,10.774410774410773,Positive Response,10,Moderate Discount Strategy,4.1499999999999995,3.7349999999999994,862.7849999999999
12796,471.85,182,6,27.932279876051155,0.0,High Response,20,High Discount Strategy,3.814285714285714,3.0514285714285716,555.36
12797,524.08,215,29,8.844414530456724,27.51794871794872,Positive Response,10,Moderate Discount Strategy,5.305666666666666,4.7751,1026.6465
12798,1528.8500000000001,3199,24,59.89998755909233,4.952380952380952,High Response,20,High Discount Strategy,0.8536,0.68288,2184.53312
12799,1533.89,137,14,7.511063689382385,14.545454545454545,Positive Response,10,Moderate Discount Strategy,2.8366666666666664,2.553,349.76099999999997
12800,568.45,284,33,9.205988606006247,16.797385620915033,Positive Response,10,Moderate Discount Strategy,3.837058823529412,3.4533529411764707,980.7522352941177
12801,871.82,505,49,9.91881563467576,22.211494252873564,Positive Response,10,Moderate Discount Strategy,4.5974,4.13766,2089.5183
12802,1978.84,1658,112,10.553709078187646,25.518905872888173,Positive Response,10,Moderate Discount Strategy,2.6453097345132743,2.380778761061947,3947.3311858407083
12803,1988.84,872,54,12.210667006111661,19.490909090909092,High Response,20,High Discount Strategy,1.8143636363636364,1.4514909090909092,1265.7000727272728
12804,1092.81,270,65,2.536034263054741,22.7089072543618,Positive Response,10,Moderate Discount Strategy,2.022878787878788,1.8205909090909091,491.55954545454546
12805,1404.95,593,57,11.33685206292586,16.445623342175068,High Response,20,High Discount Strategy,3.6508620689655173,2.920689655172414,1731.9689655172415
12806,2863.96,2087,66,35.167886757162286,18.100407055630935,High Response,20,High Discount Strategy,6.652985074626866,5.322388059701493,11107.823880597016
12807,2878.96,145,15,9.213612821625285,17.59259259259259,Positive Response,10,Moderate Discount Strategy,6.4875,5.83875,846.61875
12808,394.45,187,25,9.165943964734232,10.531135531135533,Positive Response,10,Moderate Discount Strategy,3.6096153846153842,3.2486538461538457,607.4982692307691
12809,1098.63,298,55,8.875636988865685,18.84453781512605,Positive Response,10,Moderate Discount Strategy,7.442678571428571,6.698410714285714,1996.1263928571427
12810,1266.63,389,31,9.734546026426939,20.58062130177515,Positive Response,10,Moderate Discount Strategy,1.9415625,1.74740625,679.74103125
12811,534.99,205,24,9.26497946600606,15.764705882352938,Positive Response,10,Moderate Discount Strategy,4.64,4.176,856.08
12813,1684.8,1141,44,19.796876758056815,12.533333333333333,High Response,20,High Discount Strategy,2.3455555555555554,1.8764444444444444,2141.023111111111
12817,1687.8,166,20,10.138467025615743,24.584126984126982,Positive Response,10,Moderate Discount Strategy,6.78047619047619,6.102428571428571,1013.0031428571427
12819,524.94,344,18,13.775558067520086,20.095693779904305,High Response,20,High Discount Strategy,3.3342105263157897,2.667368421052632,917.5747368421054
12820,1733.98,1242,99,11.023862123369414,20.58181818181818,High Response,20,High Discount Strategy,2.8364,2.26912,2818.24704
12821,1747.18,92,6,9.934607539991955,9.142857142857142,Positive Response,10,Moderate Discount Strategy,2.327142857142857,2.0944285714285713,192.68742857142857
12823,4359.5,700,12,106.09521584012406,0.48455481526347605,High Response,20,High Discount Strategy,6.619230769230769,5.295384615384616,3706.769230769231
12825,4742.0,139,23,9.620003614983238,27.693602693602696,Positive Response,10,Moderate Discount Strategy,6.155833333333334,5.54025,770.0947500000001
12826,1463.33,937,74,15.466193794220219,16.646464646464647,High Response,20,High Discount Strategy,2.1054666666666666,1.6843733333333333,1578.2578133333334
12829,1481.03,174,7,6.508598185218989,43.761726078799256,Positive Response,10,Moderate Discount Strategy,4.391249999999999,3.9521249999999997,687.6697499999999
12831,210.56,168,12,9.144270234311238,16.456876456876458,Positive Response,10,Moderate Discount Strategy,2.666923076923077,2.4002307692307694,403.23876923076926
12835,5986.88,2349,614,4.6064830052686645,20.726287262872628,Positive Response,10,Moderate Discount Strategy,3.5974471544715443,3.23770243902439,7605.363029268292
12836,5996.83,1169,236,7.786020890403651,23.06944146463563,Positive Response,10,Moderate Discount Strategy,4.7457805907173,4.27120253164557,4993.035759493671
12837,3949.37,170,75,3.534414848291491,23.7675872850443,Positive Response,10,Moderate Discount Strategy,3.7292105263157898,3.356289473684211,570.5692105263158
12838,2659.35,1479,294,7.134744862629838,25.26032159930465,Positive Response,10,Moderate Discount Strategy,2.4155593220338982,2.1740033898305087,3215.3510135593224
12839,4465.31,3042,261,10.12562793241498,14.164885496183206,Positive Response,10,Moderate Discount Strategy,2.3444274809160306,2.1099847328244277,6418.573557251909
12840,4480.31,747,62,10.82359568227138,14.196174196174198,High Response,20,High Discount Strategy,2.3342857142857145,1.8674285714285717,1394.969142857143
12841,3463.31,2609,276,7.769740646635302,22.134877064063403,Positive Response,10,Moderate Discount Strategy,2.4609747292418773,2.2148772563176897,5778.6147617328525
12842,3472.61,340,13,34.824719324515776,21.84873949579832,High Response,20,High Discount Strategy,2.4714285714285715,1.9771428571428573,672.2285714285715
12843,4848.1,2247,115,12.69249946721352,17.717569786535304,High Response,20,High Discount Strategy,4.808448275862069,3.846758620689655,8643.666620689655
12844,4881.1,98,50,2.7422509064107663,22.439348620804257,Positive Response,10,Moderate Discount Strategy,4.004117647058823,3.603705882352941,353.1631764705882
12846,322.64,1,0,9.770644691355818,0.0,Positive Response,10,Moderate Discount Strategy,15.58,14.022,14.022
12847,757.86,624,34,14.726427097434845,7.817142857142858,High Response,20,High Discount Strategy,1.2762857142857142,1.0210285714285714,637.1218285714285
12848,765.36,58,15,5.061639441146349,21.31782945736434,Positive Response,10,Moderate Discount Strategy,3.971875,3.5746875,207.331875
12849,1972.78,1258,95,10.33072922734666,27.64830508474576,Positive Response,10,Moderate Discount Strategy,3.931770833333333,3.53859375,4451.5509375
12850,2032.18,200,1,22.900684482242465,0.0,High Response,20,High Discount Strategy,1.65,1.32,264.0
12851,330.0,51,29,2.9669841058484323,13.162393162393164,Positive Response,10,Moderate Discount Strategy,3.316666666666667,2.9850000000000003,152.235
12853,1775.2,868,69,11.146446068414898,21.972789115646258,High Response,20,High Discount Strategy,3.725,2.9800000000000004,2586.6400000000003
12854,1950.4,1004,151,6.283008885419934,22.92919799498747,Positive Response,10,Moderate Discount Strategy,3.055263157894737,2.7497368421052633,2760.7357894736842
12855,1654.72,240,66,10.360147027500233,24.59132906894101,Positive Response,10,Moderate Discount Strategy,5.414179104477612,4.872761194029851,1169.4626865671644
12857,2521.6,1077,74,11.759615682386904,21.746031746031747,High Response,20,High Discount Strategy,3.338,2.6704000000000003,2876.0208000000002
12858,2581.6,51,36,2.407735687829782,16.257796257796258,Positive Response,10,Moderate Discount Strategy,3.282972972972973,2.954675675675676,150.68845945945947
12859,554.7,292,20,14.856724313164719,11.678004535147394,High Response,20,High Discount Strategy,2.7261904761904763,2.180952380952381,636.8380952380953
12860,575.1,26,15,4.720682585428775,6.15,Positive Response,10,Moderate Discount Strategy,2.6325,2.36925,61.600500000000004
12861,54.22,27,3,8.12954412993247,32.8125,Positive Response,10,Moderate Discount Strategy,6.0,5.4,145.8
12862,972.82,611,130,3.9109217468727064,21.199563794983643,Positive Response,10,Moderate Discount Strategy,2.926564885496183,2.633908396946565,1609.3180305343512
12863,2199.35,707,42,12.332144370798055,16.374478234943354,High Response,20,High Discount Strategy,4.142325581395349,3.3138604651162797,2342.89934883721
12864,2271.35,231,3,14.880146219187267,20.0,High Response,20,High Discount Strategy,0.69,0.5519999999999999,127.51199999999999
12865,1735.44,1048,99,10.067688413609691,23.302564102564105,Positive Response,10,Moderate Discount Strategy,3.0066,2.70594,2835.82512
12866,1755.24,382,36,9.34941574173957,23.21921921921922,Positive Response,10,Moderate Discount Strategy,3.1924324324324327,2.8731891891891896,1097.5582702702704
12867,3804.92,3592,515,7.221863208811229,23.8,Positive Response,10,Moderate Discount Strategy,1.4178875968992248,1.2760988372093023,4583.7470232558135
12868,3819.92,354,38,9.389486849172265,20.573870573870575,Positive Response,10,Moderate Discount Strategy,2.7948717948717947,2.5153846153846153,890.4461538461538
12869,640.0,144,36,4.049851630622659,15.868725868725871,Positive Response,10,Moderate Discount Strategy,2.576216216216216,2.3185945945945945,333.8776216216216
12870,1659.55,906,92,9.090369982946466,24.710701484895033,Positive Response,10,Moderate Discount Strategy,4.554193548387097,4.098774193548388,3713.4894193548394
12871,1676.95,284,6,12.784588482026164,22.26600985221675,High Response,20,High Discount Strategy,3.9057142857142857,3.1245714285714286,887.3782857142858
12872,3060.62,1526,365,4.755693941603376,19.98178506375228,Positive Response,10,Moderate Discount Strategy,2.6309289617486336,2.3678360655737705,3613.317836065574
12873,3062.52,658,30,21.090204199715078,24.187223276407334,High Response,20,High Discount Strategy,3.3606451612903228,2.6885161290322586,1769.0436129032262
12874,1653.3,623,47,11.01453273396251,16.966067864271455,High Response,20,High Discount Strategy,3.0775,2.462,1533.826
12875,948.42,3168,5,143.31610596791225,30.898876404494384,High Response,20,High Discount Strategy,0.445,0.35600000000000004,1127.8080000000002
12876,1788.77,1106,84,11.304205400279638,26.497737556561088,High Response,20,High Discount Strategy,2.785058823529412,2.2280470588235297,2464.2200470588236
12877,1863.77,1059,119,8.508809770939079,18.666666666666668,Positive Response,10,Moderate Discount Strategy,2.0900000000000003,1.8810000000000002,1991.9790000000003
12880,1406.3700000000001,279,35,8.932210564937082,28.797385620915033,Positive Response,10,Moderate Discount Strategy,4.122777777777778,3.7105000000000006,1035.2295000000001
12887,640.13,100,12,8.66411568709522,21.642764015645373,Positive Response,10,Moderate Discount Strategy,4.742307692307692,4.268076923076923,426.8076923076923
12889,368.46000000000004,124,24,8.149789695683264,23.854545454545455,Positive Response,10,Moderate Discount Strategy,5.0931999999999995,4.58388,568.40112
12890,385.46000000000004,201,55,3.7375411850609543,15.50691244239631,Positive Response,10,Moderate Discount Strategy,2.1248214285714284,1.9123392857142856,384.3801964285714
12891,441.5,1375,7,76.01986444558466,7.142857142857139,High Response,20,High Discount Strategy,0.39,0.31200000000000006,429.00000000000006
12892,509.5,140,17,8.870620582435787,25.649717514124294,Positive Response,10,Moderate Discount Strategy,3.31,2.979,417.06
12894,263.38,33,20,3.7833145213211803,10.476190476190476,Positive Response,10,Moderate Discount Strategy,5.633333333333333,5.069999999999999,167.30999999999997
12897,239.75,139,9,9.160096149195642,15.346534653465351,Positive Response,10,Moderate Discount Strategy,4.205,3.7845,526.0455
12898,297.75,235,26,3.387199826389623,28.641975308641978,Positive Response,10,Moderate Discount Strategy,2.374814814814815,2.1373333333333333,502.2733333333333
12899,351.4,108,16,9.987968142999211,23.529411764705884,Positive Response,10,Moderate Discount Strategy,5.067647058823529,4.560882352941176,492.57529411764705
12900,366.4,139,12,10.555785187905554,15.324283559577676,Positive Response,10,Moderate Discount Strategy,3.6169230769230767,3.255230769230769,452.4770769230769
12903,818.6800000000001,493,40,10.587388080492348,17.839721254355403,Positive Response,10,Moderate Discount Strategy,2.2826829268292683,2.0544146341463416,1012.8264146341464
12905,1008.22,532,53,9.891861842432574,24.72720031859817,Positive Response,10,Moderate Discount Strategy,3.6487037037037036,3.2838333333333334,1746.9993333333334
12907,1018.42,177,24,9.093173021073232,11.715254237288136,Positive Response,10,Moderate Discount Strategy,5.2084,4.68756,829.69812
12908,636.0,1800,2,374.29772007697466,0.0,High Response,20,High Discount Strategy,0.57,0.45599999999999996,820.8
12909,1026.0,668,66,9.531772715741468,20.624151967435548,Positive Response,10,Moderate Discount Strategy,2.517910447761194,2.266119402985075,1513.76776119403
12910,2671.98,1940,61,19.104659909448888,21.896383186705766,High Response,20,High Discount Strategy,1.7306451612903226,1.3845161290322583,2685.961290322581
12911,2721.48,807,235,2.746249783382716,23.06900726392252,Positive Response,10,Moderate Discount Strategy,3.1703389830508475,2.8533050847457626,2302.6172033898306
12913,4119.13,1813,45,36.11042178491746,16.94799658994032,High Response,20,High Discount Strategy,3.285,2.628,4764.564
12914,4217.23,336,8,8.785026211438158,21.48148148148148,Positive Response,10,Moderate Discount Strategy,1.1444444444444444,1.03,346.08
12915,785.6,359,50,8.941945373537344,29.21830065359477,Positive Response,10,Moderate Discount Strategy,5.038627450980392,4.534764705882353,1627.9805294117646
12916,1514.98,598,68,9.722674316650691,22.153846153846153,Positive Response,10,Moderate Discount Strategy,4.838260869565218,4.354434782608696,2603.9520000000007
12917,3748.2,984,47,36.626723792291614,20.80223880597015,High Response,20,High Discount Strategy,3.6187500000000004,2.8950000000000005,2848.6800000000003
12918,3765.2,1,0,10.282282945288566,0.0,Positive Response,10,Moderate Discount Strategy,10953.5,9858.15,9858.15
12920,10953.5,292,31,7.798863123471872,32.623456790123456,Positive Response,10,Moderate Discount Strategy,2.421875,2.1796875,636.46875
12921,19320.75,12182,813,11.115568190387352,18.219790037971855,High Response,20,High Discount Strategy,2.2496191646191646,1.7996953316953317,21923.88853071253
12923,19333.95,162,31,10.833535954977012,21.11111111111111,High Response,20,High Discount Strategy,4.1734375,3.3387500000000006,540.8775
12924,1505.7,942,43,13.523667681438747,19.463869463869464,High Response,20,High Discount Strategy,2.069318181818182,1.6554545454545455,1559.4381818181819
12925,1535.7,108,4,30.977808053860354,10.0,High Response,20,High Discount Strategy,0.378,0.3024,32.6592
12926,1508.67,754,261,2.4898002608784497,18.635740849481312,Positive Response,10,Moderate Discount Strategy,2.5360305343511453,2.2824274809160308,1720.9503206106872
12927,1523.97,145,10,9.530161913496281,20.165289256198346,Positive Response,10,Moderate Discount Strategy,2.830909090909091,2.547818181818182,369.4336363636364
12928,2222.03,1427,94,11.482119951760986,16.221322537112012,High Response,20,High Discount Strategy,1.9147368421052633,1.5317894736842108,2185.8635789473688
12931,49571.38,34902,135,190.12098130393076,15.349898580121703,High Response,20,High Discount Strategy,2.13,1.704,59473.008
12932,50291.38,1609,94,10.551828688662873,20.429473684210528,Positive Response,10,Moderate Discount Strategy,2.076105263157895,1.8684947368421057,3006.408031578948
12933,1698.56,450,182,2.4884672116178157,22.7581735667315,Positive Response,10,Moderate Discount Strategy,3.3950273224043714,3.0555245901639343,1374.9860655737705
12934,1029.1,31,1,23.982437805727553,45.932325413966886,High Response,20,High Discount Strategy,41.67,33.336000000000006,1033.4160000000002
12935,2062.76,1348,124,9.751712301707745,24.133333333333336,Positive Response,10,Moderate Discount Strategy,3.1868000000000003,2.8681200000000002,3866.2257600000003
12937,2083.16,976,96,9.042808351809425,17.425804436113715,Positive Response,10,Moderate Discount Strategy,2.346185567010309,2.1115670103092783,2060.8894020618554
12939,13438.92,5452,38,178.9954676233971,19.075712881022618,High Response,20,High Discount Strategy,2.831538461538462,2.2652307692307696,12350.038153846155
12941,13683.0,381,26,9.979652842347702,24.880174291938996,Positive Response,10,Moderate Discount Strategy,1.6459259259259258,1.4813333333333332,564.3879999999999
12942,377.49,69,15,8.520369532513449,20.052083333333336,Positive Response,10,Moderate Discount Strategy,5.471875,4.9246875,339.80343750000003
12943,476.59999999999997,222,24,8.208683213939661,16.000000000000004,Positive Response,10,Moderate Discount Strategy,5.11,4.599,1020.9780000000001
12945,496.5,281,27,8.353636695857077,17.50915750915751,Positive Response,10,Moderate Discount Strategy,2.6992857142857143,2.429357142857143,682.6493571428572
12946,437.16,149,19,8.711506746643433,10.952380952380953,Positive Response,10,Moderate Discount Strategy,3.3175,2.98575,444.87674999999996
12947,324.45,184,16,10.122283319330888,31.188004613610154,Positive Response,10,Moderate Discount Strategy,2.9605882352941175,2.664529411764706,490.2734117647059
12948,304.04,224,8,20.19323596844227,16.632996632996633,High Response,20,High Discount Strategy,1.6422222222222222,1.313777777777778,294.28622222222225
12949,11319.68,5852,499,10.224827683379813,21.49142857142857,Positive Response,10,Moderate Discount Strategy,3.19612,2.8765080000000003,16833.324816
12951,11359.48,1159,130,9.53816576914639,19.3020719738277,Positive Response,10,Moderate Discount Strategy,2.790839694656489,2.5117557251908402,2911.1248854961837
12953,2149.65,280,30,9.368242316615136,28.266812465828323,Positive Response,10,Moderate Discount Strategy,4.2051612903225815,3.7846451612903236,1059.7006451612906
12954,498.96,83,9,7.921643926852693,17.65432098765432,Positive Response,10,Moderate Discount Strategy,3.115,2.8035,232.69050000000001
12956,399.90000000000003,306,22,10.496815193837666,19.39393939393939,Positive Response,10,Moderate Discount Strategy,1.838695652173913,1.654826086956522,506.3767826086957
12957,4674.45,2137,251,9.925083095311969,23.311810599946195,Positive Response,10,Moderate Discount Strategy,3.8642857142857143,3.4778571428571428,7432.180714285714
12958,4689.43,118,48,4.285929961850485,20.311310965063992,Positive Response,10,Moderate Discount Strategy,4.318163265306122,3.88634693877551,458.58893877551014
12959,467.34,109,7,7.544148053373584,15.277777777777777,Positive Response,10,Moderate Discount Strategy,3.8,3.42,372.78
12960,1306.47,1379,69,10.976859017835663,23.41125541125541,High Response,20,High Discount Strategy,2.0588571428571427,1.6470857142857143,2271.3312
12961,1322.0700000000002,180,39,4.309146301600661,24.924242424242422,Positive Response,10,Moderate Discount Strategy,1.62625,1.463625,263.4525
12963,1694.56,928,94,9.934721094847273,22.588235294117645,Positive Response,10,Moderate Discount Strategy,3.3046315789473684,2.9741684210526316,2760.0282947368423
12964,1744.96,56,25,2.9387143573043746,16.904761904761905,Positive Response,10,Moderate Discount Strategy,3.621923076923077,3.2597307692307695,182.54492307692308
12967,2638.2200000000003,834,60,12.179961626054874,22.123341139734585,High Response,20,High Discount Strategy,4.851803278688524,3.8814426229508197,3237.1231475409836
12969,2646.02,55,4,11.02126594909904,13.333333333333332,High Response,20,High Discount Strategy,4.59,3.672,201.96
12970,1044.23,686,215,2.4798949073423153,18.94500561167228,Positive Response,10,Moderate Discount Strategy,2.2030555555555558,1.9827500000000002,1360.1665000000003
12971,4765.18,5298,119,36.337836324445604,28.94771241830065,High Response,20,High Discount Strategy,2.8459999999999996,2.2767999999999997,12062.486399999998
12972,4782.88,844,76,9.742883510966758,32.54792826221398,Positive Response,10,Moderate Discount Strategy,3.2216883116883115,2.8995194805194804,2447.1944415584417
12973,1161.2,31,5,56.12919476556027,18.143459915611814,High Response,20,High Discount Strategy,28.375,22.700000000000003,703.7
12974,385.55,80,23,6.622665297047232,30.04201680672269,Positive Response,10,Moderate Discount Strategy,4.665,4.1985,335.88
12975,2082.69,911,111,9.653492820296718,29.363006396588485,Positive Response,10,Moderate Discount Strategy,4.553214285714286,4.097892857142857,3733.1803928571426
12976,2407.58,2123,131,11.69623580597107,30.693296602387512,High Response,20,High Discount Strategy,1.5421969696969697,1.2337575757575758,2619.2673333333337
12977,2417.78,116,48,5.831530285190657,22.953995157384988,Positive Response,10,Moderate Discount Strategy,6.1544897959183675,5.539040816326531,642.5287346938776
12978,2462.26,1394,162,8.956194299468512,19.42861291610702,Positive Response,10,Moderate Discount Strategy,2.5976073619631905,2.3378466257668715,3258.958196319019
12979,2502.82,520,55,3.486118578165121,21.7065868263473,Positive Response,10,Moderate Discount Strategy,2.350892857142857,2.1158035714285717,1100.2178571428572
12980,8424.48,1024,31,79.01769326383771,10.342741935483872,High Response,20,High Discount Strategy,14.584687500000001,11.667750000000002,11947.776000000002
12982,8870.880000000001,1441,149,9.19399441419414,24.692063492063493,Positive Response,10,Moderate Discount Strategy,3.0938,2.78442,4012.34922
12983,2354.27,638,29,17.074758436909026,18.470588235294112,High Response,20,High Discount Strategy,1.0796666666666668,0.8637333333333335,551.0618666666668
12986,2712.84,1164,101,10.427680179981175,22.093718843469595,Positive Response,10,Moderate Discount Strategy,3.8796078431372547,3.491647058823529,4064.277176470588
12987,2729.84,366,37,9.769433084334608,26.913470115967886,Positive Response,10,Moderate Discount Strategy,4.07578947368421,3.6682105263157894,1342.565052631579
12989,5817.64,3992,32,48.10428851197705,12.525252525252522,High Response,20,High Discount Strategy,2.9887878787878788,2.3910303030303033,9544.99296969697
12990,6627.64,280,13,13.407339485157731,0.0,High Response,20,High Discount Strategy,1.95,1.56,436.8
12991,546.0,78,13,8.733449212805946,18.321428571428573,Positive Response,10,Moderate Discount Strategy,7.892142857142858,7.102928571428572,554.0284285714287
12992,261.06,21,5,8.686471963371561,7.116104868913858,Positive Response,10,Moderate Discount Strategy,4.55,4.095,85.99499999999999
12993,827.17,511,48,9.758363431370043,9.96907854050711,Positive Response,10,Moderate Discount Strategy,2.414081632653061,2.172673469387755,1110.2361428571428
12996,844.87,122,21,8.512210525753918,30.073461891643714,Positive Response,10,Moderate Discount Strategy,5.7318181818181815,5.158636363636363,629.3536363636363
12997,873.82,522,47,9.494988966209592,21.438492063492063,Positive Response,10,Moderate Discount Strategy,2.5425,2.28825,1194.4665
12998,884.02,1124,57,8.796027997855056,30.33103448275862,Positive Response,10,Moderate Discount Strategy,1.5932758620689655,1.433948275862069,1611.7578620689656
13000,920.08,169,30,8.704919955603806,21.118279569892472,Positive Response,10,Moderate Discount Strategy,4.106451612903226,3.695806451612903,624.5912903225807
13001,14241.08,7958,677,8.822216330478009,18.061417441948418,Positive Response,10,Moderate Discount Strategy,2.5141150442477875,2.2627035398230086,18006.594769911502
13002,14256.68,128,15,9.481499233126213,19.343220338983052,Positive Response,10,Moderate Discount Strategy,3.2825,2.95425,378.144
13004,5968.54,3946,410,8.749520139497921,22.235493622354934,Positive Response,10,Moderate Discount Strategy,2.6330900243309006,2.3697810218978104,9351.15591240876
13005,5994.94,290,29,8.903589111589628,32.21818181818182,Positive Response,10,Moderate Discount Strategy,3.8706666666666667,3.4836,1010.244
13007,485.98,59,10,9.09010401278786,12.63482280431433,Positive Response,10,Moderate Discount Strategy,5.995454545454546,5.395909090909091,318.3586363636364
13008,367.81,204,20,9.344333648205914,20.466853408029877,Positive Response,10,Moderate Discount Strategy,2.8233333333333333,2.541,518.364
13009,382.66,120,3,23.708217252368023,0.0,High Response,20,High Discount Strategy,1.95,1.56,187.20000000000002
13010,294.72,323,11,28.415820432212186,16.92913385826772,High Response,20,High Discount Strategy,1.7841666666666667,1.4273333333333333,461.02866666666665
13011,330.12,13,2,8.444290182227405,7.11111111111111,Positive Response,10,Moderate Discount Strategy,4.216666666666667,3.7950000000000004,49.33500000000001
13012,1260.5900000000001,739,64,10.18278232688399,20.937728937728938,Positive Response,10,Moderate Discount Strategy,2.847230769230769,2.562507692307692,1893.6931846153846
13013,7784.2300000000005,4239,334,10.991104257578161,21.599147121535182,High Response,20,High Discount Strategy,2.996865671641791,2.397492537313433,10162.970865671643
13014,7814.83,1074,114,9.879669106767091,15.595574993568304,Positive Response,10,Moderate Discount Strategy,3.1179130434782607,2.8061217391304347,3013.7747478260867
13015,3217.64,1918,172,9.85955504774584,20.453534904401955,Positive Response,10,Moderate Discount Strategy,5.026127167630058,4.523514450867053,8676.100716763007
13018,3240.14,1311,144,9.336260591585049,20.39737274220033,Positive Response,10,Moderate Discount Strategy,4.410620689655172,3.969558620689655,5204.091351724138
13019,2485.46,397,54,10.14261874442296,19.224242424242423,Positive Response,10,Moderate Discount Strategy,4.217090909090909,3.795381818181818,1506.7665818181817
13020,1229.95,278,38,8.661092089852112,20.104302477183836,Positive Response,10,Moderate Discount Strategy,3.4451282051282055,3.100615384615385,861.9710769230771
13021,2233.66,1194,125,9.630142651075664,15.472411186696903,Positive Response,10,Moderate Discount Strategy,3.6421428571428573,3.2779285714285717,3913.846714285715
13022,2270.86,35,4,7.740538199072608,11.034482758620689,Positive Response,10,Moderate Discount Strategy,5.0600000000000005,4.554,159.39000000000001
13023,651.13,299,35,8.978549171138877,28.23611111111111,Positive Response,10,Moderate Discount Strategy,5.911944444444444,5.320749999999999,1590.9042499999998
13024,759.13,181,30,8.894043864956446,21.763440860215052,Positive Response,10,Moderate Discount Strategy,5.2458064516129035,4.7212258064516135,854.541870967742
13025,555.87,241,12,13.763866953640237,19.86013986013986,High Response,20,High Discount Strategy,2.1415384615384614,1.7132307692307691,412.8886153846154
13026,727.48,846,41,12.664061355917092,24.152380952380952,High Response,20,High Discount Strategy,1.5095238095238095,1.2076190476190476,1021.6457142857142
13027,9655.2,25560,58,203.18352021680062,0.0,High Response,20,High Discount Strategy,0.4040677966101695,0.3232542372881356,8262.378305084747
13029,10327.2,60,6,59.385735032276855,14.527845036319615,High Response,20,High Discount Strategy,8.921428571428573,7.137142857142859,428.2285714285715
13030,679.8,174,56,4.071569691256941,15.672514619883042,Positive Response,10,Moderate Discount Strategy,3.2338596491228073,2.9104736842105265,506.4224210526316
13031,3262.84,2309,406,3.983267458353428,20.44226044226044,Positive Response,10,Moderate Discount Strategy,2.497223587223587,2.2475012285012284,5189.4803366093365
13032,3292.84,899,135,7.077260510179611,18.41386554621849,Positive Response,10,Moderate Discount Strategy,3.2475,2.92275,2627.55225
13033,1805.78,15,1,7.644358521441337,1.8518518518518507,Positive Response,10,Moderate Discount Strategy,2.025,1.8225,27.3375
13034,266.39,153,17,8.651341830450995,17.187928669410148,Positive Response,10,Moderate Discount Strategy,2.806111111111111,2.5255,386.4015
13035,415.92,282,14,15.933623497883751,27.215686274509803,High Response,20,High Discount Strategy,2.2893333333333334,1.8314666666666668,516.4736
13036,442.32,38,5,10.552027277257128,21.071953010279,Positive Response,10,Moderate Discount Strategy,9.658333333333333,8.6925,330.31500000000005
13037,3013.98,1699,183,9.051744924293613,19.780020703933747,Positive Response,10,Moderate Discount Strategy,3.45429347826087,3.108864130434783,5281.960157608696
13039,3033.88,290,54,9.311758414668766,23.709825528007347,Positive Response,10,Moderate Discount Strategy,5.494363636363636,4.944927272727273,1434.028909090909
13041,1010.73,335,34,11.66830801816994,17.91767554479419,High Response,20,High Discount Strategy,3.824857142857143,3.0598857142857145,1025.0617142857143
13042,1482.24,812,183,4.61185673681014,16.959109730848862,Positive Response,10,Moderate Discount Strategy,3.1194565217391306,2.807510869565218,2279.6988260869566
13044,4279.08,2119,382,5.453488694470985,19.144406507330793,Positive Response,10,Moderate Discount Strategy,3.3058224543080943,2.975240208877285,6304.534002610967
13045,4287.58,184,26,9.49962139860946,15.254237288135595,Positive Response,10,Moderate Discount Strategy,3.864074074074074,3.4776666666666665,639.8906666666667
13046,503.64,241,20,8.871035279565273,23.35869258946182,Positive Response,10,Moderate Discount Strategy,3.0685714285714285,2.7617142857142856,665.5731428571428
13047,5539.77,2038,222,11.411684400608467,24.942231601160643,High Response,20,High Discount Strategy,5.257892376681614,4.2063139013452915,8572.467730941704
13048,5557.62,1433,129,10.794676082899208,15.524475524475523,High Response,20,High Discount Strategy,2.011,1.6088000000000002,2305.4104
13049,2229.7200000000003,352,11,16.90759802069876,19.18918918918919,High Response,20,High Discount Strategy,2.3033333333333332,1.8426666666666667,648.6186666666666
13050,6462.67,3449,598,6.092055933104016,15.93969747559063,Positive Response,10,Moderate Discount Strategy,3.0625542570951585,2.7562988313856427,9506.474669449082
13051,6477.67,72,3,16.60385576528756,23.504273504273502,High Response,20,High Discount Strategy,5.3625,4.29,308.88
13052,2755.88,1202,229,5.909546735070035,20.093776641091218,Positive Response,10,Moderate Discount Strategy,3.6577391304347824,3.2919652173913043,3956.942191304348
13053,2771.18,47,16,4.703581580684341,12.605042016806724,Positive Response,10,Moderate Discount Strategy,3.1029411764705883,2.7926470588235297,131.2544117647059
13055,1096.62,927,77,9.9040500228912,24.87179487179487,Positive Response,10,Moderate Discount Strategy,2.073974358974359,1.8665769230769231,1730.3168076923077
13056,1106.7,158,18,6.005126779218061,32.27244582043344,Positive Response,10,Moderate Discount Strategy,4.775789473684211,4.298210526315789,679.1172631578947
13057,707.04,456,39,5.851781634160818,5.720000000000001,Positive Response,10,Moderate Discount Strategy,1.996,1.7964,819.1584
13059,2103.37,825,189,3.7933186095008726,25.55087719298245,Positive Response,10,Moderate Discount Strategy,4.386684210526316,3.9480157894736845,3257.1130263157897
13063,2108.37,116,11,8.660715536128153,11.494252873563218,Positive Response,10,Moderate Discount Strategy,2.2916666666666665,2.0625,239.25
13064,553.75,154,24,10.689612433343974,10.745098039215684,Positive Response,10,Moderate Discount Strategy,8.542,7.6878,1183.9212
13065,1046.1000000000001,381,61,9.296548772945357,14.308365226899946,Positive Response,10,Moderate Discount Strategy,4.2616129032258065,3.835451612903226,1461.307064516129
13067,1055.05,99,16,10.396261810078737,11.607843137254903,Positive Response,10,Moderate Discount Strategy,5.194117647058824,4.674705882352941,462.7958823529412
13069,5182.56,9481,656,19.264318270065036,22.536783358701165,High Response,20,High Discount Strategy,1.9813394216133942,1.5850715372907154,15028.063245053272
13070,5185.51,262,23,10.43257191520533,0.0,Positive Response,10,Moderate Discount Strategy,2.033333333333333,1.8299999999999998,479.46
13071,522.9,30,11,8.117675199598683,15.96707818930041,Positive Response,10,Moderate Discount Strategy,4.105833333333334,3.6952500000000006,110.85750000000002
13073,384.18,261,26,8.573021750221075,21.120607787274455,Positive Response,10,Moderate Discount Strategy,3.5548148148148146,3.199333333333333,835.026
13074,1204.74,826,28,11.666037074224425,18.503798947983636,High Response,20,High Discount Strategy,3.955862068965517,3.1646896551724137,2614.0336551724135
13076,1378.74,44,8,8.761588690257078,16.88888888888889,Positive Response,10,Moderate Discount Strategy,3.9833333333333334,3.585,157.74
13077,2281.35,1909,232,8.368970426175943,25.683443880868772,Positive Response,10,Moderate Discount Strategy,2.1534763948497853,1.9381287553648068,3699.887793991416
13078,16823.15,6553,442,16.07924083547686,25.71632140740593,High Response,20,High Discount Strategy,3.8369525959367947,3.069562076749436,20114.840288939053
13079,16904.51,96,10,9.915311317602594,5.379236148466918,Positive Response,10,Moderate Discount Strategy,2.5172727272727276,2.265545454545455,217.49236363636368
13080,205.65,73,12,8.742571706588933,13.203214695752012,Positive Response,10,Moderate Discount Strategy,3.6769230769230767,3.309230769230769,241.57384615384615
13081,30856.170000000002,22355,1329,10.813316326257112,19.045413533834587,High Response,20,High Discount Strategy,2.034458646616541,1.627566917293233,36384.258436090226
13082,30867.77,4142,55,58.65449347225377,30.576923076923077,High Response,20,High Discount Strategy,2.0867857142857145,1.6694285714285717,6914.773142857144
13083,3722.12,120,3,37.59089285457326,16.92913385826772,High Response,20,High Discount Strategy,0.635,0.508,60.96
13084,91.67999999999999,144,1,48.30451553581213,0.0,High Response,20,High Discount Strategy,0.85,0.68,97.92
13085,2002.2,728,61,16.905791048305538,21.131765992345546,High Response,20,High Discount Strategy,3.4040322580645164,2.7232258064516133,1982.5083870967744
13086,2017.2,155,46,5.059136580488485,22.110638297872338,Positive Response,10,Moderate Discount Strategy,3.93468085106383,3.541212765957447,548.8879787234043
13087,439.33000000000004,86,14,10.493137697658797,26.476190476190474,Positive Response,10,Moderate Discount Strategy,5.718,5.1462,442.57320000000004
13088,313.64,76,19,5.435381280310758,15.450980392156861,Positive Response,10,Moderate Discount Strategy,4.156000000000001,3.7404000000000006,284.27040000000005
13089,57868.05,29125,1541,14.604718363828173,19.79837283339229,High Response,20,High Discount Strategy,2.6565304798962384,2.125224383916991,61897.16018158236
13090,57885.45,1181,126,8.067176987630459,29.06979847858001,Positive Response,10,Moderate Discount Strategy,4.656456692913386,4.1908110236220475,4949.347818897638
13091,5189.32,873,23,70.94553507370038,24.933333333333334,High Response,20,High Discount Strategy,52.00541666666666,41.60433333333333,36320.583
13092,1976.0,385,79,9.759876873847436,15.819892473118282,Positive Response,10,Moderate Discount Strategy,5.313125,4.7818125,1840.9978125
13093,46976.18,22266,890,17.478586958009622,21.106009590858076,High Response,20,High Discount Strategy,2.801952861952862,2.2415622895622898,49910.62593939395
13094,47111.18,372,7,29.32973819354767,9.43223443223443,High Response,20,High Discount Strategy,1.6825,1.346,500.71200000000005
13096,505.80000000000007,6,0,9.355747117329102,0.0,Positive Response,10,Moderate Discount Strategy,69.95,62.955000000000005,377.73
13097,7301.08,2985,582,5.20918571214729,25.41907724510859,Positive Response,10,Moderate Discount Strategy,4.298833619210978,3.86895025728988,11548.816518010291
13101,7320.88,365,42,3.8560514111624564,16.772374911909797,Positive Response,10,Moderate Discount Strategy,2.5032558139534884,2.2529302325581395,822.319534883721
13102,5257.83,2372,187,10.985742192933452,17.854609929078016,High Response,20,High Discount Strategy,3.7316489361702123,2.98531914893617,7081.177021276596
13103,5272.83,344,24,10.452727612671982,22.56,Positive Response,10,Moderate Discount Strategy,1.7728,1.59552,548.85888
13104,590.4599999999999,330,9,27.465508065127715,21.26881720430108,High Response,20,High Discount Strategy,2.195,1.756,579.48
13105,610.62,100,0,40.851273438620616,0.0,High Response,20,High Discount Strategy,0.72,0.576,57.599999999999994
13106,514.46,213,14,30.356175757083314,1.0133333333333332,High Response,20,High Discount Strategy,13.894,11.115200000000002,2367.5376
13107,3619.45,3023,119,17.810431301300984,26.446666666666665,High Response,20,High Discount Strategy,1.94425,1.5554000000000001,4701.974200000001
13108,3721.45,745,34,12.358353420992472,20.80672268907563,High Response,20,High Discount Strategy,1.4160000000000001,1.1328000000000003,843.9360000000001
13109,748.46,237,22,9.378068594210347,23.18840579710145,Positive Response,10,Moderate Discount Strategy,3.1586956521739133,2.842826086956522,673.7497826086957
13110,1461.0,375,106,5.402801005732164,19.18006230529595,Positive Response,10,Moderate Discount Strategy,4.916728971962617,4.425056074766355,1659.3960280373833
13111,1468.8,180,11,11.074723900912064,19.393939393939394,High Response,20,High Discount Strategy,1.9716666666666667,1.5773333333333335,283.92
13112,321.88000000000005,11,1,8.979782949790248,21.186440677966104,Positive Response,10,Moderate Discount Strategy,1.475,1.3275000000000001,14.602500000000001
13113,6181.88,1495,186,7.7132906243638955,24.374150276443398,Positive Response,10,Moderate Discount Strategy,3.9529411764705884,3.55764705882353,5318.682352941177
13114,6357.08,74,15,8.236157142270443,27.272727272727273,Positive Response,10,Moderate Discount Strategy,5.59625,5.036625000000001,372.7102500000001
13115,3182.92,2367,193,10.597189401149095,21.95876288659794,Positive Response,10,Moderate Discount Strategy,2.5144845360824744,2.263036082474227,5356.606407216495
13117,3199.92,1122,111,9.14318225234267,22.88961038961039,Positive Response,10,Moderate Discount Strategy,2.7704464285714288,2.493401785714286,2797.596803571429
13118,1658.9,424,68,9.50010117398207,27.987117552334944,Positive Response,10,Moderate Discount Strategy,5.161739130434782,4.645565217391304,1969.7196521739127
13119,1217.6,110,10,10.572208434343839,8.0,Positive Response,10,Moderate Discount Strategy,1.5136363636363634,1.362272727272727,149.84999999999997
13123,496.55,268,44,5.176373060667254,27.782135076252718,Positive Response,10,Moderate Discount Strategy,3.2148888888888885,2.8933999999999997,775.4312
13124,859.41,619,60,8.819903522362067,18.915510718789406,Positive Response,10,Moderate Discount Strategy,2.688196721311475,2.4193770491803277,1497.594393442623
13125,885.33,53,19,3.743932363686762,24.06832298136646,Positive Response,10,Moderate Discount Strategy,4.5515,4.09635,217.10655
13126,1878.81,1266,110,11.091343915431047,15.069615069615068,High Response,20,High Discount Strategy,2.503963963963964,2.003171171171171,2536.0147027027024
13128,1898.61,31,0,7.113431861395029,0.0,Positive Response,10,Moderate Discount Strategy,8.5,7.65,237.15
13129,263.5,296,10,19.84221481124053,11.927272727272726,High Response,20,High Discount Strategy,1.86,1.4880000000000002,440.44800000000004
13131,2225.62,1076,104,10.289653229767968,25.342403628117918,Positive Response,10,Moderate Discount Strategy,3.167333333333333,2.8506,3067.2456
13133,2240.4700000000003,23,4,9.15422312010008,0.0,Positive Response,10,Moderate Discount Strategy,5.07,4.563000000000001,104.94900000000001
13134,661.85,305,22,12.358210426173489,12.648221343873516,High Response,20,High Discount Strategy,4.184782608695652,3.347826086956522,1021.0869565217392
13135,681.65,123,16,9.07858823950877,16.80672268907563,Positive Response,10,Moderate Discount Strategy,4.305882352941176,3.8752941176470586,476.6611764705882
13136,3649.55,1781,187,10.170163239152469,15.15197568389058,Positive Response,10,Moderate Discount Strategy,2.942712765957447,2.6484414893617023,4716.8742925531915
13137,3978.7,2034,706,2.7598952943843043,16.496070570708806,Positive Response,10,Moderate Discount Strategy,2.5283734087694483,2.2755360678925034,4628.440362093352
13138,3983.65,245,35,8.103012891930986,27.844444444444445,Positive Response,10,Moderate Discount Strategy,3.4586111111111113,3.11275,762.6237500000001
13139,3087.64,2189,94,13.820515223358301,21.792172739541165,High Response,20,High Discount Strategy,2.482421052631579,1.9859368421052634,4347.215747368422
13140,3138.04,461,74,4.166913571360312,18.08888888888889,Positive Response,10,Moderate Discount Strategy,3.4908,3.1417200000000003,1448.33292
13141,5185.7300000000005,3611,288,10.860560349177035,23.579742057250705,High Response,20,High Discount Strategy,2.2773702422145328,1.8218961937716263,6578.867155709342
13143,5267.33,198,22,9.453433241306131,19.77225672877847,Positive Response,10,Moderate Discount Strategy,2.7282608695652173,2.4554347826086955,486.1760869565217
13144,405.1,8,2,5.209522427056981,4.519774011299439,Positive Response,10,Moderate Discount Strategy,3.0833333333333335,2.7750000000000004,22.200000000000003
13145,510.0,121,3,24.860093986852252,0.0,High Response,20,High Discount Strategy,76.9375,61.550000000000004,7447.55
13148,4813.31,2522,450,5.791915319185138,28.218272013228606,Positive Response,10,Moderate Discount Strategy,3.5464966740576496,3.1918470066518845,8049.838150776052
13150,4814.56,171,7,30.277177209172514,21.005434782608695,High Response,20,High Discount Strategy,6.93375,5.547000000000001,948.5370000000001
13151,1177.38,450,83,5.35393057102398,27.47301587301587,Positive Response,10,Moderate Discount Strategy,4.501666666666667,4.051500000000001,1823.1750000000004
13152,2129.88,977,134,9.138983993288536,22.423101067168865,Positive Response,10,Moderate Discount Strategy,4.020370370370371,3.6183333333333336,3535.111666666667
13154,2146.38,976,92,9.511762337265958,24.567332309267798,Positive Response,10,Moderate Discount Strategy,3.2461290322580645,2.921516129032258,2851.399741935484
13155,1624.84,412,78,7.53568763419817,20.572634116937913,Positive Response,10,Moderate Discount Strategy,2.6724050632911394,2.4051645569620255,990.9277974683545
13156,1567.04,914,103,9.667292601158868,17.142857142857142,Positive Response,10,Moderate Discount Strategy,3.3207692307692307,2.9886923076923075,2731.6647692307693
13157,3899.34,3323,163,12.554518528725463,23.75831485587583,High Response,20,High Discount Strategy,1.8473170731707316,1.4778536585365853,4910.907707317073
13158,3946.14,208,20,9.63050865591962,20.086580086580085,Positive Response,10,Moderate Discount Strategy,2.094761904761905,1.8852857142857147,392.13942857142865
13161,344.4,76,24,6.43315918709789,15.11111111111111,Positive Response,10,Moderate Discount Strategy,5.7756,5.19804,395.05104
13162,7572.2,4042,158,18.380136167567667,20.811892510005716,High Response,20,High Discount Strategy,2.6928301886792454,2.1542641509433964,8707.535698113208
13163,7587.2,3,1,8.313045196211107,14.953271028037381,Positive Response,10,Moderate Discount Strategy,5.35,4.8149999999999995,14.444999999999999
13164,331.40000000000003,120,9,19.055566203896927,21.492537313432837,High Response,20,High Discount Strategy,5.17,4.136,496.32
13165,419.6,360,6,78.79318248357838,0.0,High Response,20,High Discount Strategy,1.0014285714285713,0.8011428571428572,288.4114285714286
13166,429.68,306,26,14.605222688784988,9.451851851851853,High Response,20,High Discount Strategy,2.8800000000000003,2.3040000000000003,705.0240000000001
13167,458.73,222,15,9.753273732417526,21.789215686274506,Positive Response,10,Moderate Discount Strategy,2.738125,2.4643125,547.0773750000001
13168,530.9399999999999,228,46,5.326431072046716,18.690029203170628,Positive Response,10,Moderate Discount Strategy,3.3555319148936174,3.0199787234042557,688.5551489361703
13169,541.14,24,4,10.963304767900217,7.676767676767679,High Response,20,High Discount Strategy,5.7700000000000005,4.6160000000000005,110.78400000000002
13172,127.2,48,0,13.049347456792528,0.0,High Response,20,High Discount Strategy,1.45,1.16,55.67999999999999
13173,2200.21,1318,195,7.39643427333384,22.099125364431487,Positive Response,10,Moderate Discount Strategy,2.9815816326530613,2.6834234693877552,3536.7521326530614
13174,6616.5,3116,796,4.510951613936566,23.174650035672986,Positive Response,10,Moderate Discount Strategy,3.330526976160602,2.997474278544542,9340.129851944794
13175,6621.6,423,45,9.943104390344077,15.2832674571805,Positive Response,10,Moderate Discount Strategy,4.040217391304347,3.6361956521739125,1538.110760869565
13177,831.45,89,12,9.603439688158044,14.732724902216429,Positive Response,10,Moderate Discount Strategy,3.0307692307692307,2.727692307692308,242.7646153846154
13178,8307.32,5208,421,10.634397541105528,13.666523050409305,Positive Response,10,Moderate Discount Strategy,1.9011611374407582,1.7110450236966823,8911.122483412322
13179,8333.72,368,33,10.752565045514284,17.001897533206826,High Response,20,High Discount Strategy,2.083529411764706,1.6668235294117648,613.3910588235294
13180,572.3100000000001,42,3,9.549686340726321,21.367521367521366,Positive Response,10,Moderate Discount Strategy,3.7625,3.3862500000000004,142.22250000000003
13181,340.19,171,18,9.462574198654169,21.836945304437563,Positive Response,10,Moderate Discount Strategy,2.7931578947368423,2.513842105263158,429.867
13183,3037.84,1819,61,17.3740040885198,12.655086848635236,High Response,20,High Discount Strategy,1.6496774193548387,1.319741935483871,2400.6105806451615
13187,3078.4,201,18,11.799083010267934,15.664160401002505,High Response,20,High Discount Strategy,0.8473684210526314,0.6778947368421052,136.25684210526316
13190,533.16,308,16,13.002620624303761,29.292123629112663,High Response,20,High Discount Strategy,4.138823529411765,3.311058823529412,1019.8061176470588
13191,570.66,115,58,2.4680040276634982,20.280537697253067,Positive Response,10,Moderate Discount Strategy,1.8784745762711863,1.6906271186440678,194.4221186440678
13192,1631.34,1034,98,11.139817026946059,16.143250688705233,High Response,20,High Discount Strategy,3.166262626262626,2.5330101010101007,2619.132444444444
13194,1646.64,300,6,34.48423259089815,17.489177489177486,High Response,20,High Discount Strategy,2.511428571428571,2.009142857142857,602.742857142857
13195,412.08,70,45,2.266113521189536,21.725955204216074,Positive Response,10,Moderate Discount Strategy,2.159782608695652,1.943804347826087,136.06630434782608
13196,1256.06,782,77,9.582575021829394,21.35198135198135,Positive Response,10,Moderate Discount Strategy,3.212820512820513,2.891538461538462,2261.1830769230774
13197,1271.06,204,18,10.297564361217837,25.66416040100251,Positive Response,10,Moderate Discount Strategy,4.588947368421053,4.130052631578947,842.5307368421053
13198,1558.14,801,87,9.708082234450602,25.67736185383244,Positive Response,10,Moderate Discount Strategy,3.5997727272727276,3.239795454545455,2595.0761590909096
13199,6570.77,5843,87,62.953910796825056,10.363636363636363,High Response,20,High Discount Strategy,2.213636363636364,1.7709090909090912,10347.42181818182
13201,6615.77,1036,85,8.799582393377397,20.316279069767443,Positive Response,10,Moderate Discount Strategy,2.235232558139535,2.0117093023255816,2084.1308372093026
13202,1570.1000000000001,572,68,11.384849496475253,24.048145418816016,High Response,20,High Discount Strategy,4.971014492753623,3.9768115942028985,2274.736231884058
13203,1763.79,1613,111,11.912266639549946,23.442857142857143,High Response,20,High Discount Strategy,1.710357142857143,1.3682857142857143,2207.0448571428574
13204,1778.79,428,56,9.396969219403879,14.928989139515455,Positive Response,10,Moderate Discount Strategy,4.161052631578947,3.7449473684210526,1602.8374736842104
13205,966.6600000000001,256,0,7.4958113012038305,0.0,Positive Response,10,Moderate Discount Strategy,10.95,9.855,2522.88
13206,8288.39,7086,565,10.684406074392767,19.674911660777386,Positive Response,10,Moderate Discount Strategy,1.9573144876325086,1.7615830388692577,12482.57741342756
13207,8308.19,48,4,17.63131553530672,0.0,High Response,20,High Discount Strategy,5.95,4.760000000000001,228.48000000000002
13208,741.85,540,103,3.374659932500526,15.23076923076923,Positive Response,10,Moderate Discount Strategy,2.793173076923077,2.5138557692307697,1357.4821153846156
13209,2486.5,1528,44,16.783279258021267,29.54248366013072,High Response,20,High Discount Strategy,3.4533333333333336,2.762666666666667,4221.354666666667
13211,2617.9,1011,145,7.697954008811296,22.043835616438354,Positive Response,10,Moderate Discount Strategy,1.5737671232876713,1.4163904109589043,1431.9707054794521
13213,2279.94,1602,113,10.413604686127146,19.595959595959595,Positive Response,10,Moderate Discount Strategy,2.5537719298245616,2.2983947368421056,3682.028368421053
13214,3254.03,2966,228,10.53721620267195,19.65414847161572,Positive Response,10,Moderate Discount Strategy,1.9063755458515284,1.7157379912663755,5088.87888209607
13215,3264.23,96,0,-9.009621364157194,0.0,Negative Response,0,No Discount Strategy,0.85,0.85,81.6
13217,81.6,250,0,213.11885132585948,0.0,High Response,20,High Discount Strategy,0.53,0.42400000000000004,106.00000000000001
13219,132.5,11,10,4.428474737459368,7.476635514018691,Positive Response,10,Moderate Discount Strategy,6.930000000000001,6.237000000000001,68.60700000000001
13220,500.45,200,31,8.990631656561385,23.375,Positive Response,10,Moderate Discount Strategy,4.046875,3.6421875,728.4375
13222,516.8,30,0,8.141999966191099,0.0,Positive Response,10,Moderate Discount Strategy,2.95,2.6550000000000002,79.65
13223,604.3199999999999,480,7,32.89317121193598,25.074626865671643,High Response,20,High Discount Strategy,1.4675,1.1740000000000002,563.5200000000001
13225,9593.73,3985,92,37.753438496217534,11.050454921422665,High Response,20,High Discount Strategy,2.8603225806451613,2.2882580645161292,9118.708387096774
13226,9796.23,99,11,9.119995957605955,17.74193548387097,Positive Response,10,Moderate Discount Strategy,2.5416666666666665,2.2875,226.4625
13230,3455.93,1915,676,2.6358237537054796,21.805648807125912,Positive Response,10,Moderate Discount Strategy,2.669970457902511,2.40297341211226,4601.694084194978
13233,3457.83,600,32,10.844726003555442,22.545454545454547,High Response,20,High Discount Strategy,2.3045454545454547,1.8436363636363637,1106.1818181818182
13234,571.34,159,60,2.374142665925598,18.47775175644028,Positive Response,10,Moderate Discount Strategy,3.0611475409836064,2.7550327868852458,438.05021311475406
13237,628.0,128,23,11.804119652637047,15.277777777777777,High Response,20,High Discount Strategy,5.360416666666667,4.288333333333333,548.9066666666666
13238,643.0,144,15,9.438699201056966,0.0,Positive Response,10,Moderate Discount Strategy,2.734375,2.4609375,354.375
13239,1235.43,824,71,9.831622235864332,22.43265993265993,Positive Response,10,Moderate Discount Strategy,3.1534722222222222,2.8381250000000002,2338.6150000000002
13240,1265.1299999999999,542,154,3.889030326500924,20.711331679073616,Positive Response,10,Moderate Discount Strategy,2.2970967741935486,2.0673870967741936,1120.523806451613
13241,1036.21,46,39,2.1892890012089046,16.371794871794872,Positive Response,10,Moderate Discount Strategy,2.60175,2.341575,107.71245
13242,409.5,220,21,9.860590701516312,0.0,Positive Response,10,Moderate Discount Strategy,1.95,1.755,386.09999999999997
13243,631.51,322,147,2.476688629454465,19.76908226908227,Positive Response,10,Moderate Discount Strategy,2.7076351351351353,2.4368716216216217,784.6726621621622
13245,635.26,246,28,9.999217409627942,14.384236453201972,Positive Response,10,Moderate Discount Strategy,2.813448275862069,2.532103448275862,622.8974482758621
13246,1383.27,1209,234,3.836605899426662,24.22808510638298,Positive Response,10,Moderate Discount Strategy,1.540723404255319,1.386651063829787,1676.4611361702125
13249,1390.23,700,11,28.685146631041956,7.222222222222224,High Response,20,High Discount Strategy,1.3191666666666666,1.0553333333333332,738.7333333333332
13250,897.52,107,18,5.057428741879064,27.707404103479035,Positive Response,10,Moderate Discount Strategy,2.4589473684210525,2.213052631578947,236.79663157894734
13251,253.09,215,24,7.50782519516484,20.965517241379313,Positive Response,10,Moderate Discount Strategy,1.5316,1.37844,296.3646
13252,376.8,134,18,10.481657077438138,22.65834076717217,Positive Response,10,Moderate Discount Strategy,4.681578947368421,4.213421052631579,564.5984210526317
13253,1837.91,1443,38,20.836264924019627,16.594871794871793,High Response,20,High Discount Strategy,2.081025641025641,1.664820512820513,2402.3360000000002
13254,1920.71,43,3,7.288002817570961,27.01492537313433,Positive Response,10,Moderate Discount Strategy,2.5225,2.27025,97.62075
13255,487.25,340,18,11.932206895184152,21.322537112010796,High Response,20,High Discount Strategy,4.015789473684211,3.2126315789473687,1092.2947368421053
13257,504.95,33,6,9.078790522519947,15.462184873949578,Positive Response,10,Moderate Discount Strategy,7.321428571428571,6.589285714285714,217.44642857142858
13258,297.0,164,7,16.1375771393021,0.0,High Response,20,High Discount Strategy,2.1374999999999997,1.71,280.44
13259,1116.41,377,231,2.2551264038594527,20.19776876267748,Positive Response,10,Moderate Discount Strategy,3.386853448275862,3.048168103448276,1149.1593750000002
13262,1119.36,122,38,5.035371677685166,21.333333333333332,Positive Response,10,Moderate Discount Strategy,4.075641025641025,3.668076923076923,447.5053846153846
13263,1234.32,604,237,3.1679636795120945,19.58983593437375,Positive Response,10,Moderate Discount Strategy,2.9068907563025213,2.616201680672269,1580.1858151260506
13264,1239.27,375,37,9.578216363957562,22.108155002891845,Positive Response,10,Moderate Discount Strategy,3.237894736842105,2.9141052631578943,1092.7894736842104
13266,2255.78,2409,119,12.890665698714457,18.0,High Response,20,High Discount Strategy,1.629,1.3032000000000001,3139.4088
13267,5217.42,2135,214,10.574351162273356,24.969649191959007,Positive Response,10,Moderate Discount Strategy,3.474325581395349,3.126893023255814,6675.916604651163
13269,5236.77,3050,182,11.342260168410574,25.39824474250704,High Response,20,High Discount Strategy,2.4434972677595628,1.9547978142076503,5962.133333333333
13270,3545.47,200,0,10.670774083796106,0.0,Positive Response,10,Moderate Discount Strategy,2.95,2.6550000000000002,531.0
13274,590.0,199,18,9.155296718621036,25.59339525283798,Positive Response,10,Moderate Discount Strategy,3.7605263157894737,3.3844736842105263,673.5102631578948
13275,360.85,138,47,3.8030824643268377,15.833333333333334,Positive Response,10,Moderate Discount Strategy,2.14125,1.927125,265.94325
13276,1299.73,679,208,2.50361868826418,27.404103479036575,Positive Response,10,Moderate Discount Strategy,3.2535406698564593,2.9281866028708134,1988.2387033492823
13277,1300.98,206,14,12.819661850036786,11.733333333333333,High Response,20,High Discount Strategy,1.2633333333333332,1.0106666666666666,208.19733333333332
13278,862.52,821,61,7.640454691790628,23.391984359726294,Positive Response,10,Moderate Discount Strategy,1.8993548387096775,1.7094193548387098,1403.4332903225807
13280,1484.97,971,122,8.222602085361387,21.617677715238695,Positive Response,10,Moderate Discount Strategy,3.2260162601626017,2.9034146341463414,2819.2156097560974
13281,1494.8700000000001,201,21,9.37623509479799,18.484848484848484,Positive Response,10,Moderate Discount Strategy,2.4390909090909094,2.1951818181818186,441.23154545454554
13282,350.85,103,13,7.101777805726856,34.013605442176875,Positive Response,10,Moderate Discount Strategy,2.8285714285714287,2.545714285714286,262.2085714285714
13283,263.90000000000003,114,12,12.366006010294534,9.072978303747536,High Response,20,High Discount Strategy,3.1346153846153846,2.5076923076923077,285.87692307692305
13285,640.47,406,43,8.974860218300385,16.91358024691358,Positive Response,10,Moderate Discount Strategy,3.183636363636363,2.865272727272727,1163.300727272727
13286,689.91,274,48,6.543665678108751,27.360774818401936,Positive Response,10,Moderate Discount Strategy,4.138979591836735,3.725081632653062,1020.6723673469389
13287,768.84,429,52,8.867509773881327,22.398921832884096,Positive Response,10,Moderate Discount Strategy,3.0541509433962264,2.7487358490566036,1179.2076792452829
13288,852.61,379,9,43.119765616753554,26.19771863117871,High Response,20,High Discount Strategy,4.788,3.8304000000000005,1451.7216
13289,927.61,119,15,9.105345776183967,21.41089108910892,Positive Response,10,Moderate Discount Strategy,4.390625,3.9515625,470.23593750000003
13290,307.95,1,0,8.021510651214626,0.0,Positive Response,10,Moderate Discount Strategy,208.63,187.767,187.767
13291,2906.73,1367,275,4.69736115590931,18.773291925465838,Positive Response,10,Moderate Discount Strategy,3.363369565217391,3.0270326086956523,4137.953576086957
13292,2909.68,183,27,8.082584086280002,28.196428571428573,Positive Response,10,Moderate Discount Strategy,4.766785714285715,4.290107142857143,785.0896071428572
13293,1179.89,555,71,9.26844583134154,18.822751322751326,Positive Response,10,Moderate Discount Strategy,3.3756944444444446,3.038125,1686.159375
13294,1192.94,543,47,12.178936026198047,19.583333333333332,High Response,20,High Discount Strategy,3.4029166666666666,2.7223333333333333,1478.2269999999999
13295,870.77,651,56,10.969609521734533,20.606060606060606,High Response,20,High Discount Strategy,2.1721052631578948,1.737684210526316,1131.2324210526317
13296,900.77,575,47,11.506609191956962,17.783333333333335,High Response,20,High Discount Strategy,1.819375,1.4555,836.9125
13297,2156.37,1731,63,12.082074081997185,25.37828947368421,High Response,20,High Discount Strategy,2.555625,2.0445,3539.0295000000006
13299,2278.77,386,56,9.179356728853122,20.14663524482849,Positive Response,10,Moderate Discount Strategy,4.661754385964913,4.195578947368421,1619.4934736842106
13300,1076.2,252,34,9.844253951365898,18.506666666666668,Positive Response,10,Moderate Discount Strategy,4.961428571428572,4.465285714285715,1125.2520000000002
13302,913.62,7,1,17.701379367590636,9.779179810725552,High Response,20,High Discount Strategy,15.85,12.68,88.75999999999999
13303,95.45,26,3,6.984950284890497,26.813880126182966,Positive Response,10,Moderate Discount Strategy,4.385,3.9465,102.609
13304,902.57,478,56,9.182168274660507,17.309941520467838,Positive Response,10,Moderate Discount Strategy,3.666491228070176,3.299842105263158,1577.3245263157896
13305,1731.35,1128,123,4.956988253508287,20.70719602977668,Positive Response,10,Moderate Discount Strategy,3.6212096774193547,3.2590887096774193,3676.252064516129
13306,1751.75,74,3,6.347961114073627,31.736526946107787,Positive Response,10,Moderate Discount Strategy,0.9525,0.8572500000000001,63.4365
13307,227.74,136,13,9.236603692096825,15.359969845457973,Positive Response,10,Moderate Discount Strategy,3.1992857142857143,2.8793571428571427,391.59257142857143
13308,269.26,230,16,10.444405739500153,21.31764705882353,Positive Response,10,Moderate Discount Strategy,2.5647058823529414,2.3082352941176474,530.8941176470589
13309,284.86,370,22,16.545643833203442,0.0,High Response,20,High Discount Strategy,0.91,0.7280000000000001,269.36
13310,395.97,229,22,9.129001366154071,23.389830508474578,Positive Response,10,Moderate Discount Strategy,3.242608695652174,2.9183478260869564,668.301652173913
13312,409.17,41,4,9.621194091648931,7.17948717948718,Positive Response,10,Moderate Discount Strategy,3.5700000000000003,3.2130000000000005,131.73300000000003
13313,1869.6,1457,108,11.765641191797794,19.80710421077394,High Response,20,High Discount Strategy,2.3573394495412843,1.8858715596330275,2747.7148623853213
13315,1890.0,232,21,9.718290895004191,24.193548387096772,Positive Response,10,Moderate Discount Strategy,1.968181818181818,1.7713636363636363,410.9563636363636
13316,7199.9400000000005,14423,86,90.82442804020263,20.385212799005906,High Response,20,High Discount Strategy,2.513333333333333,2.010666666666667,28999.845333333335
13317,7207.89,2114,219,9.755535988592378,20.724891774891777,Positive Response,10,Moderate Discount Strategy,3.55655,3.200895,6766.69203
13319,11221.65,4546,478,10.206628966137291,21.510208414422703,Positive Response,10,Moderate Discount Strategy,3.7177035490605426,3.3459331941544885,15210.612300626304
13320,11236.95,423,43,9.927789413544021,14.049586776859503,Positive Response,10,Moderate Discount Strategy,1.7659090909090909,1.5893181818181819,672.2815909090909
13324,3388.5699999999997,3243,56,18.024709516017698,30.196078431372552,High Response,20,High Discount Strategy,3.3580701754385966,2.6864561403508773,8712.177263157895
13326,3391.52,140,12,9.73473442084099,6.554392353208922,Positive Response,10,Moderate Discount Strategy,2.914615384615385,2.6231538461538464,367.2415384615385
13327,6226.51,2879,233,10.95492473082046,14.568956420808272,High Response,20,High Discount Strategy,3.0673076923076925,2.453846153846154,7064.623076923077
13329,6251.71,3023,107,14.162840431220927,20.859259259259257,High Response,20,High Discount Strategy,2.3642592592592595,1.8914074074074076,5717.724592592594
13330,4323.97,1200,63,14.327842971274602,27.206439393939394,High Response,20,High Discount Strategy,2.4784375,1.9827500000000002,2379.3
13331,1655.17,54,11,8.578006868780971,12.0,Positive Response,10,Moderate Discount Strategy,11.845833333333333,10.66125,575.7075000000001
13333,977.94,685,54,11.317398192556526,15.504132231404958,High Response,20,High Discount Strategy,2.490545454545454,1.9924363636363633,1364.8189090909088
13334,2684.5,1434,208,6.04453224897624,18.78332194121668,Positive Response,10,Moderate Discount Strategy,3.024114832535885,2.7217033492822966,3902.9226028708135
13337,2699.48,980,86,9.467782877014566,24.3951833607006,Positive Response,10,Moderate Discount Strategy,3.464137931034483,3.1177241379310345,3055.369655172414
13338,1946.9,895,108,9.836734160835332,23.820831084727466,Positive Response,10,Moderate Discount Strategy,5.129266055045872,4.616339449541285,4131.62380733945
13340,11287.76,3866,80,112.02008854177393,17.57757757757758,High Response,20,High Discount Strategy,9.478271604938271,7.582617283950618,29314.398419753088
13346,11364.08,180,5,15.543665741022451,12.686567164179104,High Response,20,High Discount Strategy,1.8916666666666666,1.5133333333333334,272.40000000000003
13357,3181.11,1791,304,5.186251270883084,22.75097580015613,Positive Response,10,Moderate Discount Strategy,3.214622950819672,2.893160655737705,5181.65073442623
13359,3196.11,220,32,9.17331522473802,19.95959595959596,Positive Response,10,Moderate Discount Strategy,5.407575757575757,4.866818181818181,1070.6999999999998
13360,1535.95,942,65,11.477802546258705,20.321395775941227,High Response,20,High Discount Strategy,3.477424242424242,2.781939393939394,2620.586909090909
13361,1553.65,324,33,18.38618932000327,19.852941176470583,High Response,20,High Discount Strategy,4.438235294117647,3.550588235294118,1150.3905882352942
13362,2287.43,1099,131,9.27011036163171,21.199280945043657,Positive Response,10,Moderate Discount Strategy,3.215151515151515,2.8936363636363636,3180.1063636363638
13363,2303.33,436,41,9.554125784989733,22.92063492063492,Positive Response,10,Moderate Discount Strategy,2.727142857142857,2.454428571428571,1070.130857142857
13367,731.36,253,19,13.595022462745337,11.290322580645157,High Response,20,High Discount Strategy,4.61,3.6880000000000006,933.0640000000002
13368,510.2,279,22,9.729488809460781,18.866930171277996,Positive Response,10,Moderate Discount Strategy,4.396521739130435,3.9568695652173917,1103.9666086956522
13369,498.1,149,13,10.551081325079542,27.142857142857142,Positive Response,10,Moderate Discount Strategy,6.5442857142857145,5.889857142857143,877.5887142857143
13370,739.87,343,38,10.034189670468791,24.0851803563668,Positive Response,10,Moderate Discount Strategy,3.7279487179487183,3.3551538461538466,1150.8177692307693
13371,2271.26,1019,91,10.137892516699548,17.72774327122153,Positive Response,10,Moderate Discount Strategy,4.004130434782609,3.603717391304348,3672.188021739131
13373,4257.24,2612,199,10.757437876917923,22.279487179487184,High Response,20,High Discount Strategy,3.3253,2.66024,6948.54688
13374,4274.94,135,16,10.038346545530604,17.746759720837492,Positive Response,10,Moderate Discount Strategy,6.044117647058823,5.439705882352941,734.3602941176471
13375,998.28,682,33,10.641220305147638,26.643598615916954,Positive Response,10,Moderate Discount Strategy,3.1594117647058826,2.843470588235294,1939.2469411764707
13377,1502.88,748,77,10.240212164640104,26.192959582790092,Positive Response,10,Moderate Discount Strategy,5.465128205128205,4.918615384615385,3679.124307692308
13380,1552.88,48,2,12.723438498634595,0.0,High Response,20,High Discount Strategy,1.3166666666666667,1.0533333333333335,50.56
13381,4570.06,3096,183,11.160250275553432,20.011244377811092,High Response,20,High Discount Strategy,2.888532608695652,2.310826086956522,7154.317565217392
13382,4585.06,732,70,9.724991076392142,6.68169014084507,Positive Response,10,Moderate Discount Strategy,2.3549295774647887,2.11943661971831,1551.4276056338028
13383,1164.5900000000001,288,0,12.097310170358243,0.0,High Response,20,High Discount Strategy,1.06,0.8480000000000001,244.22400000000002
13384,2513.95,1720,111,11.059635553258145,21.607142857142858,High Response,20,High Discount Strategy,3.074910714285714,2.4599285714285717,4231.077142857143
13386,2528.9,514,30,10.463388047337402,3.096774193548387,Positive Response,10,Moderate Discount Strategy,2.2948387096774194,2.0653548387096774,1061.5923870967742
13387,835.46,123,70,2.1313775147816663,17.95988049509176,Positive Response,10,Moderate Discount Strategy,1.942394366197183,1.7481549295774648,215.02305633802817
13388,503.51,419,33,10.616425575769094,30.897308075772685,Positive Response,10,Moderate Discount Strategy,3.7147058823529413,3.343235294117647,1400.8155882352942
13392,508.55,82,7,12.482875285611552,9.26470588235294,High Response,20,High Discount Strategy,1.44625,1.157,94.874
13393,1116.47,662,68,9.653240613841213,33.745950554134694,Positive Response,10,Moderate Discount Strategy,4.150579710144927,3.7355217391304345,2472.915391304348
13394,4094.7200000000003,2962,253,9.9859076945077,20.35568829758349,Positive Response,10,Moderate Discount Strategy,2.4609055118110237,2.2148149606299214,6560.2819133858275
13395,4101.68,1324,59,13.57410861036016,25.6,High Response,20,High Discount Strategy,1.620666666666667,1.2965333333333335,1716.6101333333336
13397,1627.64,906,50,21.2510522021601,20.380450687737785,High Response,20,High Discount Strategy,5.022156862745098,4.017725490196079,3640.0592941176474
13398,1647.74,60,12,8.827605937889253,19.728506787330318,Positive Response,10,Moderate Discount Strategy,5.273076923076923,4.7457692307692305,284.74615384615385
13399,255.9,120,14,9.013622338898081,0.0,Positive Response,10,Moderate Discount Strategy,3.61,3.249,389.88
13400,295.83,284,22,9.116198443381808,13.565217391304348,Positive Response,10,Moderate Discount Strategy,1.9695652173913043,1.7726086956521738,503.42086956521734
13402,896.9,628,56,9.40085849238816,24.688995215311003,Positive Response,10,Moderate Discount Strategy,2.739122807017544,2.4652105263157895,1548.152210526316
13403,913.9,70,5,9.968249650699738,19.636963696369644,Positive Response,10,Moderate Discount Strategy,4.008333333333334,3.6075000000000004,252.52500000000003
13405,615.86,690,15,19.470499570751613,22.817164179104477,High Response,20,High Discount Strategy,4.10125,3.2810000000000006,2263.8900000000003
13406,641.36,292,8,32.331705917199166,18.997821350762525,High Response,20,High Discount Strategy,2.4655555555555555,1.9724444444444444,575.9537777777778
13407,2185.0,1690,84,12.722088236179626,23.900178253119428,High Response,20,High Discount Strategy,2.5101176470588236,2.008094117647059,3393.67905882353
13408,23451.422,13267,361,37.319636054250154,19.4740928774078,High Response,20,High Discount Strategy,2.5854198895027625,2.06833591160221,27440.61253922652
13410,23616.422,726,21,33.890056709203726,18.63136863136863,High Response,20,High Discount Strategy,2.405,1.924,1396.8239999999998
13412,1198.9,176,33,5.659451627679476,20.54079696394687,Positive Response,10,Moderate Discount Strategy,4.819117647058824,4.337205882352942,763.3482352941178
13413,487.35,455,42,13.488811179261358,11.088372093023256,High Response,20,High Discount Strategy,1.8832558139534885,1.5066046511627909,685.5051162790699
13414,1093.44,1128,30,17.193921415391525,17.341153470185727,High Response,20,High Discount Strategy,2.148387096774193,1.7187096774193547,1938.704516129032
13415,1103.64,496,100,4.913518528309711,18.962753418198965,Positive Response,10,Moderate Discount Strategy,2.5163366336633666,2.26470297029703,1123.2926732673268
13416,784.17,66,6,10.085524805474545,0.0,Positive Response,10,Moderate Discount Strategy,3.3500000000000005,3.0150000000000006,198.99000000000004
13417,1008.26,370,48,9.362515912659903,22.476190476190474,Positive Response,10,Moderate Discount Strategy,3.7491836734693877,3.374265306122449,1248.4781632653062
13418,6042.87,3670,255,12.386858370017663,23.880208333333336,High Response,20,High Discount Strategy,2.84953125,2.2796250000000002,8366.223750000001
13421,6055.47,1223,162,8.0547963849496,16.996406142229645,Positive Response,10,Moderate Discount Strategy,2.4374233128834355,2.193680981595092,2682.8718404907972
13423,2225.04,141,11,10.00393094745158,10.101010101010099,Positive Response,10,Moderate Discount Strategy,2.2316666666666665,2.0084999999999997,283.19849999999997
13424,557.77,529,39,10.42010616699743,22.14,Positive Response,10,Moderate Discount Strategy,1.672,1.5048,796.0391999999999
13425,1754.32,1235,98,10.212330186302074,20.630547903275176,Positive Response,10,Moderate Discount Strategy,2.527171717171717,2.2744545454545455,2808.9513636363636
13426,4508.36,2623,185,12.803671634008033,26.365591397849464,High Response,20,High Discount Strategy,2.1516129032258062,1.721290322580645,4514.944516129032
13427,4526.06,335,22,10.320818582354464,13.217391304347826,Positive Response,10,Moderate Discount Strategy,1.7756521739130433,1.598086956521739,535.3591304347826
13428,423.93,205,66,3.346634016781918,11.534328358208954,Positive Response,10,Moderate Discount Strategy,1.7497014925373136,1.5747313432835823,322.81992537313437
13431,1993.44,898,82,10.245322951032488,18.747932908103,Positive Response,10,Moderate Discount Strategy,3.7906024096385544,3.411542168674699,3063.5648674698796
13432,2047.14,217,110,2.2740009811988924,16.123396123396123,Positive Response,10,Moderate Discount Strategy,2.2845045045045045,2.056054054054054,446.16372972972977
13433,643.32,190,23,13.000707413985376,27.5,High Response,20,High Discount Strategy,4.62375,3.6990000000000003,702.8100000000001
13434,1082.22,564,24,13.374906965867831,4.1523809523809545,High Response,20,High Discount Strategy,2.1168,1.69344,955.1001600000001
13435,1132.6200000000001,625,47,11.436786818753445,25.5510752688172,High Response,20,High Discount Strategy,2.4716666666666667,1.9773333333333334,1235.8333333333333
13438,637.44,10,0,10.142553849963427,0.0,Positive Response,10,Moderate Discount Strategy,4.65,4.1850000000000005,41.85000000000001
13439,695.34,710,112,3.5991795223363727,21.09949048002145,Positive Response,10,Moderate Discount Strategy,2.23212389380531,2.0089115044247787,1426.327168141593
13440,1290.3,573,58,12.064363101479998,25.28009192760701,High Response,20,High Discount Strategy,3.2228813559322034,2.5783050847457627,1477.368813559322
13441,1295.25,316,24,9.27788915245378,14.593103448275862,Positive Response,10,Moderate Discount Strategy,2.6404,2.37636,750.92976
13442,424.26,115,37,7.82768330248843,22.402977139819246,Positive Response,10,Moderate Discount Strategy,7.01,6.309,725.535
13443,1269.41,805,199,4.68115914539403,20.887878787878787,Positive Response,10,Moderate Discount Strategy,2.86315,2.576835,2074.352175
13444,1273.16,331,56,6.652088176182004,18.42105263157895,Positive Response,10,Moderate Discount Strategy,2.349122807017544,2.1142105263157895,699.8036842105263
13445,619.08,198,6,34.80877451167519,6.753246753246755,High Response,20,High Discount Strategy,1.9700000000000002,1.5760000000000003,312.04800000000006
13446,3861.9900000000002,2403,191,10.033683368746644,14.952651515151514,Positive Response,10,Moderate Discount Strategy,2.701927083333333,2.431734375,5843.457703125
13448,5637.8,2709,356,6.681266572015756,20.45218087234894,Positive Response,10,Moderate Discount Strategy,4.050056022408964,3.645050420168068,9874.441588235295
13450,5655.2,2336,75,19.124044491591352,18.168421052631583,High Response,20,High Discount Strategy,1.465,1.1720000000000002,2737.7920000000004
13451,4187.55,3101,588,5.505931887320532,17.381886306422338,Positive Response,10,Moderate Discount Strategy,2.0468421052631576,1.8421578947368418,5712.531631578946
13452,4191.8,4,0,11.875118716127195,0.0,High Response,20,High Discount Strategy,34.95,27.960000000000004,111.84000000000002
13453,409.71,207,22,10.220582356390624,19.606625258799173,Positive Response,10,Moderate Discount Strategy,3.1947826086956526,2.8753043478260873,595.1880000000001
13454,424.71,198,22,10.294888021307647,23.130434782608695,Positive Response,10,Moderate Discount Strategy,1.4865217391304346,1.337869565217391,264.8981739130434
13455,1823.74,631,97,9.260180448441963,21.23809523809524,Positive Response,10,Moderate Discount Strategy,4.535204081632653,4.081683673469388,2575.5423979591837
13457,1847.5900000000001,96,8,10.927817869565935,12.794612794612794,High Response,20,High Discount Strategy,1.5599999999999998,1.248,119.80799999999999
13458,2273.1,1252,102,10.4249065226742,17.349342218647674,Positive Response,10,Moderate Discount Strategy,2.9192233009708737,2.6273009708737862,3289.3808155339802
13459,2312.7000000000003,986,72,10.427923311531073,16.931506849315067,Positive Response,10,Moderate Discount Strategy,2.282191780821918,2.053972602739726,2025.2169863013698
13461,2695.2,1962,34,41.44587246532362,14.406926406926406,High Response,20,High Discount Strategy,1.9994285714285716,1.5995428571428574,3138.303085714286
13462,2715.0,635,61,9.247090185061472,25.643170051772202,Positive Response,10,Moderate Discount Strategy,2.394838709677419,2.1553548387096773,1368.650322580645
13464,2375.56,1037,109,10.360048122031968,26.687211093990758,Positive Response,10,Moderate Discount Strategy,3.936727272727273,3.5430545454545457,3674.147563636364
13465,2422.96,584,33,11.702454408313557,13.905882352941175,High Response,20,High Discount Strategy,2.315588235294118,1.8524705882352945,1081.842823529412
13466,931.12,401,37,10.073751120769511,26.87719298245614,Positive Response,10,Moderate Discount Strategy,2.701842105263158,2.431657894736842,975.0948157894736
13468,7660.34,3223,424,9.119015858907018,22.48295114656032,Positive Response,10,Moderate Discount Strategy,4.2232705882352946,3.8009435294117653,12250.440995294119
13469,7670.54,52,5,8.083177064580036,5.333333333333333,Positive Response,10,Moderate Discount Strategy,2.6999999999999997,2.4299999999999997,126.35999999999999
13472,575.24,310,27,10.054259882235433,13.398268398268398,Positive Response,10,Moderate Discount Strategy,2.626785714285714,2.3641071428571427,732.8732142857142
13473,2230.08,734,48,19.8091484839453,24.558976132826015,High Response,20,High Discount Strategy,4.485714285714286,3.588571428571429,2634.011428571429
13474,2235.12,189,63,3.3712047895928348,24.57720588235294,Positive Response,10,Moderate Discount Strategy,3.32484375,2.992359375,565.555921875
13476,808.0,296,47,8.93572772157732,18.043785310734467,Positive Response,10,Moderate Discount Strategy,4.814583333333333,4.333125,1282.605
13477,1344.19,1070,77,9.430994940160538,24.474128665745432,Positive Response,10,Moderate Discount Strategy,2.4747435897435897,2.2272692307692306,2383.178076923077
13478,2200.8,1189,124,9.349990907005688,26.535593220338985,Positive Response,10,Moderate Discount Strategy,3.8902400000000004,3.5012160000000003,4162.945824
13479,2215.78,582,37,9.199296682105993,15.170278637770895,Positive Response,10,Moderate Discount Strategy,2.023421052631579,1.8210789473684212,1059.8679473684213
13480,617.87,362,40,9.122095689343052,26.680446465481605,Positive Response,10,Moderate Discount Strategy,3.5897560975609757,3.230780487804878,1169.542536585366
13481,2016.08,913,114,9.568528288224341,21.414885777450262,Positive Response,10,Moderate Discount Strategy,3.6229565217391304,3.2606608695652173,2976.9833739130436
13482,2026.28,71,8,8.931880857537736,11.396011396011398,Positive Response,10,Moderate Discount Strategy,3.061111111111111,2.755,195.605
13484,464.17,180,30,9.359815096281867,24.086021505376344,Positive Response,10,Moderate Discount Strategy,4.448387096774193,4.0035483870967745,720.6387096774195
13485,2549.98,1521,134,9.776104211427443,26.20811287477954,Positive Response,10,Moderate Discount Strategy,3.600074074074074,3.240066666666667,4928.1414
13487,2564.98,97,14,8.947961964524755,33.97530864197531,Positive Response,10,Moderate Discount Strategy,4.684666666666667,4.216200000000001,408.9714000000001
13488,6559.87,3373,301,9.839684965146203,22.07032481866919,Positive Response,10,Moderate Discount Strategy,3.497913907284768,3.148122516556291,10618.61724834437
13490,6619.57,25,7,8.148765552965177,16.32791327913279,Positive Response,10,Moderate Discount Strategy,9.40625,8.465625000000001,211.64062500000003
13491,3334.84,1482,181,9.965194702110612,24.867068415455513,Positive Response,10,Moderate Discount Strategy,3.6540109890109886,3.28860989010989,4873.719857142857
13495,3350.7400000000002,1845,98,14.051098545648387,19.85919804101622,High Response,20,High Discount Strategy,2.0766666666666667,1.6613333333333333,3065.16
13497,3329.39,416,47,10.422204213364674,22.136363636363637,Positive Response,10,Moderate Discount Strategy,3.2245833333333334,2.9021250000000003,1207.284
13498,972.2800000000001,362,16,14.675017578520103,21.599999999999998,High Response,20,High Discount Strategy,2.2652941176470587,1.812235294117647,656.0291764705881
13500,327.38,229,19,9.246780722583223,22.86206896551724,Positive Response,10,Moderate Discount Strategy,3.3335,3.00015,687.03435
13501,1529.67,693,61,10.125722187939163,25.423728813559325,Positive Response,10,Moderate Discount Strategy,3.6512903225806452,3.286161290322581,2277.3097741935485
13502,1544.79,226,14,11.524282883626528,27.118644067796613,High Response,20,High Discount Strategy,3.07,2.456,555.056
13503,1626.79,857,171,3.6760070274586383,27.696924231057764,Positive Response,10,Moderate Discount Strategy,3.1865697674418607,2.867912790697675,2457.8012616279075
13506,1642.39,850,71,10.26762902204094,16.839080459770113,Positive Response,10,Moderate Discount Strategy,2.698472222222222,2.428625,2064.3312499999997
13508,1180.68,156,15,6.508594360272642,25.76388888888889,Positive Response,10,Moderate Discount Strategy,2.82625,2.543625,396.8055
13509,176.07999999999998,108,4,15.26373857811014,0.0,High Response,20,High Discount Strategy,1.25,1.0,108.0
13510,2751.88,1658,173,9.301950193535232,19.69643383436487,Positive Response,10,Moderate Discount Strategy,3.6267241379310344,3.264051724137931,5411.79775862069
13511,2766.73,60,4,15.611326919042337,15.999999999999996,High Response,20,High Discount Strategy,12.998000000000001,10.398400000000002,623.9040000000001
13512,447.18,276,23,8.05022852087875,11.932938856015781,Positive Response,10,Moderate Discount Strategy,2.4858333333333333,2.23725,617.481
13513,601.79,255,29,9.952331474770993,21.073446327683616,Positive Response,10,Moderate Discount Strategy,2.5603333333333333,2.3043,587.5965
13514,619.49,248,16,11.758800404391895,19.44167497507478,High Response,20,High Discount Strategy,5.06764705882353,4.054117647058824,1005.4211764705883
13515,663.7,138,16,10.294789240172447,10.66799601196411,Positive Response,10,Moderate Discount Strategy,4.132941176470588,3.7196470588235293,513.3112941176471
13516,374.7,129,16,8.983271115216056,22.93120638085743,Positive Response,10,Moderate Discount Strategy,5.194117647058824,4.674705882352941,603.0370588235294
13519,295.85,110,10,9.229814230276302,18.831168831168835,Positive Response,10,Moderate Discount Strategy,2.9127272727272726,2.6214545454545455,288.36
13520,3205.05,1640,111,13.225963313028343,18.203463203463205,High Response,20,High Discount Strategy,4.385357142857143,3.5082857142857145,5753.588571428571
13523,3285.05,602,58,9.475227027368962,23.64263142775065,Positive Response,10,Moderate Discount Strategy,3.8330508474576273,3.4497457627118644,2076.7469491525426
13526,1161.6,1911,43,48.358066161320814,15.641711229946525,High Response,20,High Discount Strategy,1.0329545454545455,0.8263636363636364,1579.1809090909092
13527,2263.53,1053,225,4.575778350809954,23.57279194863786,Positive Response,10,Moderate Discount Strategy,3.0455752212389378,2.741017699115044,2886.2916371681413
13530,2298.93,272,17,13.68018748387016,12.794612794612794,High Response,20,High Discount Strategy,2.0072222222222225,1.605777777777778,436.7715555555556
13531,1237.72,426,67,9.536758225035397,16.849451645064807,Positive Response,10,Moderate Discount Strategy,4.594264705882353,4.134838235294118,1761.4410882352943
13534,1834.92,908,95,9.801361144844346,8.814102564102564,Positive Response,10,Moderate Discount Strategy,2.711145833333333,2.44003125,2215.5483750000003
13535,1850.82,10,0,10.011865665284406,0.0,Positive Response,10,Moderate Discount Strategy,8.95,8.055,80.55
13537,678.05,337,41,8.865831971239013,16.849816849816854,Positive Response,10,Moderate Discount Strategy,3.2404761904761905,2.9164285714285714,982.8364285714285
13538,1762.78,784,116,8.584079255766687,23.214345567286742,Positive Response,10,Moderate Discount Strategy,3.6450427350427352,3.2805384615384616,2571.942153846154
13539,1822.28,390,48,10.10680983140953,24.372189553787617,Positive Response,10,Moderate Discount Strategy,3.977551020408163,3.579795918367347,1396.1204081632652
13540,938.02,189,31,9.627941260619718,22.97794117647059,Positive Response,10,Moderate Discount Strategy,5.5475,4.99275,943.6297500000001
13541,752.25,279,9,30.36181421057052,20.10344827586207,High Response,20,High Discount Strategy,3.502,2.8016,781.6464
13542,3958.54,804,330,4.058399228239062,25.593375853194583,Positive Response,10,Moderate Discount Strategy,5.561480362537765,5.005332326283988,4024.2871903323266
13543,3959.4900000000002,329,46,10.700574900750588,23.866392129947382,Positive Response,10,Moderate Discount Strategy,4.599787234042553,4.139808510638298,1361.997
13544,1439.61,219,159,2.099747477988669,15.195741758241757,Positive Response,10,Moderate Discount Strategy,2.4533125,2.20798125,483.54789375
13545,514.14,252,53,3.953910322926244,18.368606701940035,Positive Response,10,Moderate Discount Strategy,2.5207407407407407,2.268666666666667,571.7040000000001
13546,445.25,230,54,4.250053315147929,15.711598746081503,Positive Response,10,Moderate Discount Strategy,2.3456363636363635,2.1110727272727274,485.5467272727273
13547,465.15,79,43,2.244134127973996,21.88948306595365,Positive Response,10,Moderate Discount Strategy,2.904318181818182,2.6138863636363636,206.49702272727274
13548,221.18,122,60,2.359247251292326,16.158049600672552,Positive Response,10,Moderate Discount Strategy,2.699508196721312,2.4295573770491807,296.40600000000006
13549,223.28,96,7,17.88223189874448,0.0,High Response,20,High Discount Strategy,0.9125,0.73,70.08
13550,332.05,430,41,5.091011822690326,23.688201395207763,Positive Response,10,Moderate Discount Strategy,1.7414285714285715,1.5672857142857144,673.9328571428572
13551,342.55,24,0,7.723494879899785,0.0,Positive Response,10,Moderate Discount Strategy,6.35,5.715,137.16
13552,3183.65,1213,97,12.782171724250544,14.650145772594753,High Response,20,High Discount Strategy,3.3668367346938775,2.693469387755102,3267.178367346939
13553,3208.85,201,88,2.657010696071972,17.683253076511505,Positive Response,10,Moderate Discount Strategy,3.5106741573033706,3.159606741573034,635.0809550561798
13554,1611.65,578,195,3.942799778315983,16.470079557246628,Positive Response,10,Moderate Discount Strategy,4.05954081632653,3.653586734693877,2111.773132653061
13555,4784.11,2126,261,7.755150427239596,19.966725386572715,Positive Response,10,Moderate Discount Strategy,2.9412213740458015,2.6470992366412216,5627.732977099237
13556,4792.96,134,8,10.165561845962015,23.597883597883598,Positive Response,10,Moderate Discount Strategy,2.0655555555555556,1.859,249.106
13557,2435.6,1852,145,10.422791303569886,21.965044874822865,Positive Response,10,Moderate Discount Strategy,2.203287671232877,1.9829589041095892,3672.4398904109594
13559,2448.2,360,1,80.17153028453885,0.0,High Response,20,High Discount Strategy,2.75,2.2,792.0000000000001
13561,1625.84,1042,214,4.315960651752598,18.41014799154334,Positive Response,10,Moderate Discount Strategy,2.274,2.0466,2132.5572
13562,3009.15,846,113,10.76693540064263,27.22842459684565,High Response,20,High Discount Strategy,4.541052631578947,3.632842105263158,3073.3844210526318
13564,15284.85,8497,1158,5.971083287498698,20.11946638348709,Positive Response,10,Moderate Discount Strategy,3.044857635893011,2.74037187230371,23284.939798964624
13565,15310.35,88,21,6.2213196075671355,13.663581927054981,Positive Response,10,Moderate Discount Strategy,2.3104545454545455,2.079409090909091,182.988
13566,814.76,690,196,3.5969637237397225,16.178680203045683,Positive Response,10,Moderate Discount Strategy,1.6871065989847716,1.5183959390862944,1047.6931979695432
13567,1075.09,643,200,2.555741920761945,15.347504899743704,Positive Response,10,Moderate Discount Strategy,2.583233830845771,2.324910447761194,1494.9174179104477
13569,1079.29,232,122,2.2700091769965707,20.96786682152536,Positive Response,10,Moderate Discount Strategy,2.4295934959349594,2.1866341463414636,507.29912195121955
13571,2439.82,1434,332,5.128695540872651,21.021021021021024,Positive Response,10,Moderate Discount Strategy,2.1102102102102105,1.8991891891891894,2723.437297297298
13573,2448.32,345,61,5.888376299490944,15.559204172300559,Positive Response,10,Moderate Discount Strategy,2.7564516129032257,2.4808064516129034,855.8782258064516
13574,614.27,304,90,2.7578943513398633,21.94012883668056,Positive Response,10,Moderate Discount Strategy,2.173626373626374,1.9562637362637365,594.7041758241759
13576,4826.9,1968,152,14.419261719296522,21.237985390234524,High Response,20,High Discount Strategy,3.759738562091503,3.007790849673203,5919.3323921568635
13577,4834.4,870,84,9.778823758860877,10.340874811463049,Positive Response,10,Moderate Discount Strategy,3.456,3.1104,2706.048
13578,1801.68,127,8,4.519941510154935,21.616161616161616,Positive Response,10,Moderate Discount Strategy,1.97,1.773,225.171
13579,1059.4,588,66,9.778952193371323,22.645595551653493,Positive Response,10,Moderate Discount Strategy,3.4725373134328357,3.125283582089552,1837.6667462686567
13580,1072.0,45,4,9.121598724268987,4.848484848484848,Positive Response,10,Moderate Discount Strategy,9.23,8.307,373.815
13581,161.58,89,22,7.204513116586522,20.427064574221767,Positive Response,10,Moderate Discount Strategy,2.103913043478261,1.8935217391304349,168.52343478260872
13582,224.68,106,10,10.721126676825214,16.07843137254902,High Response,20,High Discount Strategy,2.862727272727273,2.2901818181818183,242.75927272727273
13583,658.201,372,42,9.335642238162862,22.612403100775193,Positive Response,10,Moderate Discount Strategy,2.839093023255814,2.5551837209302324,950.5283441860464
13584,664.001,323,55,3.3600979908372177,25.8008658008658,Positive Response,10,Moderate Discount Strategy,1.6724999999999999,1.50525,486.19575
13585,669.42,1386,38,18.782072484412655,12.27106227106227,High Response,20,High Discount Strategy,1.5061538461538462,1.204923076923077,1670.0233846153847
13586,684.54,38,19,4.009602215047838,19.830508474576273,Positive Response,10,Moderate Discount Strategy,3.8395,3.45555,131.3109
13587,943.4,484,21,14.795466254291243,13.751438434982742,High Response,20,High Discount Strategy,2.868181818181818,2.2945454545454544,1110.56
13589,961.1,179,30,9.585284933972481,24.315532664678777,Positive Response,10,Moderate Discount Strategy,7.333548387096775,6.6001935483870975,1181.4346451612905
13590,4336.42,3423,318,7.548477510104464,22.775719578227413,Positive Response,10,Moderate Discount Strategy,2.4600313479623823,2.214028213166144,7578.618573667712
13591,4354.12,365,42,10.486180965659429,21.143082380764685,Positive Response,10,Moderate Discount Strategy,4.62046511627907,4.158418604651163,1517.8227906976745
13593,3473.46,1451,280,5.622172101414596,25.11369805175222,Positive Response,10,Moderate Discount Strategy,3.705978647686833,3.3353807829181497,4839.637516014235
13594,3481.4100000000003,37,6,9.208349310012519,11.138014527845039,Positive Response,10,Moderate Discount Strategy,5.8500000000000005,5.265000000000001,194.805
13595,782.99,341,142,2.457285141385363,16.323676323676324,Positive Response,10,Moderate Discount Strategy,3.0486713286713285,2.743804195804196,935.6372307692308
13597,784.48,231,16,9.819728890360302,17.967914438502675,Positive Response,10,Moderate Discount Strategy,2.2300000000000004,2.0070000000000006,463.61700000000013
13598,594.42,341,56,5.742431845156377,15.270424582165473,Positive Response,10,Moderate Discount Strategy,2.4936842105263155,2.244315789473684,765.3116842105262
13599,4994.16,3200,162,14.39227012444499,19.152720804443316,High Response,20,High Discount Strategy,2.2374233128834353,1.7899386503067483,5727.803680981595
13600,5013.96,275,21,5.549515765578254,18.363636363636363,Positive Response,10,Moderate Discount Strategy,2.565909090909091,2.309318181818182,635.0625000000001
13601,453.62,409,85,2.4882368848881318,23.339075509618144,Positive Response,10,Moderate Discount Strategy,2.573604651162791,2.3162441860465117,947.3438720930233
13602,581.28,271,34,9.052841456746563,19.128329297820823,Positive Response,10,Moderate Discount Strategy,3.4434285714285715,3.099085714285714,839.8522285714286
13604,696.32,242,20,21.39001500616572,18.789346246973366,High Response,20,High Discount Strategy,5.5147619047619045,4.411809523809524,1067.6579047619048
13605,717.62,425,52,5.607378481953668,20.754716981132077,Positive Response,10,Moderate Discount Strategy,1.9281132075471699,1.735301886792453,737.5033018867925
13607,522.67,178,23,8.635008723131984,17.951977401129945,Positive Response,10,Moderate Discount Strategy,4.055833333333333,3.6502499999999998,649.7445
13608,400.3,110,33,3.620118227610463,11.408199643493761,Positive Response,10,Moderate Discount Strategy,2.2661764705882352,2.0395588235294118,224.3514705882353
13609,232.05,19,6,16.0484333642026,28.908554572271385,High Response,20,High Discount Strategy,13.192857142857141,10.554285714285713,200.53142857142856
13610,1012.88,381,183,3.056931014750139,22.139812446717816,Positive Response,10,Moderate Discount Strategy,3.472391304347826,3.1251521739130435,1190.6829782608695
13611,2130.03,1234,153,8.101712512680896,21.80581323438466,Positive Response,10,Moderate Discount Strategy,2.8164935064935066,2.534844155844156,3127.9976883116883
13612,2143.53,444,49,9.312618037470203,20.795061728395062,Positive Response,10,Moderate Discount Strategy,3.3996,3.05964,1358.48016
13613,1022.85,445,58,9.46505961814829,26.494915254237284,Positive Response,10,Moderate Discount Strategy,3.9720338983050847,3.574830508474576,1590.7995762711864
13614,1039.8500000000001,257,68,3.407843601510544,12.394755003450658,Positive Response,10,Moderate Discount Strategy,4.524492753623188,4.07204347826087,1046.5151739130436
13615,5834.84,2721,343,8.813113228519573,24.074694521087903,Positive Response,10,Moderate Discount Strategy,4.682063953488372,4.213857558139535,11465.906415697676
13616,5854.84,172,34,6.1973847595898555,18.18181818181818,Positive Response,10,Moderate Discount Strategy,3.0828571428571427,2.7745714285714285,477.2262857142857
13617,713.07,293,62,5.842682958396202,20.597572362278243,Positive Response,10,Moderate Discount Strategy,3.9533333333333336,3.5580000000000003,1042.4940000000001
13619,734.57,79,44,2.386119182000206,23.407407407407405,Positive Response,10,Moderate Discount Strategy,3.322,2.9898000000000002,236.19420000000002
13620,224.94,74,4,19.443128053571375,28.677966101694913,High Response,20,High Discount Strategy,2.504,2.0032,148.23680000000002
13622,599.55,379,31,10.390069165609939,23.03333333333333,Positive Response,10,Moderate Discount Strategy,3.4603125,3.1142812500000003,1180.3125937500001
13623,1803.42,724,205,4.659261687861104,26.131734247096897,Positive Response,10,Moderate Discount Strategy,3.352815533980582,3.017533980582524,2184.6946019417474
13624,1805.32,820,21,9.638065930005844,28.33822091886608,Positive Response,10,Moderate Discount Strategy,2.7877272727272726,2.508954545454545,2057.342727272727
13625,462.08,144,20,6.4942351216536185,36.72669067627051,Positive Response,10,Moderate Discount Strategy,5.414761904761905,4.873285714285714,701.7531428571428
13626,432.11,189,24,9.75734568850359,22.25084745762712,Positive Response,10,Moderate Discount Strategy,4.9336,4.44024,839.20536
13627,591.83,363,36,9.1018210487643,20.63882063882064,Positive Response,10,Moderate Discount Strategy,3.078108108108108,2.7702972972972972,1005.6179189189189
13628,607.43,106,15,12.612193221915682,28.92241379310345,High Response,20,High Discount Strategy,4.135625,3.3085000000000004,350.701
13629,5473.5,3350,27,55.86647634703394,0.0,High Response,20,High Discount Strategy,1.6835714285714285,1.346857142857143,4511.971428571429
13632,5578.5,602,74,9.58797012306661,19.959322033898307,Positive Response,10,Moderate Discount Strategy,3.6925333333333334,3.32328,2000.61456
13634,3454.12,1390,259,5.998073756506453,21.15804195804196,Positive Response,10,Moderate Discount Strategy,3.7854615384615387,3.406915384615385,4735.612384615385
13635,3486.41,1207,99,10.93073743239804,23.666666666666664,High Response,20,High Discount Strategy,2.2248,1.77984,2148.26688
13639,1928.13,197,18,9.549344329973847,10.940988835725676,Positive Response,10,Moderate Discount Strategy,1.9194736842105262,1.7275263157894736,340.3226842105263
13640,315.0,108,3,30.300481480851076,0.0,High Response,20,High Discount Strategy,3.75,3.0,324.0
13641,978.12,1098,43,12.362691293893102,30.206611570247933,High Response,20,High Discount Strategy,3.4640909090909093,2.7712727272727276,3042.857454545455
13642,1016.47,80,47,2.1842675121481228,14.974747474747474,Positive Response,10,Moderate Discount Strategy,2.422708333333333,2.1804374999999996,174.43499999999997
13643,1620.83,629,73,10.834309851146205,19.162692103868572,High Response,20,High Discount Strategy,4.339324324324324,3.4714594594594597,2183.5480000000002
13646,1637.33,79,57,2.6192054524894868,19.24137931034483,Positive Response,10,Moderate Discount Strategy,4.406034482758621,3.9654310344827586,313.2690517241379
13647,1373.66,908,60,11.110648706207105,18.152011922503725,High Response,20,High Discount Strategy,3.2481967213114755,2.5985573770491808,2359.4900983606562
13648,1755.52,960,105,9.906272429905865,27.368084425967382,Positive Response,10,Moderate Discount Strategy,2.9039622641509433,2.613566037735849,2509.023396226415
13649,1764.02,710,99,8.327814614384879,24.162711864406777,Positive Response,10,Moderate Discount Strategy,3.7532,3.37788,2398.2948
13650,1420.06,824,75,10.000235927480134,24.624060150375943,Positive Response,10,Moderate Discount Strategy,3.2157894736842105,2.8942105263157893,2384.8294736842104
13651,1451.66,29,7,9.336385190708162,25.859598853868196,Positive Response,10,Moderate Discount Strategy,8.80625,7.925625,229.84312500000001
13652,1460.47,992,95,9.822281998151363,24.88095238095238,Positive Response,10,Moderate Discount Strategy,2.5504166666666666,2.295375,2277.0119999999997
13653,1475.77,72,8,9.324980044054634,0.0,Positive Response,10,Moderate Discount Strategy,2.783333333333333,2.505,180.35999999999999
13654,3575.47,2580,162,11.597410667709479,22.643614054657,High Response,20,High Discount Strategy,2.0530674846625767,1.6424539877300615,4237.531288343558
13655,3600.67,620,62,10.346652457598472,25.6120527306968,Positive Response,10,Moderate Discount Strategy,3.3944444444444444,3.055,1894.1000000000001
13656,1347.54,372,37,10.301449664269725,15.775978407557357,Positive Response,10,Moderate Discount Strategy,2.8923684210526317,2.6031315789473686,968.3649473684211
13658,3332.78,1152,128,9.945017564342493,22.12919896640827,Positive Response,10,Moderate Discount Strategy,4.44984496124031,4.00486046511628,4613.599255813954
13659,3386.33,1645,170,9.45786979384785,26.82949203073042,Positive Response,10,Moderate Discount Strategy,3.972573099415204,3.575315789473684,5881.39447368421
13660,3321.68,136,39,4.4470783954721735,32.56565656565657,Positive Response,10,Moderate Discount Strategy,4.9305,4.43745,603.4932
13661,307.54,118,16,9.249341146308534,15.074775672981058,Positive Response,10,Moderate Discount Strategy,4.0452941176470585,3.640764705882353,429.6102352941176
13662,1337.5,636,83,8.57468468054569,22.590799031476998,Positive Response,10,Moderate Discount Strategy,4.3689285714285715,3.9320357142857145,2500.7747142857143
13663,1828.3400000000001,802,85,10.230439383556773,24.816712652739454,Positive Response,10,Moderate Discount Strategy,3.732325581395349,3.3590930232558143,2693.992604651163
13665,1858.04,1652,105,10.658858800685996,23.07032590051458,Positive Response,10,Moderate Discount Strategy,2.0283018867924527,1.8254716981132075,3015.6792452830186
13666,1711.66,13,6,4.187545420946473,16.806722689075627,Positive Response,10,Moderate Discount Strategy,4.178571428571429,3.760714285714286,48.88928571428572
13668,6611.610000000001,2374,292,12.947330425784388,19.382194712789957,High Response,20,High Discount Strategy,4.066860068259385,3.2534880546075082,7723.780641638225
13669,6638.650000000001,156,4,17.71029421771771,0.0,High Response,20,High Discount Strategy,1.25,1.0,156.0
13671,195.0,95,63,2.01775081682979,14.488636363636362,Positive Response,10,Moderate Discount Strategy,1.93203125,1.7388281250000002,165.188671875
13672,206.53,81,11,9.594412105166588,17.25988700564972,Positive Response,10,Moderate Discount Strategy,3.4075,3.0667500000000003,248.40675000000002
13674,233.53,102,13,9.709823692456675,18.789346246973366,Positive Response,10,Moderate Discount Strategy,4.1778571428571425,3.7600714285714285,383.5272857142857
13676,240.68,104,12,10.320749326827613,19.817470664928294,Positive Response,10,Moderate Discount Strategy,3.8346153846153848,3.4511538461538462,358.92
13677,549.29,217,105,2.3764870517375987,17.842283502660862,Positive Response,10,Moderate Discount Strategy,3.4912264150943395,3.1421037735849056,681.8365188679245
13679,551.24,102,49,2.6264409024101565,20.8,Positive Response,10,Moderate Discount Strategy,2.9604000000000004,2.6643600000000003,271.76472
13680,7692.6,3310,451,7.9621519623933805,16.40328697850822,Positive Response,10,Moderate Discount Strategy,2.911570796460177,2.6204137168141597,8673.569402654868
13683,7700.55,180,9,12.537897261127082,12.8,High Response,20,High Discount Strategy,1.73,1.3840000000000001,249.12000000000003
13684,528.8,196,78,2.9639986562066545,10.995431053853645,Positive Response,10,Moderate Discount Strategy,2.4256962025316455,2.183126582278481,427.8928101265823
13686,529.75,308,25,9.81350997657712,23.36870026525199,Positive Response,10,Moderate Discount Strategy,1.581923076923077,1.4237307692307692,438.5090769230769
13687,11872.2,87167,44,1237.6556772798049,16.239316239316242,High Response,20,High Discount Strategy,0.15133333333333335,0.12106666666666668,10553.018133333335
13688,11880.84,130,4,34.163113393196305,28.346456692913385,High Response,20,High Discount Strategy,4.55,3.64,473.2
13689,375.5,210,2,27.2645865056523,0.0,High Response,20,High Discount Strategy,1.75,1.4000000000000001,294.0
13691,349.5,145,53,3.0404967206998794,12.207407407407409,Positive Response,10,Moderate Discount Strategy,2.1038888888888887,1.8935,274.5575
13692,1442.48,875,42,21.3262860755023,1.9933554817275747,High Response,20,High Discount Strategy,2.0869767441860465,1.6695813953488372,1460.8837209302326
13693,1994.1200000000001,880,105,9.540534823615975,23.23313079629038,Positive Response,10,Moderate Discount Strategy,4.17877358490566,3.7608962264150945,3309.588679245283
13694,131383.19,125893,956,111.68657739993773,20.930407523510972,High Response,20,High Discount Strategy,1.7224973876698015,1.3779979101358413,173480.29090073146
13695,131443.19,188,5,18.426030103493378,9.333333333333334,High Response,20,High Discount Strategy,1.24,0.992,186.496
13696,1932.8,552,23,23.74496007656325,25.212121212121215,High Response,20,High Discount Strategy,4.635833333333333,3.708666666666667,2047.184
13698,2020.4,227,37,7.778406679976889,11.646423751686912,Positive Response,10,Moderate Discount Strategy,3.432105263157895,3.0888947368421054,701.1791052631579
13699,451.73,153,22,9.55223866726771,14.591009579955786,Positive Response,10,Moderate Discount Strategy,5.324347826086957,4.791913043478261,733.162695652174
13700,455.57,505,45,6.797066557994404,26.10434782608696,Positive Response,10,Moderate Discount Strategy,1.3921739130434785,1.2529565217391307,632.743043478261
13701,348.34,80,8,9.000096037054295,8.08080808080808,Positive Response,10,Moderate Discount Strategy,2.272222222222222,2.045,163.6
13702,161.0,74,4,16.39078061926272,6.442953020134228,High Response,20,High Discount Strategy,2.378,1.9024,140.7776
13703,302.66,118,35,5.4453706048761354,21.1010101010101,Positive Response,10,Moderate Discount Strategy,3.2488888888888887,2.924,345.032
13705,1307.8700000000001,646,55,10.738672971467262,14.20995670995671,High Response,20,High Discount Strategy,5.202678571428572,4.162142857142857,2688.744285714286
13706,1323.47,112,17,8.347647480552883,29.561671763506624,Positive Response,10,Moderate Discount Strategy,6.205,5.5845,625.464
13707,2519.85,1859,106,12.979661360400327,21.84650240725007,High Response,20,High Discount Strategy,2.2590654205607477,1.8072523364485982,3359.682093457944
13709,2559.45,614,71,9.127831543449055,27.923728813559322,Positive Response,10,Moderate Discount Strategy,3.640972222222222,3.276875,2012.00125
13710,1263.7,160,6,15.46166774372229,15.306122448979593,High Response,20,High Discount Strategy,2.198571428571429,1.7588571428571431,281.4171428571429
13711,1530.1200000000001,679,78,9.866064412569006,23.93248945147679,Positive Response,10,Moderate Discount Strategy,4.311772151898734,3.8805949367088606,2634.9239620253165
13712,1540.2,776,22,11.323282427500002,25.638998682476945,High Response,20,High Discount Strategy,3.4539130434782606,2.7631304347826084,2144.1892173913043
13713,719.51,284,79,3.836752431103416,14.99404761904762,Positive Response,10,Moderate Discount Strategy,2.891375,2.6022375,739.0354500000001
13714,740.76,50,29,2.6654358122704687,18.926553672316388,Positive Response,10,Moderate Discount Strategy,3.635,3.2715,163.57500000000002
13715,7330.900000000001,4345,422,6.78864015891461,13.261694963822622,Positive Response,10,Moderate Discount Strategy,2.3496690307328603,2.1147021276595743,9188.38074468085
13717,7348.3,185,21,8.391547957969674,31.940298507462686,Positive Response,10,Moderate Discount Strategy,3.6136363636363638,3.2522727272727274,601.6704545454546
13719,1718.0,979,187,3.583052047845102,19.929078014184395,Positive Response,10,Moderate Discount Strategy,3.04,2.736,2678.5440000000003
13721,1741.4,196,13,10.729965386128429,10.8843537414966,High Response,20,High Discount Strategy,1.1285714285714286,0.9028571428571429,176.96
13722,3220.2000000000003,1658,103,11.956697180963292,25.713820078226856,High Response,20,High Discount Strategy,3.6860576923076924,2.948846153846154,4889.186923076923
13723,3260.0,550,51,9.68335030580798,22.794871794871792,Positive Response,10,Moderate Discount Strategy,3.188653846153846,2.8697884615384615,1578.3836538461537
13724,994.23,130,41,3.330536064615874,16.45124716553288,Positive Response,10,Moderate Discount Strategy,2.1471428571428572,1.9324285714285716,251.2157142857143
13727,727.9200000000001,206,62,11.818461988054073,24.81045751633987,High Response,20,High Discount Strategy,6.9025396825396825,5.522031746031747,1137.5385396825397
13728,1828.83,811,100,9.33406035687311,37.164649798313164,Positive Response,10,Moderate Discount Strategy,4.68,4.212,3415.932
13729,1839.03,419,38,10.138905636181573,25.006105006105006,Positive Response,10,Moderate Discount Strategy,3.6030769230769235,3.2427692307692313,1358.7203076923079
13733,724.73,335,28,8.918445443969418,22.3342175066313,Positive Response,10,Moderate Discount Strategy,2.8179310344827586,2.536137931034483,849.6062068965517
13734,6346.1900000000005,302,26,189.8290122686592,15.8974358974359,High Response,20,High Discount Strategy,7.573333333333334,6.058666666666667,1829.7173333333335
13735,6856.7300000000005,3007,451,7.356709430168842,20.291824694479562,Positive Response,10,Moderate Discount Strategy,3.1107079646017697,2.799637168141593,8418.50896460177
13736,6879.2300000000005,1053,363,3.2280255069167056,16.05061605061605,Positive Response,10,Moderate Discount Strategy,2.6517857142857144,2.386607142857143,2513.097321428572
13738,2022.67,237,88,3.4789270194204187,21.492365312590035,Positive Response,10,Moderate Discount Strategy,2.6342696629213482,2.3708426966292135,561.8897191011237
13739,434.78000000000003,22,2,11.712794906590517,10.66666666666667,High Response,20,High Discount Strategy,3.35,2.68,58.96
13740,1217.02,562,70,9.234415483959669,25.968011458582,Positive Response,10,Moderate Discount Strategy,3.93169014084507,3.538521126760563,1988.6488732394364
13745,1232.02,650,30,13.104303738304257,16.22828784119107,High Response,20,High Discount Strategy,1.0906451612903227,0.8725161290322583,567.1354838709678
13746,477.32,83,8,9.003102570938658,22.380952380952383,Positive Response,10,Moderate Discount Strategy,3.4633333333333334,3.117,258.711
13747,176.69,60,4,10.047366592915848,16.96969696969697,Positive Response,10,Moderate Discount Strategy,4.6899999999999995,4.221,253.26
13748,1116.1,669,30,12.854089594962415,20.476190476190478,High Response,20,High Discount Strategy,2.402258064516129,1.9218064516129034,1285.6885161290325
13750,1629.48,854,50,10.374298797120877,22.303198565561917,Positive Response,10,Moderate Discount Strategy,3.6133333333333333,3.2520000000000002,2777.208
13752,1954.92,131,18,10.945649288131346,14.80820695807315,High Response,20,High Discount Strategy,5.063157894736842,4.050526315789474,530.6189473684211
13753,1323.31,938,44,16.011101827157585,10.773333333333333,High Response,20,High Discount Strategy,1.9539999999999997,1.5632,1466.2816
13754,1353.31,101,8,9.989389380425086,26.455026455026456,Positive Response,10,Moderate Discount Strategy,3.4277777777777776,3.085,311.585
13756,3644.03,2238,202,6.0865054490415895,21.757422447077623,Positive Response,10,Moderate Discount Strategy,2.9117241379310346,2.6205517241379312,5864.79475862069
13757,3999.2300000000005,54,7,4.735837542427234,27.33695652173913,Positive Response,10,Moderate Discount Strategy,3.47125,3.124125,168.70274999999998
13758,6203.03,3224,191,14.092665908535635,17.772435897435898,High Response,20,High Discount Strategy,3.4132812500000003,2.7306250000000003,8803.535000000002
13760,6226.43,426,61,9.705372826281813,26.07843137254902,Positive Response,10,Moderate Discount Strategy,3.3608064516129033,3.024725806451613,1288.5331935483873
13761,1076.85,437,51,9.98670882483395,18.243114909781575,Positive Response,10,Moderate Discount Strategy,2.7390384615384615,2.4651346153846156,1077.263826923077
13762,1956.96,2336,27,66.01600184132883,15.685714285714285,High Response,20,High Discount Strategy,1.1910714285714286,0.9528571428571428,2225.8742857142856
13763,3400.48,2496,34,70.31918350422163,17.162561576354676,High Response,20,High Discount Strategy,2.416,1.9328,4824.2688
13764,3502.48,1158,162,5.099205526600256,19.881531626824625,Positive Response,10,Moderate Discount Strategy,2.352269938650307,2.1170429447852763,2451.53573006135
13765,1400.2,297,16,17.074849828688684,26.91810841983852,High Response,20,High Discount Strategy,3.981235294117647,3.1849882352941177,945.941505882353
13766,352.821,137,16,8.14540244148423,16.259426847662144,Positive Response,10,Moderate Discount Strategy,2.0741176470588236,1.8667058823529412,255.73870588235295
13767,18168.97,7913,426,19.52333812410704,19.682451474615966,High Response,20,High Discount Strategy,3.7167213114754096,2.973377049180328,23528.332590163936
13768,18320.170000000002,373,32,10.966788306777811,23.944530046224966,High Response,20,High Discount Strategy,3.4466666666666668,2.7573333333333334,1028.4853333333333
13769,2974.21,1411,149,9.651296903458888,20.74124293785311,Positive Response,10,Moderate Discount Strategy,3.1732666666666667,2.85594,4029.73134
13770,3003.9100000000003,468,47,10.61125646924319,18.792735042735043,Positive Response,10,Moderate Discount Strategy,3.45125,3.106125,1453.6665
13771,3084.17,1663,96,12.793398851137521,22.23632038065028,High Response,20,High Discount Strategy,3.1172164948453607,2.4937731958762885,4147.144824742268
13772,3094.37,906,393,2.560773604492047,21.16100481582715,Positive Response,10,Moderate Discount Strategy,3.1291878172588836,2.8162690355329953,2551.5397461928937
13773,1977.39,174,18,9.219006736556768,18.277511961722485,Positive Response,10,Moderate Discount Strategy,2.6378947368421053,2.3741052631578947,413.0943157894737
13775,1046.71,455,62,9.568748272239079,24.164777021919882,Positive Response,10,Moderate Discount Strategy,3.125079365079365,2.8125714285714283,1279.7199999999998
13776,1049.66,2,1,62.65714851056419,0.0,High Response,20,High Discount Strategy,311.99,249.592,499.184
13777,30426.260000000002,13845,193,57.74218705216103,10.495333374001097,High Response,20,High Discount Strategy,2.2416494845360826,1.7933195876288661,24828.50969072165
13778,30501.260000000002,441,34,10.722950775543554,24.043956043956044,High Response,20,High Discount Strategy,3.999428571428571,3.1995428571428572,1410.9984
13779,945.79,53,26,3.9466929388006635,24.670433145009415,Positive Response,10,Moderate Discount Strategy,4.027777777777778,3.625,192.125
13780,369.96000000000004,161,40,4.694380663340286,9.04761904761905,Positive Response,10,Moderate Discount Strategy,2.519756097560976,2.2677804878048784,365.1126585365854
13781,635.99,270,39,9.161112481619861,17.327272727272728,Positive Response,10,Moderate Discount Strategy,3.5335,3.1801500000000003,858.6405000000001
13782,873.02,274,124,3.283020650746414,20.593898305084746,Positive Response,10,Moderate Discount Strategy,4.0404,3.6363600000000003,996.36264
13783,1335.24,3437,9,116.34648259304927,28.897637795275593,High Response,20,High Discount Strategy,0.5589999999999999,0.4472,1537.0264
13784,1542.09,334,11,22.858298038716583,26.862745098039213,High Response,20,High Discount Strategy,4.4816666666666665,3.5853333333333333,1197.5013333333334
13785,522.69,151,29,8.817789116172708,21.077441077441076,Positive Response,10,Moderate Discount Strategy,5.6306666666666665,5.0676,765.2076
13786,3116.59,1515,115,13.083092551255088,13.412604042806183,High Response,20,High Discount Strategy,2.6038793103448277,2.083103448275862,3155.901724137931
13787,3127.9900000000002,661,54,9.235416556127223,24.15426997245179,Positive Response,10,Moderate Discount Strategy,3.212181818181818,2.890963636363636,1910.9269636363636
13788,913.46,1,0,8.38362204714899,0.0,Positive Response,10,Moderate Discount Strategy,3.75,3.375,3.375
13789,222.96,258,17,11.481621522082493,12.156862745098037,High Response,20,High Discount Strategy,1.0355555555555556,0.8284444444444445,213.7386666666667
13792,239.46,64,9,8.655554694351917,17.636363636363637,Positive Response,10,Moderate Discount Strategy,4.744999999999999,4.270499999999999,273.31199999999995
13793,188.4,52,6,7.475390724273988,7.823129251700682,Positive Response,10,Moderate Discount Strategy,1.9357142857142857,1.7421428571428572,90.59142857142858
13794,108.33,63,8,7.658601762076564,29.755178907721277,Positive Response,10,Moderate Discount Strategy,3.6655555555555557,3.2990000000000004,207.83700000000002
13795,823.55,1250,28,24.34832049426278,18.47549909255898,High Response,20,High Discount Strategy,1.8262068965517242,1.4609655172413794,1826.2068965517242
13796,836.3,218,21,6.306447896045873,17.845117845117844,Positive Response,10,Moderate Discount Strategy,2.2977272727272724,2.0679545454545454,450.8140909090909
13797,1162.05,573,77,8.03851129951195,27.83308195072901,Positive Response,10,Moderate Discount Strategy,3.7025641025641027,3.3323076923076926,1909.4123076923079
13798,38275.02,24399,372,46.41739887846177,16.59761150377772,High Response,20,High Discount Strategy,2.4644235924932976,1.9715388739946382,48103.57698659518
13799,38683.02,1137,66,21.125065749791744,12.682044323835367,High Response,20,High Discount Strategy,2.865373134328358,2.2922985074626867,2606.3434029850746
13800,2114.71,560,39,12.49907513638578,15.327586206896552,High Response,20,High Discount Strategy,2.771,2.2168,1241.4080000000001
13802,21557.69,11557,387,16.803215121484207,17.37509912767645,High Response,20,High Discount Strategy,2.919381443298969,2.335505154639175,26991.43307216495
13803,21659.69,710,60,10.068412009007314,21.717408274785324,Positive Response,10,Moderate Discount Strategy,2.6931147540983607,2.4238032786885246,1720.9003278688524
13804,1061.84,335,31,9.278915864341112,22.038690476190478,Positive Response,10,Moderate Discount Strategy,2.57,2.3129999999999997,774.8549999999999
13807,572.73,116,24,8.455663574886357,26.4251968503937,Positive Response,10,Moderate Discount Strategy,6.99,6.291,729.7560000000001
13809,500.84999999999997,252,12,6.628531780353078,32.25597931480285,Positive Response,10,Moderate Discount Strategy,4.953846153846154,4.458461538461539,1123.5323076923078
13813,1388.41,740,73,10.248302274356837,24.372019077901427,Positive Response,10,Moderate Discount Strategy,3.837972972972973,3.4541756756756756,2556.09
13814,1398.6100000000001,350,21,12.334254799431294,16.550116550116552,High Response,20,High Discount Strategy,3.3840909090909093,2.7072727272727275,947.5454545454546
13815,3435.78,2821,179,10.865814420927878,19.35632183908046,High Response,20,High Discount Strategy,2.838888888888889,2.2711111111111113,6406.804444444445
13818,3448.38,60,4,8.21239005689502,19.68,Positive Response,10,Moderate Discount Strategy,1.3439999999999999,1.2096,72.576
13819,1472.0,1200,64,12.044754621078194,18.731934731934732,High Response,20,High Discount Strategy,2.1486153846153844,1.7188923076923075,2062.670769230769
13820,1502.0,285,88,3.7807798523044123,16.96695698424307,Positive Response,10,Moderate Discount Strategy,2.8431460674157303,2.558831460674157,729.2669662921347
13821,985.94,324,144,2.959267217122969,18.10682893847194,Positive Response,10,Moderate Discount Strategy,3.595862068965517,3.2362758620689656,1048.5533793103448
13823,2344.9900000000002,1125,122,9.144460896121373,24.844977263331955,Positive Response,10,Moderate Discount Strategy,4.955040650406504,4.4595365853658535,5016.9786585365855
13824,2445.79,674,53,12.665252147534957,16.228594185583436,High Response,20,High Discount Strategy,2.9583333333333335,2.3666666666666667,1595.1333333333334
13825,1615.82,182,39,3.5276409562282263,21.016949152542374,Positive Response,10,Moderate Discount Strategy,2.7575,2.48175,451.6785
13829,255.59,12,0,6.716809803574093,0.0,Positive Response,10,Moderate Discount Strategy,8.5,7.65,91.80000000000001
13830,144.10000000000002,47,10,7.847454317835969,23.376623376623378,Positive Response,10,Moderate Discount Strategy,7.177272727272728,6.459545454545455,303.5986363636364
13831,4713.49,1810,111,15.899709321831129,25.176190476190474,High Response,20,High Discount Strategy,4.772142857142858,3.8177142857142865,6910.062857142859
13832,4795.09,392,51,8.914027943615165,20.92074592074592,Positive Response,10,Moderate Discount Strategy,2.6507692307692308,2.385692307692308,935.1913846153847
13833,557.69,126,15,9.038090296957181,18.09090909090909,Positive Response,10,Moderate Discount Strategy,4.0775,3.6697499999999996,462.38849999999996
13834,316.56,221,15,8.774921993996847,19.5,Positive Response,10,Moderate Discount Strategy,5.724375,5.151937500000001,1138.5781875000002
13835,324.19,78,15,8.464433309575996,24.353448275862068,Positive Response,10,Moderate Discount Strategy,5.6625,5.0962499999999995,397.50749999999994
13836,602.67,273,30,9.619376188274929,24.81137233460908,Positive Response,10,Moderate Discount Strategy,4.034193548387097,3.6307741935483873,991.2013548387097
13838,1242.96,520,286,2.16907312708259,25.214669580109845,Positive Response,10,Moderate Discount Strategy,3.157700348432056,2.8419303135888505,1477.8037630662022
13839,1245.91,25,6,9.179220337618181,5.282112845138056,Positive Response,10,Moderate Discount Strategy,5.635714285714286,5.0721428571428575,126.80357142857144
13840,638.2,358,39,9.557170998297666,20.55952380952381,Positive Response,10,Moderate Discount Strategy,2.8745000000000003,2.5870500000000005,926.1639000000002
13842,2224.39,1111,148,7.576287151417729,29.646229097941077,Positive Response,10,Moderate Discount Strategy,4.270402684563758,3.8433624161073827,4269.975644295302
13843,2244.29,145,17,9.062322698806467,25.85858585858586,Positive Response,10,Moderate Discount Strategy,3.9166666666666665,3.525,511.125
13846,427.43,317,25,10.7764999413454,21.965811965811966,High Response,20,High Discount Strategy,2.375769230769231,1.9006153846153848,602.495076923077
13847,442.73,96,18,8.889238695454424,30.690058479532162,Positive Response,10,Moderate Discount Strategy,5.931052631578948,5.3379473684210526,512.4429473684211
13848,1760.0,6500,5,541.7936306903138,0.0,High Response,20,High Discount Strategy,0.32,0.256,1664.0
13849,2080.0,867,118,8.864743189165745,24.082039595499218,Positive Response,10,Moderate Discount Strategy,4.19126050420168,3.7721344537815122,3270.4405714285713
13851,1940.0,820,58,15.32595378895171,20.47191758059156,High Response,20,High Discount Strategy,3.2508474576271187,2.600677966101695,2132.55593220339
13852,1955.0,85,10,8.779468835651711,26.90909090909091,Positive Response,10,Moderate Discount Strategy,3.7409090909090907,3.3668181818181817,286.17954545454546
13854,4086.44,1414,70,16.883990967636336,27.151107233370727,High Response,20,High Discount Strategy,3.9864788732394367,3.1891830985915495,4509.504901408451
13855,4144.44,575,72,9.760091741966137,15.388127853881281,Positive Response,10,Moderate Discount Strategy,3.1505479452054796,2.8354931506849317,1630.4085616438358
13856,1310.3400000000001,611,39,8.537478163553534,29.14406779661017,Positive Response,10,Moderate Discount Strategy,4.46325,4.0169250000000005,2454.3411750000005
13857,999.11,782,127,5.73988014483802,19.919181034482758,Positive Response,10,Moderate Discount Strategy,2.147578125,1.9328203124999999,1511.465484375
13859,1001.01,38,7,10.711252523789081,27.941176470588236,High Response,20,High Discount Strategy,9.4875,7.590000000000001,288.42
13861,314.7,225,20,7.500542272390443,30.62049062049062,Positive Response,10,Moderate Discount Strategy,2.770952380952381,2.493857142857143,561.1178571428572
13862,336.65,239,20,9.512256771282399,13.563218390804597,Positive Response,10,Moderate Discount Strategy,2.027142857142857,1.8244285714285715,436.0384285714286
13863,915.9200000000001,329,49,9.399115962080108,24.207594936708862,Positive Response,10,Moderate Discount Strategy,5.1068,4.59612,1512.12348
13864,933.77,192,0,7.212066489028172,0.0,Positive Response,10,Moderate Discount Strategy,3.45,3.1050000000000004,596.1600000000001
13869,4905.72,2593,533,4.650897931746371,15.833617069572124,Positive Response,10,Moderate Discount Strategy,3.0201685393258426,2.7181516853932584,7048.167320224719
13870,4913.22,2124,125,12.206390094405858,18.653968253968255,High Response,20,High Discount Strategy,1.5846825396825397,1.2677460317460318,2692.6925714285717
13871,2941.14,696,65,9.53012711109664,17.97653958944282,Positive Response,10,Moderate Discount Strategy,3.34,3.006,2092.176
13872,1482.6000000000001,339,56,9.25425184141307,22.85847953216374,Positive Response,10,Moderate Discount Strategy,4.236666666666667,3.8130000000000006,1292.6070000000002
13873,919.57,332,36,10.00148980411645,25.460375629867155,Positive Response,10,Moderate Discount Strategy,4.602972972972973,4.142675675675676,1375.3683243243245
13874,1427.1,684,50,13.132665540033296,20.592079969242594,High Response,20,High Discount Strategy,3.1613725490196076,2.529098039215686,1729.9030588235294
13875,3007.68,1756,165,10.327970352279246,19.13106973347937,Positive Response,10,Moderate Discount Strategy,4.220662650602409,3.7985963855421683,6670.335253012047
13877,3027.58,370,19,9.400741318661028,23.68965517241379,Positive Response,10,Moderate Discount Strategy,2.634,2.3706,877.1220000000001
13878,1124.93,464,66,7.821026572585526,23.12673918542879,Positive Response,10,Moderate Discount Strategy,4.373731343283582,3.936358208955224,1826.470208955224
13879,1145.33,204,24,9.406683523779801,25.54576271186441,Positive Response,10,Moderate Discount Strategy,3.2724,2.9451600000000004,600.8126400000001
13880,1156.89,747,63,10.669447370551929,13.333333333333336,Positive Response,10,Moderate Discount Strategy,2.12234375,1.9101093750000002,1426.851703125
13881,27959.58,19642,278,41.745532203463526,22.65232974910394,High Response,20,High Discount Strategy,2.8546236559139784,2.283698924731183,44856.41427956989
13883,28019.58,2148,173,10.674621816893415,20.987958401751506,Positive Response,10,Moderate Discount Strategy,3.068735632183908,2.7618620689655176,5932.479724137932
13884,3885.54,452,122,4.01338224304982,23.46148546231225,Positive Response,10,Moderate Discount Strategy,3.4578861788617887,3.11209756097561,1406.6680975609756
13888,1394.1200000000001,541,131,5.069543009352902,23.479712378017467,Positive Response,10,Moderate Discount Strategy,4.196666666666667,3.7770000000000006,2043.3570000000004
13889,1544.63,833,67,10.581769714232724,24.44059976931949,Positive Response,10,Moderate Discount Strategy,2.7282352941176473,2.455411764705883,2045.3580000000004
13890,1574.3300000000002,561,62,9.782678234758936,19.531368102796677,Positive Response,10,Moderate Discount Strategy,2.947777777777778,2.6530000000000005,1488.3330000000003
13891,1043.57,476,98,5.798477521494898,18.140020898641588,Positive Response,10,Moderate Discount Strategy,2.578787878787879,2.3209090909090913,1104.7527272727275
13892,859.21,2142,8,92.70409762205973,13.742690058479532,High Response,20,High Discount Strategy,0.5477777777777777,0.4382222222222222,938.6719999999999
13895,1397.6,695,67,10.23524948723008,24.819734345351048,Positive Response,10,Moderate Discount Strategy,5.336911764705882,4.803220588235294,3338.238308823529
13896,1415.45,149,20,9.495353557295845,17.346938775510203,Positive Response,10,Moderate Discount Strategy,3.2452380952380957,2.9207142857142863,435.1864285714287
13897,834.5600000000001,620,41,13.368584628241175,19.307359307359306,High Response,20,High Discount Strategy,2.35,1.8800000000000001,1165.6000000000001
13898,849.5600000000001,411,33,10.188782506656091,13.36470588235294,Positive Response,10,Moderate Discount Strategy,1.8238235294117646,1.6414411764705883,674.6323235294118
13900,852.64,508,51,10.038870607854944,25.942684766214178,Positive Response,10,Moderate Discount Strategy,2.7451923076923075,2.470673076923077,1255.1019230769232
13901,2791.44,1605,160,9.740931942407702,26.45232005845816,Positive Response,10,Moderate Discount Strategy,3.6714285714285717,3.3042857142857147,5303.378571428572
13902,33944.06,220600,62,2335.1277710219733,10.370370370370368,High Response,20,High Discount Strategy,0.826984126984127,0.6615873015873017,145946.15873015876
13903,34095.26,103,9,13.640708351716023,24.363636363636367,High Response,20,High Discount Strategy,3.18,2.5440000000000005,262.03200000000004
13905,181.85,135,11,8.362251890765165,32.52923976608187,Positive Response,10,Moderate Discount Strategy,4.833333333333333,4.35,587.25
13906,312.65,100,0,184.50827907028054,0.0,High Response,20,High Discount Strategy,0.42,0.336,33.6
13907,106.8,68,3,11.607346216823428,13.978494623655916,High Response,20,High Discount Strategy,2.1125,1.69,114.92
13909,259.45,301,37,4.670309916660113,31.329170383586085,Positive Response,10,Moderate Discount Strategy,3.499473684210526,3.1495263157894735,948.0074210526316
13911,1636.68,1756,89,13.118427524390015,17.217777777777776,High Response,20,High Discount Strategy,2.0803333333333334,1.6642666666666668,2922.4522666666667
13912,1654.08,29,6,8.804756215620568,20.64825930372149,Positive Response,10,Moderate Discount Strategy,4.95,4.455,129.195
13913,124.95,10,2,12.341699856366633,28.915032679738562,High Response,20,High Discount Strategy,10.13,8.104000000000001,81.04
13915,42.22,24,1,7.1604270197744775,0.0,Positive Response,10,Moderate Discount Strategy,2.95,2.6550000000000002,63.720000000000006
13916,1265.6100000000001,673,73,9.394488072790132,22.303732303732307,Positive Response,10,Moderate Discount Strategy,5.166486486486487,4.649837837837838,3129.340864864865
13919,1275.81,659,48,10.720619209129095,20.606060606060606,High Response,20,High Discount Strategy,2.9293877551020406,2.3435102040816327,1544.373224489796
13920,1744.08,1772,85,10.856423612152188,29.98396150761828,High Response,20,High Discount Strategy,2.55453488372093,2.0436279069767442,3621.3086511627907
13921,1774.68,210,43,8.649074475834437,21.149732620320858,Positive Response,10,Moderate Discount Strategy,5.389772727272727,4.850795454545454,1018.6670454545454
13922,730.7,374,22,14.591574175062648,21.22153209109731,High Response,20,High Discount Strategy,2.471739130434783,1.9773913043478264,739.5443478260871
13927,692.95,249,19,10.201302753115058,20.923076923076927,Positive Response,10,Moderate Discount Strategy,2.6595,2.39355,595.9939499999999
13929,2646.89,1423,47,22.757560803120754,24.343434343434343,High Response,20,High Discount Strategy,3.296875,2.6375,3753.1625000000004
13931,4007.25,2763,212,10.47603974051159,20.568195497772965,Positive Response,10,Moderate Discount Strategy,2.4665258215962442,2.21987323943662,6133.509760563381
13935,6021.72,2252,79,31.646599070022955,18.03301886792453,High Response,20,High Discount Strategy,3.93925,3.1514,7096.9528
13936,6116.92,331,32,8.71873187394803,15.22497704315886,Positive Response,10,Moderate Discount Strategy,2.8927272727272726,2.6034545454545452,861.7434545454545
13937,711.08,464,44,9.735419657564082,13.791245791245789,Positive Response,10,Moderate Discount Strategy,2.6157777777777778,2.3542,1092.3488
13939,978.89,761,64,9.904591954874817,26.56349567592171,Positive Response,10,Moderate Discount Strategy,2.2069230769230765,1.986230769230769,1511.5216153846152
13941,5764.54,3062,59,41.08649852335427,21.333333333333332,High Response,20,High Discount Strategy,2.8266666666666667,2.2613333333333334,6924.202666666667
13942,6009.34,1000,0,85.5874612737791,0.0,High Response,20,High Discount Strategy,0.32,0.256,256.0
13943,320.0,94,14,8.374738186469896,12.601307189542483,Positive Response,10,Moderate Discount Strategy,4.405333333333333,3.9648,372.6912
13944,246.54000000000002,153,34,3.8617306157120344,19.736263736263737,Positive Response,10,Moderate Discount Strategy,1.8194285714285714,1.6374857142857142,250.53531428571426
13945,783.35,413,50,7.962989180031841,21.521942110177406,Positive Response,10,Moderate Discount Strategy,3.369607843137255,3.0326470588235295,1252.4832352941178
13946,1131.06,2404,44,9.106652806989178,20.214559386973182,Positive Response,10,Moderate Discount Strategy,2.001333333333333,1.8012,4330.0848
13948,1314.66,208,20,9.841405656357974,28.0225988700565,Positive Response,10,Moderate Discount Strategy,3.456666666666667,3.111,647.0880000000001
13952,9560.05,4516,271,16.58720876663614,24.43627450980392,High Response,20,High Discount Strategy,3.6083823529411765,2.8867058823529415,13036.363764705884
13953,9572.45,2500,4,608.9490770369608,0.0,High Response,20,High Discount Strategy,1.25,1.0,2500.0
13955,3125.0,118,51,2.34862302566624,13.219714417319208,Positive Response,10,Moderate Discount Strategy,2.9909615384615384,2.691865384615385,317.6401153846154
13957,440.55,157,26,8.767842478480834,30.031581969566467,Positive Response,10,Moderate Discount Strategy,5.2407407407407405,4.716666666666667,740.5166666666667
13958,4704.1900000000005,2264,226,10.49604301418622,25.90308370044053,Positive Response,10,Moderate Discount Strategy,4.151277533039647,3.736149779735683,8458.643101321586
13959,4709.2300000000005,339,66,3.5524425446783794,24.697938877043356,Positive Response,10,Moderate Discount Strategy,2.6880597014925374,2.4192537313432836,820.1270149253731
13961,470.73,226,18,9.199711586046217,11.802232854864434,Positive Response,10,Moderate Discount Strategy,3.2605263157894733,2.934473684210526,663.1910526315789
13962,538.4,73,11,8.318142427315493,27.15355805243446,Positive Response,10,Moderate Discount Strategy,4.904166666666667,4.41375,322.20375
13963,2323.53,1601,136,9.314053139815364,29.597921563775827,Positive Response,10,Moderate Discount Strategy,3.622043795620438,3.2598394160583943,5219.002905109489
13964,2347.33,228,23,9.304209585667293,17.13675213675214,Positive Response,10,Moderate Discount Strategy,2.8825000000000003,2.59425,591.489
13965,976.21,425,23,27.701045979593413,16.350574712643674,High Response,20,High Discount Strategy,3.52125,2.817,1197.2250000000001
13966,996.61,760,20,11.084860882929025,19.35238095238095,High Response,20,High Discount Strategy,1.600952380952381,1.2807619047619048,973.3790476190476
13967,384.26,24,3,10.588387177632182,24.22680412371134,Positive Response,10,Moderate Discount Strategy,5.225,4.7025,112.85999999999999
13968,93.66,174,7,16.060617007462934,18.970588235294116,High Response,20,High Discount Strategy,1.00125,0.801,139.374
13969,4261.08,2245,469,5.194249477679005,15.92034915439171,Positive Response,10,Moderate Discount Strategy,2.37463829787234,2.137174468085106,4797.9566808510635
13970,4266.88,469,12,14.169780093041513,18.82659713168188,High Response,20,High Discount Strategy,3.256153846153846,2.604923076923077,1221.7089230769232
13971,1904.27,1240,105,10.756727876274468,21.640058055152398,High Response,20,High Discount Strategy,2.568490566037736,2.054792452830189,2547.942641509434
13974,1909.31,107,14,8.562815348694377,7.77777777777778,Positive Response,10,Moderate Discount Strategy,3.6093333333333333,3.2484,347.5788
13975,2744.76,2187,407,3.6291260376305794,22.95131845841785,Positive Response,10,Moderate Discount Strategy,1.8282107843137254,1.645389705882353,3598.467286764706
13976,2795.16,298,45,9.129615461868388,22.724637681159418,Positive Response,10,Moderate Discount Strategy,4.893913043478261,4.404521739130435,1312.5474782608696
13977,834.38,303,12,17.430834081707285,24.812623274161737,High Response,20,High Discount Strategy,2.512307692307692,2.0098461538461536,608.9833846153846
13979,2499.56,1631,338,4.85735734773546,23.458134785568415,Positive Response,10,Moderate Discount Strategy,2.693156342182891,2.423840707964602,3953.2841946902654
13980,2510.06,291,51,4.497452107628455,17.445054945054945,Positive Response,10,Moderate Discount Strategy,3.6298076923076925,3.2668269230769234,950.6466346153846
13981,568.68,234,21,10.04090728064916,29.027902790279033,Positive Response,10,Moderate Discount Strategy,3.3954545454545455,3.055909090909091,715.0827272727273
13982,2487.48,1550,136,12.469576255835221,21.809334218093344,High Response,20,High Discount Strategy,2.305839416058394,1.8446715328467154,2859.2408759124087
13983,4444.12,2962,232,11.08555364265256,21.99496818114548,High Response,20,High Discount Strategy,2.293175965665236,1.834540772532189,5433.9097682403435
13984,4479.82,742,76,10.480550021638289,19.590712317985044,Positive Response,10,Moderate Discount Strategy,1.943896103896104,1.7495064935064937,1298.1338181818182
13985,2941.23,1491,130,10.080194408378967,14.13583871599139,Positive Response,10,Moderate Discount Strategy,2.743969465648855,2.4695725190839695,3682.1326259541984
13987,2960.73,492,45,10.418127769685487,20.89591567852437,Positive Response,10,Moderate Discount Strategy,1.9202173913043479,1.728195652173913,850.2722608695652
13988,682.54,341,60,7.188305945226012,20.86591004623792,Positive Response,10,Moderate Discount Strategy,2.937377049180328,2.6436393442622954,901.4810163934427
13989,732.94,894,44,14.350188378691435,25.173333333333332,High Response,20,High Discount Strategy,1.1215555555555556,0.8972444444444445,802.1365333333334
13992,759.98,90,5,11.149338175181738,17.94871794871795,High Response,20,High Discount Strategy,2.6,2.08,187.20000000000002
13993,3284.15,1235,139,10.152771634519995,20.932203389830512,Positive Response,10,Moderate Discount Strategy,4.286785714285714,3.858107142857143,4764.762321428571
13995,3309.35,1480,143,10.56469447654844,17.041245791245792,Positive Response,10,Moderate Discount Strategy,2.495694444444444,2.2461249999999997,3324.2649999999994
13996,2508.32,613,32,11.8720893550076,27.583527583527584,High Response,20,High Discount Strategy,3.6136363636363638,2.890909090909091,1772.1272727272728
13997,895.76,143,43,3.467980851694027,19.65331278890601,Positive Response,10,Moderate Discount Strategy,4.535,4.0815,583.6545
13998,532.8,204,30,9.176631689119128,17.823947512301807,Positive Response,10,Moderate Discount Strategy,4.801612903225807,4.321451612903226,881.576129032258
13999,5570.45,2800,257,10.4933038567664,22.731067382230172,Positive Response,10,Moderate Discount Strategy,2.8196511627906977,2.537686046511628,7105.520930232559
14000,5600.45,1128,33,21.090994693917754,21.21107266435986,High Response,20,High Discount Strategy,2.0961764705882353,1.6769411764705884,1891.5896470588236
14001,2457.01,911,72,12.329528999675825,18.8762479684235,High Response,20,High Discount Strategy,3.264383561643836,2.611506849315069,2379.0827397260277
14003,2487.01,149,15,7.690486484828182,26.666666666666668,Positive Response,10,Moderate Discount Strategy,2.946875,2.6521875,395.17593750000003
14004,1656.31,757,69,10.100072478610738,14.359788359788359,Positive Response,10,Moderate Discount Strategy,3.735285714285714,3.3617571428571424,2544.850157142857
14006,1675.81,1540,46,13.584655394930627,18.145323163388202,High Response,20,High Discount Strategy,1.5399999999999998,1.232,1897.28
14007,1234.48,16,4,9.04718266478769,24.37917222963952,Positive Response,10,Moderate Discount Strategy,6.358,5.7222,91.5552
14008,498.96000000000004,326,31,9.603606631069828,13.80681818181818,Positive Response,10,Moderate Discount Strategy,2.13,1.917,624.942
14009,509.04,586,31,10.212841137380105,27.9,Positive Response,10,Moderate Discount Strategy,1.591875,1.4326875,839.5548749999999
14010,410.5,177,23,9.049267410661626,25.075757575757578,Positive Response,10,Moderate Discount Strategy,2.9145833333333333,2.623125,464.293125
14011,447.62,644,31,11.896584448074117,21.985294117647058,High Response,20,High Discount Strategy,1.283125,1.0265000000000002,661.0660000000001
14013,596.25,313,33,9.308975375968538,18.264342774146694,Positive Response,10,Moderate Discount Strategy,4.051470588235294,3.646323529411765,1141.2992647058825
14014,1412.4299999999998,928,36,14.433064394403493,30.969793322734496,High Response,20,High Discount Strategy,3.7035135135135135,2.962810810810811,2749.4884324324325
14016,7037.0,3597,286,12.183564951404897,21.470561958366837,High Response,20,High Discount Strategy,3.2616724738675957,2.609337979094077,9385.788710801395
14017,7062.2,73,13,8.915374832566288,17.803837953091683,Positive Response,10,Moderate Discount Strategy,4.653571428571429,4.188214285714286,305.7396428571429
14018,331.75,224,12,13.29900211324993,23.74753451676529,High Response,20,High Discount Strategy,2.6284615384615386,2.102769230769231,471.02030769230777
14020,588.8100000000001,207,32,9.073658869229877,21.866666666666664,Positive Response,10,Moderate Discount Strategy,4.716060606060606,4.244454545454546,878.602090909091
14021,1071.93,686,67,8.990794231334377,23.473389355742295,Positive Response,10,Moderate Discount Strategy,3.6044117647058824,3.2439705882352943,2225.363823529412
14022,1084.68,194,18,10.07039529793364,16.74185463659148,Positive Response,10,Moderate Discount Strategy,2.5010526315789474,2.250947368421053,436.68378947368427
14024,352.15000000000003,88,17,8.594024724378407,25.155945419103315,Positive Response,10,Moderate Discount Strategy,5.705,5.1345,451.836
14025,4047.4,1914,98,14.584190717566749,21.43819143819144,High Response,20,High Discount Strategy,4.155656565656566,3.3245252525252527,6363.141333333334
14026,4057.9,427,49,8.00327904429053,12.275862068965516,Positive Response,10,Moderate Discount Strategy,2.3936,2.15424,919.86048
14028,9338.0,7170,8,729.5549720815014,0.0,High Response,20,High Discount Strategy,1.45,1.16,8317.199999999999
14030,10396.5,2834,608,5.606458107598693,23.546798029556648,Positive Response,10,Moderate Discount Strategy,3.920279146141215,3.5282512315270935,9999.063990147783
14031,23556.4,8680,527,17.212239699606165,23.064646464646465,High Response,20,High Discount Strategy,4.423844696969697,3.5390757575757577,30719.177575757578
14032,23632.72,1884,100,13.542181417213046,29.714971497149712,High Response,20,High Discount Strategy,1.8627722772277229,1.4902178217821784,2807.5703762376243
14033,1874.68,576,0,84.26040905593825,0.0,High Response,20,High Discount Strategy,0.19,0.15200000000000002,87.55200000000002
14035,1336.73,666,78,4.569804156664692,19.584086799276676,Positive Response,10,Moderate Discount Strategy,2.90126582278481,2.611139240506329,1739.0187341772153
14037,1366.73,544,85,4.537899978716252,20.07047216349542,Positive Response,10,Moderate Discount Strategy,1.940232558139535,1.7462093023255816,949.9378604651164
14038,1496.9,743,68,10.9574976348439,13.24361628709455,High Response,20,High Discount Strategy,2.8508695652173914,2.2806956521739132,1694.5568695652175
14039,1509.5,100,3,15.093199472412882,42.50832408435072,High Response,20,High Discount Strategy,4.3125,3.45,345.0
14040,8946.49,3428,551,7.737913910151816,21.99828052075657,Positive Response,10,Moderate Discount Strategy,3.763804347826087,3.3874239130434782,11612.089173913044
14042,8963.49,180,20,10.569525220212931,13.186813186813188,Positive Response,10,Moderate Discount Strategy,3.74,3.366,605.88
14043,431.98,152,40,5.494507233733682,16.895787139689578,Positive Response,10,Moderate Discount Strategy,2.6529268292682926,2.387634146341463,362.92039024390243
14044,2427.38,1796,619,2.046808420601633,16.6891495601173,Positive Response,10,Moderate Discount Strategy,2.5036774193548386,2.2533096774193546,4046.944180645161
14045,9326.88,4052,31,75.07452535938319,20.818452380952376,High Response,20,High Discount Strategy,3.3753125,2.7002500000000005,10941.413000000002
14047,9653.28,1268,131,10.216057583260017,21.417565485362097,Positive Response,10,Moderate Discount Strategy,3.9584848484848485,3.5626363636363636,4517.422909090909
14048,2946.42,179,55,3.3882601096557985,19.379251700680275,Positive Response,10,Moderate Discount Strategy,3.1885714285714286,2.8697142857142857,513.6788571428572
14049,7438.7300000000005,4672,582,6.120871447983698,23.757751682279988,Positive Response,10,Moderate Discount Strategy,3.2258147512864497,2.903233276157805,13563.905866209265
14051,7444.68,2167,121,29.279999479760594,23.970064148253744,High Response,20,High Discount Strategy,3.8385245901639347,3.070819672131148,6654.466229508197
14052,6784.01,85,64,2.082375857247041,13.6996336996337,Positive Response,10,Moderate Discount Strategy,3.2515384615384613,2.9263846153846154,248.7426923076923
14053,293.3,275,4,53.16907823705402,6.079999999999999,High Response,20,High Discount Strategy,1.334,1.0672000000000001,293.48
14055,765.8199999999999,504,22,27.015016133426105,25.689019896831244,High Response,20,High Discount Strategy,4.1378260869565215,3.3102608695652176,1668.3714782608697
14057,2114.6,1565,163,6.596206340024042,21.291000841042894,Positive Response,10,Moderate Discount Strategy,2.169573170731707,1.9526158536585365,3055.84381097561
14058,2135.0,211,23,9.118881450961599,23.40395480225989,Positive Response,10,Moderate Discount Strategy,3.595,3.2355,682.6905
14060,3304.66,2733,67,17.692296936072765,24.03529411764706,High Response,20,High Discount Strategy,1.7819117647058824,1.425529411764706,3895.9718823529415
14061,3378.66,133,18,11.372958185572696,9.044834307992202,High Response,20,High Discount Strategy,8.654736842105264,6.923789473684211,920.864
14062,15062.300000000001,7201,228,29.59245536007441,19.07868824385649,High Response,20,High Discount Strategy,3.0029694323144107,2.4023755458515286,17299.506305676856
14063,19940.3,3850,39,104.95505851881812,28.38495575221239,High Response,20,High Discount Strategy,336.08875,268.87100000000004,1035153.3500000001
14064,22710.2,2139,158,9.242025734266154,17.127044025157232,Positive Response,10,Moderate Discount Strategy,1.4636477987421384,1.3172830188679245,2817.6683773584905
14065,1925.9,582,48,10.912778740246358,27.94946550048591,High Response,20,High Discount Strategy,3.67530612244898,2.940244897959184,1711.2225306122452
14068,1232.99,437,83,8.403514790091108,21.38095238095238,Positive Response,10,Moderate Discount Strategy,4.6882142857142854,4.219392857142857,1843.8746785714286
14069,1250.8700000000001,58,40,2.7074425243445783,22.98470442331542,Positive Response,10,Moderate Discount Strategy,4.188292682926829,3.7694634146341466,218.6288780487805
14070,317.8,85,40,3.730726870823278,26.536585365853657,Positive Response,10,Moderate Discount Strategy,4.763414634146342,4.287073170731707,364.4012195121951
14072,384.25,65,18,9.822351597362973,12.560813799203892,Positive Response,10,Moderate Discount Strategy,6.4263157894736835,5.7836842105263155,375.9394736842105
14074,390.85,228,5,55.644674917242355,0.0,High Response,20,High Discount Strategy,0.9833333333333334,0.7866666666666667,179.36
14075,779.41,740,37,10.981402092140089,23.599999999999998,High Response,20,High Discount Strategy,2.8007894736842105,2.2406315789473683,1658.0673684210526
14077,792.61,108,13,4.393422810256065,23.376623376623375,Positive Response,10,Moderate Discount Strategy,2.414285714285714,2.1728571428571426,234.6685714285714
14078,560.84,305,95,3.7443332208488527,22.777777777777782,Positive Response,10,Moderate Discount Strategy,2.8484374999999997,2.56359375,781.89609375
14079,640.34,1,0,9.958041822789435,0.0,Positive Response,10,Moderate Discount Strategy,243.63,219.267,219.267
14080,1061.58,220,78,5.088643513532491,24.383071218514257,Positive Response,10,Moderate Discount Strategy,8.350506329113925,7.515455696202532,1653.4002531645572
14081,4364.47,3041,762,3.122040957780518,22.973112514396917,Positive Response,10,Moderate Discount Strategy,2.683971166448231,2.415574049803408,7345.760685452164
14082,4369.47,136,35,3.6550586988062923,14.242424242424242,Positive Response,10,Moderate Discount Strategy,2.044166666666667,1.8397500000000002,250.20600000000002
14083,365.8,207,69,3.484056195425523,17.912087912087916,Positive Response,10,Moderate Discount Strategy,2.9464285714285716,2.6517857142857144,548.9196428571429
14084,373.3,306,6,27.30824113379543,20.43956043956044,High Response,20,High Discount Strategy,0.8885714285714286,0.7108571428571429,217.52228571428572
14085,5571.73,3363,608,4.037421857800293,24.083978418953787,Positive Response,10,Moderate Discount Strategy,2.954761904761905,2.6592857142857147,8943.177857142859
14086,5607.43,1,0,11.929899239100283,0.0,High Response,20,High Discount Strategy,39.95,31.960000000000004,31.960000000000004
14087,608.15,468,144,2.592002649778109,23.46917450365726,Positive Response,10,Moderate Discount Strategy,2.2224827586206897,2.000234482758621,936.1097379310346
14088,13274.99,2611,92,40.74865208791485,9.631878557874762,High Response,20,High Discount Strategy,6.396451612903226,5.117161290322581,13360.90812903226
14091,13544.99,3316,12,420.4347291234551,29.133858267716537,High Response,20,High Discount Strategy,3.141538461538462,2.51323076923077,8333.873230769233
14092,9530.08,1540,158,9.93875532133001,24.0251572327044,Positive Response,10,Moderate Discount Strategy,3.4194968553459124,3.077547169811321,4739.4226415094345
14094,3152.54,158,42,3.747180404446792,23.447332421340626,Positive Response,10,Moderate Discount Strategy,2.7544186046511627,2.4789767441860464,391.6783255813953
14095,311.77,1,0,8.941933866939324,0.0,Positive Response,10,Moderate Discount Strategy,2.95,2.6550000000000002,2.6550000000000002
14097,412.96,352,39,8.313284363331212,26.120689655172413,Positive Response,10,Moderate Discount Strategy,2.175,1.9574999999999998,689.04
14099,2643.84,1487,270,5.191163733155872,16.636794939377964,Positive Response,10,Moderate Discount Strategy,2.493948339483395,2.2445535055350554,3337.6510627306275
14101,3713.94,3600,54,46.39309192589228,24.776761699838623,High Response,20,High Discount Strategy,1.5385454545454547,1.2308363636363637,4431.010909090909
14104,3985.14,424,113,2.669393242717822,21.648059542796386,Positive Response,10,Moderate Discount Strategy,2.3230701754385965,2.0907631578947368,886.4835789473684
14105,4706.7,2734,204,11.661208688588278,20.78799249530957,High Response,20,High Discount Strategy,2.732390243902439,2.185912195121951,5976.2839414634145
14106,4722.6,24,0,7.753511723884283,0.0,Positive Response,10,Moderate Discount Strategy,8.95,8.055,193.32
14107,2144.07,1696,112,10.673101713084463,23.952802359882003,Positive Response,10,Moderate Discount Strategy,2.846371681415929,2.5617345132743363,4344.7017345132745
14108,2174.07,279,17,12.580143857814878,13.468013468013467,High Response,20,High Discount Strategy,2.288888888888889,1.8311111111111114,510.88000000000005
14110,7235.05,3380,243,12.25438556393566,17.234582357533178,High Response,20,High Discount Strategy,2.93516393442623,2.348131147540984,7936.683278688525
14112,7304.8,1888,165,10.486858649214929,21.143033673154157,Positive Response,10,Moderate Discount Strategy,2.319939759036145,2.0879457831325303,3942.041638554217
14113,4844.1900000000005,2694,87,17.30721516159043,29.595959595959595,High Response,20,High Discount Strategy,2.745681818181818,2.1965454545454546,5917.493454545454
14114,5252.1900000000005,549,58,9.538846551617727,21.312472837896568,Positive Response,10,Moderate Discount Strategy,3.1098305084745763,2.7988474576271187,1536.5672542372881
14115,977.5600000000001,509,21,18.00243986629875,21.09090909090909,High Response,20,High Discount Strategy,2.1922727272727274,1.753818181818182,892.6934545454546
14118,622.67,97,14,14.81061625518399,19.52861952861953,High Response,20,High Discount Strategy,5.22,4.176,405.072
14119,458.45,177,10,18.484140269267012,20.385674931129476,High Response,20,High Discount Strategy,3.2954545454545454,2.6363636363636367,466.6363636363637
14122,347.57,114,12,14.14817883536415,19.63076923076923,High Response,20,High Discount Strategy,4.86,3.8880000000000003,443.232
14123,415.9,234,23,10.051919095611394,15.796703296703294,Positive Response,10,Moderate Discount Strategy,3.2745833333333336,2.947125,689.62725
14126,445.93,379,27,10.642867731622882,16.514285714285712,Positive Response,10,Moderate Discount Strategy,2.1525000000000003,1.9372500000000004,734.2177500000001
14127,1166.57,507,72,9.369806573116541,20.589737636405854,Positive Response,10,Moderate Discount Strategy,4.138493150684932,3.7246438356164386,1888.3944246575345
14128,1190.3700000000001,250,18,10.633011019199847,20.63157894736842,Positive Response,10,Moderate Discount Strategy,1.7815789473684212,1.603421052631579,400.8552631578948
14129,1427.88,822,56,11.123632547136886,9.207868155236577,High Response,20,High Discount Strategy,2.1496491228070176,1.7197192982456142,1413.609263157895
14130,1467.48,958,153,4.425885884586485,15.288849081952531,Positive Response,10,Moderate Discount Strategy,2.0307142857142857,1.8276428571428571,1750.8818571428571
14131,1377.86,105,45,2.5724690194158133,12.173913043478263,Positive Response,10,Moderate Discount Strategy,2.179782608695652,1.961804347826087,205.98945652173913
14133,259.55,50,7,10.391139289652148,20.810055865921782,Positive Response,10,Moderate Discount Strategy,15.9625,14.36625,718.3125
14134,11043.75,5814,179,31.57612657782465,19.02849002849003,High Response,20,High Discount Strategy,3.354111111111111,2.683288888888889,15600.641599999999
14135,11123.35,5505,121,66.98002016714574,21.68756027000964,High Response,20,High Discount Strategy,1.7606557377049181,1.4085245901639345,7753.927868852459
14136,4953.61,1148,105,8.944927009304736,27.367475292003597,Positive Response,10,Moderate Discount Strategy,2.8432075471698113,2.5588867924528302,2937.602037735849
14137,1570.81,462,10,21.572464238956716,18.181818181818183,High Response,20,High Discount Strategy,0.8772727272727273,0.7018181818181819,324.24
14139,661.08,539,42,10.232970707253548,18.511627906976745,Positive Response,10,Moderate Discount Strategy,2.286046511627907,2.0574418604651163,1108.9611627906977
14142,670.98,518,43,9.660735748874258,20.744356314826117,Positive Response,10,Moderate Discount Strategy,2.400227272727273,2.1602045454545458,1118.9859545454547
14144,671.34,12,0,8.380260916651123,0.0,Positive Response,10,Moderate Discount Strategy,2.55,2.295,27.54
14145,3263.85,899,13,97.6209178549622,17.31601731601732,High Response,20,High Discount Strategy,4.6499999999999995,3.7199999999999998,3344.2799999999997
14146,5239.8,3343,245,9.866057937748202,23.20408588701272,Positive Response,10,Moderate Discount Strategy,3.0508536585365853,2.7457682926829268,9179.103402439025
14147,5259.3,887,24,39.037213743639704,18.384313725490195,High Response,20,High Discount Strategy,2.9372,2.34976,2084.23712
14148,2106.8,207,13,11.634408156946108,24.74285714285714,High Response,20,High Discount Strategy,2.212142857142857,1.7697142857142858,366.33085714285716
14151,661.75,405,43,8.865684413207488,20.465367965367964,Positive Response,10,Moderate Discount Strategy,2.928181818181818,2.6353636363636364,1067.3222727272728
14152,1357.45,1133,83,11.493703541991707,18.721340388007057,High Response,20,High Discount Strategy,1.6763095238095238,1.341047619047619,1519.4069523809524
14153,1376.05,312,16,17.437237927115653,5.56149732620321,High Response,20,High Discount Strategy,0.9076470588235294,0.7261176470588235,226.54870588235295
14154,5098.08,2757,239,9.703842816385134,20.18181818181818,Positive Response,10,Moderate Discount Strategy,2.9962083333333336,2.6965875,7434.4917375
14156,196488.54,108105,2645,34.50501899407246,21.772666738653133,High Response,20,High Discount Strategy,7.059285714285714,5.647428571428572,610515.2657142858
14157,196549.74,250,38,9.924588535603565,19.85922574157868,Positive Response,10,Moderate Discount Strategy,2.9294871794871793,2.6365384615384615,659.1346153846154
14159,3225.45,2172,660,2.9062111263852,13.407564296520423,Positive Response,10,Moderate Discount Strategy,1.7477155824508321,1.5729440242057489,3416.4344205748866
14160,8391.47,4661,106,36.631048764384545,11.713395638629283,High Response,20,High Discount Strategy,2.5198130841121498,2.0158504672897197,9395.879028037383
14161,8421.47,1158,198,7.269578352820271,16.196132176031675,Positive Response,10,Moderate Discount Strategy,2.545276381909548,2.290748743718593,2652.687045226131
14163,2182.46,57,5,11.01067031144928,26.754385964912277,High Response,20,High Discount Strategy,1.8566666666666667,1.4853333333333334,84.664
14166,247.4,82,50,2.47575553393502,21.967431040212695,Positive Response,10,Moderate Discount Strategy,3.303921568627451,2.973529411764706,243.8294117647059
14167,694.7,193,64,4.827556215521108,19.131221719457013,Positive Response,10,Moderate Discount Strategy,4.041538461538462,3.6373846153846157,702.0152307692308
14168,711.7,147,14,13.878906145142503,16.349206349206348,High Response,20,High Discount Strategy,3.0233333333333334,2.4186666666666667,355.544
14169,605.71,205,63,3.1824369671377024,26.191737288135595,Positive Response,10,Moderate Discount Strategy,4.02734375,3.624609375,743.044921875
14170,621.51,270,144,2.122474916343885,19.494252873563216,Positive Response,10,Moderate Discount Strategy,2.4720689655172414,2.224862068965517,600.7127586206897
14171,570.18,44,5,15.53041190891929,10.304942166140902,High Response,20,High Discount Strategy,3.2566666666666664,2.6053333333333333,114.63466666666666
14172,357.12,78,43,3.935311944518386,23.46648301193756,Positive Response,10,Moderate Discount Strategy,5.856590909090909,5.270931818181818,411.1326818181818
14173,369.02,44,3,8.686557222504762,23.65900383141763,Positive Response,10,Moderate Discount Strategy,5.12,4.6080000000000005,202.752
14175,4438.88,1494,181,9.997247353134224,25.882783882783883,Positive Response,10,Moderate Discount Strategy,4.778626373626373,4.300763736263736,6425.341021978022
14176,4456.58,117,14,11.233901650144203,14.011299435028251,High Response,20,High Discount Strategy,3.7393333333333336,2.991466666666667,350.00160000000005
14177,1650.33,839,163,4.043841499741174,25.186513629842178,Positive Response,10,Moderate Discount Strategy,3.96890243902439,3.572012195121951,2996.918231707317
14180,1660.23,159,60,23.033766816115907,21.000082379108655,High Response,20,High Discount Strategy,13.70967213114754,10.967737704918033,1743.8702950819672
14181,1570.73,120,51,3.205166169739432,19.23076923076923,Positive Response,10,Moderate Discount Strategy,2.714423076923077,2.4429807692307692,293.1576923076923
14182,576.77,174,49,7.291433002560979,22.185858585858586,Positive Response,10,Moderate Discount Strategy,4.9318,4.43862,772.31988
14183,678.77,60,33,4.199106478273322,23.415719228868017,Positive Response,10,Moderate Discount Strategy,5.3167647058823535,4.785088235294118,287.1052941176471
14186,1540.63,1550,103,11.424641706873278,20.66153846153846,High Response,20,High Discount Strategy,1.4717307692307693,1.1773846153846155,1824.946153846154
14187,1550.63,50,7,7.74960942429248,26.5625,Positive Response,10,Moderate Discount Strategy,4.8,4.32,216.0
14189,1145.31,709,50,10.092026306915143,23.828197945845005,Positive Response,10,Moderate Discount Strategy,4.033921568627451,3.630529411764706,2574.0453529411766
14190,1160.31,2,0,11.868104580616416,0.0,High Response,20,High Discount Strategy,39.95,31.960000000000004,63.92000000000001
14191,113.4,62,5,8.018364999049028,0.0,Positive Response,10,Moderate Discount Strategy,2.9499999999999997,2.655,164.60999999999999
14192,278.74,218,13,13.792429317316529,13.714285714285714,High Response,20,High Discount Strategy,1.6742857142857144,1.3394285714285716,291.9954285714286
14193,333.55,208,21,9.389828930884132,16.540404040404038,Positive Response,10,Moderate Discount Strategy,2.5704545454545453,2.313409090909091,481.1890909090909
14194,7298.570000000001,4197,372,10.769992330402973,17.640750670241285,High Response,20,High Discount Strategy,3.0168364611260055,2.4134691689008045,10129.330101876676
14195,7321.070000000001,1384,8,40.33923617170504,10.666666666666666,High Response,20,High Discount Strategy,1.4944444444444445,1.1955555555555557,1654.6488888888891
14197,1603.6,143,19,9.253071187537607,16.864406779661017,Positive Response,10,Moderate Discount Strategy,4.675,4.2075,601.6724999999999
14198,852.83,333,51,8.82785857506403,30.746606334841633,Positive Response,10,Moderate Discount Strategy,5.676346153846154,5.108711538461539,1701.2009423076925
14199,868.33,226,15,19.463425829977776,15.454545454545457,High Response,20,High Discount Strategy,4.81875,3.855,871.23
14200,906.3,140,20,8.844878334772053,17.435897435897434,Positive Response,10,Moderate Discount Strategy,3.9642857142857144,3.567857142857143,499.5
14201,431.1,216,17,9.963913055125282,19.037037037037035,Positive Response,10,Moderate Discount Strategy,3.3277777777777775,2.9949999999999997,646.92
14202,832.76,166,28,11.39262184469248,25.760649087221097,High Response,20,High Discount Strategy,8.454482758620689,6.7635862068965515,1122.7553103448276
14203,847.76,80,15,12.780361613223974,23.204022988505745,High Response,20,High Discount Strategy,5.39625,4.317,345.36
14204,872.32,397,180,2.8796159495425835,19.7676724748548,Positive Response,10,Moderate Discount Strategy,2.76232044198895,2.486088397790055,986.9770939226519
14205,1931.6,1138,98,10.638887661985258,30.802139037433157,Positive Response,10,Moderate Discount Strategy,3.6831313131313133,3.314818181818182,3772.2630909090913
14206,1947.5,654,50,10.299668807838502,24.39691027926322,Positive Response,10,Moderate Discount Strategy,2.4445098039215685,2.2000588235294116,1438.8384705882352
14207,856.85,36,1,46.06958203284697,2.247191011235957,High Response,20,High Discount Strategy,4.45,3.5600000000000005,128.16000000000003
14208,405.36,415,24,11.301040833986576,17.215999999999998,High Response,20,High Discount Strategy,2.3848,1.90784,791.7536
14209,2902.14,1048,143,9.35880221857997,24.01111111111111,Positive Response,10,Moderate Discount Strategy,5.078055555555555,4.57025,4789.621999999999
14210,3915.88,1844,226,9.133903349437746,20.129567245400363,Positive Response,10,Moderate Discount Strategy,3.4457268722466963,3.1011541850220268,5718.528317180618
14211,3955.6800000000003,1333,127,10.17167219742402,20.900583791208792,Positive Response,10,Moderate Discount Strategy,2.6903125,2.4212812500000003,3227.5679062500003
14212,2161.19,894,11,45.54423984690782,17.517006802721088,High Response,20,High Discount Strategy,1.7725,1.4180000000000001,1267.6920000000002
14213,1119.66,244,4,65.83027858882743,19.393939393939398,High Response,20,High Discount Strategy,4.89,3.912,954.528
14215,1592.6100000000001,927,83,10.290814198743279,23.382173382173384,Positive Response,10,Moderate Discount Strategy,3.559404761904762,3.203464285714286,2969.611392857143
14216,1626.6100000000001,118,17,9.485693303316836,24.814814814814817,Positive Response,10,Moderate Discount Strategy,4.773333333333333,4.296,506.92800000000005
14217,1394.96,567,80,9.358498022280578,30.78293483356774,Positive Response,10,Moderate Discount Strategy,5.794691358024691,5.215222222222222,2957.031
14219,1411.91,285,35,8.824245824879124,26.83006535947712,Positive Response,10,Moderate Discount Strategy,4.201944444444445,3.7817500000000006,1077.7987500000002
14220,864.9,196,16,23.45554141025937,11.864406779661017,High Response,20,High Discount Strategy,4.514705882352941,3.611764705882353,707.9058823529411
14221,3069.69,1617,153,10.471448604742465,24.734756768655075,Positive Response,10,Moderate Discount Strategy,3.4040909090909093,3.0636818181818186,4953.973500000001
14224,3084.69,343,115,3.214841937543711,11.504702194357366,Positive Response,10,Moderate Discount Strategy,4.380603448275862,3.9425431034482754,1352.2922844827585
14225,2004.03,1167,85,12.262991774907782,12.529241777900097,High Response,20,High Discount Strategy,2.8493023255813954,2.2794418604651163,2660.108651162791
14226,2031.07,418,30,12.0780649945533,9.775171065493645,High Response,20,High Discount Strategy,2.3787096774193546,1.9029677419354838,795.4405161290322
14227,3015.2,2228,201,9.784440456008019,19.81098109810981,Positive Response,10,Moderate Discount Strategy,2.3964356435643563,2.156792079207921,4805.332752475248
14228,3017.75,260,37,11.012335404997522,19.40993788819876,High Response,20,High Discount Strategy,4.74921052631579,3.799368421052632,987.8357894736844
14229,1028.99,324,31,11.52089772545304,18.49576271186441,High Response,20,High Discount Strategy,4.82125,3.857,1249.6680000000001
14230,1046.84,246,32,10.619479070648492,27.548209366391184,Positive Response,10,Moderate Discount Strategy,5.499393939393939,4.949454545454545,1217.565818181818
14231,979.8000000000001,201,18,10.225703495041136,19.184054811585177,Positive Response,10,Moderate Discount Strategy,2.0489473684210524,1.8440526315789472,370.6545789473684
14233,1346.35,581,37,22.23274409956952,26.404995539696703,High Response,20,High Discount Strategy,3.4078947368421053,2.7263157894736842,1583.9894736842105
14235,1558.13,1055,68,11.383839759714908,16.75889328063241,High Response,20,High Discount Strategy,2.283478260869565,1.8267826086956522,1927.2556521739132
14236,1573.13,502,34,10.815951017825759,25.156462585034014,High Response,20,High Discount Strategy,3.271714285714286,2.617371428571429,1313.9204571428572
14237,1253.78,238,25,9.644355867852182,27.86013986013986,Positive Response,10,Moderate Discount Strategy,4.460769230769231,4.014692307692308,955.4967692307694
14238,471.14,78,4,25.29828879910577,24.686868686868685,High Response,20,High Discount Strategy,4.928,3.9424,307.5072
14239,1867.02,736,97,9.527575781888315,19.60221376686268,Positive Response,10,Moderate Discount Strategy,3.825918367346939,3.443326530612245,2534.2883265306123
14240,1882.3200000000002,237,18,11.158697917531306,15.157894736842104,High Response,20,High Discount Strategy,2.6210526315789475,2.0968421052631583,496.9515789473685
14241,357.15000000000003,96,1,40.66413602811869,0.0,High Response,20,High Discount Strategy,1.25,1.0,96.0
14243,4824.58,2466,229,11.880960361345497,25.111679454390448,High Response,20,High Discount Strategy,3.559217391304348,2.8473739130434783,7021.624069565218
14244,4842.28,814,15,16.51295360168634,24.642857142857146,High Response,20,High Discount Strategy,1.2475,0.9980000000000001,812.3720000000001
14247,613.04,331,92,3.190247192209283,23.222161472571536,Positive Response,10,Moderate Discount Strategy,3.8541935483870966,3.468774193548387,1148.1642580645162
14248,714.47,590,38,13.420699430413944,20.43076923076923,High Response,20,High Discount Strategy,2.4325641025641027,1.9460512820512823,1148.1702564102566
14249,5369.861,2383,271,9.118569644375903,21.16046712802768,Positive Response,10,Moderate Discount Strategy,4.038533088235294,3.6346797794117647,8661.441914338235
14252,5400.461,111,9,30.63126852030872,21.088435374149658,High Response,20,High Discount Strategy,12.633,10.1064,1121.8104
14253,350.99,88,11,11.661026609467852,21.638655462184875,High Response,20,High Discount Strategy,5.895833333333333,4.716666666666667,415.06666666666666
14254,592.53,263,22,12.021823471065936,17.597118600463084,High Response,20,High Discount Strategy,2.477826086956522,1.9822608695652175,521.3346086956523
14255,601.03,1,0,9.872338396780021,0.0,Positive Response,10,Moderate Discount Strategy,1000.63,900.567,900.567
14256,1453.03,733,79,9.531749985063454,23.898305084745765,Positive Response,10,Moderate Discount Strategy,4.084875,3.6763875,2694.7920375
14257,2748.53,1650,133,12.341009880637687,19.742198100407055,High Response,20,High Discount Strategy,2.003731343283582,1.602985074626866,2644.9253731343288
14258,19279.36,10388,188,48.92270559633648,20.787373329746213,High Response,20,High Discount Strategy,4.088994708994709,3.271195767195767,33981.18162962963
14260,19381.36,544,50,10.802842667613627,16.684491978609625,High Response,20,High Discount Strategy,3.0609803921568624,2.44878431372549,1332.1386666666665
14263,824.28,171,15,9.828481810450306,14.615384615384617,Positive Response,10,Moderate Discount Strategy,2.35875,2.122875,363.01162500000004
14264,1159.59,483,61,9.300857594629177,22.5095680699836,Positive Response,10,Moderate Discount Strategy,5.416612903225806,4.874951612903225,2354.6016290322577
14265,1183.39,385,47,9.452469072033997,20.310734463276837,Positive Response,10,Moderate Discount Strategy,4.071666666666666,3.6645,1410.8325
14266,843.1700000000001,24,0,7.1902506751040125,0.0,Positive Response,10,Moderate Discount Strategy,1.69,1.521,36.504
14268,331.90000000000003,147,18,9.037549174339341,14.98661909009813,Positive Response,10,Moderate Discount Strategy,3.4342105263157894,3.0907894736842105,454.34605263157897
14269,354.85,123,15,8.87152288428288,16.905940594059413,Positive Response,10,Moderate Discount Strategy,4.935625,4.4420625000000005,546.3736875000001
14271,295.73,60,27,2.6059884233596273,28.448540706605225,Positive Response,10,Moderate Discount Strategy,2.3939285714285714,2.154535714285714,129.27214285714285
14272,470.1,498,30,9.335486599284817,27.311827956989244,Positive Response,10,Moderate Discount Strategy,2.36741935483871,2.130677419354839,1061.0773548387097
14274,482.85,178,14,11.954609215629585,7.2,High Response,20,High Discount Strategy,1.6666666666666667,1.3333333333333335,237.33333333333337
14275,1188.83,538,22,15.710294938046623,31.798806479113384,High Response,20,High Discount Strategy,1.945217391304348,1.5561739130434784,837.2215652173913
14276,1189.3799999999999,662,56,10.234889449209728,16.19351408825093,Positive Response,10,Moderate Discount Strategy,1.9775438596491228,1.7797894736842106,1178.2206315789474
14277,12986.01,87830,156,126.00988020356486,30.151886330230283,High Response,20,High Discount Strategy,3.831337579617834,3.0650700636942676,269205.1036942675
14278,13009.61,131,12,10.219186965351991,16.8,Positive Response,10,Moderate Discount Strategy,2.613076923076923,2.351769230769231,308.0817692307692
14279,205.83,46,2,11.431647423798454,6.745098039215686,High Response,20,High Discount Strategy,4.53,3.6240000000000006,166.70400000000004
14281,209.75,45,6,16.913722608291575,19.894179894179892,High Response,20,High Discount Strategy,6.714285714285714,5.371428571428572,241.71428571428572
14282,4105.57,2810,97,31.38316799560503,16.171923314780457,High Response,20,High Discount Strategy,1.6198979591836735,1.295918367346939,3641.5306122448987
14283,4120.32,550,40,10.585754112581686,27.9970436067997,Positive Response,10,Moderate Discount Strategy,1.930487804878049,1.737439024390244,955.5914634146342
14284,684.6,349,34,10.02514208699907,11.969568892645816,Positive Response,10,Moderate Discount Strategy,3.4937142857142858,3.144342857142857,1097.375657142857
14285,1361.21,413,33,19.24769426821051,27.62629757785467,High Response,20,High Discount Strategy,4.3685294117647056,3.4948235294117644,1443.3621176470588
14286,3831.21,4457,218,14.720136215486566,20.730593607305938,High Response,20,High Discount Strategy,1.282283105022831,1.0258264840182647,4572.108639269406
14290,3851.01,685,49,12.531922030517196,15.450847457627122,High Response,20,High Discount Strategy,4.0122,3.20976,2198.6856000000002
14291,3969.85,3397,256,10.39741297295498,25.125452837783445,Positive Response,10,Moderate Discount Strategy,2.1691439688715954,1.952229571984436,6631.723856031129
14292,4057.32,1766,92,12.679680955067532,20.76647366969948,High Response,20,High Discount Strategy,2.7832258064516124,2.22658064516129,3932.141419354838
14293,4354.32,1021,72,14.135931951793356,23.378995433789953,High Response,20,High Discount Strategy,3.5278082191780817,2.8222465753424655,2881.5137534246574
14294,2221.37,190,22,9.198144866181376,25.49019607843137,Positive Response,10,Moderate Discount Strategy,3.3465217391304347,3.0118695652173915,572.2552173913044
14295,2094.71,945,66,12.774017306368533,27.21983303819884,High Response,20,High Discount Strategy,3.4985074626865673,2.798805970149254,2644.871641791045
14296,2196.71,314,26,9.919309843037986,20.78563411896745,Positive Response,10,Moderate Discount Strategy,3.4496296296296296,3.1046666666666667,974.8653333333333
14298,39634.19,41929,1226,33.697423729209696,22.251344743276285,High Response,20,High Discount Strategy,1.6852241238793806,1.3481792991035046,56527.80983211085
14299,39667.19,6079,196,24.296950626919706,22.436548223350254,High Response,20,High Discount Strategy,2.8799492385786802,2.303959390862944,14005.769137055837
14301,10533.87,1080,39,11.540172978018731,26.274509803921564,High Response,20,High Discount Strategy,2.9925,2.394,2585.52
14302,1352.04,298,27,10.901078347921358,23.12348668280872,High Response,20,High Discount Strategy,2.9071428571428575,2.325714285714286,693.0628571428573
14303,742.9000000000001,218,21,9.896609692255536,16.327272727272728,Positive Response,10,Moderate Discount Strategy,1.4704545454545455,1.323409090909091,288.5031818181818
14304,1294.3600000000001,636,70,9.381156770994162,23.642874194318455,Positive Response,10,Moderate Discount Strategy,3.439295774647887,3.0953661971830986,1968.6529014084506
14306,1341.56,990,12,47.79579663228565,35.43123543123543,High Response,20,High Discount Strategy,1.169230769230769,0.9353846153846153,926.0307692307691
14307,2055.51,1316,129,9.31971770762639,18.643604915794267,Positive Response,10,Moderate Discount Strategy,2.9919230769230767,2.692730769230769,3543.633692307692
14308,2075.31,2,1,148.0732450164929,24.057121933357745,High Response,20,High Discount Strategy,573.51,458.808,917.616
14309,1336.48,950,71,10.787300992757164,23.505747126436784,High Response,20,High Discount Strategy,2.7090277777777776,2.167222222222222,2058.861111111111
14310,1428.28,230,21,11.011767276261628,13.929618768328448,High Response,20,High Discount Strategy,2.3181818181818183,1.8545454545454547,426.54545454545456
14311,492.1,89,10,9.599380214227475,19.393939393939398,Positive Response,10,Moderate Discount Strategy,2.7790909090909093,2.5011818181818186,222.60518181818185
14312,1468.5,892,92,9.358209136099749,18.667684672647454,Positive Response,10,Moderate Discount Strategy,4.443870967741935,3.9994838709677416,3567.5396129032256
14314,1478.7,36,1,21.07430754925931,25.961538461538463,High Response,20,High Discount Strategy,2.6,2.08,74.88
14315,650.09,323,31,9.674494517628512,18.088235294117645,Positive Response,10,Moderate Discount Strategy,3.493125,3.1438125,1015.4514375
14316,1363.3799999999999,4494,30,99.94943803147201,6.229143492769744,High Response,20,High Discount Strategy,0.8483870967741935,0.6787096774193548,3050.1212903225805
14318,1370.34,152,8,10.089084330526022,17.422222222222224,Positive Response,10,Moderate Discount Strategy,1.6377777777777778,1.474,224.048
14319,475.35,329,25,12.138936707640699,17.586206896551722,High Response,20,High Discount Strategy,1.9026923076923077,1.5221538461538462,500.7886153846154
14320,851.96,388,49,9.044724279192428,23.76949152542373,Positive Response,10,Moderate Discount Strategy,4.7138,4.24242,1646.05896
14321,868.96,869,55,9.94720132222199,28.3843537414966,Positive Response,10,Moderate Discount Strategy,2.259464285714286,2.0335178571428574,1767.127017857143
14322,687.3100000000001,158,12,12.774550033219747,22.76923076923077,High Response,20,High Discount Strategy,4.073076923076924,3.258461538461539,514.8369230769232
14324,676.41,402,40,9.892061950227625,24.858919177427065,Positive Response,10,Moderate Discount Strategy,3.0782926829268296,2.7704634146341465,1113.726292682927
14325,701.61,320,17,12.931443880754834,18.88888888888889,High Response,20,High Discount Strategy,1.1527777777777777,0.9222222222222222,295.1111111111111
14326,747.23,469,48,7.838820630816975,26.911103424420617,Positive Response,10,Moderate Discount Strategy,3.2710204081632654,2.943918367346939,1380.6977142857145
14327,1568.43,1157,93,11.338464918754099,20.986460348162478,High Response,20,High Discount Strategy,2.16063829787234,1.7285106382978723,1999.8868085106383
14328,1583.28,1,0,10.80640576381354,0.0,High Response,20,High Discount Strategy,445.05,356.04,356.04
14329,4901.88,2826,293,9.091537157265705,21.655328798185945,Positive Response,10,Moderate Discount Strategy,3.507789115646258,3.1570102040816326,8921.710836734694
14330,4912.38,103,12,8.314894703738783,13.412228796844184,Positive Response,10,Moderate Discount Strategy,2.6146153846153846,2.3531538461538464,242.37484615384616
14332,1059.5,412,36,12.820064650415294,13.009619789280809,High Response,20,High Discount Strategy,2.9905405405405405,2.3924324324324324,985.6821621621622
14334,1756.0700000000002,1255,95,10.243703206931093,20.2020202020202,Positive Response,10,Moderate Discount Strategy,2.801979166666667,2.52178125,3164.83546875
14338,1766.27,287,18,10.440141799019338,17.313974591651544,Positive Response,10,Moderate Discount Strategy,1.8542105263157893,1.6687894736842104,478.94257894736836
14339,339.88,288,8,12.84376553047267,24.646464646464647,High Response,20,High Discount Strategy,1.9433333333333331,1.5546666666666666,447.74399999999997
14341,2259.84,1416,136,10.624972247834153,15.650383679580763,Positive Response,10,Moderate Discount Strategy,2.5005109489051094,2.2504598540145984,3186.651153284671
14342,2285.04,174,11,7.778665849719232,21.59863945578231,Positive Response,10,Moderate Discount Strategy,3.5041666666666664,3.15375,548.7525
14343,1072.01,626,233,2.350166940567611,21.126451895682667,Positive Response,10,Moderate Discount Strategy,2.4174358974358974,2.175692307692308,1361.9833846153847
14344,2425.92,1192,171,4.586516426725467,25.57942451714624,Positive Response,10,Moderate Discount Strategy,3.3177906976744183,2.9860116279069766,3559.325860465116
14346,2443.77,1273,85,11.074786964033267,30.14799154334038,High Response,20,High Discount Strategy,2.6905813953488376,2.1524651162790702,2740.0880930232565
14347,1294.17,48,5,8.451242820164392,24.122807017543852,Positive Response,10,Moderate Discount Strategy,2.733333333333333,2.4599999999999995,118.07999999999998
14350,674.1,360,40,9.355514418803475,25.804051260851594,Positive Response,10,Moderate Discount Strategy,4.903414634146341,4.413073170731708,1588.7063414634147
14353,689.1,280,18,9.63899917264175,24.33684210526316,Positive Response,10,Moderate Discount Strategy,1.7605263157894735,1.5844736842105263,443.65263157894736
14355,823.0500000000001,617,59,9.793349589011912,16.293333333333333,Positive Response,10,Moderate Discount Strategy,2.1738333333333335,1.9564500000000002,1207.12965
14358,840.0500000000001,338,24,10.244352076098721,4.047058823529412,Positive Response,10,Moderate Discount Strategy,1.5916,1.43244,484.16472
14361,400.06,251,13,11.15134085964387,23.485714285714288,High Response,20,High Discount Strategy,2.71,2.168,544.168
14363,214.71,105,7,9.252853836327105,18.880597014925375,Positive Response,10,Moderate Discount Strategy,3.4275,3.08475,323.89875
14365,619.83,557,50,8.586065847742681,32.04991087344028,Positive Response,10,Moderate Discount Strategy,1.9623529411764706,1.7661176470588236,983.7275294117647
14366,634.68,16,0,8.716377401154833,0.0,Positive Response,10,Moderate Discount Strategy,8.5,7.65,122.4
14369,449.23,255,25,10.398929491154117,16.787614900822444,Positive Response,10,Moderate Discount Strategy,2.9269230769230767,2.634230769230769,671.7288461538461
14370,1053.38,266,43,9.197615228647008,26.495215311004788,Positive Response,10,Moderate Discount Strategy,6.598636363636363,5.938772727272727,1579.7135454545453
14372,1175.78,378,37,11.852491599285871,25.896520963425516,High Response,20,High Discount Strategy,4.201842105263157,3.361473684210526,1270.6370526315789
14374,860.08,20,6,7.769779499590544,21.26050420168067,Positive Response,10,Moderate Discount Strategy,8.364285714285714,7.527857142857143,150.55714285714285
14375,835.56,463,138,2.639126014120713,21.733997417450656,Positive Response,10,Moderate Discount Strategy,3.222589928057554,2.9003309352517985,1342.8532230215826
14376,871.26,50,17,3.317177356174815,31.53558052434457,Positive Response,10,Moderate Discount Strategy,3.9299999999999997,3.537,176.85
14378,215.46,57,8,8.32059768107798,8.994708994708994,Positive Response,10,Moderate Discount Strategy,3.6944444444444446,3.325,189.525
14379,897.16,420,81,4.604705925314295,23.639406982305115,Positive Response,10,Moderate Discount Strategy,3.95719512195122,3.561475609756098,1495.8197560975611
14380,917.0600000000001,1,0,9.128368930466504,0.0,Positive Response,10,Moderate Discount Strategy,48.96,44.064,44.064
14381,415.76,303,55,7.911627829501571,19.145021645021643,Positive Response,10,Moderate Discount Strategy,1.6626785714285715,1.4964107142857144,453.41244642857146
14382,576.1899999999999,436,152,2.222746928046171,19.679963939598828,Positive Response,10,Moderate Discount Strategy,1.987843137254902,1.7890588235294118,780.0296470588236
14384,578.14,30,2,8.581830921560787,0.0,Positive Response,10,Moderate Discount Strategy,1.95,1.755,52.65
14388,3479.66,2419,227,9.866783624084794,22.064777327935225,Positive Response,10,Moderate Discount Strategy,2.72609649122807,2.453486842105263,5934.984671052632
14389,3488.16,659,41,10.77317295241568,12.784992784992786,High Response,20,High Discount Strategy,1.9664285714285712,1.573142857142857,1036.7011428571427
14390,1704.91,771,201,3.6086989498299538,23.470380936398726,Positive Response,10,Moderate Discount Strategy,3.537029702970297,3.1833267326732675,2454.344910891089
14391,1731.16,168,13,8.156286532015914,5.042016806722687,Positive Response,10,Moderate Discount Strategy,0.8071428571428572,0.7264285714285714,122.03999999999999
14392,251.1,114,13,11.71867375263328,11.73469387755102,High Response,20,High Discount Strategy,2.7142857142857144,2.1714285714285717,247.54285714285717
14394,266.4,58,5,11.982927683678772,0.0,High Response,20,High Discount Strategy,2.6,2.08,120.64
14395,4620.2,2357,457,4.571284278838482,20.939904346017883,Positive Response,10,Moderate Discount Strategy,2.9882532751091704,2.6894279475982534,6338.981672489083
14396,4630.7,773,209,4.428024878823015,16.92063492063492,Positive Response,10,Moderate Discount Strategy,2.8406666666666665,2.5566,1976.2518
14398,1591.74,267,52,7.4764334119295865,23.255345911949686,Positive Response,10,Moderate Discount Strategy,3.919433962264151,3.527490566037736,941.8399811320755
14399,2103.21,965,191,5.773940765894536,17.045940170940174,Positive Response,10,Moderate Discount Strategy,2.6467708333333335,2.38209375,2298.7204687500002
14400,2108.21,1252,47,14.416058642688618,21.507936507936506,High Response,20,High Discount Strategy,1.6052083333333333,1.2841666666666667,1607.7766666666666
14401,2714.42,1894,83,15.140269044260782,26.48629148629149,High Response,20,High Discount Strategy,2.5958333333333337,2.076666666666667,3933.2066666666674
14402,2744.42,240,7,11.321916689349237,8.0,High Response,20,High Discount Strategy,1.15,0.9199999999999999,220.79999999999998
14403,321.29999999999995,218,4,41.86009612459083,11.272727272727272,High Response,20,High Discount Strategy,4.3839999999999995,3.5071999999999997,764.5695999999999
14404,1399.79,806,105,8.13087888672843,16.52372784448256,Positive Response,10,Moderate Discount Strategy,3.4266037735849055,3.083943396226415,2485.6583773584903
14405,1404.04,100,1,18.774157918026887,0.0,High Response,20,High Discount Strategy,1.95,1.56,156.0
14408,1422.1200000000001,828,21,23.97960110707621,3.734643734643737,High Response,20,High Discount Strategy,1.8922727272727273,1.513818181818182,1253.4414545454547
14409,1519.04,1171,51,12.026342795338858,22.08791208791209,High Response,20,High Discount Strategy,1.9384615384615385,1.550769230769231,1815.9507692307693
14410,1696.64,802,195,3.838468886134136,18.996598639455783,Positive Response,10,Moderate Discount Strategy,2.618418367346939,2.356576530612245,1889.9743775510203
14412,1531.63,642,40,13.454651659572702,26.068292682926835,High Response,20,High Discount Strategy,1.188780487804878,0.9510243902439024,610.5576585365853
14413,656.16,210,73,10.894606253128455,16.912366912366913,High Response,20,High Discount Strategy,7.051351351351352,5.641081081081082,1184.6270270270272
14414,870.55,365,20,15.226016441277077,22.598870056497177,High Response,20,High Discount Strategy,5.873809523809524,4.69904761904762,1715.1523809523812
14415,6116.02,3267,654,4.4446059372913425,14.438833431199845,Positive Response,10,Moderate Discount Strategy,3.250687022900763,2.925618320610687,9557.995053435114
14417,6124.52,543,116,2.680929268004413,22.999222999222997,Positive Response,10,Moderate Discount Strategy,2.2529059829059825,2.0276153846153844,1100.9951538461537
14419,524.65,69,22,6.121522233392305,23.360353721444362,Positive Response,10,Moderate Discount Strategy,3.0521739130434784,2.7469565217391305,189.54
14420,1234.65,786,63,10.356962027448354,18.418560606060606,Positive Response,10,Moderate Discount Strategy,3.39765625,3.0578906249999998,2403.5020312499996
14421,1641.41,977,68,12.250422681351882,24.549846288976724,High Response,20,High Discount Strategy,2.504782608695652,2.0038260869565216,1957.7380869565216
14422,5997.68,3161,329,9.48048039294623,19.516705516705517,Positive Response,10,Moderate Discount Strategy,3.0422727272727275,2.7380454545454547,8654.961681818182
14423,6007.88,299,11,39.504180590690225,15.45751633986928,High Response,20,High Discount Strategy,2.6391666666666667,2.1113333333333335,631.2886666666667
14425,651.4100000000001,325,38,9.166043810726254,17.87918296392873,Positive Response,10,Moderate Discount Strategy,3.2866666666666666,2.958,961.35
14426,7230.37,4324,379,9.249174159186655,25.307479224376728,Positive Response,10,Moderate Discount Strategy,3.3418157894736846,3.0076342105263163,13005.010326315793
14427,7246.27,310,26,10.77789758943749,27.972379158819844,High Response,20,High Discount Strategy,14.311851851851852,11.449481481481483,3549.3392592592595
14429,900.1800000000001,286,21,10.662026192103912,17.709090909090907,Positive Response,10,Moderate Discount Strategy,2.4213636363636364,2.179227272727273,623.259
14430,1201.0,446,34,13.227062882718343,16.65859564164649,High Response,20,High Discount Strategy,3.9128571428571424,3.130285714285714,1396.1074285714285
14431,2133.84,1072,63,12.650167102705131,18.148148148148145,High Response,20,High Discount Strategy,3.03953125,2.4316250000000004,2606.702
14433,2143.84,131,73,2.314154688935622,18.433818433818434,Positive Response,10,Moderate Discount Strategy,2.462162162162162,2.215945945945946,290.2889189189189
14435,280.7,282,2,98.276466547689,0.0,High Response,20,High Discount Strategy,0.5566666666666666,0.44533333333333336,125.584
14436,90.42,168,1,23.683754904526847,4.112554112554111,High Response,20,High Discount Strategy,1.155,0.924,155.232
14437,863.14,420,41,9.718852278816625,26.63438256658596,Positive Response,10,Moderate Discount Strategy,3.3011904761904765,2.971071428571429,1247.8500000000001
14439,6646.8,1718,96,26.234441208235314,26.294724075197088,High Response,20,High Discount Strategy,4.928350515463918,3.9426804123711343,6773.524948453609
14440,6781.8,1167,85,21.743609235985378,11.521482065431615,High Response,20,High Discount Strategy,4.313604651162791,3.450883720930233,4027.181302325582
14441,4281.05,814,102,10.512682806447458,27.37471805432971,Positive Response,10,Moderate Discount Strategy,5.577281553398058,5.019553398058252,4085.9164660194174
14442,3751.7,949,119,11.823865089884455,30.462962962962965,High Response,20,High Discount Strategy,8.911249999999999,7.129,6765.420999999999
14443,3777.2,582,59,9.996003755994744,18.646464646464647,Positive Response,10,Moderate Discount Strategy,2.379833333333333,2.14185,1246.5566999999999
14444,966.27,172,10,8.319794283744715,24.76489028213166,Positive Response,10,Moderate Discount Strategy,1.230909090909091,1.1078181818181818,190.54472727272727
14445,212.8,83,31,3.7032931967413236,9.002976190476193,Positive Response,10,Moderate Discount Strategy,2.7171875,2.4454687500000003,202.97390625000003
14446,221.65,175,41,5.930761954836659,7.058823529411764,Positive Response,10,Moderate Discount Strategy,1.3495238095238096,1.2145714285714286,212.55
14447,533.5,342,35,9.29203782916159,24.21957671957672,Positive Response,10,Moderate Discount Strategy,2.655277777777778,2.3897500000000003,817.2945000000001
14449,1549.5,1005,282,3.4308747214193667,19.46675232894314,Positive Response,10,Moderate Discount Strategy,1.9365017667844522,1.742851590106007,1751.565848056537
14450,1555.4,281,35,9.676436449754831,20.875706214689266,Positive Response,10,Moderate Discount Strategy,3.1341666666666668,2.8207500000000003,792.63075
14451,2610.98,1359,406,3.3895637079471035,14.58417094780731,Positive Response,10,Moderate Discount Strategy,2.2172972972972973,1.9955675675675677,2711.9763243243247
14452,2614.78,169,68,2.915669735288637,23.302074452969592,Positive Response,10,Moderate Discount Strategy,3.120289855072464,2.808260869565218,474.5960869565218
14454,974.75,400,109,4.011866359278825,17.965367965367967,Positive Response,10,Moderate Discount Strategy,3.446272727272727,3.101645454545454,1240.6581818181817
14455,977.3000000000001,706,76,9.483209576056778,24.696103896103896,Positive Response,10,Moderate Discount Strategy,1.3909090909090909,1.2518181818181817,883.7836363636363
14458,617.72,317,46,6.190029439623471,10.688360450563204,Positive Response,10,Moderate Discount Strategy,1.3038297872340425,1.1734468085106382,371.9826382978723
14459,3506.021,1543,75,17.610177335946037,20.199874686716793,High Response,20,High Discount Strategy,3.7172500000000004,2.9738000000000007,4588.573400000001
14460,3537.821,998,25,15.226925453794378,26.584615384615386,High Response,20,High Discount Strategy,1.583076923076923,1.2664615384615385,1263.9286153846153
14461,4546.81,2239,455,4.1559152208155385,18.465956558061823,Positive Response,10,Moderate Discount Strategy,3.3736622807017547,3.036296052631579,6798.266861842106
14462,4573.85,107,47,2.6502905395375995,18.88888888888889,Positive Response,10,Moderate Discount Strategy,3.0766666666666667,2.769,296.283
14463,262.24,31,1,18.836990728884007,16.768292682926823,High Response,20,High Discount Strategy,8.2,6.56,203.35999999999999
14464,256.95,62,3,15.474766834949381,27.814569536423843,High Response,20,High Discount Strategy,3.6875,2.95,182.9
14465,2805.66,2141,69,17.193955252226544,26.476190476190474,High Response,20,High Discount Strategy,2.134571428571429,1.7076571428571432,3656.0939428571437
14466,2887.41,1638,143,7.6135630492661885,17.495210727969344,Positive Response,10,Moderate Discount Strategy,2.5813888888888887,2.32325,3805.4835
14467,2374.5,911,213,4.3128571284806725,17.926932880203907,Positive Response,10,Moderate Discount Strategy,2.2237850467289717,2.0014065420560745,1823.2813598130838
14468,1606.98,164,11,10.115042544299572,22.51111111111111,Positive Response,10,Moderate Discount Strategy,5.289166666666667,4.76025,780.681
14469,2058.06,973,144,8.205824802020656,20.64367816091954,Positive Response,10,Moderate Discount Strategy,3.9252413793103447,3.53271724137931,3437.333875862069
14470,2093.46,89,16,7.861131146967237,26.666666666666664,Positive Response,10,Moderate Discount Strategy,4.320588235294117,3.8885294117647056,346.0791176470588
14471,393.46,187,40,3.9801532284646366,24.191814799503927,Positive Response,10,Moderate Discount Strategy,3.1514634146341467,2.836317073170732,530.3912926829269
14472,400.95,136,43,3.0647953994267216,11.515151515151514,Positive Response,10,Moderate Discount Strategy,3.0320454545454543,2.7288409090909087,371.12236363636356
14474,705.33,308,97,3.8248367136218637,22.6738152888274,Positive Response,10,Moderate Discount Strategy,3.4316326530612247,3.088469387755102,951.2485714285715
14475,711.23,94,5,11.82166403046707,16.949152542372882,High Response,20,High Discount Strategy,2.6166666666666667,2.0933333333333333,196.77333333333334
14477,495.0,400,3,32.07655979418662,0.0,High Response,20,High Discount Strategy,1.65,1.32,528.0
14478,1256.71,1226,67,11.505062197909762,22.247058823529414,High Response,20,High Discount Strategy,2.2101470588235292,1.7681176470588236,2167.712235294118
14479,1276.66,503,130,4.179727255385911,19.167575427117413,Positive Response,10,Moderate Discount Strategy,2.971908396946565,2.6747175572519084,1345.38293129771
14480,1002.7700000000001,527,51,9.888344647187143,14.130036630036631,Positive Response,10,Moderate Discount Strategy,2.7417307692307693,2.4675576923076923,1300.4029038461538
14481,1628.38,1079,119,7.003513158523337,20.97979797979798,Positive Response,10,Moderate Discount Strategy,2.417333333333333,2.1755999999999998,2347.4723999999997
14482,2268.61,1242,106,12.797212176531847,12.656875834445929,High Response,20,High Discount Strategy,2.72392523364486,2.179140186915888,2706.4921121495327
14483,2283.91,96,3,16.130797943923575,0.0,High Response,20,High Discount Strategy,1.25,1.0,96.0
14484,738.86,534,38,10.633374633495624,18.267334243665605,Positive Response,10,Moderate Discount Strategy,2.0900000000000003,1.8810000000000002,1004.4540000000002
14486,749.0600000000001,90,5,12.592453097020785,0.0,High Response,20,High Discount Strategy,1.95,1.56,140.4
14487,224.19,86,40,3.717485629227619,22.857142857142858,Positive Response,10,Moderate Discount Strategy,2.515121951219512,2.263609756097561,194.67043902439028
14489,1097.05,712,69,10.588024182254044,18.961038961038962,Positive Response,10,Moderate Discount Strategy,2.3221428571428575,2.089928571428572,1488.0291428571434
14490,1256.67,933,79,10.603054747621586,20.427419354838708,Positive Response,10,Moderate Discount Strategy,1.910875,1.7197875,1604.5617375
14491,1273.47,40,3,12.047265570823491,13.432835820895523,High Response,20,High Discount Strategy,4.15,3.3200000000000003,132.8
14492,1896.91,751,91,9.575646553500118,24.59345002823264,Positive Response,10,Moderate Discount Strategy,4.3673913043478265,3.930652173913044,2951.919782608696
14493,2700.72,1863,234,7.286301154810173,18.844616376531267,Positive Response,10,Moderate Discount Strategy,2.7725106382978724,2.495259574468085,4648.668587234042
14494,2704.62,118,9,15.848211392638067,9.72222222222222,High Response,20,High Discount Strategy,1.986,1.5888,187.4784
14495,261.9,6,0,6.8079835358157155,0.0,Positive Response,10,Moderate Discount Strategy,8.5,7.65,45.900000000000006
14496,2027.42,832,91,9.827987934131555,25.535524920466592,Positive Response,10,Moderate Discount Strategy,5.171304347826087,4.654173913043478,3872.2726956521738
14497,2129.42,97,10,9.578224843414176,14.079254079254081,Positive Response,10,Moderate Discount Strategy,3.725454545454546,3.3529090909090913,325.23218181818186
14498,1790.51,1022,175,4.3481173869649,19.705710955710956,Positive Response,10,Moderate Discount Strategy,3.2626704545454546,2.936403409090909,3001.004284090909
14499,1943.51,735,120,8.451588295562825,20.430753819183572,Positive Response,10,Moderate Discount Strategy,2.2822314049586776,2.05400826446281,1509.6960743801653
14505,6017.95,2586,789,3.5474165122491486,24.156366344005953,Positive Response,10,Moderate Discount Strategy,3.0991898734177217,2.7892708860759496,7213.054511392405
14506,6019.65,338,147,5.798124992675431,20.71003206596427,Positive Response,10,Moderate Discount Strategy,3.998783783783784,3.598905405405406,1216.430027027027
14507,1838.91,897,162,5.605216646683115,24.89133825517313,Positive Response,10,Moderate Discount Strategy,3.5706134969325154,3.213552147239264,2882.5562760736198
14508,1848.8600000000001,218,121,2.2860967601426307,22.944390871102538,Positive Response,10,Moderate Discount Strategy,3.3764754098360656,3.0388278688524593,662.4644754098362
14509,554.87,38,24,2.7154225216765293,18.352941176470587,Positive Response,10,Moderate Discount Strategy,3.51,3.159,120.04199999999999
14510,977.95,793,74,8.894581576260952,27.717171717171713,Positive Response,10,Moderate Discount Strategy,2.009333333333333,1.8084,1434.0612
14512,979.85,614,55,9.46902742912886,18.763736263736266,Positive Response,10,Moderate Discount Strategy,2.2975,2.0677499999999998,1269.5984999999998
14513,940.69,232,6,20.180549507057922,14.453781512605042,High Response,20,High Discount Strategy,1.977142857142857,1.5817142857142859,366.9577142857143
14514,3375.09,1798,249,9.071106734800587,16.843636363636364,Positive Response,10,Moderate Discount Strategy,2.43004,2.187036,3932.290728
14515,3389.84,783,74,9.277971902754764,9.783037475345168,Positive Response,10,Moderate Discount Strategy,2.788666666666667,2.5098000000000003,1965.1734000000001
14516,1647.17,63,34,2.7136462409204234,21.008403361344538,Positive Response,10,Moderate Discount Strategy,2.86,2.574,162.16199999999998
14519,201.49,81,37,3.2147681075599506,9.176788124156545,Positive Response,10,Moderate Discount Strategy,2.8023684210526314,2.522131578947368,204.29265789473683
14521,203.14,211,16,6.864922738952922,34.046345811051694,Positive Response,10,Moderate Discount Strategy,2.4147058823529415,2.1732352941176476,458.55264705882365
14522,766.39,431,27,13.309166180067928,18.26839826839827,High Response,20,High Discount Strategy,2.7017857142857147,2.161428571428572,931.5757142857145
14524,1062.28,500,124,3.4431468712728717,21.84,Positive Response,10,Moderate Discount Strategy,3.04696,2.742264,1371.132
14525,3729.04,2469,243,9.94495137848947,20.203676105315452,Positive Response,10,Moderate Discount Strategy,2.5468442622950818,2.2921598360655735,5659.342635245901
14526,3810.64,178,40,3.8122004604857667,17.014634146341464,Positive Response,10,Moderate Discount Strategy,1.9702439024390244,1.773219512195122,315.63307317073173
14527,19253.83,4667,1724,3.2696835322798616,21.882810493487433,Positive Response,10,Moderate Discount Strategy,5.095820289855073,4.586238260869566,21403.973963478264
14530,19257.08,1594,259,5.190384595906873,18.06508875739645,Positive Response,10,Moderate Discount Strategy,3.3080384615384615,2.9772346153846154,4745.711976923077
14531,3226.76,260,28,7.633384512655451,22.5705329153605,Positive Response,10,Moderate Discount Strategy,2.464827586206897,2.218344827586207,576.7696551724139
14532,2910.83,827,249,4.453935855862442,24.516266666666667,Positive Response,10,Moderate Discount Strategy,4.367640000000001,3.9308760000000005,3250.8344520000005
14533,2912.93,2019,26,22.442888785235464,27.788735481043176,High Response,20,High Discount Strategy,3.873333333333333,3.0986666666666665,6256.208
14534,1716.61,795,206,5.143817798781996,14.329422590292157,Positive Response,10,Moderate Discount Strategy,3.173140096618358,2.855826086956522,2270.381739130435
14535,3106.4900000000002,1390,496,2.8461355038946894,18.779342723004696,Positive Response,10,Moderate Discount Strategy,3.0327565392354123,2.729480885311871,3793.9784305835005
14537,3118.39,108,12,8.923024235513228,23.638009049773757,Positive Response,10,Moderate Discount Strategy,4.722307692307693,4.250076923076923,459.0083076923077
14538,964.74,129,32,10.21980576392476,21.147322279397752,Positive Response,10,Moderate Discount Strategy,10.20969696969697,9.188727272727274,1185.3458181818182
14540,2739.98,1184,192,5.083600428947407,23.143936067445335,Positive Response,10,Moderate Discount Strategy,3.700362694300518,3.3303264248704663,3943.106487046632
14541,2756.98,482,69,6.635638521879241,23.14769975786925,Positive Response,10,Moderate Discount Strategy,2.932857142857143,2.6395714285714287,1272.2734285714287
14543,10982.34,1964,140,27.640447435069284,24.173682330731157,High Response,20,High Discount Strategy,7.40177304964539,5.921418439716312,11629.665815602837
14544,10988.14,876,75,10.50652220329349,16.663157894736845,Positive Response,10,Moderate Discount Strategy,1.8198684210526317,1.6378815789473686,1434.7842631578949
14545,934.23,236,22,8.06739865780649,37.05516989404457,Positive Response,10,Moderate Discount Strategy,4.127826086956522,3.7150434782608697,876.7502608695653
14546,2602.96,1375,392,3.8792474594505637,17.233402729585933,Positive Response,10,Moderate Discount Strategy,2.35470737913486,2.119236641221374,2913.9503816793895
14548,2610.91,730,105,6.823185400880106,13.508535489667565,Positive Response,10,Moderate Discount Strategy,3.0865094339622643,2.7778584905660377,2027.8366981132076
14549,1888.49,258,86,2.8901137000969475,11.23489537282641,Positive Response,10,Moderate Discount Strategy,2.7359770114942528,2.4623793103448275,635.2938620689655
14550,624.36,382,49,7.909081627069559,20.230303030303027,Positive Response,10,Moderate Discount Strategy,2.7212,2.44908,935.54856
14551,684.91,380,68,5.7438776530949855,15.64339042599912,Positive Response,10,Moderate Discount Strategy,2.9295652173913043,2.636608695652174,1001.9113043478261
14552,691.86,168,96,2.191437907706039,13.495782567947515,Positive Response,10,Moderate Discount Strategy,2.1322680412371136,1.9190412371134022,322.39892783505155
14553,956.38,625,174,3.178203616942857,12.77257142857143,Positive Response,10,Moderate Discount Strategy,1.9656,1.76904,1105.6499999999999
14555,1967.69,720,97,10.628864833302803,25.09659863945578,Positive Response,10,Moderate Discount Strategy,3.9715306122448983,3.5743775510204085,2573.551836734694
14556,1991.49,323,195,2.0767095542980822,15.527210884353742,Positive Response,10,Moderate Discount Strategy,2.759642857142857,2.4836785714285714,802.2281785714285
14558,815.69,162,14,11.796318957840297,29.51781970649895,High Response,20,High Discount Strategy,7.963333333333334,6.370666666666668,1032.0480000000002
14559,655.5,72,1,35.065418636524726,9.523809523809526,High Response,20,High Discount Strategy,1.05,0.8400000000000001,60.480000000000004
14560,3775.46,3320,125,15.961477419399994,19.174603174603174,High Response,20,High Discount Strategy,4.023253968253968,3.2186031746031745,10685.762539682539
14562,3876.2599999999998,759,181,4.227857646622375,17.35930735930736,Positive Response,10,Moderate Discount Strategy,2.466483516483516,2.2198351648351644,1684.8548901098898
14563,1631.38,279,105,2.4704386770098328,25.276622961304763,Positive Response,10,Moderate Discount Strategy,4.323207547169811,3.8908867924528296,1085.5574150943394
14564,2529.12,1295,106,10.921589791180473,19.487179487179493,High Response,20,High Discount Strategy,3.494299065420561,2.7954392523364486,3620.093831775701
14565,2605.62,400,32,11.84001186041741,15.426997245179063,High Response,20,High Discount Strategy,2.960606060606061,2.3684848484848486,947.3939393939395
14566,2330.0,1600,11,38.0689363806146,0.0,High Response,20,High Discount Strategy,1.6833333333333333,1.3466666666666667,2154.6666666666665
14568,2660.0,645,46,10.287244703422108,15.880851063829788,Positive Response,10,Moderate Discount Strategy,1.9600000000000002,1.7640000000000002,1137.7800000000002
14569,919.7,178,21,7.3556525340784225,19.641873278236915,Positive Response,10,Moderate Discount Strategy,2.316818181818182,2.0851363636363636,371.1542727272727
14570,369.94,336,38,3.353669742590598,23.059239610963747,Positive Response,10,Moderate Discount Strategy,3.223333333333333,2.901,974.7359999999999
14571,395.69,56,29,3.8805213584099847,9.682539682539685,Positive Response,10,Moderate Discount Strategy,2.875,2.5875,144.9
14572,2707.39,1458,244,5.139208769842351,22.261704681872747,Positive Response,10,Moderate Discount Strategy,3.33065306122449,2.9975877551020407,4370.482946938775
14573,2722.34,275,152,2.7484001606409953,22.822643181566413,Positive Response,10,Moderate Discount Strategy,4.313986928104575,3.8825882352941177,1067.7117647058824
14574,925.3,63,10,7.309819362216192,24.06417112299465,Positive Response,10,Moderate Discount Strategy,2.768181818181818,2.4913636363636362,156.95590909090907
14575,412.73,163,71,3.429687626563974,12.652116402116404,Positive Response,10,Moderate Discount Strategy,3.2468055555555555,2.922125,476.306375
14576,420.22,12,0,7.361678810197931,0.0,Positive Response,10,Moderate Discount Strategy,2.95,2.6550000000000002,31.860000000000003
14577,491.39,216,58,4.319864746394857,9.087974172719937,Positive Response,10,Moderate Discount Strategy,2.696440677966102,2.4267966101694918,524.1880677966102
14579,504.44,56,24,3.2010447882059894,22.10909090909091,Positive Response,10,Moderate Discount Strategy,1.992,1.7928,100.3968
14580,105.56,3,0,8.087388656027839,0.0,Positive Response,10,Moderate Discount Strategy,4.95,4.455,13.365
14581,263.55,87,42,2.8225649106987443,12.569213732004432,Positive Response,10,Moderate Discount Strategy,3.2802325581395344,2.952209302325581,256.84220930232556
14583,671.68,320,161,2.276395853730696,15.228801655947365,Positive Response,10,Moderate Discount Strategy,2.737716049382716,2.4639444444444445,788.4622222222222
14584,696.85,579,119,3.372649561830459,21.454545454545453,Positive Response,10,Moderate Discount Strategy,2.1146666666666665,1.9031999999999998,1101.9527999999998
14585,978.27,539,81,7.088072142159245,20.413895048041386,Positive Response,10,Moderate Discount Strategy,1.7973170731707317,1.6175853658536585,871.878512195122
14588,986.22,62,15,4.637639685548468,10.94986807387863,Positive Response,10,Moderate Discount Strategy,2.799375,2.5194375,156.205125
14589,135.39,5,2,8.02504102946263,0.0,Positive Response,10,Moderate Discount Strategy,7.95,7.155,35.775
14590,2909.97,901,201,6.299526314894857,25.330693069306932,Positive Response,10,Moderate Discount Strategy,3.8271782178217824,3.444460396039604,3103.458816831683
14593,3026.88,1518,459,3.0217269927465766,20.471571906354516,Positive Response,10,Moderate Discount Strategy,2.6621739130434783,2.3959565217391305,3637.0620000000004
14594,3048.38,146,30,3.7215788532436678,26.276653909240025,Positive Response,10,Moderate Discount Strategy,3.008709677419355,2.7078387096774197,395.3444516129033
14595,398.65000000000003,250,33,8.427123006008864,10.141987829614603,Positive Response,10,Moderate Discount Strategy,1.7249999999999999,1.5525,388.125
14596,423.85,75,52,2.2597113552227195,20.889031020147105,Positive Response,10,Moderate Discount Strategy,3.500566037735849,3.1505094339622643,236.28820754716983
14597,1294.79,870,47,14.538895102234093,18.354700854700855,High Response,20,High Discount Strategy,2.336875,1.8695000000000002,1626.4650000000001
14598,1318.39,165,39,3.3126579261940785,16.095238095238095,Positive Response,10,Moderate Discount Strategy,1.35225,1.217025,200.809125
14599,454.14,292,78,4.192819185236935,27.272727272727273,Positive Response,10,Moderate Discount Strategy,2.2720253164556965,2.044822784810127,597.088253164557
14600,457.89,362,28,9.753944792463503,20.90368608799049,Positive Response,10,Moderate Discount Strategy,2.443103448275862,2.198793103448276,795.9631034482759
14602,471.84,80,30,3.0036855016820514,20.45926735921269,Positive Response,10,Moderate Discount Strategy,3.558709677419355,3.20283870967742,256.22709677419357
14604,205.35999999999999,88,22,3.3691064516795564,13.254281949934123,Positive Response,10,Moderate Discount Strategy,2.028695652173913,1.8258260869565217,160.6726956521739
14605,914.0600000000001,416,107,4.1738919467098805,19.388327721661057,Positive Response,10,Moderate Discount Strategy,3.381203703703704,3.0430833333333336,1265.9226666666668
14606,18472.15,9287,3801,2.133042545070026,16.72819350762134,Positive Response,10,Moderate Discount Strategy,2.8520462914255655,2.566841662283009,23838.258517622304
14607,18482.1,3809,121,43.87376955942424,13.75012125327384,High Response,20,High Discount Strategy,2.9491803278688526,2.359344262295082,8986.742295081967
14608,7553.63,490,22,30.236085037075693,16.660365469439192,High Response,20,High Discount Strategy,3.6686956521739127,2.9349565217391302,1438.1286956521737
14609,1567.79,5694,8,96.31104583662646,26.85185185185185,High Response,20,High Discount Strategy,0.32333333333333336,0.2586666666666667,1472.8480000000002
14610,884.64,15,9,3.148264649721254,17.931034482758623,Positive Response,10,Moderate Discount Strategy,2.0100000000000002,1.8090000000000002,27.135
14611,564.73,582,37,12.3842129795213,23.57894736842105,High Response,20,High Discount Strategy,2.1657894736842103,1.7326315789473683,1008.3915789473683
14612,785.9,134,13,31.649642161902314,22.507708119218908,High Response,20,High Discount Strategy,7.028571428571429,5.622857142857144,753.4628571428573
14613,877.7,72,0,39.203486395860615,0.0,High Response,20,High Discount Strategy,1.06,0.8480000000000001,61.056000000000004
14614,280.13,189,18,8.925426696766243,29.420160570918824,Positive Response,10,Moderate Discount Strategy,2.7663157894736843,2.489684210526316,470.5503157894737
14615,933.91,495,47,9.9404038172705,15.03472222222222,Positive Response,10,Moderate Discount Strategy,3.408541666666667,3.0676875000000003,1518.5053125000002
14616,951.76,66,1,35.36226148891701,35.3448275862069,High Response,20,High Discount Strategy,2.9,2.32,153.11999999999998
14617,178.77,81,8,8.917292399815102,18.00376647834275,Positive Response,10,Moderate Discount Strategy,2.8633333333333333,2.577,208.737
14618,712.5600000000001,440,34,11.073613742954576,28.70095238095238,High Response,20,High Discount Strategy,4.617714285714285,3.6941714285714284,1625.4354285714285
14619,830.2,442,39,8.994747655917303,25.51546391752577,Positive Response,10,Moderate Discount Strategy,3.31875,2.986875,1320.19875
14621,1210.56,713,66,10.46431707452825,18.625056535504296,Positive Response,10,Moderate Discount Strategy,2.259850746268657,2.033865671641791,1450.146223880597
14623,1212.21,607,148,3.153061891385758,17.352043929225136,Positive Response,10,Moderate Discount Strategy,2.7992617449664428,2.5193355704697984,1529.2366912751677
14624,1130.28,483,37,10.321697789242187,24.499151103565364,Positive Response,10,Moderate Discount Strategy,2.445,2.2005,1062.8415
14625,3580.55,1820,212,9.012564000141124,23.598313042094375,Positive Response,10,Moderate Discount Strategy,3.7463380281690144,3.3717042253521132,6136.501690140846
14626,3598.25,1732,109,14.067382742942339,22.35190615835777,High Response,20,High Discount Strategy,2.4916363636363634,1.993309090909091,3452.4113454545454
14627,2619.65,284,28,9.215528584097218,27.001753360607832,Positive Response,10,Moderate Discount Strategy,2.6017241379310345,2.3415517241379313,665.0006896551726
14628,1291.24,875,61,10.295840667921443,19.96129032258065,Positive Response,10,Moderate Discount Strategy,3.1430645161290323,2.828758064516129,2475.1633064516127
14630,1326.04,111,20,8.500427491349356,22.984126984126984,Positive Response,10,Moderate Discount Strategy,5.104761904761905,4.594285714285715,509.9657142857144
14631,916.71,785,49,10.863263839684636,19.664,High Response,20,High Discount Strategy,2.8872000000000004,2.3097600000000003,1813.1616000000001
14634,2109.16,1906,108,11.558080709884514,20.03669724770642,High Response,20,High Discount Strategy,2.096238532110092,1.6769908256880737,3196.3445137614685
14635,2124.46,118,14,8.789117280181776,22.483660130718953,Positive Response,10,Moderate Discount Strategy,3.8766666666666665,3.489,411.702
14637,215.22,100,6,12.972962510160832,22.057142857142857,High Response,20,High Discount Strategy,1.4457142857142855,1.1565714285714284,115.65714285714283
14639,1979.47,979,119,9.108822389615495,18.547619047619047,Positive Response,10,Moderate Discount Strategy,4.0815,3.67335,3596.2096500000002
14640,1994.47,765,97,9.357178578110435,18.47910592808552,Positive Response,10,Moderate Discount Strategy,2.8879591836734693,2.5991632653061223,1988.3598979591836
14643,1541.98,562,30,15.108025533162914,26.86217008797654,High Response,20,High Discount Strategy,3.956774193548387,3.1654193548387095,1778.9656774193547
14644,1400.01,512,35,13.268278657753973,21.5993265993266,High Response,20,High Discount Strategy,5.324166666666667,4.259333333333333,2180.7786666666666
14645,1416.96,206,17,8.602779446861483,27.350427350427353,Positive Response,10,Moderate Discount Strategy,3.0805555555555557,2.7725000000000004,571.1350000000001
14646,248392.3,170278,1772,57.55050717024121,17.14841394869401,High Response,20,High Discount Strategy,2.4027016356457978,1.9221613085166382,327301.7832915961
14647,248396.5,84,19,8.394036210013008,20.847457627118647,Positive Response,10,Moderate Discount Strategy,4.62,4.158,349.27200000000005
14648,4451.35,3265,430,3.940818549389833,21.157280461224776,Positive Response,10,Moderate Discount Strategy,2.1162877030162415,1.9046589327146173,6218.711415313225
14649,4466.65,1411,340,2.968445273392318,24.032956291020806,Positive Response,10,Moderate Discount Strategy,3.2453958944281527,2.9208563049853375,4121.328246334311
14650,2248.6,22,3,6.843995018680181,34.645669291338585,Positive Response,10,Moderate Discount Strategy,6.85,6.165,135.63
14651,1361.8700000000001,537,181,3.811559656182741,18.26711749788673,Positive Response,10,Moderate Discount Strategy,3.261043956043956,2.9349395604395605,1576.062543956044
14653,1661.41,1024,147,6.68174835060172,20.39312039312039,Positive Response,10,Moderate Discount Strategy,4.126554054054054,3.713898648648649,3803.0322162162165
14654,1666.41,273,26,8.64119678845163,24.74074074074074,Positive Response,10,Moderate Discount Strategy,1.3277777777777777,1.195,326.235
14655,1916.28,1252,53,20.193060555107085,24.72934472934473,High Response,20,High Discount Strategy,3.077962962962963,2.4623703703703708,3082.887703703704
14656,1946.28,189,126,2.138924008060719,21.110438118312135,Positive Response,10,Moderate Discount Strategy,3.1458267716535433,2.831244094488189,535.1051338582678
14657,572.27,413,82,3.515128963020977,15.28294998174516,Positive Response,10,Moderate Discount Strategy,2.506746987951807,2.2560722891566267,931.7578554216868
14662,625.11,329,80,4.778335575702116,19.905033238366574,Positive Response,10,Moderate Discount Strategy,2.7927160493827157,2.513444444444444,826.9232222222221
14663,635.06,397,67,5.349580610586388,26.432880844645553,Positive Response,10,Moderate Discount Strategy,2.2492647058823527,2.0243382352941177,803.6622794117648
14665,896.25,404,41,8.667102757414975,13.071895424836597,Positive Response,10,Moderate Discount Strategy,2.769047619047619,2.492142857142857,1006.8257142857142
14667,12402.11,7386,774,9.073719833576465,17.982464846980978,Positive Response,10,Moderate Discount Strategy,3.269238709677419,2.9423148387096774,21731.937398709677
14668,12418.01,49,11,8.509103974365884,13.809523809523805,Positive Response,10,Moderate Discount Strategy,2.195,1.9754999999999998,96.7995
14669,1939.8400000000001,1273,220,4.580722617176652,18.884039733326194,Positive Response,10,Moderate Discount Strategy,2.6171945701357466,2.355475113122172,2998.519819004525
14670,1957.54,97,55,5.9345761659980365,18.766233766233764,Positive Response,10,Moderate Discount Strategy,2.285,2.0565,199.48050000000003
14671,1104.65,571,54,9.813270978139366,19.836007130124774,Positive Response,10,Moderate Discount Strategy,3.2132727272727273,2.891945454545455,1651.3008545454547
14672,1127.45,192,44,3.932566442544137,17.454545454545453,Positive Response,10,Moderate Discount Strategy,2.702888888888889,2.4326,467.0592
14673,1661.81,1031,88,10.443637945939676,16.493020088525704,Positive Response,10,Moderate Discount Strategy,2.1748314606741572,1.9573483146067416,2018.0261123595506
14674,1674.41,103,13,7.7100769288225335,15.257531584062196,Positive Response,10,Moderate Discount Strategy,2.6799999999999997,2.412,248.43599999999998
14675,416.71999999999997,324,123,3.027936517999297,15.103225806451613,Positive Response,10,Moderate Discount Strategy,2.0156451612903226,1.8140806451612903,587.762129032258
14676,5681.35,6292,90,51.232418461013935,18.89902550279909,High Response,20,High Discount Strategy,1.627142857142857,1.3017142857142856,8190.386285714285
14677,5808.55,139,13,8.875330542129268,16.55844155844156,Positive Response,10,Moderate Discount Strategy,2.37,2.133,296.487
14678,386.44,179,23,9.376383671911373,17.956989247311828,Positive Response,10,Moderate Discount Strategy,3.4783333333333335,3.1305,560.3595
14679,1264.24,794,62,10.343451670395321,13.727753727753726,Positive Response,10,Moderate Discount Strategy,3.1695238095238096,2.8525714285714288,2264.9417142857146
14680,28309.27,13882,1029,8.692347272762582,15.678224687933426,Positive Response,10,Moderate Discount Strategy,2.8200970873786404,2.5380873786407765,35233.72899029126
14681,28615.27,96,12,11.497051380993092,13.393665158371041,High Response,20,High Discount Strategy,5.550000000000001,4.44,426.24
14682,1447.81,869,83,9.486615905334006,20.697278911564627,Positive Response,10,Moderate Discount Strategy,3.104047619047619,2.7936428571428573,2427.675642857143
14683,1462.81,386,20,14.602600608890683,17.573696145124718,High Response,20,High Discount Strategy,1.1690476190476191,0.9352380952380953,361.00190476190477
14684,226.62,184,95,3.022230349155492,17.833333333333332,Positive Response,10,Moderate Discount Strategy,1.753125,1.5778125,290.3175
14685,4486.89,1969,186,11.637825017835025,17.430608607079197,High Response,20,High Discount Strategy,3.2058823529411766,2.5647058823529414,5049.905882352941
14686,4536.64,457,218,2.2812443938058156,18.43235794763719,Positive Response,10,Moderate Discount Strategy,2.2678995433789955,2.041109589041096,932.7870821917809
14687,852.53,380,24,13.225198603453935,21.28,High Response,20,High Discount Strategy,3.4128,2.7302400000000002,1037.4912000000002
14688,2036.8,1911,183,6.569365729235415,24.87812911725955,Positive Response,10,Moderate Discount Strategy,2.1691304347826086,1.9522173913043477,3730.6874347826083
14690,2056.3,174,54,3.732824267803099,22.12121212121212,Positive Response,10,Moderate Discount Strategy,3.321818181818182,2.9896363636363636,520.1967272727272
14692,1111.79,625,90,4.447952376967,23.387201034259856,Positive Response,10,Moderate Discount Strategy,2.9657142857142857,2.669142857142857,1668.2142857142856
14693,1123.59,354,66,7.05482249116,22.92175486205337,Positive Response,10,Moderate Discount Strategy,3.4755223880597015,3.1279701492537315,1107.301432835821
14694,992.46,193,14,8.81873475511772,28.156862745098042,Positive Response,10,Moderate Discount Strategy,2.7386666666666666,2.4648,475.7064
14695,1504.22,661,81,6.668810443326119,27.82968168664738,Positive Response,10,Moderate Discount Strategy,3.43719512195122,3.093475609756098,2044.7873780487807
14696,1534.22,521,41,9.367718029995867,14.926108374384237,Positive Response,10,Moderate Discount Strategy,2.5752380952380953,2.317714285714286,1207.5291428571431
14699,688.95,407,41,10.026921458446996,9.97732426303855,Positive Response,10,Moderate Discount Strategy,2.222857142857143,2.0005714285714284,814.2325714285714
14700,804.76,292,54,6.002839393010814,18.151001540832052,Positive Response,10,Moderate Discount Strategy,3.3563636363636364,3.0207272727272727,882.0523636363637
14701,1955.1200000000001,823,267,2.886350296385526,20.188343994314145,Positive Response,10,Moderate Discount Strategy,3.0258582089552237,2.7232723880597014,2241.253175373134
14702,3419.94,1601,365,4.702115248859715,19.277907884465264,Positive Response,10,Moderate Discount Strategy,3.6375683060109285,3.2738114754098357,5241.372172131147
14704,3427.44,121,61,2.3124033538954327,21.45929339477727,Positive Response,10,Moderate Discount Strategy,2.4533870967741938,2.2080483870967744,267.1738548387097
14706,365.64,246,24,10.69427721071067,8.64,Positive Response,10,Moderate Discount Strategy,2.6275999999999997,2.3648399999999996,581.7506399999999
14707,367.54,96,1,14.424225728682764,0.0,High Response,20,High Discount Strategy,1.45,1.16,111.35999999999999
14708,1075.83,888,24,17.264810018200805,30.715151515151515,High Response,20,High Discount Strategy,5.4264,4.34112,3854.91456
14709,3935.59,1657,160,10.658177568786481,4.287306896002549,Positive Response,10,Moderate Discount Strategy,4.214472049689441,3.7930248447204966,6285.042167701863
14710,3965.29,760,295,2.479752537611907,16.926699426699425,Positive Response,10,Moderate Discount Strategy,2.061925675675676,1.8557331081081083,1410.3571621621622
14712,1300.31,96,6,19.88427670666786,8.60215053763441,High Response,20,High Discount Strategy,4.378571428571429,3.5028571428571436,336.2742857142858
14713,2737.51,1841,362,4.616562134759668,22.38892420710603,Positive Response,10,Moderate Discount Strategy,2.063829201101928,1.8574462809917354,3419.558603305785
14714,2752.51,413,82,4.278970878240611,13.143483023001094,Positive Response,10,Moderate Discount Strategy,2.6209638554216865,2.358867469879518,974.212265060241
14715,794.87,509,65,9.071751035635115,17.77777777777778,Positive Response,10,Moderate Discount Strategy,3.3577272727272724,3.021954545454545,1538.1748636363634
14716,958.0699999999999,148,44,3.84317701190078,24.565656565656568,Positive Response,10,Moderate Discount Strategy,1.89,1.7009999999999998,251.748
14717,235.77,32,10,3.8908669008528842,8.391608391608393,Positive Response,10,Moderate Discount Strategy,3.313636363636364,2.9822727272727274,95.43272727272728
14718,218.92,202,10,17.63608188368008,20.0,High Response,20,High Discount Strategy,1.9745454545454544,1.5796363636363635,319.08654545454544
14721,226.42,57,24,2.829311841870878,24.04705882352941,Positive Response,10,Moderate Discount Strategy,2.6148000000000002,2.35332,134.13924
14722,304.85,96,58,2.5405105229553233,16.92042516518242,Positive Response,10,Moderate Discount Strategy,3.510169491525424,3.1591525423728815,303.2786440677966
14723,924.14,609,198,3.495687913070812,20.179686310339576,Positive Response,10,Moderate Discount Strategy,1.999597989949749,1.799638190954774,1095.9796582914573
14724,927.89,184,40,3.787550796483849,16.245380635624535,Positive Response,10,Moderate Discount Strategy,2.5709756097560974,2.3138780487804875,425.75356097560973
14725,594.21,747,52,9.021290857729602,27.604345340194396,Positive Response,10,Moderate Discount Strategy,1.558679245283019,1.402811320754717,1047.9000566037737
14726,597.16,82,14,4.980780056023073,11.733333333333333,Positive Response,10,Moderate Discount Strategy,2.256666666666667,2.031,166.542
14727,193.05,396,35,9.126102790697011,17.716049382716047,Positive Response,10,Moderate Discount Strategy,1.1002777777777777,0.99025,392.139
14728,195.15,68,13,7.987370581833682,20.571428571428573,Positive Response,10,Moderate Discount Strategy,3.4771428571428573,3.1294285714285714,212.80114285714285
14729,576.29,372,131,2.817707951285901,20.119375573921026,Positive Response,10,Moderate Discount Strategy,2.044848484848485,1.8403636363636364,684.6152727272728
14732,2790.78,868,129,10.061885275506366,23.378773125608568,Positive Response,10,Moderate Discount Strategy,4.655846153846154,4.190261538461539,3637.1470153846158
14733,6447.26,2715,144,17.256036695970952,16.989858012170384,High Response,20,High Discount Strategy,3.876689655172414,3.101351724137931,8420.169931034483
14734,6579.26,378,62,8.800782295504616,20.876190476190473,Positive Response,10,Moderate Discount Strategy,4.862380952380952,4.376142857142857,1654.182
14735,6121.37,2249,171,13.027977942567125,18.839180134016555,High Response,20,High Discount Strategy,4.040406976744186,3.232325581395349,7269.50023255814
14736,6174.47,148,87,2.2017511314379923,16.581495427649273,Positive Response,10,Moderate Discount Strategy,3.1388636363636366,2.824977272727273,418.0966363636364
14737,2320.02,726,27,31.927685142790324,18.011204481792713,High Response,20,High Discount Strategy,4.013928571428571,3.211142857142857,2331.289714285714
14738,2389.62,156,25,9.939059079591466,22.55633255633256,Positive Response,10,Moderate Discount Strategy,5.7565384615384625,5.180884615384616,808.2180000000001
14739,8283.460000000001,6352,195,17.344641961645035,22.136672850958565,High Response,20,High Discount Strategy,2.6341326530612243,2.1073061224489797,13385.608489795919
14740,8385.22,1346,141,9.471961849541032,23.141561231797567,Positive Response,10,Moderate Discount Strategy,3.6969014084507044,3.327211267605634,4478.426366197183
14741,2712.85,279,25,9.83494352725842,21.901709401709404,Positive Response,10,Moderate Discount Strategy,2.073076923076923,1.8657692307692306,520.5496153846153
14742,560.05,374,33,10.247601385616795,18.545751633986924,Positive Response,10,Moderate Discount Strategy,2.4941176470588236,2.244705882352941,839.52
14743,579.85,40,2,9.124131123402046,20.202020202020204,Positive Response,10,Moderate Discount Strategy,1.3299999999999998,1.1969999999999998,47.879999999999995
14744,2702.6,1920,94,5.276367545915105,32.95438596491228,Positive Response,10,Moderate Discount Strategy,4.190526315789474,3.7714736842105268,7241.229473684211
14745,2785.1,931,70,10.01443217822839,17.14041826717883,Positive Response,10,Moderate Discount Strategy,2.437605633802817,2.1938450704225354,2042.4697605633805
14746,1331.15,398,8,32.20164744836625,10.774410774410775,High Response,20,High Discount Strategy,1.5277777777777777,1.2222222222222223,486.44444444444446
14748,1723.3700000000001,1529,101,12.537527460425528,23.99286987522282,High Response,20,High Discount Strategy,2.0310784313725487,1.624862745098039,2484.4151372549018
14749,1736.57,403,17,10.458155320428476,25.449735449735453,Positive Response,10,Moderate Discount Strategy,1.705,1.5345000000000002,618.4035000000001
14750,310.15,65,31,1.9580919917895088,16.15530303030303,Positive Response,10,Moderate Discount Strategy,2.634375,2.3709375,154.1109375
14751,112.03,65,6,9.570899181009091,28.571428571428573,Positive Response,10,Moderate Discount Strategy,2.635714285714286,2.3721428571428578,154.18928571428575
14753,298.8,201,17,10.173470286244616,17.287581699346404,Positive Response,10,Moderate Discount Strategy,1.8033333333333335,1.6230000000000002,326.22300000000007
14754,894.88,524,94,3.817513670572625,23.478696741854634,Positive Response,10,Moderate Discount Strategy,2.81221052631579,2.530989473684211,1326.2384842105266
14755,4915.07,2182,239,9.773387528245108,23.704802259887007,Positive Response,10,Moderate Discount Strategy,3.9360833333333334,3.542475,7729.68045
14756,4962.27,1007,80,11.139864910758659,21.044634377967714,High Response,20,High Discount Strategy,3.911234567901235,3.128987654320988,3150.890567901235
14758,1914.8,421,64,9.695123656251763,13.277705345501957,Positive Response,10,Moderate Discount Strategy,5.380615384615385,4.842553846153846,2038.7151692307693
14761,1380.91,88,12,8.290754833106961,26.440677966101696,Positive Response,10,Moderate Discount Strategy,3.2238461538461536,2.9014615384615383,255.32861538461538
14762,192.02,87,8,6.433431428417705,20.47138047138047,Positive Response,10,Moderate Discount Strategy,3.112222222222222,2.8009999999999997,243.68699999999998
14766,4067.91,2714,204,11.291325205669919,18.776158175782943,High Response,20,High Discount Strategy,2.7541951219512195,2.2033560975609756,5979.908448780488
14767,4082.76,117,17,9.728462239287696,29.50513538748833,Positive Response,10,Moderate Discount Strategy,5.240555555555556,4.716500000000001,551.8305000000001
14769,5082.28,3819,335,10.130360108844265,24.637445887445885,Positive Response,10,Moderate Discount Strategy,2.5689285714285712,2.312035714285714,8829.664392857141
14770,5097.13,1108,144,9.734628210069074,21.19929865575687,Positive Response,10,Moderate Discount Strategy,4.094896551724138,3.685406896551724,4083.43084137931
14771,2761.2200000000003,622,46,12.161467283656394,23.285106382978725,High Response,20,High Discount Strategy,1.145531914893617,0.9164255319148936,570.0166808510638
14773,594.62,53,9,8.077518905996836,23.232323232323232,Positive Response,10,Moderate Discount Strategy,5.0,4.5,238.5
14774,223.75,99,12,9.01341469973826,17.99217731421121,Positive Response,10,Moderate Discount Strategy,5.203846153846153,4.683461538461538,463.6626923076922
14775,356.15999999999997,384,19,15.5200460101179,17.32,High Response,20,High Discount Strategy,1.1505,0.9204000000000001,353.43360000000007
14776,1149.84,1524,72,12.651482613172426,13.730862207896855,High Response,20,High Discount Strategy,1.0846575342465754,0.8677260273972603,1322.4144657534248
14777,1170.0,212,15,10.572259445920237,19.09090909090909,Positive Response,10,Moderate Discount Strategy,3.625625,3.2630624999999998,691.7692499999999
14783,307.56,262,16,11.45683533419156,23.181343543334496,High Response,20,High Discount Strategy,2.518823529411765,2.015058823529412,527.9454117647059
14784,307.3,126,11,12.711246550257437,9.523809523809526,High Response,20,High Discount Strategy,1.7566666666666666,1.4053333333333333,177.072
14786,159.94,112,6,22.08322686871509,15.294117647058824,High Response,20,High Discount Strategy,1.0057142857142858,0.8045714285714287,90.11200000000002
14787,106.9,59,14,4.954437748778261,17.594771241830063,Positive Response,10,Moderate Discount Strategy,2.288,2.0591999999999997,121.49279999999999
14788,463.68,298,27,9.578860183776778,17.70744225834046,Positive Response,10,Moderate Discount Strategy,2.981785714285714,2.683607142857143,799.7149285714286
14790,1765.21,1943,98,11.666627135170343,31.417202326293232,High Response,20,High Discount Strategy,1.9124242424242426,1.5299393939393942,2972.672242424243
14791,1781.56,127,18,8.741373746766685,21.15967885816236,Positive Response,10,Moderate Discount Strategy,3.4626315789473687,3.116368421052632,395.77878947368424
14793,371.71000000000004,270,24,9.65122136522282,22.319526627218938,Positive Response,10,Moderate Discount Strategy,2.2836000000000003,2.0552400000000004,554.9148000000001
14794,618.69,110,23,10.865565327948511,16.311111111111114,High Response,20,High Discount Strategy,13.28,10.624,1168.64
14796,2848.25,1627,410,3.5583445386171255,15.633683180005471,Positive Response,10,Moderate Discount Strategy,2.280559610705596,2.0525036496350366,3339.4234379562045
14797,2865.05,99,15,9.10550861290705,10.911016949152543,Positive Response,10,Moderate Discount Strategy,4.170625,3.7535625,371.6026875
14798,540.37,451,36,12.190069479437946,3.3704292527821935,High Response,20,High Discount Strategy,1.575945945945946,1.2607567567567568,568.6012972972973
14799,550.5699999999999,349,9,10.522458556063109,31.35593220338983,Positive Response,10,Moderate Discount Strategy,3.415,3.0735,1072.6515
14800,3376.38,3294,267,8.248498534816703,19.02686567164179,Positive Response,10,Moderate Discount Strategy,2.794216417910448,2.514794776119403,8283.733992537314
14802,3415.38,2,1,230.44718153349146,39.38508829126136,High Response,20,High Discount Strategy,751.49,601.192,1202.384
14805,1502.98,302,80,3.1353211812746205,22.610699588477363,Positive Response,10,Moderate Discount Strategy,4.172469135802469,3.7552222222222222,1134.0771111111112
14806,536.15,93,8,8.060109435200799,26.18736383442266,Positive Response,10,Moderate Discount Strategy,2.06,1.854,172.422
14807,494.24,234,37,6.828158843381225,23.007518796992482,Positive Response,10,Moderate Discount Strategy,3.2221052631578946,2.8998947368421053,678.5753684210526
14809,524.76,232,17,17.14052054219786,20.41431261770245,High Response,20,High Discount Strategy,3.8755555555555556,3.100444444444445,719.3031111111112
14810,686.76,230,68,3.5633398366885385,10.843552582683019,Positive Response,10,Moderate Discount Strategy,2.5820289855072462,2.3238260869565215,534.4799999999999
14811,446.59,74,27,3.517225692245276,13.690476190476192,Positive Response,10,Moderate Discount Strategy,2.855357142857143,2.5698214285714287,190.16678571428574
14812,172.95,135,35,4.094700732560439,20.51111111111111,Positive Response,10,Moderate Discount Strategy,2.0130555555555554,1.81175,244.58625
14813,880.96,392,137,3.1211805319794608,15.555555555555557,Positive Response,10,Moderate Discount Strategy,3.2078985507246376,2.887108695652174,1131.7466086956522
14814,888.91,93,29,2.905333295515329,13.563218390804597,Positive Response,10,Moderate Discount Strategy,2.549,2.2941,213.35129999999998
14817,2799.52,1807,166,9.720857249713312,24.98694917856595,Positive Response,10,Moderate Discount Strategy,4.274431137724551,3.846988023952096,6951.507359281437
14818,2849.52,219,55,3.199807361058817,25.467532467532468,Positive Response,10,Moderate Discount Strategy,3.399642857142857,3.0596785714285715,670.0696071428572
14819,495.76,61,40,2.3922739259160815,21.310377809660448,Positive Response,10,Moderate Discount Strategy,3.6053658536585362,3.2448292682926825,197.93458536585362
14820,687.52,471,34,10.312067243839424,19.445887445887447,Positive Response,10,Moderate Discount Strategy,4.699142857142857,4.229228571428572,1991.9666571428575
14821,1206.55,459,68,10.151453321348683,10.18633540372671,Positive Response,10,Moderate Discount Strategy,2.965072463768116,2.6685652173913046,1224.8714347826087
14822,1230.15,94,8,8.904772423963076,17.724867724867725,Positive Response,10,Moderate Discount Strategy,2.677777777777778,2.41,226.54000000000002
14824,2877.5,1429,128,10.533807805453613,13.595706618962435,Positive Response,10,Moderate Discount Strategy,2.5728682170542636,2.315581395348837,3308.965813953488
14825,2895.2000000000003,1857,188,6.512893078771837,17.2005772005772,Positive Response,10,Moderate Discount Strategy,2.409047619047619,2.168142857142857,4026.241285714286
14826,2698.17,152,9,18.8758490539233,28.474576271186443,High Response,20,High Discount Strategy,3.0450000000000004,2.4360000000000004,370.27200000000005
14828,7618.1,7546,83,81.74510695086902,18.317610062893085,High Response,20,High Discount Strategy,1.6913095238095237,1.353047619047619,10210.097333333333
14829,7699.7,695,67,10.075281038745327,26.515837104072403,Positive Response,10,Moderate Discount Strategy,2.3027941176470588,2.072514705882353,1440.3977205882354
14831,1671.53,885,81,10.63207712759144,24.870180959874116,Positive Response,10,Moderate Discount Strategy,3.1787804878048784,2.8609024390243905,2531.8986585365856
14832,1676.57,1,0,11.689917439423459,0.0,High Response,20,High Discount Strategy,322.69,258.152,258.152
14833,322.69,58,6,8.536679491375551,22.108843537414966,Positive Response,10,Moderate Discount Strategy,2.0,1.8,104.4
14834,468.86,138,19,10.728773100407487,19.759999999999998,High Response,20,High Discount Strategy,5.569,4.4552000000000005,614.8176000000001
14835,485.86,180,1,19.263943662962912,0.0,High Response,20,High Discount Strategy,1.65,1.32,237.60000000000002
14837,1775.42,1594,100,12.788232465286685,21.805940594059408,High Response,20,High Discount Strategy,1.502970297029703,1.2023762376237626,1916.5877227722774
14838,1810.82,361,69,7.156285291053201,21.537414965986397,Positive Response,10,Moderate Discount Strategy,3.065571428571429,2.759014285714286,996.0041571428573
14839,913.38,927,73,6.741767270855044,23.522833178005595,Positive Response,10,Moderate Discount Strategy,2.3322972972972975,2.099067567567568,1945.8356351351354
14840,915.28,148,17,9.624735841045073,20.65710872162485,Positive Response,10,Moderate Discount Strategy,2.8294444444444444,2.5465,376.882
14841,3849.54,2386,161,11.617341898883689,15.425767647989872,High Response,20,High Discount Strategy,3.1300617283950616,2.5040493827160493,5974.661827160494
14843,3867.2400000000002,132,8,9.441194561064458,15.488215488215486,Positive Response,10,Moderate Discount Strategy,1.5444444444444443,1.39,183.48
14844,3496.27,2536,146,11.56177509850923,23.572300715157862,High Response,20,High Discount Strategy,2.712721088435374,2.1701768707482993,5503.568544217687
14845,3512.62,600,0,88.19427663642335,0.0,High Response,20,High Discount Strategy,0.25,0.2,120.0
14846,397.8,193,11,13.777270879672242,14.292929292929292,High Response,20,High Discount Strategy,2.435,1.9480000000000002,375.96400000000006
14847,1021.6999999999999,413,48,10.590798448597193,20.87912087912088,Positive Response,10,Moderate Discount Strategy,4.305102040816326,3.8745918367346937,1600.2064285714284
14848,1039.55,260,10,17.073360365414786,17.89090909090909,High Response,20,High Discount Strategy,1.3354545454545454,1.0683636363636364,277.7745454545455
14849,7815.51,6332,366,10.789086769248861,21.65930658648877,High Response,20,High Discount Strategy,2.2530517711171663,1.802441416893733,11413.059051771117
14850,7832.91,1100,173,4.262486091735339,14.924137931034483,Positive Response,10,Moderate Discount Strategy,1.9977586206896552,1.7979827586206896,1977.7810344827585
14851,1445.21,306,13,10.312939645675376,11.512605042016805,Positive Response,10,Moderate Discount Strategy,1.8550000000000002,1.6695000000000002,510.8670000000001
14852,3272.94,2619,165,10.909554726721609,21.307452030343597,High Response,20,High Discount Strategy,1.818855421686747,1.4550843373493976,3810.8658795180722
14853,3295.7400000000002,263,21,13.911526785597674,20.59504132231405,High Response,20,High Discount Strategy,5.795,4.636,1219.268
14854,1461.03,1167,87,10.982064550832206,15.79090909090909,High Response,20,High Discount Strategy,2.448068181818182,1.9584545454545457,2285.516454545455
14855,5855.15,3243,186,13.180253386778942,15.848322800194458,High Response,20,High Discount Strategy,2.821283422459893,2.2570267379679145,7319.537711229947
14857,5874.65,1617,152,9.122756536784916,17.880372350960585,Positive Response,10,Moderate Discount Strategy,2.7578496732026143,2.482064705882353,4013.4986294117643
14858,2478.731,105,10,9.253065085482545,6.611570247933884,Positive Response,10,Moderate Discount Strategy,1.95,1.755,184.27499999999998
14859,312.9,217,7,11.788422040152662,18.782051282051285,High Response,20,High Discount Strategy,2.79625,2.237,485.42900000000003
14861,1252.44,959,79,9.694974544593817,16.370370370370374,Positive Response,10,Moderate Discount Strategy,2.2635,2.03715,1953.62685
14865,1254.94,192,4,43.25878732421413,21.904761904761905,High Response,20,High Discount Strategy,0.44000000000000006,0.3520000000000001,67.58400000000002
14866,6356.64,2481,37,40.95715865800726,17.389060887512898,High Response,20,High Discount Strategy,3.290263157894737,2.63221052631579,6530.5143157894745
14867,6460.32,668,100,10.178435335836353,31.61827107080456,Positive Response,10,Moderate Discount Strategy,6.062772277227723,5.456495049504951,3644.938693069307
14868,2241.78,825,66,11.020455857698389,22.372751626482973,High Response,20,High Discount Strategy,1.9376119402985073,1.5500895522388058,1278.8238805970147
14869,2046.49,1581,173,8.49565045822581,14.073563218390806,Positive Response,10,Moderate Discount Strategy,2.1989655172413793,1.9790689655172415,3128.908034482759
14870,2056.69,364,51,10.647039026225245,18.803418803418804,Positive Response,10,Moderate Discount Strategy,5.272115384615384,4.744903846153846,1727.145
14871,1511.7,267,100,4.397029751183728,21.553952005370032,Positive Response,10,Moderate Discount Strategy,3.6062376237623766,3.245613861386139,866.5789009900991
14872,801.6,662,42,10.356933022383668,23.191659983961507,Positive Response,10,Moderate Discount Strategy,1.7832558139534884,1.6049302325581396,1062.4638139534884
14873,816.6,143,20,8.846759723791886,20.016142050040358,Positive Response,10,Moderate Discount Strategy,3.8880952380952385,3.4992857142857146,500.39785714285716
14874,334.45,148,5,19.828217360164043,21.555555555555557,High Response,20,High Discount Strategy,1.1966666666666668,0.9573333333333335,141.68533333333335
14875,1382.23,774,41,14.716858378653704,19.32178932178932,High Response,20,High Discount Strategy,4.684523809523809,3.7476190476190476,2900.657142857143
14876,1397.08,162,12,9.221073497617175,20.345926263086028,Positive Response,10,Moderate Discount Strategy,2.4892307692307694,2.2403076923076926,362.9298461538462
14877,423.3,168,62,3.6987308502729523,14.663643235071808,Positive Response,10,Moderate Discount Strategy,3.1015873015873017,2.7914285714285714,468.96
14878,2594.61,1617,246,7.409059515505034,19.678041256988628,Positive Response,10,Moderate Discount Strategy,2.745425101214575,2.4708825910931176,3995.4171497975713
14879,2600.41,104,26,3.6894624084117793,25.81293157564344,Positive Response,10,Moderate Discount Strategy,3.095925925925926,2.7863333333333333,289.77866666666665
14882,2706.75,1456,53,15.383883989605343,23.006905210295045,High Response,20,High Discount Strategy,3.8635185185185184,3.0908148148148147,4500.22637037037
14884,2956.95,72,7,7.994101938251757,7.407407407407409,Positive Response,10,Moderate Discount Strategy,1.875,1.6875,121.5
14885,744.0,584,15,24.1928979159882,12.217741935483867,High Response,20,High Discount Strategy,1.641875,1.3135000000000001,767.0840000000001
14890,832.8,585,49,9.517683126749155,19.216,Positive Response,10,Moderate Discount Strategy,2.1434,1.9290600000000002,1128.5001000000002
14891,691.6,283,29,9.48001689408227,9.777777777777779,Positive Response,10,Moderate Discount Strategy,2.3826666666666667,2.1444,606.8652000000001
14892,552.35,79,12,8.517062804412143,18.252933507170795,Positive Response,10,Moderate Discount Strategy,3.5115384615384615,3.1603846153846153,249.67038461538462
14893,552.26,248,32,9.256796521296035,8.614718614718615,Positive Response,10,Moderate Discount Strategy,3.0736363636363637,2.766272727272727,686.0356363636364
14894,817.26,338,22,18.79374076895344,18.703370208386932,High Response,20,High Discount Strategy,3.037391304347826,2.429913043478261,821.3106086956523
14895,13977.08,5863,401,14.605166307163378,24.945610928408808,High Response,20,High Discount Strategy,4.8356467661691545,3.868517412935324,22681.117592039805
14896,13980.83,836,241,3.3985345750862965,19.138896294321512,Positive Response,10,Moderate Discount Strategy,2.6644214876033057,2.3979793388429753,2004.7107272727274
14897,1760.96,694,71,10.477412385376722,19.794973544973544,Positive Response,10,Moderate Discount Strategy,3.7877777777777775,3.409,2365.846
14898,2180.19,1224,184,6.116526645739967,20.742896742896743,Positive Response,10,Moderate Discount Strategy,3.1387567567567567,2.824881081081081,3457.654443243243
14899,2195.14,570,128,5.3902486585904725,22.099592694783865,Positive Response,10,Moderate Discount Strategy,3.7828682170542636,3.404581395348837,1940.611395348837
14900,1331.38,48,0,120.43093461168172,0.0,High Response,20,High Discount Strategy,0.29,0.23199999999999998,11.136
14901,826.11,387,69,7.139613937485312,19.530864197530864,Positive Response,10,Moderate Discount Strategy,2.888142857142857,2.5993285714285714,1005.9401571428572
14902,860.11,498,38,9.71917372513607,22.682445759368836,Positive Response,10,Moderate Discount Strategy,2.5535897435897437,2.2982307692307695,1144.5189230769233
14904,702.96,537,71,6.1476413305635464,18.644444444444442,Positive Response,10,Moderate Discount Strategy,1.6023611111111111,1.442125,774.4211250000001
14905,1330.04,722,60,11.599978749624045,18.103044496487122,High Response,20,High Discount Strategy,2.40672131147541,1.9253770491803281,1390.1222295081968
14906,1355.24,1,0,12.274510347795465,0.0,High Response,20,High Discount Strategy,68.44,54.752,54.752
14907,2634.69,1126,130,9.516164530328949,20.163022383231986,Positive Response,10,Moderate Discount Strategy,3.7597709923664127,3.3837938931297713,3810.1519236641225
14908,2664.69,50,4,8.945575606773073,16.190476190476193,Positive Response,10,Moderate Discount Strategy,2.8600000000000003,2.5740000000000003,128.70000000000002
14909,1368.98,888,79,10.056665055122279,16.060344827586206,Positive Response,10,Moderate Discount Strategy,2.862125,2.5759125,2287.4103
14911,152101.42,69709,5567,11.836263787514605,25.59070036060401,High Response,20,High Discount Strategy,5.668200431034483,4.534560344827587,316099.66707758623
14912,152121.22,848,35,13.62823435606268,21.61616161616162,High Response,20,High Discount Strategy,3.447777777777778,2.758222222222223,2338.972444444445
14913,2833.1,2212,159,10.353773091363395,27.496212121212118,Positive Response,10,Moderate Discount Strategy,2.209375,1.9884375,4398.42375
14915,2845.7000000000003,595,77,9.55284978699944,18.783216783216783,Positive Response,10,Moderate Discount Strategy,3.7706410256410257,3.3935769230769233,2019.1782692307693
14916,1753.57,1279,56,17.99181795899008,27.087719298245613,High Response,20,High Discount Strategy,2.274561403508772,1.8196491228070177,2327.3312280701757
14917,1773.97,891,28,22.468776086312868,14.273772204806688,High Response,20,High Discount Strategy,2.2327586206896552,1.7862068965517244,1591.5103448275863
14918,4300.81,1876,95,16.24261179738942,23.98305084745763,High Response,20,High Discount Strategy,4.187708333333333,3.3501666666666665,6284.912666666666
14919,4345.66,129,12,12.872905459941396,7.040417209908735,High Response,20,High Discount Strategy,3.2192307692307693,2.575384615384616,332.22461538461545
14920,614.65,377,39,9.253912025614452,17.15659340659341,Positive Response,10,Moderate Discount Strategy,3.2082500000000005,2.8874250000000004,1088.5592250000002
14922,826.04,376,49,9.265816407493043,24.257627118644066,Positive Response,10,Moderate Discount Strategy,3.9884000000000004,3.5895600000000005,1349.6745600000002
14924,843.74,248,20,12.491462920546242,23.551251008878133,High Response,20,High Discount Strategy,7.221904761904763,5.77752380952381,1432.825904761905
14926,620.96,204,2,25.189088796774538,0.0,High Response,20,High Discount Strategy,3.216666666666667,2.5733333333333337,524.96
14927,359.4,196,19,9.262489641682418,11.851851851851853,Positive Response,10,Moderate Discount Strategy,2.33,2.097,411.012
14928,308.2,268,20,16.65715509602241,10.129870129870133,High Response,20,High Discount Strategy,1.3942857142857144,1.1154285714285714,298.93485714285714
14929,582.8100000000001,351,22,12.707413327990032,23.146997929606627,High Response,20,High Discount Strategy,2.137826086956522,1.7102608695652177,600.3015652173914
14930,2860.57,1033,150,9.466350967361139,23.39207542934112,Positive Response,10,Moderate Discount Strategy,5.174635761589404,4.657172185430464,4810.858867549669
14932,2873.77,257,31,9.888080761231894,31.635101010101014,Positive Response,10,Moderate Discount Strategy,7.7934375,7.01409375,1802.62209375
14933,1475.0,600,3,185.22805696988,0.0,High Response,20,High Discount Strategy,2.95,2.3600000000000003,1416.0000000000002
14934,1770.0,1058,97,9.76121495936,16.80890538033395,Positive Response,10,Moderate Discount Strategy,3.6281632653061227,3.2653469387755103,3454.73706122449
14935,1612.56,996,15,48.95510931009466,10.747663551401873,High Response,20,High Discount Strategy,1.1112499999999998,0.8889999999999999,885.4439999999998
14936,4243.89,2189,162,10.457326824385413,17.724484104852202,Positive Response,10,Moderate Discount Strategy,4.305766871165645,3.8751901840490803,8482.791312883437
14938,4273.79,1369,70,18.95456078117976,17.183098591549296,High Response,20,High Discount Strategy,2.998169014084507,2.398535211267606,3283.5947042253524
14940,2322.43,384,31,10.057926037699684,17.02651515151515,Positive Response,10,Moderate Discount Strategy,1.6421875,1.47796875,567.54
14941,531.49,80,6,11.778883459799832,14.845938375350139,High Response,20,High Discount Strategy,2.3428571428571425,1.874285714285714,149.94285714285712
14942,721.36,354,18,13.352981500945607,13.057644110275689,High Response,20,High Discount Strategy,2.4968421052631578,1.9974736842105263,707.1056842105263
14943,746.56,46,4,9.122488561443536,25.966101694915256,Positive Response,10,Moderate Discount Strategy,3.184,2.8656,131.8176
14944,3834.42,2049,132,11.875399363832603,19.283924095954173,High Response,20,High Discount Strategy,3.7904511278195487,3.0323609022556393,6213.3074887218045
14945,3884.42,156,10,11.604656558776595,25.34435261707989,High Response,20,High Discount Strategy,1.55,1.2400000000000002,193.44000000000003
14947,743.6700000000001,237,39,11.611782678352029,26.683544303797465,High Response,20,High Discount Strategy,5.85475,4.683800000000001,1110.0606000000002
14949,758.97,250,26,9.777607434775794,12.839506172839506,Positive Response,10,Moderate Discount Strategy,2.8537037037037036,2.5683333333333334,642.0833333333334
14952,9477.66,3622,168,20.954616236191075,21.923578377294156,High Response,20,High Discount Strategy,3.8607692307692307,3.0886153846153848,11186.964923076923
14953,9529.86,790,190,2.5441060252045746,20.096335078534032,Positive Response,10,Moderate Discount Strategy,1.9237172774869111,1.73134554973822,1367.7629842931938
14954,685.65,92,40,2.9867780525471157,9.857122239861454,Positive Response,10,Moderate Discount Strategy,2.9502439024390243,2.655219512195122,244.28019512195124
14955,167.27,74,30,2.8907808771947887,20.391006842619745,Positive Response,10,Moderate Discount Strategy,2.626451612903226,2.3638064516129034,174.92167741935484
14956,993.75,2500,3,455.8456110604281,0.0,High Response,20,High Discount Strategy,0.53,0.42400000000000004,1060.0
14957,1325.0,63,15,4.237234513150126,24.851190476190478,Positive Response,10,Moderate Discount Strategy,2.95,2.6550000000000002,167.26500000000001
14958,445.21000000000004,120,29,8.338801548275955,22.632996632996637,Positive Response,10,Moderate Discount Strategy,5.434666666666667,4.8912,586.9440000000001
14961,9320.62,4664,357,11.085107769389046,21.66267624368183,High Response,20,High Discount Strategy,2.977486033519553,2.381988826815643,11109.595888268159
14962,9365.47,79,8,10.508986243325465,11.148775894538609,Positive Response,10,Moderate Discount Strategy,4.321111111111112,3.8890000000000007,307.23100000000005
14963,1649.98,1128,283,3.2030025917074725,16.08408023900982,Positive Response,10,Moderate Discount Strategy,2.1878521126760564,1.9690669014084508,2221.1074647887326
14966,1651.23,881,114,3.7686912337693297,25.315496098104795,Positive Response,10,Moderate Discount Strategy,2.4342608695652173,2.190834782608696,1930.125443478261
14967,1431.81,512,22,28.108003128775206,17.628458498023715,High Response,20,High Discount Strategy,3.4930434782608697,2.794434782608696,1430.7506086956523
14968,1518.81,130,46,3.4505538144811263,24.74576271186441,Positive Response,10,Moderate Discount Strategy,4.463617021276596,4.017255319148936,522.2431914893617
14969,866.23,665,12,28.26170229520638,32.747252747252745,High Response,20,High Discount Strategy,3.2392307692307694,2.591384615384616,1723.2707692307695
14970,3259.79,732,78,13.343309630269493,27.544303797468356,High Response,20,High Discount Strategy,4.1278481012658235,3.302278481012659,2417.2678481012663
14972,3327.29,12,1,8.173525787662216,8.41584158415842,Positive Response,10,Moderate Discount Strategy,2.5250000000000004,2.2725000000000004,27.270000000000003
14975,179.95,127,14,7.156748547136396,13.333333333333334,Positive Response,10,Moderate Discount Strategy,2.3866666666666663,2.1479999999999997,272.79599999999994
14977,192.45,17,3,5.118640952663742,32.96296296296297,Positive Response,10,Moderate Discount Strategy,2.46,2.214,37.638
14978,1173.8700000000001,213,75,7.7203271962961555,18.108354999648654,Positive Response,10,Moderate Discount Strategy,7.222499999999999,6.500249999999999,1384.55325
14979,1190.82,209,48,4.084533889475286,19.527811124449777,Positive Response,10,Moderate Discount Strategy,3.037755102040816,2.7339795918367344,571.4017346938775
14980,429.66,79,23,3.356987362557307,22.651515151515152,Positive Response,10,Moderate Discount Strategy,3.4875000000000003,3.1387500000000004,247.96125000000004
14981,241.1,144,13,10.604924288372773,5.194805194805194,Positive Response,10,Moderate Discount Strategy,2.0785714285714287,1.870714285714286,269.3828571428572
14982,270.8,125,38,3.239117119833342,10.567210567210566,Positive Response,10,Moderate Discount Strategy,2.505897435897436,2.2553076923076922,281.91346153846155
14983,237.78,90,29,4.808580005998519,15.757575757575758,Positive Response,10,Moderate Discount Strategy,2.57,2.3129999999999997,208.17
14984,875.26,290,14,19.313686602810044,12.831372549019608,High Response,20,High Discount Strategy,4.938,3.9504,1145.616
14986,1058.1399999999999,338,97,2.9699248376404226,17.66233766233766,Positive Response,10,Moderate Discount Strategy,2.3331632653061227,2.0998469387755105,709.7482653061226
14987,1305.85,543,12,27.940556881591906,4.826546003016591,High Response,20,High Discount Strategy,3.2576923076923077,2.6061538461538465,1415.1415384615386
14988,1668.71,1119,194,5.8261075555946364,18.526806526806524,Positive Response,10,Moderate Discount Strategy,2.115846153846154,1.9042615384615387,2130.8686615384618
14989,1704.1100000000001,200,17,9.765466516617618,18.51851851851852,Positive Response,10,Moderate Discount Strategy,3.0944444444444446,2.785,557.0
14990,342.4,129,41,5.488397848648233,7.295238095238096,Positive Response,10,Moderate Discount Strategy,2.347857142857143,2.1130714285714287,272.5862142857143
14991,312.77,191,20,8.501572631047061,23.793381759483456,Positive Response,10,Moderate Discount Strategy,4.062380952380953,3.6561428571428576,698.3232857142858
14992,314.67,145,26,7.0354640323502045,22.103703703703705,Positive Response,10,Moderate Discount Strategy,1.8829629629629627,1.6946666666666665,245.72666666666666
14993,210.5,21,9,5.0212343027850554,17.6,Positive Response,10,Moderate Discount Strategy,1.714,1.5426,32.3946
14994,938.77,568,301,2.1417919758843675,22.691149909692957,Positive Response,10,Moderate Discount Strategy,2.1842715231788077,1.965844370860927,1116.5996026490066
14996,946.72,404,40,8.092109652889782,24.419807834441983,Positive Response,10,Moderate Discount Strategy,2.2653658536585364,2.038829268292683,823.6870243902439
14997,442.28999999999996,288,11,17.71235454367347,8.23529411764706,High Response,20,High Discount Strategy,0.9133333333333332,0.7306666666666666,210.43199999999996
14998,335.46,94,50,3.466827884411603,20.279162512462612,Positive Response,10,Moderate Discount Strategy,4.913333333333334,4.422000000000001,415.66800000000006
14999,338.31,88,8,10.243118516818775,13.600000000000001,Positive Response,10,Moderate Discount Strategy,3.2355555555555555,2.912,256.256
15001,189.16,70,45,2.5283870031723596,19.77225672877847,Positive Response,10,Moderate Discount Strategy,3.792391304347826,3.4131521739130433,238.92065217391303
15002,3116.17,1631,252,5.6784586813591815,17.27837380011293,Positive Response,10,Moderate Discount Strategy,2.7934782608695654,2.514130434782609,4100.546739130435
15003,3127.9700000000003,525,328,2.05989737196434,16.739430781983973,Positive Response,10,Moderate Discount Strategy,2.2212462006079026,1.9991215805471123,1049.538829787234
15005,7678.76,4554,1302,3.3859227061497297,19.56235118169117,Positive Response,10,Moderate Discount Strategy,2.5560552570990023,2.300449731389102,10476.248076745971
15006,7681.71,101,49,2.931237636001393,23.876363636363635,Positive Response,10,Moderate Discount Strategy,3.9694,3.57246,360.81846
15008,316.8,1500,11,50.59943713563937,16.666666666666668,High Response,20,High Discount Strategy,0.3,0.24,360.0
15011,367.1,289,19,9.267904097535446,18.87878787878788,Positive Response,10,Moderate Discount Strategy,2.0785,1.8706500000000001,540.6178500000001
15012,427.83,242,120,2.066107254236868,18.43225644878537,Positive Response,10,Moderate Discount Strategy,2.76801652892562,2.491214876033058,602.874
15013,1600.8700000000001,1715,339,3.9978554883532125,21.070588235294117,Positive Response,10,Moderate Discount Strategy,1.6033823529411764,1.4430441176470588,2474.8206617647056
15015,2354.02,1584,293,5.473853714371967,18.747361013370867,Positive Response,10,Moderate Discount Strategy,2.119761904761905,1.9077857142857144,3021.9325714285715
15016,2354.97,167,84,2.529503892189284,17.0140056022409,Positive Response,10,Moderate Discount Strategy,3.008235294117647,2.7074117647058826,452.1377647058824
15018,450.85,21,4,10.962918246630988,13.066666666666666,High Response,20,High Discount Strategy,7.3,5.84,122.64
15020,194.57,111,26,4.311948085891673,22.962962962962962,Positive Response,10,Moderate Discount Strategy,3.1281481481481483,2.8153333333333337,312.50200000000007
15021,823.66,350,227,1.9331201171052286,16.28028404344194,Positive Response,10,Moderate Discount Strategy,2.6578947368421053,2.392105263157895,837.2368421052632
15022,826.91,113,18,10.868691033271329,20.433436532507738,High Response,20,High Discount Strategy,2.744736842105263,2.1957894736842105,248.12421052631578
15023,5272.69,2157,438,4.854099599925754,23.462414578587698,Positive Response,10,Moderate Discount Strategy,4.021799544419134,3.619619589977221,7807.519455580866
15024,5287.64,1281,215,6.047809935493486,15.502244668911336,Positive Response,10,Moderate Discount Strategy,2.6835185185185186,2.415166666666667,3093.8285000000005
15025,2414.18,319,71,4.0091100291424775,23.534858387799563,Positive Response,10,Moderate Discount Strategy,3.385277777777778,3.0467500000000003,971.9132500000001
15026,617.83,370,76,4.668669299363467,22.841401023219206,Positive Response,10,Moderate Discount Strategy,2.121688311688312,1.9095194805194806,706.5222077922078
15027,1875.05,2217,55,11.422238059356332,27.70408163265306,High Response,20,High Discount Strategy,3.7017857142857147,2.9614285714285717,6565.487142857143
15028,2129.45,333,67,3.2847621374431086,11.341176470588236,Positive Response,10,Moderate Discount Strategy,2.646176470588235,2.381558823529412,793.0590882352941
15029,521.78,234,9,24.05369146527565,13.22222222222222,High Response,20,High Discount Strategy,2.722,2.1776,509.5584
15030,1454.13,853,25,17.213877313234857,21.996336996336996,High Response,20,High Discount Strategy,3.73,2.984,2545.352
15031,2447.8,1176,284,4.182715187962067,16.81446039340776,Positive Response,10,Moderate Discount Strategy,2.7529122807017545,2.477621052631579,2913.682357894737
15032,8797.7,5291,72,75.04508267897148,2.98879202988792,High Response,20,High Discount Strategy,2.0979452054794523,1.6783561643835618,8880.182465753425
15034,8821.55,2335,361,4.541777716478346,20.316423907584127,Positive Response,10,Moderate Discount Strategy,3.1639226519337016,2.8475303867403317,6648.983453038674
15037,3957.04,298,44,3.97450201326508,17.885057471264368,Positive Response,10,Moderate Discount Strategy,2.2706666666666666,2.0436,608.9928
15038,577.17,212,141,2.2222172948106955,18.525269262634627,Positive Response,10,Moderate Discount Strategy,3.1342957746478874,2.820866197183099,598.0236338028169
15039,19952.35,8905,1271,7.380986457820928,16.92123390236598,Positive Response,10,Moderate Discount Strategy,3.3463993710691824,3.0117594339622644,26819.717759433966
15040,19960.3,1,0,29.06093738678648,0.0,High Response,20,High Discount Strategy,7.49,5.992000000000001,5.992000000000001
15041,101.67,91,37,3.0028969309697437,18.357894736842105,Positive Response,10,Moderate Discount Strategy,1.3363157894736843,1.202684210526316,109.44426315789475
15042,166.08,208,3,55.75001626846193,21.62162162162162,High Response,20,High Discount Strategy,0.74,0.592,123.136
15043,2168.3199999999997,719,47,8.835303562053852,16.923076923076923,Positive Response,10,Moderate Discount Strategy,3.4616666666666664,3.1155,2240.0445
15044,8372.02,2456,451,8.76095632272757,22.77109144542773,Positive Response,10,Moderate Discount Strategy,4.937544247787611,4.44378982300885,10913.947805309735
15046,8389.42,1213,192,5.929599235087369,17.59190722921293,Positive Response,10,Moderate Discount Strategy,3.32860103626943,2.9957409326424873,3633.833751295337
15048,2533.37,32,22,3.0595901967216492,13.043478260869565,Positive Response,10,Moderate Discount Strategy,2.884782608695652,2.596304347826087,83.08173913043478
15050,2298.62,1384,72,15.287095642408966,15.23453715234537,High Response,20,High Discount Strategy,2.5193150684931505,2.0154520547945203,2789.385643835616
15051,2540.6,2042,146,9.951142607169551,20.71292517006803,Positive Response,10,Moderate Discount Strategy,2.603061224489796,2.3427551020408166,4783.905918367347
15055,2543.55,225,80,2.524149665453888,18.70249334301622,Positive Response,10,Moderate Discount Strategy,3.1872839506172843,2.868555555555556,645.4250000000001
15056,549.12,69,5,8.013933958536821,14.942528735632186,Positive Response,10,Moderate Discount Strategy,3.4333333333333336,3.0900000000000003,213.21
15057,1728.66,726,44,13.233931039478797,19.172113289760347,High Response,20,High Discount Strategy,3.1973333333333334,2.557866666666667,1857.0112000000001
15058,1766.46,591,80,10.129343064382475,13.991769547325104,Positive Response,10,Moderate Discount Strategy,3.044567901234568,2.740111111111111,1619.4056666666668
15059,2151.83,995,351,3.0448911499137066,16.366341991341994,Positive Response,10,Moderate Discount Strategy,3.064403409090909,2.757963068181818,2744.173252840909
15061,83277.38,51791,583,54.4552782205205,24.753424657534246,High Response,20,High Discount Strategy,2.2349657534246576,1.7879726027397262,92600.88906849317
15062,83284.38,1109,101,9.708657358378385,18.27731092436975,Positive Response,10,Moderate Discount Strategy,2.8504901960784315,2.5654411764705882,2845.0742647058823
15064,1597.76,810,80,8.627318411958257,24.881291547958217,Positive Response,10,Moderate Discount Strategy,3.950617283950617,3.5555555555555554,2880.0
15065,1254.41,63,10,8.527425772912899,25.115151515151513,Positive Response,10,Moderate Discount Strategy,4.808181818181819,4.3273636363636365,272.6239090909091
15067,2108.04,1197,94,10.439461383183383,23.017543859649127,Positive Response,10,Moderate Discount Strategy,4.630105263157895,4.167094736842105,4988.0124
15068,2118.12,468,113,3.946340655764352,18.330084470435352,Positive Response,10,Moderate Discount Strategy,2.1252631578947367,1.912736842105263,895.1608421052631
15070,630.85,339,31,10.79198688680873,22.722457627118644,High Response,20,High Discount Strategy,3.6171875,2.8937500000000003,980.98125
15071,737.0500000000001,147,27,8.909544822445108,15.415778251599146,Positive Response,10,Moderate Discount Strategy,4.7371428571428575,4.263428571428572,626.7240000000002
15072,473.49,164,12,11.250929016136032,16.246153846153845,High Response,20,High Discount Strategy,1.4115384615384616,1.1292307692307693,185.19384615384615
15073,1719.41,919,104,9.911709248013294,29.94350282485876,Positive Response,10,Moderate Discount Strategy,4.124761904761905,3.7122857142857146,3411.590571428572
15074,1744.61,608,30,11.339260721276437,19.97775305895439,High Response,20,High Discount Strategy,1.6651612903225805,1.3321290322580646,809.9344516129032
15076,817.46,295,30,8.900808903016204,17.15821812596006,Positive Response,10,Moderate Discount Strategy,3.770322580645161,3.393290322580645,1001.0206451612902
15077,2410.38,528,31,18.008520035081858,22.178030303030305,High Response,20,High Discount Strategy,5.1396875,4.11175,2171.004
15078,7993.57,3885,352,10.088195247432791,6.9339725430377,Positive Response,10,Moderate Discount Strategy,3.0865439093484417,2.7778895184135974,10792.100779036826
15079,8018.77,1115,97,10.651992569930114,19.65986394557823,Positive Response,10,Moderate Discount Strategy,3.85,3.4650000000000003,3863.4750000000004
15080,2871.7400000000002,287,30,9.553703659347798,9.775171065493645,Positive Response,10,Moderate Discount Strategy,2.388709677419355,2.1498387096774194,617.0037096774194
15081,1445.6200000000001,616,75,9.824685247064098,26.779661016949156,Positive Response,10,Moderate Discount Strategy,4.470526315789473,4.023473684210526,2478.459789473684
15082,1460.92,43,5,9.340790778577,14.157706093189967,Positive Response,10,Moderate Discount Strategy,2.2416666666666667,2.0175,86.7525
15084,950.35,600,30,11.999826151722639,32.27109807754969,High Response,20,High Discount Strategy,5.959354838709677,4.767483870967742,2860.490322580645
15085,965.1999999999999,169,8,14.623257911995763,20.82788671023965,High Response,20,High Discount Strategy,2.3233333333333333,1.8586666666666667,314.11466666666666
15086,347.54,95,10,9.234497094689628,24.684129429892142,Positive Response,10,Moderate Discount Strategy,2.8854545454545457,2.596909090909091,246.70636363636365
15091,550.9,236,26,9.908439208253485,21.983678593848087,Positive Response,10,Moderate Discount Strategy,3.184814814814815,2.8663333333333334,676.4546666666666
15092,565.9,95,18,8.776710067735598,22.11589580010633,Positive Response,10,Moderate Discount Strategy,5.234210526315789,4.71078947368421,447.525
15093,9576.45,7897,223,19.178195339485303,30.896428571428572,High Response,20,High Discount Strategy,2.317142857142857,1.8537142857142859,14638.781714285715
15094,9729.09,28,4,10.409075505955224,5.423728813559327,Positive Response,10,Moderate Discount Strategy,3.05,2.745,76.86
15095,1747.79,1154,76,11.125312176674914,15.844155844155845,High Response,20,High Discount Strategy,2.5554545454545456,2.0443636363636366,2359.195636363637
15097,1771.04,254,40,5.614923181661183,20.115750310045474,Positive Response,10,Moderate Discount Strategy,3.6407317073170735,3.276658536585366,832.271268292683
15100,1668.3,254,14,18.02366254644114,14.463276836158196,High Response,20,High Discount Strategy,5.79,4.632000000000001,1176.5280000000002
15101,2018.6999999999998,435,49,9.89785878849685,23.48363636363636,Positive Response,10,Moderate Discount Strategy,4.4618,4.01562,1746.7947000000001
15102,1160.41,339,26,10.449633466047558,19.955106621773286,Positive Response,10,Moderate Discount Strategy,3.2955555555555556,2.966,1005.474
15105,780.98,536,49,9.547654986840515,20.971428571428575,Positive Response,10,Moderate Discount Strategy,2.6516,2.3864400000000003,1279.1318400000002
15107,795.98,187,30,8.92490411709627,26.043208049718853,Positive Response,10,Moderate Discount Strategy,6.050000000000001,5.445000000000001,1018.2150000000003
15109,620.85,127,19,10.518853944151656,17.010869565217387,Positive Response,10,Moderate Discount Strategy,4.8075,4.3267500000000005,549.4972500000001
15110,498.15000000000003,91,17,11.450867955717642,20.401493930905694,High Response,20,High Discount Strategy,7.605555555555556,6.084444444444445,553.6844444444445
15111,1151.49,454,66,9.331171095192317,13.948899569946876,Positive Response,10,Moderate Discount Strategy,4.254626865671642,3.829164179104478,1738.440537313433
15112,1163.39,72,6,15.069080126026234,23.193277310924373,High Response,20,High Discount Strategy,4.357142857142857,3.4857142857142858,250.9714285714286
15114,621.86,436,33,10.329003013115289,22.192513368983956,Positive Response,10,Moderate Discount Strategy,3.289705882352941,2.960735294117647,1290.880588235294
15115,639.56,88,13,7.2558568834572545,14.35374149659864,Positive Response,10,Moderate Discount Strategy,2.8485714285714288,2.563714285714286,225.60685714285717
15117,774.19,1145,51,10.96511739944641,22.086247086247088,High Response,20,High Discount Strategy,1.8288461538461538,1.4630769230769232,1675.223076923077
15122,2818.09,1233,144,9.517613184981714,21.78375219170076,Positive Response,10,Moderate Discount Strategy,3.720344827586207,3.348310344827586,4128.466655172414
15123,2853.4900000000002,1329,76,12.149698455281897,23.143523143523147,High Response,20,High Discount Strategy,2.933766233766234,2.347012987012987,3119.18025974026
15124,2456.86,229,15,9.178743005897035,29.53125,Positive Response,10,Moderate Discount Strategy,4.030625,3.6275625,830.7118125
15125,5458.89,2240,112,16.313896145399962,15.571007163927518,High Response,20,High Discount Strategy,4.550442477876107,3.6403539823008857,8154.392920353984
15126,5496.39,273,24,9.895054337305302,18.34319526627219,Positive Response,10,Moderate Discount Strategy,2.8027999999999995,2.5225199999999997,688.6479599999999
15127,449.49,213,11,12.901230253786727,22.133333333333336,High Response,20,High Discount Strategy,4.706666666666667,3.765333333333334,802.0160000000001
15128,304.97,240,20,8.654764751872442,30.589569160997733,Positive Response,10,Moderate Discount Strategy,2.3623809523809522,2.126142857142857,510.27428571428567
15129,3397.93,2208,122,13.626911439461482,10.855284552845529,High Response,20,High Discount Strategy,2.150081300813008,1.7200650406504066,3797.9036097560975
15131,3412.78,88,6,5.938159274821349,16.638655462184875,Positive Response,10,Moderate Discount Strategy,2.08,1.872,164.73600000000002
15133,722.48,280,19,13.751670540068996,6.333333333333336,High Response,20,High Discount Strategy,3.1994999999999996,2.5595999999999997,716.6879999999999
15134,824.48,170,11,11.224552765061253,16.0,High Response,20,High Discount Strategy,1.7249999999999999,1.38,234.6
15135,208.3,41,10,8.378931470315038,10.267379679144383,Positive Response,10,Moderate Discount Strategy,5.935454545454545,5.34190909090909,219.0182727272727
15137,800.0,596,33,12.645811158205369,15.176470588235293,High Response,20,High Discount Strategy,2.1173529411764704,1.6938823529411764,1009.5538823529412
15138,823.4,300,30,9.057846402673428,26.565464895635674,Positive Response,10,Moderate Discount Strategy,4.388709677419355,3.9498387096774192,1184.9516129032259
15140,817.84,438,31,12.433947384348475,13.882575757575756,High Response,20,High Discount Strategy,2.331875,1.8655000000000002,817.089
15141,1373.47,1197,79,11.16749091093664,14.61,High Response,20,High Discount Strategy,1.8842500000000002,1.5074000000000003,1804.3578000000005
15142,2107.98,1790,115,11.331864256184481,22.082758620689653,High Response,20,High Discount Strategy,1.9827586206896552,1.5862068965517242,2839.3103448275865
15143,2121.18,170,16,9.453452657066784,25.09803921568627,Positive Response,10,Moderate Discount Strategy,3.2041176470588235,2.8837058823529413,490.23
15144,5556.47,2201,131,21.67113537946242,16.471861471861473,High Response,20,High Discount Strategy,3.486060606060606,2.7888484848484847,6138.255515151514
15149,5579.87,252,45,9.046439661180635,24.308744504152422,Positive Response,10,Moderate Discount Strategy,8.139565217391304,7.325608695652174,1846.0533913043478
15150,3651.21,2525,231,9.786572607456014,19.959219492050384,Positive Response,10,Moderate Discount Strategy,2.681896551724138,2.4137068965517243,6094.609913793104
15151,3686.61,795,56,17.77545835047145,15.90643274853801,High Response,20,High Discount Strategy,13.795438596491229,11.036350877192984,8773.898947368421
15152,2085.61,290,28,10.66537817931836,5.6000000000000005,Positive Response,10,Moderate Discount Strategy,1.956551724137931,1.760896551724138,510.66
15154,1074.44,244,101,4.254234542633211,25.03186274509804,Positive Response,10,Moderate Discount Strategy,4.494313725490196,4.044882352941176,986.951294117647
15155,1089.44,192,23,7.942805229193426,28.88888888888889,Positive Response,10,Moderate Discount Strategy,3.9129166666666664,3.521625,676.1519999999999
15157,697.64,1074,26,30.040201919050126,28.62222222222222,High Response,20,High Discount Strategy,1.3829629629629632,1.1063703703703707,1188.241777777778
15158,718.04,21,3,42.81734343777943,24.559270516717323,High Response,20,High Discount Strategy,45.4675,36.374,763.854
15159,3450.2200000000003,2071,99,12.802280076589835,22.757575757575754,High Response,20,High Discount Strategy,2.4405,1.9524000000000001,4043.4204000000004
15160,3475.7200000000003,223,18,10.285754578440118,15.6140350877193,Positive Response,10,Moderate Discount Strategy,2.7273684210526317,2.4546315789473687,547.3828421052632
15161,431.11,144,32,3.9888243805713683,24.727272727272727,Positive Response,10,Moderate Discount Strategy,1.871212121212121,1.684090909090909,242.5090909090909
15162,290.4,74,11,10.089853983394436,9.777777777777777,Positive Response,10,Moderate Discount Strategy,4.633333333333334,4.170000000000001,308.58000000000004
15164,1201.58,561,250,2.412050162372371,19.60159362549801,Positive Response,10,Moderate Discount Strategy,2.6288446215139443,2.36596015936255,1327.3036494023906
15165,1203.53,160,26,8.979767513125147,19.60493827160494,Positive Response,10,Moderate Discount Strategy,4.987037037037037,4.488333333333334,718.1333333333334
15166,487.75,140,11,8.702559022208051,21.034482758620687,Positive Response,10,Moderate Discount Strategy,2.47,2.2230000000000003,311.22
15167,1466.87,798,264,2.5292906253759257,16.17803580067731,Positive Response,10,Moderate Discount Strategy,3.2830188679245285,2.9547169811320755,2357.8641509433965
15169,1468.82,356,58,4.416934448794995,20.338983050847457,Positive Response,10,Moderate Discount Strategy,2.35,2.115,752.94
15170,569.22,33,3,9.209884043765445,15.454545454545455,Positive Response,10,Moderate Discount Strategy,3.175,2.8575,94.2975
15173,1479.6,840,85,9.82773856671843,19.36195587358378,Positive Response,10,Moderate Discount Strategy,2.7454651162790698,2.4709186046511626,2075.5716279069766
15174,1494.6,237,22,9.50044648388054,25.908584169453736,Positive Response,10,Moderate Discount Strategy,2.9056521739130434,2.615086956521739,619.7756086956522
15176,971.0400000000001,448,51,10.45405657980278,23.735332464146023,Positive Response,10,Moderate Discount Strategy,4.427307692307692,3.984576923076923,1785.0904615384616
15177,988.0400000000001,485,25,14.892027649601415,24.523809523809522,High Response,20,High Discount Strategy,3.7830769230769232,3.0264615384615388,1467.8338461538463
15179,5272.37,3478,220,10.605914598336907,24.549568078979842,Positive Response,10,Moderate Discount Strategy,3.1424886877828055,2.828239819004525,9836.618090497737
15180,5284.97,654,51,10.31046014704921,22.96037296037296,Positive Response,10,Moderate Discount Strategy,2.1601923076923075,1.9441730769230767,1271.4891923076923
15181,816.9300000000001,144,3,26.466966898418725,7.002801120448182,High Response,20,High Discount Strategy,3.535,2.8280000000000003,407.232
15182,2362.602,933,95,10.983073642539493,12.444444444444445,High Response,20,High Discount Strategy,3.5218958333333332,2.8175166666666667,2628.74305
15183,2376.102,297,37,9.373668501918804,19.90253411306043,Positive Response,10,Moderate Discount Strategy,3.783157894736842,3.404842105263158,1011.238105263158
15184,639.93,263,21,10.017849793300188,21.598746081504704,Positive Response,10,Moderate Discount Strategy,2.545909090909091,2.291318181818182,602.6166818181819
15186,940.7900000000001,501,32,13.253072184600043,23.59527478171546,High Response,20,High Discount Strategy,3.3236363636363637,2.6589090909090913,1332.1134545454547
15188,991.7900000000001,233,22,7.942205185259184,12.834782608695654,Positive Response,10,Moderate Discount Strategy,2.6047826086956523,2.344304347826087,546.2229130434783
15189,1293.95,753,28,21.483847728081585,19.852216748768477,High Response,20,High Discount Strategy,3.4520689655172414,2.761655172413793,2079.5263448275864
15190,1298.99,790,39,12.896554279663357,22.9,High Response,20,High Discount Strategy,2.26225,1.8098,1429.742
15191,834.4399999999999,287,34,8.75866436381538,27.36077481840194,Positive Response,10,Moderate Discount Strategy,3.322857142857143,2.9905714285714287,858.294
15192,904.37,726,54,10.751936312963789,24.316715542521994,High Response,20,High Discount Strategy,2.613090909090909,2.090472727272727,1517.6832
15194,4771.56,3466,181,14.54999323712723,23.057182338619466,High Response,20,High Discount Strategy,2.3162637362637364,1.8530109890109892,6422.536087912088
15196,4811.16,130,41,3.456396200411562,17.142857142857146,Positive Response,10,Moderate Discount Strategy,2.4428571428571426,2.1985714285714284,285.8142857142857
15197,746.9,589,26,14.55435626678515,22.133333333333333,High Response,20,High Discount Strategy,2.1203703703703702,1.6962962962962962,999.1185185185185
15198,797.9,207,20,7.930441111211666,29.977324263038547,Positive Response,10,Moderate Discount Strategy,3.6347619047619046,3.2712857142857144,677.1561428571429
15199,1794.3000000000002,498,37,12.130063774778863,7.2256913470115975,High Response,20,High Discount Strategy,4.189473684210526,3.351578947368421,1669.0863157894737
15200,1853.7,195,29,9.11055818264329,12.542372881355934,Positive Response,10,Moderate Discount Strategy,3.796666666666667,3.4170000000000003,666.315
15201,599.8100000000001,450,30,11.374925811468508,20.877419354838707,High Response,20,High Discount Strategy,2.0245161290322584,1.6196129032258069,728.8258064516131
15202,3776.32,3,2,321.1146820305259,16.728759300787505,High Response,20,High Discount Strategy,2000.4966666666667,1600.3973333333333,4801.192
15203,6001.49,2429,200,8.907798303556508,15.481416447175883,Positive Response,10,Moderate Discount Strategy,1.4293034825870647,1.2863731343283582,3124.600343283582
15207,2572.38,428,23,17.896676566973667,14.217171717171716,High Response,20,High Discount Strategy,1.64,1.312,561.5360000000001
15208,683.92,40,5,8.519338432536824,24.521072796934863,Positive Response,10,Moderate Discount Strategy,4.083333333333333,3.675,147.0
15209,168.78,94,12,8.958435056223077,28.578878748370276,Positive Response,10,Moderate Discount Strategy,3.483846153846154,3.1354615384615383,294.7333846153846
15210,837.21,613,46,9.895824127272105,26.612111292962357,Positive Response,10,Moderate Discount Strategy,4.061914893617021,3.655723404255319,2240.9584468085104
15211,845.01,117,22,8.521191186815763,11.215917464996318,Positive Response,10,Moderate Discount Strategy,5.164782608695653,4.6483043478260875,543.8516086956522
15212,383.07,48,4,9.69841677338548,1.0738255033557056,Positive Response,10,Moderate Discount Strategy,3.1979999999999995,2.8781999999999996,138.15359999999998
15215,1671.5900000000001,551,77,9.566612137353571,24.332334332334334,Positive Response,10,Moderate Discount Strategy,4.621025641025641,4.158923076923077,2291.5666153846155
15216,1687.49,189,21,9.119595584214798,24.313725490196077,Positive Response,10,Moderate Discount Strategy,3.8277272727272726,3.4449545454545456,651.0964090909091
15217,408.39,190,27,8.797014475094976,27.61194029850746,Positive Response,10,Moderate Discount Strategy,3.715,3.3435,635.265
15218,5708.14,3201,229,10.144336442339158,17.549609810479378,Positive Response,10,Moderate Discount Strategy,2.8840000000000003,2.5956000000000006,8308.515600000002
15219,5711.9400000000005,226,16,10.727578223294506,14.686142913541255,High Response,20,High Discount Strategy,2.486470588235294,1.9891764705882353,449.5538823529412
15221,1960.2,244,28,25.29311045045545,14.649537976109986,High Response,20,High Discount Strategy,9.944827586206896,7.9558620689655175,1941.2303448275864
15222,2907.91,4018,132,25.607755783729154,15.46218487394958,High Response,20,High Discount Strategy,1.1075187969924813,0.8860150375939851,3560.0084210526325
15223,2965.91,172,13,19.00147750786909,18.90243902439024,High Response,20,High Discount Strategy,4.107142857142857,3.2857142857142856,565.1428571428571
15224,662.2,291,20,13.400067388165233,10.837438423645319,High Response,20,High Discount Strategy,2.5352380952380953,2.0281904761904763,590.2034285714286
15227,1254.0900000000001,467,61,9.236236224289593,18.283214871514488,Positive Response,10,Moderate Discount Strategy,4.335483870967742,3.901935483870968,1822.2038709677422
15228,2126.06,1120,108,10.494690336627746,17.56292637026582,Positive Response,10,Moderate Discount Strategy,3.2295412844036697,2.9065871559633027,3255.377614678899
15229,2193.56,114,8,9.791918473215707,3.5555555555555554,Positive Response,10,Moderate Discount Strategy,1.6055555555555556,1.445,164.73000000000002
15231,230.46,190,13,9.361672111309195,16.26728110599078,Positive Response,10,Moderate Discount Strategy,1.862142857142857,1.6759285714285714,318.4264285714286
15233,250.26000000000002,12,0,7.065448343724441,0.0,Positive Response,10,Moderate Discount Strategy,4.95,4.455,53.46
15235,665.1,411,43,9.002445962582504,23.9126559714795,Positive Response,10,Moderate Discount Strategy,2.8606818181818183,2.5746136363636367,1058.1662045454548
15240,2735.71,1845,145,9.733768195173905,14.769613947696136,Positive Response,10,Moderate Discount Strategy,2.8526027397260276,2.5673424657534247,4736.746849315068
15241,2753.41,1510,73,11.564383180987491,24.022257551669316,High Response,20,High Discount Strategy,1.3491891891891892,1.0793513513513513,1629.8205405405404
15242,1293.72,196,3,23.439963934087253,20.637119113573405,High Response,20,High Discount Strategy,2.1550000000000002,1.7240000000000002,337.90400000000005
15243,592.75,358,38,9.257597472582004,26.56236418948284,Positive Response,10,Moderate Discount Strategy,3.4946153846153845,3.145153846153846,1125.965076923077
15244,610.6,67,13,9.992431521535623,29.72801220132181,Positive Response,10,Moderate Discount Strategy,8.412857142857144,7.5715714285714295,507.2952857142858
15245,1911.4,1237,58,13.469782348550686,19.763739085772983,High Response,20,High Discount Strategy,1.8476271186440678,1.4781016949152543,1828.4117966101696
15246,2095.0,112,17,8.466537640493144,17.890772128060267,Positive Response,10,Moderate Discount Strategy,3.0444444444444447,2.74,306.88
15247,584.26,354,10,19.809468318683216,23.743315508021386,High Response,20,High Discount Strategy,2.6572727272727272,2.125818181818182,752.5396363636364
15248,1875.33,1065,105,10.582876287076571,23.751387347391784,Positive Response,10,Moderate Discount Strategy,3.086981132075472,2.778283018867925,2958.87141509434
15249,2562.54,1403,151,9.40518105282266,24.231166150670795,Positive Response,10,Moderate Discount Strategy,3.534473684210526,3.181026315789474,4462.979921052632
15250,2577.54,48,2,9.314443122311376,0.0,Positive Response,10,Moderate Discount Strategy,1.25,1.125,54.0
15251,9737.55,5937,118,47.54203627009756,25.163947932114024,High Response,20,High Discount Strategy,4.1505882352941175,3.320470588235294,19713.63388235294
15252,9839.55,908,73,10.188571772390906,24.42827442827443,Positive Response,10,Moderate Discount Strategy,2.8164864864864865,2.534837837837838,2301.632756756757
15253,1362.63,722,62,10.536718106376608,15.767195767195766,Positive Response,10,Moderate Discount Strategy,2.5642857142857145,2.3078571428571433,1666.2728571428574
15254,1136.89,436,48,8.423897618896556,34.21653407125562,Positive Response,10,Moderate Discount Strategy,3.6957142857142857,3.326142857142857,1450.1982857142857
15255,2649.9700000000003,1725,140,10.776508000783643,23.24786324786325,High Response,20,High Discount Strategy,2.9438297872340424,2.355063829787234,4062.4851063829788
15256,2815.17,37,3,8.066911228941589,14.880952380952381,Positive Response,10,Moderate Discount Strategy,2.0,1.8,66.60000000000001
15257,78.75,25,4,8.292454372079293,12.266666666666666,Positive Response,10,Moderate Discount Strategy,31.98,28.782,719.55
15259,1162.48,631,56,9.679645200505195,22.690058479532162,Positive Response,10,Moderate Discount Strategy,8.15719298245614,7.341473684210526,4632.469894736842
15260,7357.66,3837,320,9.406546986320905,20.344162587153242,Positive Response,10,Moderate Discount Strategy,3.290404984423676,2.9613644859813086,11362.755532710282
15261,7377.46,536,72,9.193494499364952,20.93336429068958,Positive Response,10,Moderate Discount Strategy,4.156438356164384,3.7407945205479454,2005.0658630136986
15262,1253.18,145,15,7.64047245927682,15.909090909090908,Positive Response,10,Moderate Discount Strategy,2.54,2.286,331.47
15264,434.86,178,31,8.347466747155659,16.4828431372549,Positive Response,10,Moderate Discount Strategy,3.9040625,3.5136562500000004,625.4308125000001
15265,1819.72,958,110,9.597388084329035,18.22822822822823,Positive Response,10,Moderate Discount Strategy,2.898018018018018,2.6082162162162166,2498.6711351351355
15266,1839.52,218,38,12.427800405713949,19.554519554519555,High Response,20,High Discount Strategy,5.648717948717949,4.51897435897436,985.1364102564104
15268,834.4000000000001,428,21,15.311178081613855,19.41448382126348,High Response,20,High Discount Strategy,3.8590909090909093,3.087272727272728,1321.3527272727274
15269,961.9000000000001,346,32,11.655254589993186,8.668503213957758,High Response,20,High Discount Strategy,3.063030303030303,2.4504242424242424,847.8467878787878
15270,6132.32,2489,126,27.22198819271005,19.206422726570942,High Response,20,High Discount Strategy,5.201023622047244,4.160818897637795,10356.278236220473
15271,6145.37,1239,329,2.6653571233501947,23.45270890725436,Positive Response,10,Moderate Discount Strategy,2.516878787878788,2.2651909090909093,2806.5715363636364
15272,2146.95,355,222,2.135490280017223,24.3885384206126,Positive Response,10,Moderate Discount Strategy,4.405336322869955,3.9648026905829594,1407.5049551569507
15273,1309.01,216,0,19.526250092130777,0.0,High Response,20,High Discount Strategy,1.06,0.8480000000000001,183.168
15276,485.21999999999997,256,128,2.33119339527903,22.97862344373972,Positive Response,10,Moderate Discount Strategy,2.4812403100775193,2.2331162790697676,571.6777674418605
15277,491.17,168,13,9.103100231299905,21.133004926108377,Positive Response,10,Moderate Discount Strategy,2.1792857142857143,1.9613571428571428,329.508
15278,465.56,458,28,13.233564753994658,10.46653144016227,High Response,20,High Discount Strategy,1.262758620689655,1.0102068965517241,462.67475862068966
15279,1275.03,613,74,9.373784280777869,24.849717514124293,Positive Response,10,Moderate Discount Strategy,3.8988000000000005,3.5089200000000007,2150.9679600000004
15280,1290.03,353,43,4.711649439106808,23.94545454545454,Positive Response,10,Moderate Discount Strategy,1.9927272727272725,1.7934545454545452,633.0894545454545
15281,6181.42,4022,382,9.339109260834364,27.798085291557875,Positive Response,10,Moderate Discount Strategy,3.3302088772845955,2.997187989556136,12054.690093994779
15282,6211.42,395,26,8.855969190257925,17.29847494553377,Positive Response,10,Moderate Discount Strategy,1.3085185185185184,1.1776666666666666,465.17833333333334
15283,348.59,27,8,7.437129433638552,12.334352701325178,Positive Response,10,Moderate Discount Strategy,6.448888888888889,5.804,156.708
15284,148.32999999999998,5,0,6.937324770477037,0.0,Positive Response,10,Moderate Discount Strategy,4.95,4.455,22.275
15285,87.11999999999999,120,5,21.71057888589728,13.999999999999998,High Response,20,High Discount Strategy,0.945,0.756,90.72
15287,301.34000000000003,577,15,10.371299930994057,27.86290322580645,Positive Response,10,Moderate Discount Strategy,1.8462500000000002,1.6616250000000001,958.7576250000001
15288,1566.1100000000001,627,90,11.959359063762601,18.055790363482675,High Response,20,High Discount Strategy,3.0737362637362633,2.458989010989011,1541.7861098901099
15289,1574.51,619,38,10.894000083917781,15.220512820512822,High Response,20,High Discount Strategy,1.6276923076923078,1.3021538461538462,806.0332307692308
15290,2526.02,2066,87,16.077666730527234,20.603448275862068,High Response,20,High Discount Strategy,1.7073863636363635,1.365909090909091,2821.968181818182
15291,9015.06,2914,142,32.75967637932235,24.465444465444463,High Response,20,High Discount Strategy,5.443846153846154,4.355076923076924,12690.694153846156
15293,9178.26,178,18,9.361726858332894,9.68421052631579,Positive Response,10,Moderate Discount Strategy,1.5342105263157895,1.3807894736842106,245.78052631578947
15294,247.5,97,14,8.639645027556139,20.677966101694913,Positive Response,10,Moderate Discount Strategy,3.58,3.222,312.534
15295,233.35,139,51,2.944072182185866,19.392059553349874,Positive Response,10,Moderate Discount Strategy,1.999423076923077,1.7994807692307693,250.12782692307692
15296,6633.17,3686,339,9.597132904608895,20.7703081232493,Positive Response,10,Moderate Discount Strategy,3.0973529411764704,2.7876176470588234,10275.158647058823
15298,6650.17,3170,249,10.766770323300888,21.52,High Response,20,High Discount Strategy,2.2028000000000003,1.7622400000000003,5586.300800000001
15299,4659.47,2505,5,204.3322059561281,25.806451612903228,High Response,20,High Discount Strategy,3.6666666666666665,2.9333333333333336,7348.000000000001
15301,3484.5299999999997,1515,136,9.584683899801,22.34267697490606,Positive Response,10,Moderate Discount Strategy,3.0272262773722627,2.7245036496350363,4127.62302919708
15302,2533.09,102,14,9.118594695571216,12.994350282485875,Positive Response,10,Moderate Discount Strategy,4.966666666666667,4.470000000000001,455.94000000000005
15303,639.96,266,37,9.182761329904965,30.241984271022382,Positive Response,10,Moderate Discount Strategy,5.220526315789473,4.698473684210526,1249.794
15304,650.16,29,5,19.339947280254908,27.253668763102723,High Response,20,High Discount Strategy,7.883333333333333,6.306666666666667,182.89333333333335
15305,225.15,40,4,8.52360680461143,23.05084745762712,Positive Response,10,Moderate Discount Strategy,3.4299999999999997,3.0869999999999997,123.47999999999999
15306,2300.48,2264,103,10.236546812950504,21.765734265734263,Positive Response,10,Moderate Discount Strategy,2.665673076923077,2.3991057692307693,5431.575461538462
15309,2310.38,440,53,7.879046638494858,20.461819844535896,Positive Response,10,Moderate Discount Strategy,3.15,2.835,1247.4
15310,1579.64,1476,44,21.18052116294331,14.097777777777777,High Response,20,High Discount Strategy,1.6122222222222222,1.289777777777778,1903.7120000000002
15311,55855.14,32784,2037,14.959915768372895,20.601142397020713,High Response,20,High Discount Strategy,2.880848871442591,2.304679097154073,75556.59952109912
15312,55942.74,1177,115,9.851768823433254,25.098522167487687,Positive Response,10,Moderate Discount Strategy,2.915344827586207,2.6238103448275862,3088.224775862069
15314,2005.34,437,25,14.118212857819904,29.44297082228117,High Response,20,High Discount Strategy,1.7596153846153846,1.4076923076923078,615.1615384615385
15317,492.48,45,4,15.187178417561494,20.338983050847457,High Response,20,High Discount Strategy,3.35,2.68,120.60000000000001
15321,3941.62,2472,213,10.272416648974895,22.174009790832223,Positive Response,10,Moderate Discount Strategy,2.5936915887850467,2.334322429906542,5770.445046728973
15322,3961.42,555,40,10.646361265510322,23.725055432372507,Positive Response,10,Moderate Discount Strategy,4.314390243902439,3.8829512195121954,2155.0379268292686
15323,711.18,188,28,8.664691542067423,22.969023962594974,Positive Response,10,Moderate Discount Strategy,4.0,3.6,676.8000000000001
15324,434.6,74,7,9.500075283888116,25.127118644067796,Positive Response,10,Moderate Discount Strategy,2.30875,2.077875,153.76275
15325,1426.22,1151,175,6.93133862238495,25.344352617079892,Positive Response,10,Moderate Discount Strategy,2.3051704545454546,2.0746534090909092,2387.9260738636367
15326,1439.72,965,99,8.32877698385188,28.34567901234568,Positive Response,10,Moderate Discount Strategy,2.9225,2.6302499999999998,2538.19125
15328,1388.81,88,7,10.992371478912146,7.205882352941175,High Response,20,High Discount Strategy,2.46375,1.971,173.448
15329,1889.33,731,96,9.629304074625358,25.830927835051547,Positive Response,10,Moderate Discount Strategy,4.594329896907216,4.134896907216494,3022.609639175257
15331,1909.13,701,43,9.629602794872126,22.03703703703704,Positive Response,10,Moderate Discount Strategy,1.7877272727272726,1.6089545454545453,1127.8771363636363
15332,4829.68,2306,153,11.66500711147896,20.272108843537413,High Response,20,High Discount Strategy,2.56474025974026,2.051792207792208,4731.432831168832
15336,4892.68,84,14,8.670483156858126,25.176470588235293,Positive Response,10,Moderate Discount Strategy,4.96,4.464,374.97600000000006
15337,353.12,200,20,8.96764096053901,27.8773204196933,Positive Response,10,Moderate Discount Strategy,3.756190476190476,3.3805714285714283,676.1142857142856
15338,373.02,148,57,2.6390323323495206,19.628647214854112,Positive Response,10,Moderate Discount Strategy,2.466379310344828,2.2197413793103453,328.52172413793113
15339,1201.95,722,133,3.075091012119938,23.781094527363187,Positive Response,10,Moderate Discount Strategy,2.892089552238806,2.602880597014926,1879.2797910447764
15340,1246.95,76,6,9.449414283940856,19.047619047619047,Positive Response,10,Moderate Discount Strategy,1.5857142857142856,1.427142857142857,108.46285714285713
15341,323.7,196,6,25.880496898262617,0.0,High Response,20,High Discount Strategy,1.95,1.56,305.76
15346,382.2,116,19,8.854287674877458,18.42666666666667,Positive Response,10,Moderate Discount Strategy,3.8815,3.49335,405.2286
15347,1144.3,542,35,13.403260930787708,11.728395061728394,High Response,20,High Discount Strategy,2.8902777777777775,2.312222222222222,1253.2244444444443
15350,1162.0,272,29,9.412398416121075,13.492063492063492,Positive Response,10,Moderate Discount Strategy,2.4383333333333335,2.1945,596.904
15351,1739.81,737,145,8.306008730100904,14.049877063575696,Positive Response,10,Moderate Discount Strategy,2.9486301369863015,2.6537671232876714,1955.8263698630137
15352,1770.23,40,33,2.4039231452474996,12.83422459893048,Positive Response,10,Moderate Discount Strategy,2.9161764705882356,2.624558823529412,104.98235294117649
15353,2316.1,1181,310,3.0299585405373075,20.02803198944678,Positive Response,10,Moderate Discount Strategy,2.9466881028938907,2.6520192926045016,3132.0347845659167
15354,2336.0,3,2,25.76439134358171,0.0,High Response,20,High Discount Strategy,94.8,75.84,227.52
15356,660.91,324,218,1.9580695151321403,20.995868667101547,Positive Response,10,Moderate Discount Strategy,2.1780365296803654,1.960232876712329,635.1154520547946
15358,8683.71,8328,578,10.689034035900272,23.727806563039724,Positive Response,10,Moderate Discount Strategy,1.9035578583765114,1.7132020725388604,14267.54686010363
15359,8703.21,145,15,5.906895292876188,4.8999999999999995,Positive Response,10,Moderate Discount Strategy,1.291875,1.1626875,168.58968750000003
15361,190.2,37,2,24.17224382970926,5.602240896358542,High Response,20,High Discount Strategy,30.283333333333335,24.22666666666667,896.3866666666668
15362,600.33,368,39,6.6725513498228395,27.72881355932203,Positive Response,10,Moderate Discount Strategy,3.6119999999999997,3.2508,1196.2944
15363,661.61,383,34,10.192479737443044,10.83982683982684,Positive Response,10,Moderate Discount Strategy,2.6225714285714288,2.360314285714286,904.0003714285715
15365,2228.31,1047,103,10.493715782278041,22.722473604826543,Positive Response,10,Moderate Discount Strategy,3.4507692307692306,3.1056923076923075,3251.659846153846
15366,2242.81,1826,93,11.617484140213213,28.21276595744681,High Response,20,High Discount Strategy,1.7379787234042554,1.3903829787234043,2538.8393191489363
15367,3168.34,1887,183,9.430005057864955,16.08416945373467,Positive Response,10,Moderate Discount Strategy,2.766521739130435,2.4898695652173917,4698.383869565218
15368,3203.7400000000002,176,3,19.750627299928098,21.069182389937108,High Response,20,High Discount Strategy,6.4125,5.13,902.88
15369,6128.860000000001,3288,58,60.209307962647614,15.326142783769901,High Response,20,High Discount Strategy,1.9583050847457626,1.5666440677966103,5151.125694915255
15370,6251.26,567,49,14.200223722422718,15.626373626373624,High Response,20,High Discount Strategy,3.2504000000000004,2.6003200000000004,1474.3814400000003
15371,1352.96,12,0,9.685043135608941,0.0,Positive Response,10,Moderate Discount Strategy,4.95,4.455,53.46
15372,3948.22,3486,29,63.9765338589987,16.63780663780664,High Response,20,High Discount Strategy,2.805,2.244,7822.584000000001
15373,4009.66,268,67,5.891705202775223,21.16330114135206,Positive Response,10,Moderate Discount Strategy,5.274264705882352,4.746838235294117,1272.1526470588233
15374,1002.93,164,6,13.5166080462549,16.638655462184875,High Response,20,High Discount Strategy,0.9942857142857143,0.7954285714285715,130.4502857142857
15375,139.32,84,5,17.64260262630072,27.44510978043912,High Response,20,High Discount Strategy,1.1466666666666667,0.9173333333333334,77.05600000000001
15377,1193.9,253,20,14.021752504408902,21.06782106782107,High Response,20,High Discount Strategy,4.907142857142857,3.9257142857142853,993.2057142857142
15378,1211.75,130,11,9.451430850638758,2.9914529914529915,Positive Response,10,Moderate Discount Strategy,1.8916666666666666,1.7025,221.325
15379,1154.15,695,68,10.01807855651563,21.010776662950576,Positive Response,10,Moderate Discount Strategy,2.841739130434783,2.557565217391305,1777.5078260869568
15380,1558.7,656,16,27.66351773034608,12.861415752741776,High Response,20,High Discount Strategy,2.7505882352941176,2.200470588235294,1443.5087058823528
15381,1788.8,631,15,40.77912772098829,13.863636363636363,High Response,20,High Discount Strategy,3.9650000000000003,3.1720000000000006,2001.5320000000004
15382,7758.04,5166,329,12.029376212324044,25.696969696969695,High Response,20,High Discount Strategy,2.325090909090909,1.8600727272727273,9609.13570909091
15384,7777.84,1171,76,10.586234161933788,26.431168831168833,Positive Response,10,Moderate Discount Strategy,2.057922077922078,1.8521298701298703,2168.844077922078
15385,1385.38,267,8,35.79846663318837,18.867102396514163,High Response,20,High Discount Strategy,2.268888888888889,1.8151111111111113,484.6346666666667
15387,625.2,335,19,13.225359179569608,9.523809523809526,High Response,20,High Discount Strategy,2.165,1.7320000000000002,580.22
15389,1733.8,3540,4,451.03701413560066,26.560000000000002,High Response,20,High Discount Strategy,0.9179999999999999,0.7343999999999999,2599.776
15390,2233.8,894,76,10.967010267549712,22.164502164502164,High Response,20,High Discount Strategy,1.9157142857142857,1.5325714285714287,1370.1188571428572
15391,1216.66,109,11,10.450838286012997,24.038031319910516,Positive Response,10,Moderate Discount Strategy,6.4925,5.84325,636.91425
15392,1361.09,867,59,9.739303215645373,27.435897435897438,Positive Response,10,Moderate Discount Strategy,3.2053333333333334,2.8848000000000003,2501.1216000000004
15393,1376.09,228,31,9.065105451859438,20.561440677966104,Positive Response,10,Moderate Discount Strategy,4.0200000000000005,3.6180000000000003,824.9040000000001
15394,3087.96,1462,141,10.971403292553825,11.846635367762127,High Response,20,High Discount Strategy,3.7530985915492963,3.002478873239437,4389.624112676057
15396,3103.26,156,1,29.694294659656908,5.970149253731342,High Response,20,High Discount Strategy,3.35,2.68,418.08000000000004
15400,508.20000000000005,272,14,11.14791551884946,22.6984126984127,High Response,20,High Discount Strategy,3.5833333333333335,2.866666666666667,779.7333333333335
15401,586.1,93,13,8.621517762255655,19.128329297820823,Positive Response,10,Moderate Discount Strategy,4.628571428571428,4.1657142857142855,387.41142857142853
15402,1173.53,1340,88,7.838253504741426,34.96095981717768,Positive Response,10,Moderate Discount Strategy,3.224269662921348,2.9018426966292132,3888.4692134831457
15403,1203.77,492,7,38.92697514652075,6.25,High Response,20,High Discount Strategy,0.41500000000000004,0.3320000000000001,163.34400000000002
15404,242.06,334,15,14.234600363260464,22.55952380952381,High Response,20,High Discount Strategy,1.7193749999999999,1.3755,459.417
15405,295.44,155,21,8.834117243363364,26.88751926040062,Positive Response,10,Moderate Discount Strategy,4.6440909090909095,4.179681818181819,647.8506818181819
15406,464.21,293,68,4.381341265734804,16.83478260869565,Positive Response,10,Moderate Discount Strategy,2.0227536231884056,1.820478260869565,533.4001304347826
15409,465.16,59,8,8.478706620791392,24.48210922787194,Positive Response,10,Moderate Discount Strategy,3.183333333333333,2.8649999999999998,169.035
15410,1195.88,702,39,15.812725426047475,17.714285714285715,High Response,20,High Discount Strategy,2.89925,2.3194,1628.2187999999999
15413,6341.52,2694,24,87.7112766950139,22.194690265486724,High Response,20,High Discount Strategy,3.4688,2.77504,7475.95776
15416,6798.72,330,35,9.506304844155327,14.330484330484332,Positive Response,10,Moderate Discount Strategy,3.083055555555555,2.7747499999999996,915.6674999999999
15418,588.5,264,67,6.218021669535176,20.383244206773618,Positive Response,10,Moderate Discount Strategy,2.1467647058823527,1.9320882352941176,510.071294117647
15420,739.2,844,55,11.575434841265187,25.02857142857143,High Response,20,High Discount Strategy,1.4041071428571428,1.1232857142857142,948.0531428571428
15421,2851.23,1427,262,6.6143837839383925,19.16739787462221,Positive Response,10,Moderate Discount Strategy,2.6473764258555135,2.3826387832699623,3400.0255437262363
15422,2854.98,672,113,6.735910053149754,23.416592328278323,Positive Response,10,Moderate Discount Strategy,3.646315789473684,3.2816842105263158,2205.2917894736843
15423,1522.27,97,11,8.904412174643902,14.150326797385622,Positive Response,10,Moderate Discount Strategy,5.439166666666666,4.89525,474.83925
15424,223.39000000000001,319,15,16.356467975713098,20.75,High Response,20,High Discount Strategy,0.744375,0.5955,189.96450000000002
15425,1921.32,1041,142,5.532703850849484,17.719203873050027,Positive Response,10,Moderate Discount Strategy,3.1372027972027974,2.8234825174825176,2939.245300699301
15426,1941.1200000000001,534,229,2.506137812178392,21.214756258234516,Positive Response,10,Moderate Discount Strategy,2.4557826086956522,2.210204347826087,1180.2491217391305
15428,1134.85,245,37,9.149934907387777,22.058130400628436,Positive Response,10,Moderate Discount Strategy,5.201578947368421,4.6814210526315785,1146.9481578947368
15430,943.85,309,35,11.835704571809476,22.975517890772128,High Response,20,High Discount Strategy,3.9555555555555557,3.164444444444445,977.8133333333335
15431,954.75,84,1,20.460139248495935,33.910891089108915,High Response,20,High Discount Strategy,2.02,1.616,135.744
15432,153.24,27,5,10.30311871284583,22.678062678062673,Positive Response,10,Moderate Discount Strategy,6.973333333333334,6.276000000000001,169.45200000000003
15434,1500.38,776,78,9.11464980012089,13.85774562989753,Positive Response,10,Moderate Discount Strategy,3.2349367088607597,2.9114430379746836,2259.2797974683544
15437,1525.5800000000002,98,11,9.104135477765043,24.46120689655173,Positive Response,10,Moderate Discount Strategy,3.4091666666666662,3.0682499999999995,300.6885
15439,1256.45,572,56,11.507633222598153,8.35421888053467,High Response,20,High Discount Strategy,2.730701754385965,2.184561403508772,1249.5691228070177
15441,1269.05,587,56,10.346182451239333,23.716919417187036,Positive Response,10,Moderate Discount Strategy,3.5187719298245614,3.166894736842105,1858.9672105263157
15443,1899.79,1060,252,3.9215918720615615,17.49467923380967,Positive Response,10,Moderate Discount Strategy,2.8086561264822136,2.5277905138339922,2679.457944664032
15445,1900.64,60,8,8.860644374076832,27.111111111111107,Positive Response,10,Moderate Discount Strategy,4.577777777777778,4.120000000000001,247.20000000000005
15446,398.8,265,111,2.768591991354419,20.36255411255411,Positive Response,10,Moderate Discount Strategy,2.053035714285714,1.8477321428571427,489.64901785714284
15447,399.75,143,19,8.95999860772465,23.220338983050848,Positive Response,10,Moderate Discount Strategy,4.294,3.8646,552.6378
15448,337.71000000000004,255,20,10.62324881001783,18.361904761904764,Positive Response,10,Moderate Discount Strategy,2.4085714285714284,2.1677142857142857,552.7671428571429
15451,294.17,76,59,2.245694234045589,22.509803921568626,Positive Response,10,Moderate Discount Strategy,3.072666666666667,2.7654000000000005,210.17040000000003
15452,1241.63,807,142,4.399919344043678,17.60542487815215,Positive Response,10,Moderate Discount Strategy,2.3948251748251748,2.1553426573426573,1739.3615244755244
15454,1256.63,60,14,4.183388097593176,17.49494949494949,Positive Response,10,Moderate Discount Strategy,3.1873333333333336,2.8686000000000003,172.116
15455,126.89,3,1,11.992406995907125,0.0,High Response,20,High Discount Strategy,12.75,10.200000000000001,30.6
15456,1595.73,2094,168,7.611602895739463,26.487167816252935,Positive Response,10,Moderate Discount Strategy,2.1531952662721894,1.9378757396449704,4057.911798816568
15458,1656.93,144,5,15.815254258835289,4.597701149425286,High Response,20,High Discount Strategy,1.45,1.16,167.04
15459,208.8,121,6,10.400498157016727,12.380952380952381,Positive Response,10,Moderate Discount Strategy,3.402857142857143,3.0625714285714287,370.5711428571429
15461,210.0,230,1,19.929307646588214,5.4089709762533005,High Response,20,High Discount Strategy,1.895,1.516,348.68
15462,482.65,323,29,8.691231724840607,18.989898989898986,Positive Response,10,Moderate Discount Strategy,2.493333333333333,2.2439999999999998,724.8119999999999
15465,5106.33,1506,164,12.141012646118627,18.258693125949762,High Response,20,High Discount Strategy,4.502606060606061,3.6020848484848487,5424.739781818182
15466,5281.53,695,204,4.74388323738367,17.79453067257945,Positive Response,10,Moderate Discount Strategy,2.3151219512195125,2.0836097560975615,1448.1087804878052
15468,1225.93,1245,55,10.441329144757562,27.12121212121212,Positive Response,10,Moderate Discount Strategy,2.7051785714285717,2.4346607142857146,3031.152589285715
15469,962.97,134,18,8.941585089899421,17.841213202497773,Positive Response,10,Moderate Discount Strategy,4.318421052631579,3.886578947368421,520.8015789473684
15470,335.70000000000005,232,3,53.12336295076051,16.666666666666668,High Response,20,High Discount Strategy,0.315,0.252,58.464
15471,829.13,414,81,6.470459235762469,18.418329637841833,Positive Response,10,Moderate Discount Strategy,2.2753658536585366,2.047829268292683,847.8013170731707
15473,837.53,104,2,22.155057726802468,0.0,High Response,20,High Discount Strategy,2.6833333333333336,2.146666666666667,223.25333333333336
15474,274.8,55,18,5.2711776166031425,15.397316821465425,Positive Response,10,Moderate Discount Strategy,3.940526315789474,3.5464736842105267,195.05605263157898
15476,2197.38,1174,78,11.221032389725568,20.283303194695602,High Response,20,High Discount Strategy,2.8462025316455697,2.2769620253164558,2673.153417721519
15477,2209.98,216,1,54.23537963082823,29.6875,High Response,20,High Discount Strategy,1.5999999999999999,1.28,276.48
15478,567.0600000000001,319,24,10.32398269806199,15.587878787878788,Positive Response,10,Moderate Discount Strategy,2.8404,2.5563599999999997,815.4788399999999
15479,583.5600000000001,38,8,8.637600545324846,15.96638655462185,Positive Response,10,Moderate Discount Strategy,5.044444444444444,4.54,172.52
15480,3504.94,1549,169,13.338967691463965,28.622837370242216,High Response,20,High Discount Strategy,18.957823529411765,15.166258823529413,23492.53491764706
15481,5373.5,1450,37,24.39372639520366,23.93829401088929,High Response,20,High Discount Strategy,1.730526315789474,1.3844210526315792,2007.4105263157899
15482,3354.0,1512,50,28.035261455369326,16.532103037293346,High Response,20,High Discount Strategy,3.412745098039216,2.730196078431373,4128.056470588235
15483,3537.6,614,184,3.6702797290594704,22.14918918918919,Positive Response,10,Moderate Discount Strategy,1.5503783783783784,1.3953405405405406,856.7390918918919
15484,1051.6100000000001,924,52,13.191524921870727,22.755860491709548,High Response,20,High Discount Strategy,2.1320754716981134,1.7056603773584909,1576.0301886792456
15485,3126.31,1263,73,14.887444764828292,27.0990990990991,High Response,20,High Discount Strategy,4.430405405405406,3.5443243243243248,4476.481621621622
15486,3186.01,40,0,8.407780608610674,0.0,Positive Response,10,Moderate Discount Strategy,2.55,2.295,91.8
15487,208.82,144,13,11.048718886964112,7.028571428571429,High Response,20,High Discount Strategy,2.462142857142857,1.9697142857142858,283.63885714285715
15488,301.0,178,8,15.593035553628555,9.100529100529103,High Response,20,High Discount Strategy,2.1533333333333333,1.7226666666666668,306.6346666666667
15489,1268.8300000000002,656,63,9.912844758491369,24.883474576271187,Positive Response,10,Moderate Discount Strategy,3.6128125,3.25153125,2133.0045
15490,1285.3300000000002,82,24,3.4425704819400367,23.45098039215686,Positive Response,10,Moderate Discount Strategy,3.2560000000000002,2.9304,240.2928
15493,2160.32,655,322,2.5384462362485234,16.498924279792202,Positive Response,10,Moderate Discount Strategy,4.2259752321981425,3.8033777089783283,2491.212399380805
15494,2414.52,1913,245,9.34669442318735,12.822764227642276,Positive Response,10,Moderate Discount Strategy,2.077479674796748,1.8697317073170734,3576.7967560975612
15495,2422.02,194,19,8.24376847194862,16.89655172413793,Positive Response,10,Moderate Discount Strategy,1.9675,1.77075,343.5255
15496,246.5,98,21,4.034289405102671,12.363636363636363,Positive Response,10,Moderate Discount Strategy,2.640454545454545,2.3764090909090907,232.8880909090909
15497,7350.19,2313,105,28.340809645433346,20.460060416976177,High Response,20,High Discount Strategy,3.775,3.02,6985.26
15498,12626.880000000001,6493,456,13.190092624289868,22.40363575155698,High Response,20,High Discount Strategy,2.96562363238512,2.3724989059080963,15404.635396061269
15499,12633.18,59,40,2.627842552751823,16.02787456445993,Positive Response,10,Moderate Discount Strategy,2.8646341463414635,2.578170731707317,152.11207317073172
15501,384.05,205,68,2.8332139068322726,23.932935493037792,Positive Response,10,Moderate Discount Strategy,3.1940579710144927,2.8746521739130437,589.3036956521739
15502,3538.14,1613,144,9.894230042827884,23.590882524839277,Positive Response,10,Moderate Discount Strategy,4.164344827586207,3.7479103448275866,6045.379386206897
15503,3548.34,60,50,1.8792746955326538,21.734997029114677,Positive Response,10,Moderate Discount Strategy,2.0354901960784315,1.8319411764705884,109.9164705882353
15504,334.87,108,50,3.316422979627686,20.768627450980393,Positive Response,10,Moderate Discount Strategy,3.503333333333334,3.1530000000000005,340.52400000000006
15506,1028.25,795,111,4.898439641916126,21.85846560846561,Positive Response,10,Moderate Discount Strategy,2.0399107142857145,1.8359196428571432,1459.5561160714287
15509,1058.25,58,25,3.3634304750809707,24.34965034965035,Positive Response,10,Moderate Discount Strategy,4.276538461538461,3.8488846153846152,223.23530769230769
15512,209.63,167,24,6.886841096108417,25.613559322033897,Positive Response,10,Moderate Discount Strategy,3.2004,2.88036,481.02012
15513,12856.33,5122,253,15.986323725518126,23.870278926998534,High Response,20,High Discount Strategy,6.049566929133858,4.839653543307087,24788.7054488189
15514,12992.33,1989,150,10.639022785653156,12.434437086092716,Positive Response,10,Moderate Discount Strategy,1.9301986754966887,1.7371788079470198,3455.2486490066226
15515,2368.34,131,6,10.50020180825812,30.653753026634384,Positive Response,10,Moderate Discount Strategy,2.8742857142857146,2.586857142857143,338.87828571428577
15518,2252.64,1547,237,4.7428824285565705,21.367456073338424,Positive Response,10,Moderate Discount Strategy,2.6606302521008405,2.3945672268907563,3704.3955
15519,2268.44,116,36,4.6996016236122875,17.682088868529547,Positive Response,10,Moderate Discount Strategy,2.951081081081081,2.6559729729729726,308.09286486486485
15521,4085.29,2671,217,10.376463122061347,23.54462051709758,Positive Response,10,Moderate Discount Strategy,3.281376146788991,2.953238532110092,7888.100119266055
15523,16599.68,15501,201,35.82692184960821,28.96189618961896,High Response,20,High Discount Strategy,2.4275247524752475,1.942019801980198,30103.24895049505
15524,16847.18,24,7,12.274024796641758,19.148936170212764,High Response,20,High Discount Strategy,10.275,8.22,197.28000000000003
15525,400.93,253,71,4.166127955531672,17.095959595959595,Positive Response,10,Moderate Discount Strategy,2.604027777777778,2.3436250000000003,592.937125
15527,3024.36,1220,166,9.76102456237557,20.4465644981224,Positive Response,10,Moderate Discount Strategy,3.9908383233532936,3.5917544910179644,4381.940479041917
15529,3126.36,992,137,6.189420230432983,28.642951251646902,Positive Response,10,Moderate Discount Strategy,1.8794202898550725,1.6914782608695653,1677.9464347826088
15530,1116.72,390,34,7.559863530860786,16.907563025210084,Positive Response,10,Moderate Discount Strategy,1.8905714285714286,1.7015142857142858,663.5905714285715
15532,2169.02,822,365,2.3519814951311853,18.829304436417527,Positive Response,10,Moderate Discount Strategy,3.5838524590163936,3.2254672131147544,2651.3340491803283
15534,2174.12,63,7,10.251377169190542,21.363636363636363,Positive Response,10,Moderate Discount Strategy,3.7375,3.36375,211.91625
15535,526.47,179,57,3.5896253710568695,19.707773232028057,Positive Response,10,Moderate Discount Strategy,4.3324137931034485,3.899172413793104,697.9518620689656
15536,541.47,242,15,13.161201171806574,9.485294117647058,High Response,20,High Discount Strategy,1.486875,1.1895,287.859
15538,2975.9,1016,13,50.5828570807689,15.966386554621847,High Response,20,High Discount Strategy,7.457142857142856,5.965714285714285,6061.165714285714
15540,3358.4,244,15,9.337635968375816,19.642857142857146,Positive Response,10,Moderate Discount Strategy,1.403125,1.2628125,308.12624999999997
15542,849.81,418,225,2.07266257738392,19.453142727479012,Positive Response,10,Moderate Discount Strategy,2.700044247787611,2.43003982300885,1015.7566460176993
15543,855.71,81,27,2.9933890913826677,20.052910052910054,Positive Response,10,Moderate Discount Strategy,2.1525000000000003,1.9372500000000004,156.91725000000002
15544,4602.5199999999995,3910,297,10.861203036670396,19.122147651006713,High Response,20,High Discount Strategy,1.561979865771812,1.2495838926174496,4885.873020134228
15545,4615.72,75,30,2.4521564750629476,15.308264936056501,Positive Response,10,Moderate Discount Strategy,2.9829032258064516,2.6846129032258066,201.34596774193548
15546,1035.5,198,11,27.744063184237277,0.0,High Response,20,High Discount Strategy,5.45,4.36,863.2800000000001
15547,5142.55,3279,636,4.560394662482019,23.040293040293044,Positive Response,10,Moderate Discount Strategy,2.8504552590266874,2.5654097331240187,8411.978514913657
15548,5146.45,64,22,2.986765630385442,15.13457556935818,Positive Response,10,Moderate Discount Strategy,3.245217391304348,2.920695652173913,186.92452173913043
15549,639.95,242,46,7.491920912382494,19.382561535252396,Positive Response,10,Moderate Discount Strategy,3.9217021276595743,3.529531914893617,854.1467234042552
15550,1612.92,844,173,5.608087680903206,19.95579133510168,Positive Response,10,Moderate Discount Strategy,2.7277586206896554,2.45498275862069,2072.0054482758624
15551,1635.42,578,113,4.656762308771852,20.826103720840564,Positive Response,10,Moderate Discount Strategy,2.950701754385965,2.6556315789473683,1534.9550526315788
15552,1243.75,106,12,11.398570736557984,24.902216427640155,High Response,20,High Discount Strategy,2.776923076923077,2.2215384615384615,235.4830769230769
15555,7242.33,4579,772,5.969947876505139,18.678897643968796,Positive Response,10,Moderate Discount Strategy,2.3401423027166883,2.1061280724450198,9643.960443725746
15558,7267.83,73,22,3.5626736859966397,23.768115942028984,Positive Response,10,Moderate Discount Strategy,4.565652173913043,4.109086956521739,299.96334782608693
15559,1079.4,526,61,9.251655545381755,23.728813559322035,Positive Response,10,Moderate Discount Strategy,3.7193548387096773,3.3474193548387094,1760.742580645161
15560,1109.4,72,9,8.902198206342302,20.945454545454545,Positive Response,10,Moderate Discount Strategy,2.644,2.3796000000000004,171.33120000000002
15561,1118.8,1067,64,8.91993489791483,20.283076923076923,Positive Response,10,Moderate Discount Strategy,2.627076923076923,2.364369230769231,2522.7819692307694
15562,1133.8,521,31,14.150320666123847,31.68269230769231,High Response,20,High Discount Strategy,2.1446875,1.7157499999999999,893.9057499999999
15563,1451.52,1504,143,7.637132779989994,19.177777777777777,Positive Response,10,Moderate Discount Strategy,1.9163888888888887,1.7247499999999998,2594.024
15564,1459.02,42,3,8.776224299886938,16.6,Positive Response,10,Moderate Discount Strategy,2.2175000000000002,1.9957500000000004,83.82150000000001
15566,219.47000000000003,153,11,11.490877697732616,14.761904761904765,High Response,20,High Discount Strategy,2.1441666666666666,1.7153333333333334,262.446
15569,2045.02,1068,108,9.678919475801155,14.951348345843757,Positive Response,10,Moderate Discount Strategy,2.499357798165138,2.249422018348624,2402.3827155963304
15570,5101.12,2181,454,5.622486012168107,25.31272117712796,Positive Response,10,Moderate Discount Strategy,3.7964615384615388,3.416815384615385,7452.074353846155
15571,5105.32,2147,542,2.9808903681457766,21.29806350800826,Positive Response,10,Moderate Discount Strategy,2.5063720073664824,2.2557348066298344,4843.062629834254
15572,3241.92,876,130,5.074851438420543,21.42493638676845,Positive Response,10,Moderate Discount Strategy,3.363435114503817,3.0270916030534356,2651.7322442748095
15573,1431.78,415,113,2.80266591758266,22.52811515969411,Positive Response,10,Moderate Discount Strategy,2.7554385964912282,2.4798947368421054,1029.1563157894736
15574,772.59,577,182,2.5811015347996276,19.11243583374731,Positive Response,10,Moderate Discount Strategy,2.1827322404371583,1.9644590163934426,1133.4928524590164
15575,774.84,6,2,7.920900234944468,2.020202020202019,Positive Response,10,Moderate Discount Strategy,5.183333333333334,4.665,27.990000000000002
15577,127.2,31,19,3.1281208014777366,24.375,Positive Response,10,Moderate Discount Strategy,4.15,3.7350000000000003,115.78500000000001
15579,912.53,596,112,4.681811550521307,22.85714285714286,Positive Response,10,Moderate Discount Strategy,3.0823893805309734,2.7741504424778762,1653.3936637168142
15580,1343.59,955,224,3.3834732008694957,24.277441077441075,Positive Response,10,Moderate Discount Strategy,2.4452,2.2006799999999997,2101.6494
15581,4057.4700000000003,2849,558,3.391832745537427,20.520409822735402,Positive Response,10,Moderate Discount Strategy,2.471431127012522,2.22428801431127,6336.996552772808
15583,4076.9700000000003,56,38,2.2683588022650776,25.78088578088578,Positive Response,10,Moderate Discount Strategy,1.8784615384615386,1.6906153846153849,94.67446153846156
15584,546.39,170,97,2.929709316448202,22.278911564625847,Positive Response,10,Moderate Discount Strategy,3.3201020408163266,2.9880918367346943,507.975612244898
15586,1125.18,1338,37,19.364382144694193,21.178947368421053,High Response,20,High Discount Strategy,1.58,1.2640000000000002,1691.2320000000004
15587,1139.1000000000001,216,4,26.47686158788906,15.221238938053096,High Response,20,High Discount Strategy,2.874,2.2992000000000004,496.6272000000001
15588,608.4,96,3,27.012970758922357,16.38655462184874,High Response,20,High Discount Strategy,6.0375,4.83,463.68
15590,1483.08,832,86,10.009484873270312,11.563915012190874,Positive Response,10,Moderate Discount Strategy,2.528275862068966,2.275448275862069,1893.1729655172414
15591,1496.6,58,6,9.987076670345827,19.969278033794165,Positive Response,10,Moderate Discount Strategy,4.564285714285715,4.107857142857144,238.25571428571436
15595,217.9,144,3,18.970310909617787,3.448275862068965,High Response,20,High Discount Strategy,2.2,1.7600000000000002,253.44000000000003
15596,1705.75,815,98,9.423294799615762,22.294127717856536,Positive Response,10,Moderate Discount Strategy,3.9327272727272726,3.5394545454545456,2884.6554545454546
15597,1723.45,114,14,9.176720737397774,28.8135593220339,Positive Response,10,Moderate Discount Strategy,3.2333333333333334,2.91,331.74
15598,287.54,244,21,10.772287964992891,14.909090909090908,High Response,20,High Discount Strategy,1.955909090909091,1.564727272727273,381.7934545454546
15599,478.12,380,30,10.742440137311657,15.200000000000001,High Response,20,High Discount Strategy,2.043225806451613,1.6345806451612905,621.1406451612904
15600,1184.31,657,70,9.62956886646918,13.785744771660264,Positive Response,10,Moderate Discount Strategy,3.5646478873239436,3.208183098591549,2107.7762957746477
15601,8168.56,6078,461,10.214835943155796,21.88051948051948,Positive Response,10,Moderate Discount Strategy,2.3094805194805197,2.078532467532468,12633.32033766234
15602,8183.56,1212,81,11.207785267805905,19.370574350904796,High Response,20,High Discount Strategy,2.6351219512195123,2.10809756097561,2555.014243902439
15603,1932.64,32,1,9.903493452408618,0.0,Positive Response,10,Moderate Discount Strategy,1.25,1.125,36.0
15605,720.87,271,43,9.023885711389148,29.78879706152434,Positive Response,10,Moderate Discount Strategy,5.000454545454546,4.500409090909091,1219.6108636363638
15606,2295.83,723,67,13.698883524323149,16.066666666666666,High Response,20,High Discount Strategy,4.101911764705882,3.281529411764706,2372.5457647058824
15607,2310.83,1268,95,10.381656945491436,23.416666666666668,Positive Response,10,Moderate Discount Strategy,2.4934375,2.24409375,2845.5108750000004
15608,1604.21,548,44,10.034088155627417,19.05777777777778,Positive Response,10,Moderate Discount Strategy,2.0817777777777775,1.8735999999999997,1026.7327999999998
15611,1393.08,243,50,9.85950955495341,15.830185285123225,Positive Response,10,Moderate Discount Strategy,6.411568627450981,5.770411764705883,1402.2100588235296
15613,1405.83,700,26,16.288514568984706,15.773420479302832,High Response,20,High Discount Strategy,1.7103703703703703,1.3682962962962963,957.8074074074075
15614,3134.76,1632,80,21.735729836538233,17.613168724279838,High Response,20,High Discount Strategy,3.404197530864198,2.7233580246913585,4444.520296296297
15615,10892.87,6582,477,10.96420224049301,18.246481551920883,High Response,20,High Discount Strategy,2.507949790794979,2.006359832635983,13205.86041841004
15616,10974.23,137,12,10.63434397540996,29.88265971316819,Positive Response,10,Moderate Discount Strategy,7.006923076923077,6.30623076923077,863.9536153846154
15617,792.85,485,41,10.110015374226183,27.039132484677047,Positive Response,10,Moderate Discount Strategy,3.2083333333333335,2.8875,1400.4375
15620,828.5500000000001,334,28,8.42780093509167,18.53793103448276,Positive Response,10,Moderate Discount Strategy,2.5624137931034485,2.306172413793104,770.2615862068967
15622,4103.45,2417,240,8.884736385413303,23.13376803003359,Positive Response,10,Moderate Discount Strategy,3.268215767634855,2.9413941908713697,7109.349759336101
15623,4143.05,962,88,13.878222067567396,21.50828413635498,High Response,20,High Discount Strategy,3.7831460674157302,3.026516853932584,2911.509213483146
15625,2136.02,1832,106,13.621489737279493,23.08785046728972,High Response,20,High Discount Strategy,1.3097196261682242,1.0477757009345794,1919.5250841121494
15626,1702.1399999999999,372,30,8.648123074697331,21.36774193548387,Positive Response,10,Moderate Discount Strategy,1.6280645161290321,1.465258064516129,545.076
15627,551.9,344,23,11.923027463020539,17.373737373737374,High Response,20,High Discount Strategy,1.6354166666666667,1.3083333333333336,450.0666666666667
15628,2773.52,1925,162,9.899884656005991,16.027078485297228,Positive Response,10,Moderate Discount Strategy,2.622944785276074,2.3606503067484668,4544.251840490799
15629,2782.02,1518,76,15.31242454923518,5.6103896103896105,High Response,20,High Discount Strategy,2.879220779220779,2.3033766233766233,3496.525714285714
15630,2240.9,187,19,8.657307004346071,16.363636363636363,Positive Response,10,Moderate Discount Strategy,2.25,2.025,378.675
15631,581.67,525,38,9.177098365043863,18.72820512820513,Positive Response,10,Moderate Discount Strategy,2.244102564102564,2.0196923076923077,1060.3384615384616
15633,4316.46,2048,175,10.358170058661448,13.271103896103897,Positive Response,10,Moderate Discount Strategy,3.376590909090909,3.038931818181818,6223.7323636363635
15634,4335.96,128,18,8.661108893420353,21.89168573607933,Positive Response,10,Moderate Discount Strategy,3.5842105263157897,3.2257894736842108,412.901052631579
15635,311.1,5,1,20.69585798692323,16.180371352785148,High Response,20,High Discount Strategy,18.85,15.080000000000002,75.4
15636,688.02,276,31,9.028953362057253,17.574152542372882,Positive Response,10,Moderate Discount Strategy,3.9734375,3.57609375,987.001875
15637,719.82,523,25,13.909829960374445,21.87376725838265,High Response,20,High Discount Strategy,3.094615384615385,2.475692307692308,1294.7870769230772
15638,2159.0,1134,24,34.40147802497449,21.6156862745098,High Response,20,High Discount Strategy,3.3760000000000003,2.7008000000000005,3062.7072000000007
15639,2265.2,526,43,10.558255363660988,24.400000000000002,Positive Response,10,Moderate Discount Strategy,2.3236363636363637,2.0912727272727274,1100.0094545454547
15640,11376.52,5748,278,17.823275902843132,22.53101736972705,High Response,20,High Discount Strategy,2.923942652329749,2.3391541218637992,13445.457892473118
15641,11411.92,2860,191,11.31973926231423,17.020833333333332,High Response,20,High Discount Strategy,2.0407291666666665,1.6325833333333333,4669.1883333333335
15642,3458.35,270,5,32.50304166150729,8.333333333333334,High Response,20,High Discount Strategy,0.4166666666666667,0.33333333333333337,90.00000000000001
15645,425.46000000000004,140,15,9.65544335145181,15.163043478260871,Positive Response,10,Moderate Discount Strategy,4.59875,4.138875,579.4425
15646,524.07,657,49,10.799578672656585,18.36666666666667,High Response,20,High Discount Strategy,1.5918,1.2734400000000001,836.6500800000001
15647,526.97,124,10,10.621039151556479,10.909090909090908,Positive Response,10,Moderate Discount Strategy,1.6909090909090911,1.521818181818182,188.70545454545456
15649,844.3499999999999,293,9,26.457891633342236,18.211382113821138,High Response,20,High Discount Strategy,6.07,4.856000000000001,1422.8080000000002
15650,1354.35,210,35,7.29462533256788,28.658810325476995,Positive Response,10,Moderate Discount Strategy,4.862777777777778,4.3765,919.065
15651,597.76,392,27,10.769842509525725,23.614718614718615,High Response,20,High Discount Strategy,1.9707142857142856,1.5765714285714285,618.016
15652,1050.35,449,80,4.419448123224565,19.91769547325103,Positive Response,10,Moderate Discount Strategy,4.266913580246913,3.840222222222222,1724.2597777777778
15658,1375.5700000000002,449,67,9.714046006532683,19.82429335370512,Positive Response,10,Moderate Discount Strategy,4.939852941176471,4.445867647058824,1996.194573529412
15659,1399.3700000000001,50,9,13.460054405042303,24.178905206942595,High Response,20,High Discount Strategy,5.863,4.6904,234.52
15660,1188.53,843,70,11.130750604297425,22.302088392423506,High Response,20,High Discount Strategy,2.262394366197183,1.8099154929577463,1525.75876056338
15661,1212.13,543,38,9.217792407767393,21.227661227661226,Positive Response,10,Moderate Discount Strategy,2.9253846153846155,2.632846153846154,1429.6354615384616
15662,906.15,145,11,12.386901168983465,25.0,High Response,20,High Discount Strategy,3.783333333333333,3.026666666666667,438.8666666666667
15664,852.3000000000001,373,52,7.96647599444814,17.780244173140954,Positive Response,10,Moderate Discount Strategy,2.5267924528301884,2.2741132075471695,848.2442264150942
15665,1756.46,1123,170,7.118876795127789,18.17472975367712,Positive Response,10,Moderate Discount Strategy,2.2235087719298248,2.0011578947368425,2247.300315789474
15666,1764.86,469,66,6.554472913471429,16.901698404529082,Positive Response,10,Moderate Discount Strategy,2.0407462686567164,1.8366716417910447,861.399
15670,632.94,41,6,8.47205347838741,19.62481962481963,Positive Response,10,Moderate Discount Strategy,5.235714285714286,4.712142857142857,193.19785714285715
15672,152.15,10,2,7.281337909848845,13.468013468013467,Positive Response,10,Moderate Discount Strategy,6.883333333333333,6.194999999999999,61.949999999999996
15673,3472.29,1823,129,12.822012545839586,21.301775147928996,High Response,20,High Discount Strategy,2.675,2.14,3901.2200000000003
15674,4448.53,2373,236,9.701563763182,18.74020494273659,Positive Response,10,Moderate Discount Strategy,3.47379746835443,3.1264177215189872,7418.989253164556
15675,4501.63,97,13,7.967712285760087,17.77777777777778,Positive Response,10,Moderate Discount Strategy,3.7142857142857144,3.342857142857143,324.25714285714287
15677,600.8,356,38,9.212385756449022,18.95881895881896,Positive Response,10,Moderate Discount Strategy,3.4730769230769227,3.1257692307692304,1112.773846153846
15678,1457.34,838,79,9.835871707099212,17.87037037037037,Positive Response,10,Moderate Discount Strategy,2.993,2.6936999999999998,2257.3206
15680,3156.5,2122,187,10.362794686164381,20.84784010315925,Positive Response,10,Moderate Discount Strategy,3.0808510638297877,2.772765957446809,5883.809361702129
15681,3173.9,576,34,17.14744604375677,27.757869249394673,High Response,20,High Discount Strategy,4.2451428571428576,3.3961142857142863,1956.161828571429
15682,1563.54,222,24,7.941499736870043,22.579881656804737,Positive Response,10,Moderate Discount Strategy,2.1412,1.9270800000000001,427.81176000000005
15683,320.59000000000003,201,15,9.701074989239121,11.363636363636363,Positive Response,10,Moderate Discount Strategy,2.57125,2.314125,465.13912500000004
15684,330.79,77,10,9.560548365164543,24.609733700642792,Positive Response,10,Moderate Discount Strategy,4.913636363636363,4.422272727272727,340.515
15685,173.95,36,16,4.41816110330819,18.96470588235294,Positive Response,10,Moderate Discount Strategy,1.7629411764705885,1.5866470588235297,57.11929411764707
15686,55.980000000000004,72,0,15.503308449837222,0.0,High Response,20,High Discount Strategy,1.25,1.0,72.0
15688,175.57,95,26,3.5333760649537282,19.820426487093155,Positive Response,10,Moderate Discount Strategy,2.3840740740740745,2.145666666666667,203.83833333333337
15689,256.98,123,14,9.518844317959942,13.727810650887575,Positive Response,10,Moderate Discount Strategy,3.6060000000000003,3.2454000000000005,399.1842000000001
15691,392.5,140,11,12.080108396787582,10.515873015873018,High Response,20,High Discount Strategy,3.6333333333333333,2.9066666666666667,406.93333333333334
15693,434.5,30,0,29.118914226537772,0.0,High Response,20,High Discount Strategy,1.25,1.0,30.0
15694,4316.5599999999995,981,76,24.47086876431231,20.987012987012985,High Response,20,High Discount Strategy,4.517012987012987,3.6136103896103897,3544.951792207792
15695,4331.41,272,36,10.293426561344676,18.378378378378383,Positive Response,10,Moderate Discount Strategy,4.533513513513514,4.080162162162162,1109.8041081081083
15696,1154.21,371,52,9.840934499294615,21.444025157232705,Positive Response,10,Moderate Discount Strategy,6.034528301886792,5.4310754716981124,2014.9289999999996
15697,1170.1100000000001,127,13,9.21046462021081,22.043010752688172,Positive Response,10,Moderate Discount Strategy,3.4464285714285716,3.1017857142857146,393.92678571428576
15698,246.75,60,1,54.780243423648145,15.789473684210522,High Response,20,High Discount Strategy,0.95,0.76,45.6
15702,139.44,103,29,4.216145102201465,18.473118279569892,Positive Response,10,Moderate Discount Strategy,3.416,3.0744,316.66319999999996
15704,1437.56,681,86,9.274531055168438,14.998258446534308,Positive Response,10,Moderate Discount Strategy,3.1104597701149426,2.799413793103448,1906.4007931034482
15708,1441.04,369,100,4.08765464372887,15.73069306930693,Positive Response,10,Moderate Discount Strategy,4.505643564356435,4.055079207920792,1496.324227722772
15709,969.19,48,20,4.797321157985833,23.697478991596636,Positive Response,10,Moderate Discount Strategy,5.248095238095238,4.723285714285714,226.71771428571427
15710,893.87,641,109,6.0078354410502905,20.958677685950413,Positive Response,10,Moderate Discount Strategy,2.4634545454545456,2.217109090909091,1421.1669272727274
15711,898.87,199,24,8.959215256593712,23.215686274509803,Positive Response,10,Moderate Discount Strategy,3.378,3.0402,604.9998
15712,2370.35,791,112,10.35096246496565,21.76991150442478,Positive Response,10,Moderate Discount Strategy,4.016371681415929,3.6147345132743367,2859.255
15713,2400.05,360,41,9.093624633597683,27.36796536796537,Positive Response,10,Moderate Discount Strategy,4.261666666666667,3.8355,1380.78
15714,654.09,175,13,21.996487502343193,22.729844413012735,High Response,20,High Discount Strategy,2.492142857142857,1.9937142857142858,348.90000000000003
15715,640.32,246,37,9.387389623074904,21.05263157894737,Positive Response,10,Moderate Discount Strategy,4.088421052631579,3.6795789473684217,905.1764210526318
15716,1911.65,1070,205,3.7937904785910685,20.83395568832462,Positive Response,10,Moderate Discount Strategy,2.8907281553398056,2.6016553398058253,2783.771213592233
15717,1913.55,154,16,10.586098567357327,8.374875373878368,Positive Response,10,Moderate Discount Strategy,3.7676470588235293,3.3908823529411767,522.1958823529412
15718,456.70000000000005,95,17,8.183851265799774,23.710499490316003,Positive Response,10,Moderate Discount Strategy,5.051111111111111,4.546,431.87
15719,5135.3,2638,838,3.0327066216895595,19.819076434094313,Positive Response,10,Moderate Discount Strategy,2.6695470798569727,2.4025923718712754,6338.038676996424
15720,5165.9,46,24,2.875569022036046,23.63389830508475,Positive Response,10,Moderate Discount Strategy,4.1844,3.76596,173.23416
15722,3016.19,1256,110,9.858165360065653,11.810381810381813,Positive Response,10,Moderate Discount Strategy,3.9231531531531534,3.5308378378378382,4434.7323243243245
15723,3022.79,354,84,2.9247073657265146,13.653092006033184,Positive Response,10,Moderate Discount Strategy,2.838117647058824,2.5543058823529416,904.2242823529414
15724,740.0,44,5,8.347574014722209,16.993464052287578,Positive Response,10,Moderate Discount Strategy,2.6,2.3400000000000003,102.96000000000001
15726,316.87,123,22,8.380262518042754,27.232736572890026,Positive Response,10,Moderate Discount Strategy,4.838260869565217,4.3544347826086955,535.5954782608695
15727,4182.65,2845,383,4.9559744739613745,18.719468390804597,Positive Response,10,Moderate Discount Strategy,3.843541666666667,3.4591875,9841.3884375
15728,4212.65,132,11,12.849677457625056,1.9480519480519487,High Response,20,High Discount Strategy,4.133333333333334,3.306666666666667,436.4800000000001
15729,544.6,19,5,8.430433290740515,5.602240896358542,Positive Response,10,Moderate Discount Strategy,5.7,5.13,97.47
15730,588.0,372,40,8.89895203595129,26.341463414634145,Positive Response,10,Moderate Discount Strategy,3.2148780487804878,2.8933902439024393,1076.3411707317075
15731,605.7,122,7,12.796237306817396,17.0,High Response,20,High Discount Strategy,1.1125,0.8900000000000001,108.58000000000001
15732,1353.95,1146,89,10.272705369793885,22.62678062678063,Positive Response,10,Moderate Discount Strategy,2.2365555555555554,2.0129,2306.7834000000003
15734,1387.95,170,16,13.728322785633324,18.546712802768166,High Response,20,High Discount Strategy,21.65294117647059,17.322352941176472,2944.8
15735,923.85,206,18,9.471608882448686,15.540330115228903,Positive Response,10,Moderate Discount Strategy,3.2263157894736842,2.903684210526316,598.1589473684211
15736,1750.1200000000001,1208,99,11.03420105202029,22.6,High Response,20,High Discount Strategy,3.2782999999999998,2.62264,3168.14912
15738,8535.35,6303,322,12.800872025302809,19.80997117540301,High Response,20,High Discount Strategy,1.9627244582043344,1.5701795665634677,9896.841808049538
15741,8560.55,70,11,9.700782624744184,13.333333333333334,Positive Response,10,Moderate Discount Strategy,4.036666666666666,3.6329999999999996,254.30999999999997
15742,208.62,51,40,2.520063671452401,22.601626016260163,Positive Response,10,Moderate Discount Strategy,3.540731707317073,3.186658536585366,162.51958536585366
15747,1483.57,878,125,6.100412284367301,13.072853072853073,Positive Response,10,Moderate Discount Strategy,2.3387301587301588,2.104857142857143,1848.0645714285715
15748,1553.17,211,15,3.800639623856231,13.559322033898306,Positive Response,10,Moderate Discount Strategy,3.471875,3.1246875,659.3090625
15750,4310.961,2806,355,5.1582602330758505,22.60573321809277,Positive Response,10,Moderate Discount Strategy,2.915901685393258,2.624311516853932,7363.818116292134
15751,4330.461,443,129,4.894896109961915,19.36124634858812,Positive Response,10,Moderate Discount Strategy,4.787923076923077,4.309130769230769,1908.944930769231
15752,1542.96,985,194,3.7257319885794233,19.547868305264757,Positive Response,10,Moderate Discount Strategy,2.1752307692307693,1.9577076923076924,1928.342076923077
15754,2532.2400000000002,1563,102,10.642912089714681,24.45108289768484,Positive Response,10,Moderate Discount Strategy,3.8541747572815535,3.468757281553398,5421.667631067961
15755,3615.67,2607,229,9.680562402912212,20.005270092226613,Positive Response,10,Moderate Discount Strategy,2.4896521739130435,2.2406869565217393,5841.4708956521745
15757,3628.87,1266,147,8.80547121673474,27.71860095389507,Positive Response,10,Moderate Discount Strategy,3.970878378378378,3.57379054054054,4524.418824324323
15759,2225.94,463,9,21.572129651706664,26.50574712643678,High Response,20,High Discount Strategy,4.407,3.5256000000000003,1632.3528000000001
15760,6958.17,2,1,267.59122437540543,0.0,High Response,20,High Discount Strategy,6958.17,5566.536,11133.072
15761,13916.34,31,4,10.970336055179809,32.36180904522613,High Response,20,High Discount Strategy,7.290000000000001,5.832000000000001,180.79200000000003
15764,1208.1100000000001,895,68,10.464176398595583,25.2694165737644,Positive Response,10,Moderate Discount Strategy,2.6098550724637684,2.3488695652173917,2102.2382608695657
15765,1223.1100000000001,335,24,9.05865557065991,12.235294117647054,Positive Response,10,Moderate Discount Strategy,2.6956,2.4260400000000004,812.7234000000001
15766,496.20000000000005,164,14,15.418486603975815,17.460317460317462,High Response,20,High Discount Strategy,3.4566666666666666,2.7653333333333334,453.5146666666667
15768,14672.06,3971,1180,3.5644928509909417,25.215241320914476,Positive Response,10,Moderate Discount Strategy,5.133742591024555,4.6203683319221,18347.482646062657
15769,32359.8,19432,93,530.6838823416568,0.0,High Response,20,High Discount Strategy,1.7265957446808509,1.3812765957446809,26840.96680851064
15770,32451.6,67,17,9.97443436615503,8.978675645342314,Positive Response,10,Moderate Discount Strategy,6.027777777777778,5.425,363.47499999999997
15771,945.1,512,27,14.163481459881325,28.262260127931768,High Response,20,High Discount Strategy,3.3353571428571427,2.668285714285714,1366.1622857142856
15772,1006.54,110,15,8.890597134311072,15.105932203389832,Positive Response,10,Moderate Discount Strategy,4.52,4.068,447.47999999999996
15773,280.88,99,36,2.5211121179555045,24.864864864864863,Positive Response,10,Moderate Discount Strategy,2.0910810810810814,1.8819729729729733,186.31532432432437
15774,986.94,378,84,4.700018643908605,21.546666666666663,Positive Response,10,Moderate Discount Strategy,4.869058823529412,4.382152941176471,1656.453811764706
15775,1017.5400000000001,192,1,77.94343131474642,16.66666666666667,High Response,20,High Discount Strategy,0.28500000000000003,0.22800000000000004,43.77600000000001
15777,698.55,221,17,16.27125530014574,20.38701622971286,High Response,20,High Discount Strategy,5.276111111111111,4.220888888888889,932.8164444444445
15778,715.5,101,16,9.009106698668575,21.74688057040998,Positive Response,10,Moderate Discount Strategy,4.626470588235295,4.163823529411765,420.54617647058825
15779,307.95000000000005,20,7,7.6726071177370425,12.956460674157302,Positive Response,10,Moderate Discount Strategy,8.355,7.519500000000001,150.39000000000001
15782,1195.36,980,17,42.37030242854437,15.377777777777778,High Response,20,High Discount Strategy,1.8605555555555557,1.4884444444444447,1458.6755555555558
15784,1399.36,381,42,9.40872016509531,25.31691746466028,Positive Response,10,Moderate Discount Strategy,3.9939534883720924,3.5945581395348833,1369.5266511627906
15785,3629.36,2867,141,12.02539565395087,23.929091792132102,High Response,20,High Discount Strategy,2.352605633802817,1.8820845070422536,5395.936281690141
15786,3640.96,2617,198,10.229180858185197,20.488650147288165,Positive Response,10,Moderate Discount Strategy,3.309045226130653,2.978140703517588,7793.794221105528
15788,3582.62,115,13,10.665743985831204,17.83068783068783,Positive Response,10,Moderate Discount Strategy,4.875714285714286,4.388142857142858,504.6364285714287
15789,1600.6299999999999,2061,112,10.08030600433031,29.44424778761062,Positive Response,10,Moderate Discount Strategy,2.022566371681416,1.8203097345132746,3751.658362831859
15791,1977.95,1239,91,11.140698993807646,20.8082497212932,High Response,20,High Discount Strategy,2.1833695652173915,1.7466956521739132,2164.1559130434784
15792,1995.65,606,56,10.523455054493194,21.448493027440396,Positive Response,10,Moderate Discount Strategy,2.437017543859649,2.193315789473684,1329.1493684210525
15793,1414.46,1132,17,37.259317941703685,15.888181174805375,High Response,20,High Discount Strategy,2.2150000000000003,1.7720000000000002,2005.9040000000002
15794,1433.96,288,14,12.238506600486167,18.531073446327685,High Response,20,High Discount Strategy,3.3766666666666665,2.7013333333333334,777.984
15795,1334.46,830,88,8.950978141297174,23.306581059390048,Positive Response,10,Moderate Discount Strategy,2.653258426966292,2.387932584269663,1981.9840449438202
15796,2430.32,873,160,7.100532669530302,21.57106320789185,Positive Response,10,Moderate Discount Strategy,4.2622981366459625,3.836068322981366,3348.8876459627327
15797,2463.02,408,3,64.72069373009961,8.939393939393938,High Response,20,High Discount Strategy,1.5525,1.242,506.736
15798,1509.87,915,82,11.012329283699659,13.318729463307774,High Response,20,High Discount Strategy,2.4274698795180725,1.9419759036144582,1776.9079518072292
15799,1535.37,386,55,7.09254755963034,19.02709359605911,Positive Response,10,Moderate Discount Strategy,2.2248214285714285,2.0023392857142857,772.9029642857142
15800,537.2,243,114,3.6324441433203476,21.99736495388669,Positive Response,10,Moderate Discount Strategy,2.5830434782608696,2.3247391304347826,564.9116086956521
15803,1493.44,740,42,13.56955534193882,16.361634787395076,High Response,20,High Discount Strategy,3.050697674418605,2.4405581395348843,1806.0130232558145
15805,4635.55,2838,229,11.355876802428012,23.464882943143813,High Response,20,High Discount Strategy,2.689608695652174,2.1516869565217394,6106.487582608696
15807,4660.75,1102,39,11.839764652108482,23.692307692307697,High Response,20,High Discount Strategy,2.6305,2.1044,2319.0488
15808,14479.08,5775,631,9.66717387859127,15.889843279083784,Positive Response,10,Moderate Discount Strategy,3.298465189873418,2.9686186708860762,17143.77282436709
15809,14482.03,399,22,13.25848189629567,21.182608695652174,High Response,20,High Discount Strategy,15.678695652173914,12.542956521739132,5004.639652173913
15810,1589.3600000000001,792,76,10.238716146902766,13.478828863444248,Positive Response,10,Moderate Discount Strategy,2.504805194805195,2.2543246753246753,1785.4251428571429
15811,1607.06,805,155,5.082456819928678,22.33785822021116,Positive Response,10,Moderate Discount Strategy,3.143205128205128,2.828884615384615,2277.252115384615
15812,3212.83,2528,83,8.990491210655472,14.114285714285716,Positive Response,10,Moderate Discount Strategy,2.522261904761905,2.2700357142857146,5738.650285714287
15814,3400.33,457,25,13.147718116832122,22.051958595494213,High Response,20,High Discount Strategy,2.9796153846153848,2.383692307692308,1089.3473846153847
15816,689.11,54,10,5.962007138699835,11.471861471861475,Positive Response,10,Moderate Discount Strategy,3.6954545454545453,3.3259090909090907,179.5990909090909
15817,2749.4,1596,151,9.679897880724035,16.124260355029588,Positive Response,10,Moderate Discount Strategy,2.9944736842105266,2.695026315789474,4301.262000000001
15818,2766.4,284,10,21.083325537501775,12.581818181818182,High Response,20,High Discount Strategy,1.8336363636363637,1.4669090909090912,416.60218181818186
15819,2016.5900000000001,1571,136,10.792815631345695,24.304357443043575,High Response,20,High Discount Strategy,1.8237226277372263,1.4589781021897812,2292.0545985401463
15822,2029.3400000000001,575,31,13.089923345741182,16.328983516483515,High Response,20,High Discount Strategy,2.3284375,1.8627500000000001,1071.0812500000002
15823,3867.17,1774,154,10.64027683656503,22.436432637571155,Positive Response,10,Moderate Discount Strategy,3.644903225806452,3.2804129032258067,5819.452490322581
15824,3882.17,478,25,13.305742372025692,17.592171142467002,High Response,20,High Discount Strategy,2.5896153846153847,2.0716923076923077,990.2689230769231
15826,926.27,861,50,10.80226936567776,21.96078431372549,High Response,20,High Discount Strategy,2.587647058823529,2.0701176470588236,1782.371294117647
15827,1948.03,942,115,9.461335128898932,28.939216832261838,Positive Response,10,Moderate Discount Strategy,5.165258620689655,4.64873275862069,4379.10625862069
15828,1957.98,367,73,6.52577819888087,27.841017488076314,Positive Response,10,Moderate Discount Strategy,4.543783783783784,4.089405405405405,1500.8117837837838
15833,1108.82,24,4,9.065965415501362,14.153846153846152,Positive Response,10,Moderate Discount Strategy,3.87,3.483,83.592
15834,1521.39,854,104,8.84664809896641,23.24716553287982,Positive Response,10,Moderate Discount Strategy,3.3860952380952383,3.0474857142857146,2602.5528000000004
15837,1539.24,216,27,8.397446667525434,27.90909090909091,Positive Response,10,Moderate Discount Strategy,3.389642857142857,3.050678571428571,658.9465714285714
15838,40024.92,46296,41,1082.0178877525345,14.430014430014431,High Response,20,High Discount Strategy,1.4942857142857142,1.1954285714285715,55343.56114285715
15841,40519.92,1449,44,25.28533471009095,17.511111111111113,High Response,20,High Discount Strategy,2.164222222222222,1.7313777777777777,2508.7664
15842,1518.35,296,24,9.720053229594004,17.942857142857143,Positive Response,10,Moderate Discount Strategy,3.4092000000000002,3.06828,908.2108800000001
15845,697.51,202,35,8.551548103878867,19.307189542483663,Positive Response,10,Moderate Discount Strategy,5.085555555555556,4.577,924.554
15846,714.51,79,28,3.1333112129591223,15.381400208986413,Positive Response,10,Moderate Discount Strategy,1.8168965517241378,1.6352068965517241,129.1813448275862
15847,423.22,194,25,8.586511540194987,28.082663605051664,Positive Response,10,Moderate Discount Strategy,3.793846153846154,3.4144615384615387,662.4055384615385
15848,433.3,45,33,2.527604750752388,19.155080213903744,Positive Response,10,Moderate Discount Strategy,3.31735294117647,2.9856176470588234,134.35279411764705
15850,769.97,1036,217,2.305366974335674,20.28356964136781,Positive Response,10,Moderate Discount Strategy,2.196605504587156,1.9769449541284405,2048.1149724770644
15851,771.87,67,7,9.946911268421719,16.296296296296298,Positive Response,10,Moderate Discount Strategy,1.9925000000000002,1.7932500000000002,120.14775000000002
15852,109.73,12,10,6.576664591909424,35.45454545454545,Positive Response,10,Moderate Discount Strategy,7.618181818181818,6.856363636363636,82.27636363636364
15854,2604.41,765,117,13.929307199672763,24.790960451977398,High Response,20,High Discount Strategy,3.841949152542373,3.0735593220338986,2351.2728813559324
15855,2609.16,242,14,12.78244522905012,5.28,High Response,20,High Discount Strategy,2.0573333333333332,1.6458666666666666,398.29973333333334
15856,17659.83,9359,503,15.26739890282111,20.009620009620008,High Response,20,High Discount Strategy,2.1469047619047616,1.7175238095238095,16074.305333333332
15857,17703.63,276,9,18.28360973649014,2.363636363636364,High Response,20,High Discount Strategy,1.777,1.4216,392.3616
15858,2503.77,1751,290,4.26113625527468,25.18171404769343,Positive Response,10,Moderate Discount Strategy,2.8934364261168386,2.6040927835051546,4559.7664639175255
15859,2508.77,174,21,9.51674179884749,27.28571428571429,Positive Response,10,Moderate Discount Strategy,4.9381818181818184,4.4443636363636365,773.3192727272727
15860,1488.75,894,218,3.2519503886581673,21.27316680096696,Positive Response,10,Moderate Discount Strategy,3.180821917808219,2.8627397260273972,2559.289315068493
15861,1498.8,1309,247,4.201752208858586,18.851612903225806,Positive Response,10,Moderate Discount Strategy,1.5635483870967741,1.4071935483870968,1842.0163548387097
15862,2021.74,1059,414,2.330472628167986,16.110989412194233,Positive Response,10,Moderate Discount Strategy,2.8195903614457833,2.5376313253012053,2687.3515734939765
15863,2033.64,143,58,2.193357718276612,23.906923297902903,Positive Response,10,Moderate Discount Strategy,2.949830508474576,2.6548474576271186,379.64318644067794
15864,286.26,294,2,95.73002582875115,16.037735849056606,High Response,20,High Discount Strategy,1.2366666666666666,0.9893333333333333,290.864
15865,1322.89,773,85,7.138839094997802,27.3734610123119,Positive Response,10,Moderate Discount Strategy,3.6095348837209302,3.2485813953488374,2511.1534186046515
15867,5217.31,3061,588,4.383968584156981,23.256279656958775,Positive Response,10,Moderate Discount Strategy,3.336621392190153,3.0029592529711375,9192.058273344652
15868,5224.81,57,3,8.699405877416526,30.11904761904762,Positive Response,10,Moderate Discount Strategy,2.5175,2.26575,129.14775
15869,163.67,98,18,5.458672894195026,26.85242518059855,Positive Response,10,Moderate Discount Strategy,2.3389473684210524,2.105052631578947,206.2951578947368
15870,500.12,171,68,4.011709560123278,24.991402603782856,Positive Response,10,Moderate Discount Strategy,4.051159420289855,3.6460434782608693,623.4734347826086
15871,506.02000000000004,5,4,4.799099828330168,23.144654088050316,Positive Response,10,Moderate Discount Strategy,6.619999999999999,5.957999999999999,29.789999999999996
15872,408.05,280,79,4.9547578809844515,21.118055555555554,Positive Response,10,Moderate Discount Strategy,2.456125,2.2105125,618.9435000000001
15873,413.0,1152,5,96.81348765088534,10.416666666666664,High Response,20,High Discount Strategy,0.2833333333333333,0.22666666666666668,261.12
15874,6838.32,2568,221,12.803718864003681,24.60833715071003,High Response,20,High Discount Strategy,7.150135135135135,5.720108108108108,14689.237621621622
15875,6878.88,74,22,4.082419070772133,15.362318840579709,Positive Response,10,Moderate Discount Strategy,1.7682608695652176,1.5914347826086959,117.76617391304349
15876,1348.3400000000001,886,10,119.39771130563336,7.398119122257052,High Response,20,High Discount Strategy,3.7018181818181817,2.9614545454545453,2623.848727272727
15878,1449.14,243,50,3.4808619428714973,19.180035650623886,Positive Response,10,Moderate Discount Strategy,2.192745098039216,1.9734705882352943,479.5533529411765
15879,1136.95,639,178,2.605871230339383,21.090231928220753,Positive Response,10,Moderate Discount Strategy,3.328659217877095,2.995793296089386,1914.3119162011176
15880,1137.8,202,95,2.2413689776553354,16.73611111111111,Positive Response,10,Moderate Discount Strategy,2.2252083333333332,2.0026875,404.542875
15882,929.22,538,51,9.212361249810716,20.516613563950845,Positive Response,10,Moderate Discount Strategy,1.979423076923077,1.7814807692307693,958.4366538461538
15884,979.62,152,13,19.197028792337655,13.877551020408164,High Response,20,High Discount Strategy,2.1757142857142857,1.7405714285714287,264.56685714285715
15885,1444.97,511,96,8.327181073791278,29.10012231347196,Positive Response,10,Moderate Discount Strategy,3.959484536082474,3.563536082474227,1820.96693814433
15886,1572.47,520,49,6.589778567675587,25.33090909090909,Positive Response,10,Moderate Discount Strategy,3.4233999999999996,3.0810599999999995,1602.1511999999998
15887,949.15,605,36,9.638607436378354,10.36729036729037,Positive Response,10,Moderate Discount Strategy,2.7045945945945946,2.434135135135135,1472.6517567567566
15888,1027.15,63,26,4.636029602162379,20.715630885122412,Positive Response,10,Moderate Discount Strategy,4.372222222222222,3.9349999999999996,247.90499999999997
15889,1266.85,735,274,2.2855698191840026,23.496103896103897,Positive Response,10,Moderate Discount Strategy,2.790436363636364,2.5113927272727277,1845.8736545454549
15890,1279.6,119,9,23.691954024420305,22.386554621848738,High Response,20,High Discount Strategy,12.553,10.0424,1195.0456000000001
15892,535.65,46,37,2.145358409193848,13.269537480063795,Positive Response,10,Moderate Discount Strategy,2.7626315789473685,2.4863684210526316,114.37294736842105
15893,128.2,288,0,62.487176386882176,0.0,High Response,20,High Discount Strategy,1.06,0.8480000000000001,244.22400000000002
15894,305.28000000000003,111,33,3.9527115843849665,23.28600405679513,Positive Response,10,Moderate Discount Strategy,2.0755882352941177,1.868029411764706,207.35126470588236
15898,4117.46,1820,596,2.7361141076820985,13.713868487737836,Positive Response,10,Moderate Discount Strategy,3.617353433835846,3.2556180904522614,5925.224924623116
15899,4129.26,39,3,5.840358706649158,13.793103448275861,Positive Response,10,Moderate Discount Strategy,4.125,3.7125,144.7875
15900,519.29,440,78,5.021598830909731,21.311852704257767,Positive Response,10,Moderate Discount Strategy,2.096329113924051,1.8866962025316458,830.1463291139241
15901,549.29,316,52,4.419290626498471,21.720754716981133,Positive Response,10,Moderate Discount Strategy,2.07,1.863,588.708
15902,335.99,124,17,6.473344356177218,15.840455840455844,Positive Response,10,Moderate Discount Strategy,2.1494444444444443,1.9344999999999999,239.878
15903,3633.08,1516,41,31.408160566675924,18.038740920096853,High Response,20,High Discount Strategy,2.8945238095238097,2.3156190476190477,3510.478476190476
15905,3813.08,82,21,3.6826886760732576,23.759820426487092,Positive Response,10,Moderate Discount Strategy,2.7677272727272726,2.4909545454545454,204.25827272727273
15906,922.75,205,50,6.903937228532645,25.19685039370078,Positive Response,10,Moderate Discount Strategy,6.759803921568627,6.083823529411765,1247.1838235294117
15908,962.5,173,39,3.049787122342485,18.727272727272727,Positive Response,10,Moderate Discount Strategy,3.336,3.0023999999999997,519.4151999999999
15910,1422.54,1145,353,2.784790511425594,18.15367231638418,Positive Response,10,Moderate Discount Strategy,1.7586158192090393,1.5827542372881354,1812.253601694915
15911,1695.29,810,257,3.410273251690925,16.796822662455735,Positive Response,10,Moderate Discount Strategy,2.80484496124031,2.524360465116279,2044.7319767441859
15912,1700.24,574,75,7.187004299860543,22.096774193548384,Positive Response,10,Moderate Discount Strategy,2.9164473684210526,2.624802631578947,1506.6367105263157
15913,810.08,3,0,7.886852382176507,0.0,Positive Response,10,Moderate Discount Strategy,2.1,1.8900000000000001,5.67
15914,201.74,149,12,10.055354912382475,27.14003944773176,Positive Response,10,Moderate Discount Strategy,3.4707692307692306,3.1236923076923078,465.43015384615387
15915,363.6,414,112,3.3511371418958675,22.704424778761062,Positive Response,10,Moderate Discount Strategy,1.7483185840707964,1.5734867256637168,651.4235044247788
15916,1830.08,931,167,4.417316279039265,26.2772397094431,Positive Response,10,Moderate Discount Strategy,3.703095238095238,3.3327857142857145,3102.8235
15917,1874.83,206,129,1.8854898104230569,16.357927786499214,Positive Response,10,Moderate Discount Strategy,2.3685384615384617,2.1316846153846156,439.1270307692308
15918,407.07,87,20,5.564187013154965,13.72074253430186,Positive Response,10,Moderate Discount Strategy,3.473809523809524,3.126428571428572,271.99928571428575
15919,248.65,175,38,2.6471605107513705,24.725274725274726,Positive Response,10,Moderate Discount Strategy,3.0692307692307694,2.7623076923076924,483.4038461538462
15920,400.39,139,46,3.745788522827685,25.48185231539424,Positive Response,10,Moderate Discount Strategy,4.184255319148936,3.7658297872340425,523.4503404255319
15921,443.73,173,54,3.4897385138629455,31.854545454545455,Positive Response,10,Moderate Discount Strategy,4.35,3.9149999999999996,677.295
15922,452.23,138,10,15.07833843495781,11.864406779661017,High Response,20,High Discount Strategy,4.409090909090909,3.5272727272727273,486.76363636363635
15923,369.5,122,20,3.2791751079225886,20.85470085470086,Positive Response,10,Moderate Discount Strategy,2.814761904761905,2.5332857142857144,309.0608571428572
15924,127.08,103,14,4.054829487338402,24.384180790960453,Positive Response,10,Moderate Discount Strategy,3.564,3.2076000000000002,330.38280000000003
15926,119.44,155,6,13.664761007073235,22.057142857142857,High Response,20,High Discount Strategy,1.0371428571428571,0.8297142857142857,128.6057142857143
15927,134.44,66,14,4.950490649097023,16.112994350282484,Positive Response,10,Moderate Discount Strategy,3.0013333333333336,2.7012000000000005,178.27920000000003
15928,288.49,164,10,18.705096638576798,30.181818181818183,High Response,20,High Discount Strategy,2.2363636363636363,1.789090909090909,293.41090909090906
15929,293.53,120,0,7.240758820167744,0.0,Positive Response,10,Moderate Discount Strategy,4.95,4.455,534.6
15931,594.0,118,13,8.950026000770771,15.756302521008404,Positive Response,10,Moderate Discount Strategy,4.814285714285715,4.332857142857144,511.27714285714296
15934,2136.42,2166,28,66.04764380374428,17.484787018255577,High Response,20,High Discount Strategy,1.7706896551724138,1.416551724137931,3068.2510344827588
15936,2190.66,211,18,9.249871472697958,23.294923699782,Positive Response,10,Moderate Discount Strategy,2.934736842105263,2.6412631578947368,557.3065263157895
15938,310.33,209,20,9.7718359914248,16.16161616161616,Positive Response,10,Moderate Discount Strategy,2.152857142857143,1.9375714285714287,404.9524285714286
15939,2919.88,1532,84,17.22947051688232,19.553752535496958,High Response,20,High Discount Strategy,1.9115294117647057,1.5292235294117646,2342.7704470588233
15941,2945.38,60,5,21.28301992887621,0.0,High Response,20,High Discount Strategy,6.75,5.4,324.0
15943,405.0,183,11,11.649217077681207,8.045977011494251,High Response,20,High Discount Strategy,1.7325,1.3860000000000001,253.63800000000003
15944,1663.94,809,31,26.574973520389857,18.315677966101696,High Response,20,High Discount Strategy,3.5765625,2.86125,2314.7512500000003
15945,1839.14,345,27,7.707935070579339,28.9010989010989,Positive Response,10,Moderate Discount Strategy,3.7578571428571435,3.3820714285714293,1166.814642857143
15946,2234.58,1614,25,52.03484827318635,18.205128205128208,High Response,20,High Discount Strategy,2.5384615384615383,2.0307692307692307,3277.6615384615384
15948,2304.18,285,34,9.608180592363995,23.68038740920097,Positive Response,10,Moderate Discount Strategy,2.565714285714286,2.309142857142857,658.1057142857143
15950,5371.95,2635,295,9.007122033871692,11.224878724878726,Positive Response,10,Moderate Discount Strategy,2.905439189189189,2.6148952702702704,6890.2490371621625
15951,5376.2,107,17,8.97488105673764,14.595103578154427,Positive Response,10,Moderate Discount Strategy,4.85,4.365,467.055
15953,1989.55,950,84,11.798254301190193,21.882352941176467,High Response,20,High Discount Strategy,3.986705882352941,3.189364705882353,3029.8964705882354
15954,1990.8,119,19,9.409887519056799,18.78787878787879,Positive Response,10,Moderate Discount Strategy,1.7,1.53,182.07
15955,4182.7,2078,178,10.885847382484105,16.022878425113063,High Response,20,High Discount Strategy,2.899832402234637,2.31986592178771,4820.681385474861
15956,4242.1,278,17,32.54550043306111,5.723905723905723,High Response,20,High Discount Strategy,2.05,1.64,455.91999999999996
15957,617.6,242,103,2.283955666738584,16.19329388560158,Positive Response,10,Moderate Discount Strategy,2.2986538461538464,2.0687884615384617,500.64680769230773
15958,492.36,121,57,3.2390082649358156,14.185260311020958,Positive Response,10,Moderate Discount Strategy,3.1537931034482756,2.838413793103448,343.44806896551717
15959,512.94,269,70,3.69199968167744,24.67892098352829,Positive Response,10,Moderate Discount Strategy,3.8198591549295773,3.4378732394366196,924.7879014084507
15960,542.89,258,25,9.19040052377338,29.56989247311828,Positive Response,10,Moderate Discount Strategy,3.55,3.195,824.31
15961,440.53999999999996,154,41,3.3703166786107914,27.28813559322034,Positive Response,10,Moderate Discount Strategy,3.7423809523809526,3.3681428571428573,518.6940000000001
15962,451.28999999999996,228,54,4.592291462769317,11.025454545454545,Positive Response,10,Moderate Discount Strategy,1.654,1.4886,339.4008
15964,289.48,93,19,8.517074432556024,14.627118644067798,Positive Response,10,Moderate Discount Strategy,3.5005,3.15045,292.99185
15965,2109.51,953,236,5.368367456217072,18.991669371416208,Positive Response,10,Moderate Discount Strategy,2.582194092827004,2.323974683544304,2214.7478734177216
15966,2119.26,275,26,10.658148743191033,18.89108042954197,Positive Response,10,Moderate Discount Strategy,1.9855555555555555,1.787,491.42499999999995
15967,2567.37,978,399,2.6897901639601196,18.745555555555555,Positive Response,10,Moderate Discount Strategy,3.14275,2.828475,2766.2485500000003
15968,2568.32,247,79,2.46438502797984,18.756410256410255,Positive Response,10,Moderate Discount Strategy,2.5755,2.31795,572.5336500000001
15969,444.45,99,14,11.695858005389141,28.35854341736695,High Response,20,High Discount Strategy,6.868666666666667,5.494933333333334,543.9984000000001
15970,689.7,382,12,21.819261997772575,0.0,High Response,20,High Discount Strategy,3.1530769230769233,2.5224615384615388,963.5803076923078
15971,1614.48,534,6,37.045400455515114,0.0,High Response,20,High Discount Strategy,3.5442857142857145,2.835428571428572,1514.1188571428575
15972,1719.33,468,138,5.214111534479318,22.444124700239808,Positive Response,10,Moderate Discount Strategy,5.2108633093525185,4.6897769784172665,2194.815625899281
15973,1769.33,195,10,12.206566228528807,29.09090909090909,High Response,20,High Discount Strategy,5.132727272727273,4.106181818181819,800.7054545454546
15976,1246.97,778,281,2.5280223495602057,16.520524392864818,Positive Response,10,Moderate Discount Strategy,2.5849290780141847,2.3264361702127663,1809.9673404255323
15978,2170.14,1556,79,11.232316356908706,21.780303030303028,High Response,20,High Discount Strategy,2.4533750000000003,1.9627000000000003,3053.9612000000006
15979,2180.64,450,21,10.788954245009156,21.657754010695186,High Response,20,High Discount Strategy,1.2840909090909092,1.0272727272727273,462.2727272727273
15980,4097.62,3262,71,20.317318902100286,12.729885057471265,High Response,20,High Discount Strategy,2.0175,1.614,5264.868
15981,5886.79,2961,190,13.74217098413456,19.09518056114915,High Response,20,High Discount Strategy,2.878952879581152,2.3031623036649216,6819.663581151833
15982,5954.29,131,44,3.455051993981252,22.267419962335218,Positive Response,10,Moderate Discount Strategy,3.4331111111111112,3.0898000000000003,404.76380000000006
15983,2445.46,1540,200,6.5331220561775485,16.10734207749133,Positive Response,10,Moderate Discount Strategy,2.1170646766169154,1.905358208955224,2934.2516417910447
15984,5717.39,3971,446,8.918911611024393,20.47151953192222,Positive Response,10,Moderate Discount Strategy,2.5473601789709175,2.292624161073826,9104.010543624163
15985,5735.09,1664,66,18.13237014512444,22.93080054274084,High Response,20,High Discount Strategy,1.8037313432835822,1.4429850746268658,2401.1271641791045
15986,1572.8600000000001,100,10,9.840723674259868,20.129870129870127,Positive Response,10,Moderate Discount Strategy,2.1363636363636362,1.9227272727272726,192.27272727272725
15987,201.4,152,49,2.3751795031760805,17.310344827586206,Positive Response,10,Moderate Discount Strategy,2.0318,1.8286200000000001,277.95024
15988,577.01,296,93,4.953463503935207,26.207759699624532,Positive Response,10,Moderate Discount Strategy,2.8327659574468087,2.5494893617021277,754.6488510638299
15989,582.11,169,85,2.077411125523791,14.900332225913623,Positive Response,10,Moderate Discount Strategy,3.1375581395348835,2.8238023255813953,477.2225930232558
15990,1202.34,643,124,3.5338610289548287,11.146666666666667,Positive Response,10,Moderate Discount Strategy,2.71328,2.441952,1570.175136
15991,1205.64,41,5,13.801423035639504,21.913580246913583,High Response,20,High Discount Strategy,6.833333333333333,5.466666666666667,224.13333333333333
15992,839.3100000000001,497,50,9.657466725491712,11.219399002204431,Positive Response,10,Moderate Discount Strategy,2.3249019607843135,2.0924117647058824,1039.9286470588236
15994,854.61,289,75,5.290836721605555,17.8844169246646,Positive Response,10,Moderate Discount Strategy,3.485394736842105,3.1368552631578948,906.5511710526316
15995,761.41,352,109,4.24662530358068,16.132231404958677,Positive Response,10,Moderate Discount Strategy,2.7679090909090904,2.4911181818181816,876.8735999999999
15996,694.54,358,77,3.735541164546311,28.97001303780965,Positive Response,10,Moderate Discount Strategy,3.1799999999999997,2.8619999999999997,1024.5959999999998
15998,5185.5199999999995,3318,920,3.344090495166671,18.345671700720562,Positive Response,10,Moderate Discount Strategy,2.5806731813246473,2.3226058631921824,7706.406254071661
15999,5193.92,24,0,9.228405793739974,0.0,Positive Response,10,Moderate Discount Strategy,0.85,0.765,18.36
16001,547.99,337,28,10.105243615482323,14.211076280041796,Positive Response,10,Moderate Discount Strategy,2.327241379310345,2.0945172413793105,705.8523103448276
16002,583.39,70,41,2.453737016263478,14.906204906204906,Positive Response,10,Moderate Discount Strategy,2.8233333333333333,2.541,177.87
16003,2817.26,1025,99,10.899136742163273,23.73725490196078,High Response,20,High Discount Strategy,3.9947000000000004,3.1957600000000004,3275.6540000000005
16004,2878.46,1076,89,10.937625267295333,17.794871794871796,High Response,20,High Discount Strategy,3.0701111111111112,2.456088888888889,2642.7516444444445
16005,2146.39,989,282,2.6773885319340187,18.650819145518792,Positive Response,10,Moderate Discount Strategy,2.248480565371025,2.0236325088339226,2001.3725512367496
16006,1786.78,121,69,2.166287832478519,18.82051282051282,Positive Response,10,Moderate Discount Strategy,2.423,2.1807000000000003,263.8647
16007,1355.35,1243,275,3.4775109196405176,23.43328335832084,Positive Response,10,Moderate Discount Strategy,1.9459057971014495,1.7513152173913047,2176.884815217392
16008,4830.85,2914,219,9.923585324414427,20.925407925407928,Positive Response,10,Moderate Discount Strategy,2.568636363636364,2.3117727272727273,6736.505727272727
16010,4860.35,717,209,4.0152526703627345,19.540903540903543,Positive Response,10,Moderate Discount Strategy,1.9663333333333333,1.7697,1268.8749
16011,2474.75,1413,236,5.156363680834768,26.62199056837925,Positive Response,10,Moderate Discount Strategy,2.9249367088607596,2.6324430379746837,3719.642012658228
16012,2486.0,961,144,8.483955690449443,21.25552608311229,Positive Response,10,Moderate Discount Strategy,2.4858620689655173,2.2372758620689654,2150.0221034482756
16013,19481.84,10344,79,92.0649054336152,24.47549019607843,High Response,20,High Discount Strategy,2.4827500000000002,1.9862000000000002,20545.252800000002
16014,20009.84,204,136,2.122776334180237,18.454052030694367,Positive Response,10,Moderate Discount Strategy,2.4948905109489052,2.2454014598540146,458.06189781021897
16016,975.0600000000001,417,138,3.9026682856367203,13.696471394313123,Positive Response,10,Moderate Discount Strategy,3.511654676258993,3.1604892086330936,1317.924
16017,1315.85,533,97,8.112483835128856,12.322643343051507,Positive Response,10,Moderate Discount Strategy,3.276938775510204,2.9492448979591837,1571.947530612245
16018,1333.7,313,27,6.724141660658715,16.342857142857145,Positive Response,10,Moderate Discount Strategy,1.6935714285714287,1.524214285714286,477.0790714285715
16019,13463.72,5226,242,23.938665409149014,24.610448489921183,High Response,20,High Discount Strategy,3.897448559670782,3.1179588477366256,16294.452938271605
16021,13542.92,276,125,2.5623102427878037,17.234247234247235,Positive Response,10,Moderate Discount Strategy,2.4549206349206347,2.2094285714285715,609.8022857142857
16024,487.03,107,21,7.120430282478912,23.47107438016529,Positive Response,10,Moderate Discount Strategy,1.9286363636363637,1.7357727272727275,185.72768181818185
16027,1037.42,952,18,26.836752148214273,22.88220551378446,High Response,20,High Discount Strategy,3.693157894736842,2.954526315789474,2812.709052631579
16028,1113.74,18,4,9.092321271613553,12.92929292929293,Positive Response,10,Moderate Discount Strategy,5.3,4.77,85.85999999999999
16029,41019.3,16278,140,168.58182926983457,2.3124865678057165,High Response,20,High Discount Strategy,4.007304964539007,3.205843971631206,52184.72817021277
16032,41184.3,1467,209,6.314269778567382,23.085137085137085,Positive Response,10,Moderate Discount Strategy,2.1316190476190475,1.9184571428571429,2814.3766285714287
16033,1980.68,723,256,3.2615630176253334,16.149712803409304,Positive Response,10,Moderate Discount Strategy,3.446614785992218,3.101953307392996,2242.712241245136
16034,1985.63,343,33,8.421045248125875,19.893048128342247,Positive Response,10,Moderate Discount Strategy,2.22,1.9980000000000002,685.3140000000001
16035,473.62,33,20,4.118454905808448,18.41185072159705,Positive Response,10,Moderate Discount Strategy,7.772857142857142,6.995571428571428,230.85385714285712
16036,1757.42,653,84,10.766267648458541,21.13033448673587,High Response,20,High Discount Strategy,4.015294117647059,3.2122352941176473,2097.5896470588236
16037,1797.92,338,31,12.617276476801957,16.21212121212121,High Response,20,High Discount Strategy,2.9009375,2.32075,784.4135
16039,654.32,409,31,10.402781981672684,11.176470588235293,Positive Response,10,Moderate Discount Strategy,1.7359375,1.56234375,638.9985937499999
16040,1093.6000000000001,501,59,9.801934560674026,16.547619047619047,Positive Response,10,Moderate Discount Strategy,4.178333333333334,3.7605000000000004,1884.0105
16042,1103.3500000000001,687,58,10.12875196744698,18.837772397094433,Positive Response,10,Moderate Discount Strategy,2.9798305084745764,2.6818474576271187,1842.4292033898305
16043,1067.85,508,33,12.128150545172147,23.529411764705884,High Response,20,High Discount Strategy,3.7205882352941178,2.976470588235294,1512.0470588235294
16044,1082.6,170,18,9.742634836166468,20.557275541795665,Positive Response,10,Moderate Discount Strategy,3.023157894736842,2.7208421052631575,462.5431578947368
16045,1844.03,1211,64,16.21310760797097,18.629370629370626,High Response,20,High Discount Strategy,2.5206153846153847,2.016492307692308,2441.9721846153852
16046,2094.23,248,21,6.441713671372771,24.352617079889807,Positive Response,10,Moderate Discount Strategy,2.523181818181818,2.2708636363636363,563.1741818181818
16047,235.78,1,0,9.263391155199379,0.0,Positive Response,10,Moderate Discount Strategy,107.14,96.426,96.426
16048,813.7500000000001,425,35,10.333897727205555,16.772486772486772,Positive Response,10,Moderate Discount Strategy,2.2227777777777775,2.0004999999999997,850.2124999999999
16049,818.7900000000001,369,185,2.835253970015321,23.843396746622552,Positive Response,10,Moderate Discount Strategy,2.734731182795699,2.4612580645161293,908.2042258064517
16050,777.34,110,10,9.75937278753803,5.818181818181818,Positive Response,10,Moderate Discount Strategy,2.1454545454545455,1.930909090909091,212.4
16051,175.24,80,11,8.992170770242543,2.3931623931623935,Positive Response,10,Moderate Discount Strategy,2.6366666666666667,2.373,189.84000000000003
16053,1939.29,1274,109,9.028743274454222,24.452762923351155,Positive Response,10,Moderate Discount Strategy,3.7104545454545454,3.3394090909090908,4254.407181818182
16054,2122.89,411,51,12.868661852492561,25.04072398190045,High Response,20,High Discount Strategy,10.633653846153845,8.506923076923076,3496.3453846153843
16057,1572.23,828,96,9.421861660109682,17.45704467353952,Positive Response,10,Moderate Discount Strategy,3.3029896907216494,2.9726907216494847,2461.3879175257734
16058,1591.73,18,1,11.719682285745645,5.970149253731342,High Response,20,High Discount Strategy,3.35,2.68,48.24
16059,1711.16,841,230,3.101602852015639,13.755739210284665,Positive Response,10,Moderate Discount Strategy,2.7236796536796537,2.4513116883116886,2061.55312987013
16060,1718.66,243,23,10.247944589935544,28.107344632768363,Positive Response,10,Moderate Discount Strategy,4.502083333333333,4.051875,984.6056249999999
16061,541.95,19,2,9.776744547823744,19.2090395480226,Positive Response,10,Moderate Discount Strategy,11.383333333333333,10.245,194.65499999999997
16062,1697.23,1235,120,7.785591037868505,24.476033057851243,Positive Response,10,Moderate Discount Strategy,2.6821487603305787,2.413933884297521,2981.2083471074384
16064,1709.83,55,16,4.212044260796033,20.361990950226247,Positive Response,10,Moderate Discount Strategy,2.703529411764706,2.4331764705882355,133.82470588235296
16065,1977.38,1207,352,3.129296723273666,20.408618765559275,Positive Response,10,Moderate Discount Strategy,2.105184135977337,1.8946657223796033,2286.861526912181
16067,3229.51,1236,67,14.740330267018685,23.175473579262217,High Response,20,High Discount Strategy,3.8464705882352943,3.0771764705882356,3803.390117647059
16068,3269.11,48,34,2.682740213357104,10.909090909090908,Positive Response,10,Moderate Discount Strategy,2.584,2.3256,111.62880000000001
16069,437.9,138,24,8.382200089667531,24.72727272727273,Positive Response,10,Moderate Discount Strategy,5.182,4.6638,643.6044
16071,731.0600000000001,517,51,10.062318334158492,22.928994082840237,Positive Response,10,Moderate Discount Strategy,2.3390384615384616,2.1051346153846153,1088.3545961538462
16072,3587.82,1440,507,3.1276512618953967,21.997066543152695,Positive Response,10,Moderate Discount Strategy,3.7012007874015747,3.331080708661417,4796.756220472441
16074,3595.77,38,24,5.175945603818731,16.651851851851852,Positive Response,10,Moderate Discount Strategy,7.416,6.6744,253.62720000000002
16075,719.23,271,40,9.058745242802344,17.040099214551468,Positive Response,10,Moderate Discount Strategy,4.703414634146341,4.233073170731707,1147.1628292682926
16077,2234.4,840,7,229.985761504418,9.482758620689653,High Response,20,High Discount Strategy,2.025,1.62,1360.8000000000002
16078,2300.4,184,37,4.354087135637957,22.22910216718266,Positive Response,10,Moderate Discount Strategy,2.0589473684210526,1.8530526315789475,340.96168421052636
16080,375.2,170,19,9.569783122119455,12.716049382716047,Positive Response,10,Moderate Discount Strategy,3.1525,2.83725,482.3325
16081,1633.39,757,166,4.003683760957574,23.585769637196194,Positive Response,10,Moderate Discount Strategy,3.194071856287425,2.8746646706586825,2176.121155688623
16082,1637.14,39,15,4.255989486019724,13.522727272727273,Positive Response,10,Moderate Discount Strategy,4.14375,3.729375,145.445625
16083,1016.1,606,39,10.604566560648612,19.090909090909086,Positive Response,10,Moderate Discount Strategy,2.035,1.8315000000000001,1109.8890000000001
16085,1354.42,746,207,2.9916618888271893,23.115842490842493,Positive Response,10,Moderate Discount Strategy,3.058894230769231,2.753004807692308,2053.741586538462
16086,1713.6,1015,97,8.576564381353718,17.08529565672423,Positive Response,10,Moderate Discount Strategy,3.088163265306122,2.77934693877551,2821.037142857143
16087,1743.6,664,9,44.94177607742857,23.220973782771534,High Response,20,High Discount Strategy,2.41,1.9280000000000002,1280.192
16088,1739.92,373,5,30.203650513560493,14.89451476793249,High Response,20,High Discount Strategy,4.359999999999999,3.4879999999999995,1301.024
16089,1437.43,119,46,2.8588503360369923,21.451814768460572,Positive Response,10,Moderate Discount Strategy,3.2412765957446807,2.9171489361702125,347.1407234042553
16090,263.49,58,17,4.9267593500227695,26.596596596596598,Positive Response,10,Moderate Discount Strategy,4.415555555555556,3.974,230.49200000000002
16092,757.58,560,38,10.86800464079081,25.706771860618016,High Response,20,High Discount Strategy,2.0384615384615383,1.6307692307692307,913.2307692307692
16094,2602.33,1373,132,9.483300708575753,32.47318295739348,Positive Response,10,Moderate Discount Strategy,4.650676691729323,4.185609022556391,5746.841187969924
16095,2617.33,265,29,8.988198157479223,16.565656565656564,Positive Response,10,Moderate Discount Strategy,2.4066666666666667,2.166,573.99
16096,1213.3500000000001,545,53,12.205946209033494,30.596359070935343,High Response,20,High Discount Strategy,5.699259259259259,4.559407407407408,2484.877037037037
16098,2367.87,1529,94,12.089721944345523,20.151147098515523,High Response,20,High Discount Strategy,3.189052631578947,2.551242105263158,3900.8491789473687
16099,2435.67,526,29,14.811232372573038,17.494949494949495,High Response,20,High Discount Strategy,1.8279999999999998,1.4624,769.2224
16100,841.3,438,36,10.6385054163858,10.81081081081081,Positive Response,10,Moderate Discount Strategy,1.6881081081081082,1.5192972972972973,665.4522162162162
16101,1928.26,1087,115,9.61184942219791,16.36604774535809,Positive Response,10,Moderate Discount Strategy,3.0014655172413796,2.701318965517242,2936.3337155172417
16103,4742.27,2081,151,13.470398903437324,18.612735542560102,High Response,20,High Discount Strategy,3.1805921052631576,2.5444736842105264,5295.049736842106
16104,4762.07,925,203,6.4644260613939,26.934197407776672,Positive Response,10,Moderate Discount Strategy,3.6151470588235295,3.253632352941177,3009.6099264705886
16105,2476.25,1795,96,11.374985661712353,19.604123711340204,High Response,20,High Discount Strategy,1.841958762886598,1.4735670103092786,2645.0527835051553
16108,2049.23,858,86,9.505325817799132,19.82316534040672,Positive Response,10,Moderate Discount Strategy,3.2011494252873565,2.8810344827586207,2471.9275862068966
16109,1393.42,480,12,49.82300999480222,0.0,High Response,20,High Discount Strategy,0.6792307692307692,0.5433846153846154,260.82461538461536
16110,459.34,160,87,2.4832554375508127,23.680926916221036,Positive Response,10,Moderate Discount Strategy,3.8406818181818183,3.4566136363636364,553.0581818181818
16111,541.08,233,72,3.5790917263008777,24.625302175664785,Positive Response,10,Moderate Discount Strategy,3.03986301369863,2.7358767123287673,637.4592739726028
16115,887.82,595,139,3.435796713411907,22.355311355311358,Positive Response,10,Moderate Discount Strategy,2.3937142857142857,2.1543428571428573,1281.834
16117,892.92,191,58,3.473795110760867,11.372334609075999,Positive Response,10,Moderate Discount Strategy,2.5176271186440675,2.2658644067796607,432.7801016949152
16118,4314.81,2851,40,50.5243571514416,15.402808573540277,High Response,20,High Discount Strategy,2.763170731707317,2.210536585365854,6302.23980487805
16119,4376.25,571,37,13.161890542532502,21.801169590643276,High Response,20,High Discount Strategy,3.314736842105263,2.651789473684211,1514.1717894736844
16120,1657.1200000000001,1283,61,29.25011706202453,15.935483870967742,High Response,20,High Discount Strategy,1.4801612903225805,1.1841290322580644,1519.2375483870967
16121,1658.3700000000001,303,139,2.7808922596758032,18.622147083685547,Positive Response,10,Moderate Discount Strategy,2.2273571428571426,2.0046214285714283,607.4002928571427
16122,595.38,270,25,8.425342487533184,27.771203155818544,Positive Response,10,Moderate Discount Strategy,1.9796153846153846,1.781653846153846,481.04653846153843
16124,1489.5900000000001,749,70,11.897578860209363,28.12126999283839,High Response,20,High Discount Strategy,3.958732394366197,3.166985915492958,2372.0724507042255
16125,4256.95,1819,286,6.420542363295186,14.159615065538413,Positive Response,10,Moderate Discount Strategy,3.613554006968641,3.2521986062717767,5915.749264808362
16126,8333.58,4015,263,9.10517485517697,25.758859784283516,Positive Response,10,Moderate Discount Strategy,3.0852651515151517,2.7767386363636364,11148.605625
16127,8356.83,68,34,2.3194846298688523,17.846153846153847,Positive Response,10,Moderate Discount Strategy,2.806285714285714,2.525657142857143,171.7446857142857
16128,1885.43,1457,92,18.29031879827726,18.158681682254883,High Response,20,High Discount Strategy,2.235268817204301,1.788215053763441,2605.4293333333335
16129,1920.8300000000002,1261,95,9.558193832051508,25.650000000000002,Positive Response,10,Moderate Discount Strategy,3.4642708333333334,3.11784375,3931.60096875
16130,1396.05,296,54,8.64767586456523,18.753939393939394,Positive Response,10,Moderate Discount Strategy,5.916727272727273,5.325054545454545,1576.2161454545453
16131,6348.88,2966,140,14.907881152071498,21.09760216143195,High Response,20,High Discount Strategy,2.9397163120567376,2.35177304964539,6975.358865248227
16132,6450.88,280,16,12.156928751978729,12.121212121212121,High Response,20,High Discount Strategy,4.526470588235294,3.621176470588235,1013.9294117647058
16133,8343.22,4766,205,15.90908148864742,30.0,High Response,20,High Discount Strategy,5.908349514563106,4.726679611650485,22527.35502912621
16134,8403.22,1266,80,11.362618743283013,24.257388701833147,High Response,20,High Discount Strategy,2.3130864197530863,1.8504691358024692,2342.693925925926
16135,1527.25,186,17,10.150356622633703,28.117913832199548,Positive Response,10,Moderate Discount Strategy,3.522222222222222,3.17,589.62
16136,301.9,234,8,17.681002310896552,19.200000000000003,High Response,20,High Discount Strategy,1.3322222222222222,1.0657777777777777,249.392
16137,405.0,210,27,9.178897916919325,21.582181259600613,Positive Response,10,Moderate Discount Strategy,2.6964285714285716,2.4267857142857143,509.625
16138,893.85,774,36,17.155353541403798,29.89464040311498,High Response,20,High Discount Strategy,4.008108108108108,3.2064864864864866,2481.8205405405406
16139,910.35,272,25,9.57291380561412,21.965811965811966,Positive Response,10,Moderate Discount Strategy,2.7792307692307694,2.5013076923076927,680.3556923076924
16140,814.72,646,35,11.513545720569798,19.193548387096772,High Response,20,High Discount Strategy,2.189722222222222,1.7517777777777779,1131.6484444444445
16141,832.4200000000001,172,19,9.28217709342684,28.909090909090914,Positive Response,10,Moderate Discount Strategy,5.9545,5.359050000000001,921.7566000000002
16143,2473.39,1092,121,10.113966342960428,14.715066354410617,Positive Response,10,Moderate Discount Strategy,3.17827868852459,2.860450819672131,3123.612295081967
16145,2996.83,2147,171,9.718756433272125,25.97729789590255,Positive Response,10,Moderate Discount Strategy,3.4405232558139534,3.096470930232558,6648.123087209302
16146,3005.9500000000003,117,11,9.116694748085209,20.606060606060606,Positive Response,10,Moderate Discount Strategy,2.3916666666666666,2.1525,251.84249999999997
16147,1996.8700000000001,1149,113,9.51762364201578,24.043441938178784,Positive Response,10,Moderate Discount Strategy,2.9630701754385966,2.666763157894737,3064.1108684210526
16148,2023.91,178,7,13.082042595171409,17.24137931034483,High Response,20,High Discount Strategy,2.1625,1.7300000000000002,307.94000000000005
16149,310.3,290,11,21.683313582506287,19.743589743589745,High Response,20,High Discount Strategy,0.73,0.584,169.35999999999999
16150,2331.67,1117,120,10.547559965541137,16.725698543880362,Positive Response,10,Moderate Discount Strategy,3.2152892561983473,2.8937603305785125,3232.3302892561983
16153,3293.36,2620,136,13.97835437622446,18.902897589028974,High Response,20,High Discount Strategy,2.4486861313868613,1.958948905109489,5132.446131386861
16155,3309.26,495,47,9.347473208200677,17.55050505050505,Positive Response,10,Moderate Discount Strategy,3.4614583333333333,3.1153125,1542.0796874999999
16156,3043.04,1932,132,11.769292414468998,20.62552831783601,High Response,20,High Discount Strategy,2.371203007518797,1.8969624060150378,3664.9313684210533
16158,3096.14,182,34,9.219682648833677,17.80168067226891,Positive Response,10,Moderate Discount Strategy,7.056285714285714,6.350657142857143,1155.8196
16159,867.79,399,37,11.322377844283684,26.32280701754386,High Response,20,High Discount Strategy,3.866052631578947,3.092842105263158,1234.0439999999999
16161,7180.59,3760,677,4.9568779478597005,14.069283715301415,Positive Response,10,Moderate Discount Strategy,2.637300884955752,2.373570796460177,8924.626194690265
16163,7210.59,576,66,9.89870780781156,26.77521483491633,Positive Response,10,Moderate Discount Strategy,5.217910447761194,4.696119402985075,2704.9647761194033
16165,1992.98,2,0,12.294323138769636,0.0,High Response,20,High Discount Strategy,39.95,31.960000000000004,63.92000000000001
16166,420.53000000000003,173,21,9.809416157721893,19.893048128342244,Positive Response,10,Moderate Discount Strategy,3.5700000000000003,3.2130000000000005,555.849
16167,1369.12,1494,62,13.21857598912096,30.788270110304012,High Response,20,High Discount Strategy,4.1814285714285715,3.345142857142857,4997.643428571429
16168,6596.87,3207,210,12.800557168851084,20.37728835610073,High Response,20,High Discount Strategy,4.40218009478673,3.521744075829384,11294.233251184834
16170,6848.87,4286,314,10.528782257323853,17.27746031746032,Positive Response,10,Moderate Discount Strategy,1.8286031746031746,1.6457428571428572,7053.653885714286
16172,4983.95,632,43,8.921073143834915,19.937304075235108,Positive Response,10,Moderate Discount Strategy,2.0075,1.8067499999999999,1141.866
16174,1227.0,780,41,13.136248583788765,7.215007215007215,High Response,20,High Discount Strategy,1.7476190476190474,1.398095238095238,1090.5142857142857
16175,1237.2,399,39,10.065113931785476,14.4,Positive Response,10,Moderate Discount Strategy,3.01125,2.710125,1081.3398750000001
16176,2036.79,952,71,11.354555370138753,18.81808278867102,High Response,20,High Discount Strategy,3.585,2.8680000000000003,2730.3360000000002
16177,2052.69,926,102,9.535805568402388,17.420960916106548,Positive Response,10,Moderate Discount Strategy,3.740388349514563,3.366349514563107,3117.239650485437
16178,1915.3600000000001,210,16,13.384614962208168,13.031674208144796,High Response,20,High Discount Strategy,3.054705882352941,2.4437647058823533,513.1905882352942
16180,5962.69,3946,164,16.48808413702498,18.03489439853076,High Response,20,High Discount Strategy,2.0404242424242427,1.6323393939393942,6441.211248484849
16182,5995.69,2096,22,65.74761506674972,7.878787878787879,High Response,20,High Discount Strategy,1.52,1.2160000000000002,2548.7360000000003
16183,3354.0,238,25,10.209273450747107,14.153846153846153,Positive Response,10,Moderate Discount Strategy,4.107692307692307,3.6969230769230768,879.8676923076923
16185,739.1,61,8,6.809712177525288,13.93819855358317,Positive Response,10,Moderate Discount Strategy,2.852222222222222,2.567,156.58700000000002
16186,5014.13,3805,306,10.430806444373165,17.183061889250812,Positive Response,10,Moderate Discount Strategy,1.9708143322475569,1.7737328990228012,6749.053680781759
16188,5019.17,56,6,9.075865340326297,18.886198547215496,Positive Response,10,Moderate Discount Strategy,3.792857142857143,3.4135714285714287,191.16
16190,2493.62,1143,112,9.720336695485706,22.873856307184642,Positive Response,10,Moderate Discount Strategy,4.2179646017699115,3.7961681415929203,4339.020185840708
16191,10344.300000000001,5997,97,32.55177335050873,15.113072255929401,High Response,20,High Discount Strategy,3.198469387755102,2.558775510204082,15344.976734693879
16192,10497.300000000001,208,10,12.238769804063578,11.854545454545455,High Response,20,High Discount Strategy,2.083636363636364,1.6669090909090913,346.717090909091
16193,351.3,160,18,9.178570282751707,21.486068111455108,Positive Response,10,Moderate Discount Strategy,3.0389473684210526,2.7350526315789474,437.60842105263157
16194,315.98,140,7,18.83029495148945,16.176470588235293,High Response,20,High Discount Strategy,5.3875,4.3100000000000005,603.4000000000001
16195,313.35,123,15,9.809112716608754,21.082089552238806,Positive Response,10,Moderate Discount Strategy,3.3312500000000003,2.9981250000000004,368.769375
16196,323.25,26,3,9.417113787579995,12.647058823529411,Positive Response,10,Moderate Discount Strategy,3.7125,3.34125,86.8725
16197,1978.46,1420,92,10.828108188332266,24.411860540892796,High Response,20,High Discount Strategy,3.235698924731183,2.5885591397849463,3675.753978494624
16198,2016.71,255,17,13.39470942956716,21.111111111111114,High Response,20,High Discount Strategy,3.4811111111111113,2.784888888888889,710.1466666666668
16199,866.25,321,9,30.74195772603624,0.0,High Response,20,High Discount Strategy,3.34,2.672,857.7120000000001
16200,4529.03,2552,440,5.123797305865059,19.799988371416944,Positive Response,10,Moderate Discount Strategy,2.945192743764172,2.6506734693877547,6764.51869387755
16201,4539.23,135,12,10.135139363579725,24.132730015082952,Positive Response,10,Moderate Discount Strategy,3.6884615384615387,3.319615384615385,448.148076923077
16202,2116.32,1116,105,9.83596892784937,21.97663971248877,Positive Response,10,Moderate Discount Strategy,4.129811320754717,3.7168301886792454,4147.982490566038
16203,2136.72,345,41,8.415009397667928,15.520282186948856,Positive Response,10,Moderate Discount Strategy,2.6209523809523807,2.3588571428571425,813.8057142857142
16204,527.9300000000001,453,50,6.59145505230634,22.685680332739157,Positive Response,10,Moderate Discount Strategy,2.406862745098039,2.166176470588235,981.2779411764706
16205,1059.18,936,99,5.736503868289123,16.806060606060605,Positive Response,10,Moderate Discount Strategy,2.2876,2.05884,1927.07424
16206,2037.81,1107,176,5.98087773520512,19.705529875021398,Positive Response,10,Moderate Discount Strategy,3.29954802259887,2.969593220338983,3287.3396949152543
16208,2736.39,1208,186,8.762667766149878,24.389220929013312,Positive Response,10,Moderate Discount Strategy,3.4893048128342246,3.1403743315508024,3793.5721925133694
16209,2776.19,716,20,34.363008783908285,19.145947464531535,High Response,20,High Discount Strategy,4.0600000000000005,3.2480000000000007,2325.5680000000007
16210,17388.21,6704,157,34.86773160872192,21.012658227848103,High Response,20,High Discount Strategy,4.137025316455696,3.3096202531645567,22187.694177215188
16211,17403.21,365,12,9.686461148268073,9.883449883449883,Positive Response,10,Moderate Discount Strategy,2.594615384615385,2.3351538461538466,852.331153846154
16212,586.87,327,36,9.365919298324338,18.03088803088803,Positive Response,10,Moderate Discount Strategy,3.488648648648648,3.139783783783783,1026.709297297297
16214,944.9,888,53,9.814753557626826,25.37037037037037,Positive Response,10,Moderate Discount Strategy,3.3551851851851855,3.019666666666667,2681.4640000000004
16218,1315.69,1149,79,10.70100402591599,14.59,Positive Response,10,Moderate Discount Strategy,1.5295,1.3765500000000002,1581.65595
16219,1355.29,48,0,-2.894172944693845,0.0,Negative Response,0,No Discount Strategy,0.85,0.85,40.8
16221,1302.2,787,155,3.23219013155231,24.592760180995473,Positive Response,10,Moderate Discount Strategy,3.198525641025641,2.878673076923077,2265.5157115384613
16222,1325.8,138,22,9.555189816086523,14.26086956521739,Positive Response,10,Moderate Discount Strategy,4.897826086956522,4.40804347826087,608.3100000000001
16223,1070.1000000000001,643,122,4.94843158197904,20.15098722415796,Positive Response,10,Moderate Discount Strategy,2.719918699186992,2.447926829268293,1574.0169512195123
16224,1087.05,439,19,13.91494341928792,22.76470588235294,High Response,20,High Discount Strategy,2.3765,1.9012000000000002,834.6268000000001
16225,1745.5900000000001,788,165,5.178798236321919,15.70567986230637,Positive Response,10,Moderate Discount Strategy,3.0783132530120483,2.7704819277108435,2183.139759036145
16226,1762.99,329,22,11.230987428664802,18.08695652173913,High Response,20,High Discount Strategy,1.797826086956522,1.4382608695652177,473.18782608695665
16227,695.3000000000001,346,27,14.095794129793953,29.773691654879777,High Response,20,High Discount Strategy,3.0285714285714285,2.422857142857143,838.3085714285714
16228,870.71,555,53,8.195389314906729,22.142857142857142,Positive Response,10,Moderate Discount Strategy,2.9607407407407407,2.6646666666666667,1478.89
16229,1839.1100000000001,974,128,10.474923796679366,10.312426591496358,Positive Response,10,Moderate Discount Strategy,2.44031007751938,2.196279069767442,2139.1758139534886
16231,1857.26,563,99,5.091767552130497,20.102564102564102,Positive Response,10,Moderate Discount Strategy,2.226,2.0034,1127.9142
16232,1707.24,1299,67,15.1180889988236,14.908722109533466,High Response,20,High Discount Strategy,2.020441176470588,1.6163529411764703,2099.642470588235
16233,1722.09,515,52,10.51216476385774,15.444743935309974,Positive Response,10,Moderate Discount Strategy,4.544528301886793,4.090075471698113,2106.3888679245283
16234,1429.03,170,14,9.765753104250358,18.349206349206348,Positive Response,10,Moderate Discount Strategy,3.058,2.7521999999999998,467.87399999999997
16235,1169.9,458,68,9.197256608898362,26.673486786018756,Positive Response,10,Moderate Discount Strategy,5.343478260869565,4.809130434782609,2202.581739130435
16237,1186.4,57,6,10.948528401511421,9.183673469387758,High Response,20,High Discount Strategy,4.128571428571428,3.3028571428571425,188.26285714285711
16238,136.65,85,5,38.58521491616535,16.92913385826772,High Response,20,High Discount Strategy,0.8083333333333332,0.6466666666666666,54.96666666666666
16239,1020.0,464,15,28.106502239796406,15.0,High Response,20,High Discount Strategy,2.5375,2.0300000000000002,941.9200000000001
16241,1655.0,912,320,2.4311660204551946,19.231568016614744,Positive Response,10,Moderate Discount Strategy,2.6179127725856697,2.356121495327103,2148.782803738318
16242,3816.29,1952,379,3.9564786763232616,18.246963562753038,Positive Response,10,Moderate Discount Strategy,2.9776315789473684,2.679868421052632,5231.103157894737
16244,3824.79,619,62,9.055065456823744,19.991859991859993,Positive Response,10,Moderate Discount Strategy,2.6331746031746035,2.369857142857143,1466.9415714285715
16246,1056.63,336,87,3.6520905132181274,10.524891774891778,Positive Response,10,Moderate Discount Strategy,2.8926136363636363,2.603352272727273,874.7263636363637
16250,821.35,168,24,8.75206275655859,31.181176470588234,Positive Response,10,Moderate Discount Strategy,4.0448,3.6403200000000004,611.5737600000001
16251,401.94,44,19,4.348462268352618,26.000000000000007,Positive Response,10,Moderate Discount Strategy,3.0309999999999997,2.7279,120.0276
16252,277.39,158,20,8.269943925813683,15.750915750915752,Positive Response,10,Moderate Discount Strategy,3.195238095238095,2.8757142857142854,454.3628571428571
16253,3587.39,2797,173,11.080410473993057,16.657471264367818,High Response,20,High Discount Strategy,2.150747126436782,1.7205977011494256,4812.511770114943
16254,3588.34,543,73,6.327833193156164,13.349619642525823,Positive Response,10,Moderate Discount Strategy,3.154864864864865,2.8393783783783784,1541.7824594594595
16255,2275.49,1282,263,3.7292085504670283,22.03768453768454,Positive Response,10,Moderate Discount Strategy,3.330416666666667,2.9973750000000003,3842.6347500000006
16256,2284.34,1009,15,28.06091745709627,6.445312500000002,High Response,20,High Discount Strategy,5.403125,4.322500000000001,4361.402500000001
16258,6719.11,4206,208,14.641971768329014,17.306075105118165,High Response,20,High Discount Strategy,2.410956937799043,1.9287655502392345,8112.38790430622
16259,6739.01,143,84,2.389937178673639,16.156862745098042,Positive Response,10,Moderate Discount Strategy,2.868235294117647,2.5814117647058823,369.1418823529412
16261,340.94,153,43,5.476359983109723,16.043571812802583,Positive Response,10,Moderate Discount Strategy,2.2611363636363637,2.0350227272727275,311.3584772727273
16262,740.3000000000001,446,45,10.3708472736945,24.503105590062113,Positive Response,10,Moderate Discount Strategy,3.0539130434782606,2.748521739130435,1225.840695652174
16263,755.15,197,20,9.14538406121505,25.649717514124298,Positive Response,10,Moderate Discount Strategy,2.762380952380952,2.486142857142857,489.77014285714284
16264,813.58,616,62,8.527732057618136,18.845598845598847,Positive Response,10,Moderate Discount Strategy,2.5863492063492064,2.327714285714286,1433.872
16265,1428.3700000000001,568,78,8.84317500203081,21.097046413502106,Positive Response,10,Moderate Discount Strategy,5.9860759493670885,5.387468354430379,3060.0820253164557
16266,1488.17,393,47,9.034232085306945,27.182835820895523,Positive Response,10,Moderate Discount Strategy,4.748125,4.2733125,1679.4118125000002
16267,896.06,198,6,18.999642266832186,17.310924369747898,High Response,20,High Discount Strategy,1.2457142857142858,0.9965714285714287,197.3211428571429
16269,699.87,579,52,10.206919646262305,19.245283018867923,Positive Response,10,Moderate Discount Strategy,2.3118867924528304,2.0806981132075473,1204.72420754717
16271,1978.18,1335,168,8.101048133336862,15.951846561926137,Positive Response,10,Moderate Discount Strategy,2.1445562130177516,1.9301005917159764,2576.6842899408284
16273,1993.18,40,14,7.843354656473962,14.976939203354299,Positive Response,10,Moderate Discount Strategy,8.065999999999999,7.259399999999999,290.376
16274,321.8,153,64,2.567162154601021,28.265460030165908,Positive Response,10,Moderate Discount Strategy,4.313846153846153,3.882461538461538,594.0166153846153
16275,1565.74,932,77,11.049788125693912,22.655677655677657,High Response,20,High Discount Strategy,3.435769230769231,2.748615384615385,2561.7095384615386
16276,1716.79,1047,19,28.20688658011425,12.307692307692308,High Response,20,High Discount Strategy,2.8435,2.2748000000000004,2381.7156000000004
16277,1818.79,33,22,3.7201240847988397,31.86700767263427,Positive Response,10,Moderate Discount Strategy,6.521304347826088,5.869173913043479,193.6827391304348
16278,531.56,228,31,9.04565025020414,32.0360824742268,Positive Response,10,Moderate Discount Strategy,5.9071875,5.31646875,1212.1548750000002
16279,4180.5,2637,241,9.226726656455133,19.423932710645996,Positive Response,10,Moderate Discount Strategy,2.6624793388429753,2.396231404958678,6318.862214876033
16280,4195.5,101,15,8.447141076302781,25.0,Positive Response,10,Moderate Discount Strategy,3.80625,3.425625,345.988125
16281,1345.46,636,21,37.086455124756604,19.65289256198347,High Response,20,High Discount Strategy,2.565,2.052,1305.0720000000001
16282,1361.96,676,21,16.59201077177717,21.88429752066116,High Response,20,High Discount Strategy,3.8590909090909093,3.087272727272728,2086.996363636364
16283,2769.01,1631,415,3.8667914074124594,17.428613053613052,Positive Response,10,Moderate Discount Strategy,2.283774038461538,2.0553966346153842,3352.3519110576917
16284,2779.51,139,29,7.578595404852527,16.213333333333335,Positive Response,10,Moderate Discount Strategy,2.0673333333333335,1.8606000000000003,258.62340000000006
16285,205.8,60,30,2.955025144458073,11.443932411674346,Positive Response,10,Moderate Discount Strategy,2.987096774193548,2.688387096774193,161.3032258064516
16286,311.05,101,16,9.112986373409347,19.294117647058822,Positive Response,10,Moderate Discount Strategy,4.167647058823529,3.750882352941176,378.8391176470588
16287,833.2800000000001,1128,33,24.354001706859584,28.823529411764707,High Response,20,High Discount Strategy,2.1217647058823528,1.6974117647058824,1914.6804705882353
16288,864.48,19,6,8.641072882435513,15.378151260504202,Positive Response,10,Moderate Discount Strategy,8.721428571428572,7.849285714285714,149.13642857142858
16289,134.21,97,20,5.476802583829262,22.5974025974026,Positive Response,10,Moderate Discount Strategy,1.8066666666666666,1.6260000000000001,157.722
16290,1930.7,957,123,9.835050205773312,25.372208436724566,Positive Response,10,Moderate Discount Strategy,5.168467741935483,4.651620967741935,4451.6012661290315
16291,1957.7,1,0,10.447288256124299,0.0,Positive Response,10,Moderate Discount Strategy,117.72,105.94800000000001,105.94800000000001
16292,938.01,497,44,9.917420675749703,27.578154425612055,Positive Response,10,Moderate Discount Strategy,5.3020000000000005,4.771800000000001,2371.5846
16293,2395.9100000000003,1040,122,9.446135685549967,22.833126636351114,Positive Response,10,Moderate Discount Strategy,3.874308943089431,3.486878048780488,3626.3531707317075
16294,2408.96,54,7,8.660836933303639,17.5,Positive Response,10,Moderate Discount Strategy,2.71875,2.446875,132.13125
16296,1298.67,645,73,9.650877271631833,22.193958664546898,Positive Response,10,Moderate Discount Strategy,3.219864864864865,2.8978783783783784,1869.131554054054
16298,1313.67,110,19,9.65397967289346,14.0,Positive Response,10,Moderate Discount Strategy,5.6375,5.07375,558.1125000000001
16299,487.5,107,11,9.229827947459908,23.18840579710145,Positive Response,10,Moderate Discount Strategy,2.891666666666667,2.6025000000000005,278.46750000000003
16300,1364.42,643,237,2.7023846266680804,15.86707410236822,Positive Response,10,Moderate Discount Strategy,2.5734033613445377,2.316063025210084,1489.228525210084
16301,1367.32,41,5,8.58481808900784,22.958333333333332,Positive Response,10,Moderate Discount Strategy,3.3233333333333337,2.9910000000000005,122.63100000000003
16303,2547.84,1200,123,9.712741861290347,20.584477802618977,Positive Response,10,Moderate Discount Strategy,3.3070967741935484,2.9763870967741934,3571.664516129032
16304,2567.64,228,24,9.044975092872678,17.314285714285717,Positive Response,10,Moderate Discount Strategy,2.7604,2.48436,566.43408
16306,545.55,255,27,9.347734147862628,23.33804809052334,Positive Response,10,Moderate Discount Strategy,2.8482142857142856,2.563392857142857,653.6651785714286
16307,1184.72,1123,74,12.204059129517624,23.029333333333334,High Response,20,High Discount Strategy,1.8333333333333333,1.4666666666666668,1647.0666666666668
16308,1600.0,8000,2,546.1079140066579,0.0,High Response,20,High Discount Strategy,0.32,0.256,2048.0
16310,2560.0,270,27,9.459651503005528,17.87878787878788,Positive Response,10,Moderate Discount Strategy,3.1278571428571427,2.8150714285714287,760.0692857142858
16312,460.08,53,9,8.722192535504686,18.71559633027523,Positive Response,10,Moderate Discount Strategy,5.62,5.058,268.074
16314,1476.4,636,61,10.675721091932356,25.073313782991203,Positive Response,10,Moderate Discount Strategy,3.6217741935483874,3.2595967741935485,2073.103548387097
16315,1491.4,68,8,9.152133545156742,22.146892655367235,Positive Response,10,Moderate Discount Strategy,4.163333333333333,3.747,254.796
16316,2786.5,1573,145,8.439600137326384,25.219529329118373,Positive Response,10,Moderate Discount Strategy,3.5066438356164387,3.155979452054795,4964.355678082192
16317,2806.0,346,47,9.263003534497424,27.605555555555554,Positive Response,10,Moderate Discount Strategy,4.728958333333334,4.2560625000000005,1472.597625
16320,4575.68,2587,184,11.280097758092433,17.7035217035217,High Response,20,High Discount Strategy,3.0657297297297297,2.452583783783784,6344.834248648649
16321,4590.53,124,10,9.726293214431713,11.019283746556473,Positive Response,10,Moderate Discount Strategy,2.1,1.8900000000000001,234.36
16323,230.9,96,2,55.72393638243847,3.5087719298245603,High Response,20,High Discount Strategy,1.7299999999999998,1.384,132.86399999999998
16325,2962.7,2270,119,10.324449659158432,22.924731182795696,Positive Response,10,Moderate Discount Strategy,2.42275,2.1804750000000004,4949.678250000001
16326,3003.26,401,166,3.9772164927998324,26.54327708219924,Positive Response,10,Moderate Discount Strategy,5.634011976047904,5.070610778443114,2033.3149221556887
16327,6832.97,5956,625,8.042291156377603,16.08480975893116,Positive Response,10,Moderate Discount Strategy,2.148067092651757,1.9332603833865813,11514.49884345048
16328,6874.97,141,15,9.739673449748791,24.004237288135595,Positive Response,10,Moderate Discount Strategy,2.879375,2.5914375,365.3926875
16329,1634.92,797,103,5.7200536103820445,15.29137529137529,Positive Response,10,Moderate Discount Strategy,2.268653846153846,2.0417884615384616,1627.305403846154
16330,1664.92,179,77,3.0563971467509785,18.178829717291258,Positive Response,10,Moderate Discount Strategy,2.3615384615384616,2.1253846153846156,380.4438461538462
16331,2024.1000000000001,756,33,21.38679331345654,17.347956131605184,High Response,20,High Discount Strategy,4.917647058823529,3.934117647058823,2974.1929411764704
16332,2037.7,331,45,4.758647046008996,27.112184648416534,Positive Response,10,Moderate Discount Strategy,3.118913043478261,2.807021739130435,929.124195652174
16334,417.21,206,53,2.994614590183225,24.502541757443716,Positive Response,10,Moderate Discount Strategy,2.7385185185185184,2.4646666666666666,507.7213333333333
16335,2747.62,1004,360,3.512571208231364,19.180846853977048,Positive Response,10,Moderate Discount Strategy,3.489141274238227,3.140227146814404,3152.7880554016615
16336,3415.69,1473,67,22.951450408061397,14.773755656108598,High Response,20,High Discount Strategy,3.6788235294117646,2.943058823529412,4335.125647058824
16340,3517.69,833,215,3.380657935878085,20.81111111111111,Positive Response,10,Moderate Discount Strategy,1.6497685185185187,1.484791666666667,1236.8314583333336
16341,1872.2,1624,80,15.190430004422858,20.395061728395063,High Response,20,High Discount Strategy,1.602469135802469,1.2819753086419752,2081.927901234568
16343,1878.92,170,34,3.4482129995755804,12.45021645021645,Positive Response,10,Moderate Discount Strategy,3.4774285714285713,3.1296857142857144,532.0465714285715
16344,731.12,688,43,11.594492451689517,4.4385026737967905,High Response,20,High Discount Strategy,1.8413636363636363,1.4730909090909092,1013.4865454545455
16345,741.3199999999999,323,70,4.345525176660714,21.155651859877214,Positive Response,10,Moderate Discount Strategy,2.6616901408450704,2.3955211267605634,773.7533239436619
16346,613.33,289,14,12.071790076716521,18.509803921568626,High Response,20,High Discount Strategy,1.462,1.1696,338.01439999999997
16347,2591.61,1374,256,4.843062793564944,21.4877546349279,Positive Response,10,Moderate Discount Strategy,3.2758365758754864,2.948252918287938,4050.8995097276265
16348,2595.51,359,30,10.184016414254463,14.993548387096775,Positive Response,10,Moderate Discount Strategy,1.447741935483871,1.302967741935484,467.76541935483874
16350,1124.67,532,64,9.578354887792399,24.96479791395046,Positive Response,10,Moderate Discount Strategy,3.9589230769230768,3.5630307692307692,1895.5323692307693
16351,3156.63,2075,178,10.028924350113336,16.94599627560521,Positive Response,10,Moderate Discount Strategy,2.0574860335195533,1.851737430167598,3842.3551675977656
16353,3176.13,1525,79,24.603578526156255,11.465517241379308,High Response,20,High Discount Strategy,2.07375,1.659,2529.975
16354,3323.75,442,100,4.050914906236216,22.76212236608276,Positive Response,10,Moderate Discount Strategy,2.5883168316831684,2.3294851485148516,1029.6324356435643
16355,723.66,179,47,3.7225709420247983,8.958333333333334,Positive Response,10,Moderate Discount Strategy,3.192083333333333,2.872875,514.244625
16356,416.35,97,27,4.682607729764864,12.257495590828924,Positive Response,10,Moderate Discount Strategy,2.132142857142857,1.9189285714285715,186.13607142857143
16357,204.10000000000002,143,12,9.719189380733646,17.415384615384617,Positive Response,10,Moderate Discount Strategy,1.916923076923077,1.7252307692307693,246.70800000000003
16358,874.45,763,44,14.54060642655554,24.475095785440615,High Response,20,High Discount Strategy,1.9228888888888889,1.5383111111111112,1173.7313777777779
16359,929.88,581,58,11.386455707910612,19.517205957883924,High Response,20,High Discount Strategy,3.2664406779661017,2.6131525423728816,1518.2416271186441
16362,946.83,127,12,9.058119433786718,20.652680652680655,Positive Response,10,Moderate Discount Strategy,2.6092307692307695,2.3483076923076927,298.235076923077
16365,1665.02,631,78,10.300183957107098,24.003432739755418,Positive Response,10,Moderate Discount Strategy,4.430759493670886,3.9876835443037972,2516.228316455696
16366,1766.78,626,59,10.006517858510273,13.838383838383837,Positive Response,10,Moderate Discount Strategy,3.2625,2.9362500000000002,1838.0925000000002
16367,1220.83,460,95,3.690133857291499,24.6780303030303,Positive Response,10,Moderate Discount Strategy,1.6011458333333335,1.4410312500000002,662.8743750000001
16368,549.8100000000001,56,20,3.1444791479388448,16.642453591606134,Positive Response,10,Moderate Discount Strategy,3.3852380952380954,3.0467142857142857,170.61599999999999
16369,1077.15,559,51,10.206624523339164,27.307692307692307,Positive Response,10,Moderate Discount Strategy,3.6490384615384617,3.2841346153846156,1835.8312500000002
16371,1111.15,108,10,9.104494769773005,16.0,Positive Response,10,Moderate Discount Strategy,3.686363636363636,3.3177272727272724,358.3145454545454
16372,931.73,564,222,2.815082094660186,17.836662590025817,Positive Response,10,Moderate Discount Strategy,2.2035874439461884,1.9832286995515696,1118.5409865470851
16373,934.58,119,28,4.761120459664306,24.254821741671538,Positive Response,10,Moderate Discount Strategy,2.88448275862069,2.596034482758621,308.9281034482759
16374,1254.57,534,236,2.4161405123937647,21.48653034728984,Positive Response,10,Moderate Discount Strategy,3.227805907172996,2.9050253164556965,1551.283518987342
16375,1256.67,74,12,5.673946895754345,13.053613053613052,Positive Response,10,Moderate Discount Strategy,1.7115384615384615,1.5403846153846152,113.98846153846152
16377,242.27999999999997,1428,4,86.75931021132206,14.8,High Response,20,High Discount Strategy,0.526,0.42080000000000006,600.9024000000001
16381,632.28,108,60,2.481426154333487,19.25425908068145,Positive Response,10,Moderate Discount Strategy,3.0368852459016393,2.7331967213114754,295.18524590163935
16382,351.2,167,43,9.620325423419668,24.761904761904763,Positive Response,10,Moderate Discount Strategy,4.2275,3.8047500000000003,635.3932500000001
16383,2247.98,1129,301,3.6123316231928886,12.702300246874879,Positive Response,10,Moderate Discount Strategy,2.8761920529801324,2.5885728476821193,2922.4987450331128
16384,2252.93,601,47,10.079214701378001,19.79838709677419,Positive Response,10,Moderate Discount Strategy,1.9577083333333334,1.7619375000000002,1058.9244375
16385,774.45,285,75,3.185258163908563,22.51993620414673,Positive Response,10,Moderate Discount Strategy,2.069210526315789,1.8622894736842104,530.7524999999999
16386,746.09,495,57,6.094589502523451,13.678160919540229,Positive Response,10,Moderate Discount Strategy,2.4829310344827586,2.234637931034483,1106.145775862069
16387,767.7,404,82,4.833430344750884,19.870250231696016,Positive Response,10,Moderate Discount Strategy,3.281204819277108,2.9530843373493973,1193.0460722891564
16388,788.1,83,12,8.193697666757625,20.060331825037704,Positive Response,10,Moderate Discount Strategy,2.869230769230769,2.582307692307692,214.33153846153846
16390,414.40000000000003,122,20,9.316247758979737,23.529411764705884,Positive Response,10,Moderate Discount Strategy,5.692857142857143,5.123571428571429,625.0757142857143
16391,1045.51,715,303,2.1590287899328935,18.52671451355662,Positive Response,10,Moderate Discount Strategy,2.3435197368421052,2.109167763157895,1508.0549506578948
16392,1052.26,403,100,3.370604818973831,20.546054605460544,Positive Response,10,Moderate Discount Strategy,2.2251485148514853,2.002633663366337,807.0613663366338
16393,2408.01,1514,429,2.292375222274821,15.164200140944326,Positive Response,10,Moderate Discount Strategy,1.9417441860465117,1.7475697674418604,2645.820627906977
16395,2441.61,1429,427,3.114765221528943,22.439818748229964,Positive Response,10,Moderate Discount Strategy,2.2212616822429907,1.9991355140186917,2856.7646495327103
16396,2036.35,80,7,8.882346741532324,16.666666666666664,Positive Response,10,Moderate Discount Strategy,1.9,1.71,136.8
16397,137.8,43,8,5.836943245248357,31.67608286252354,Positive Response,10,Moderate Discount Strategy,5.632222222222222,5.069,217.96699999999998
16399,210.4,189,37,3.1084331378573355,18.596491228070178,Positive Response,10,Moderate Discount Strategy,2.6647368421052633,2.398263157894737,453.27173684210527
16400,2721.12,1894,237,6.338771118018965,15.01909854851031,Positive Response,10,Moderate Discount Strategy,2.431428571428571,2.188285714285714,4144.6131428571425
16401,2755.92,2153,176,9.469737767311743,24.348570450265367,Positive Response,10,Moderate Discount Strategy,1.7374011299435028,1.5636610169491525,3366.5621694915253
16402,2750.83,102,53,2.2605009054644962,17.680776014109348,Positive Response,10,Moderate Discount Strategy,2.659259259259259,2.393333333333333,244.11999999999998
16406,372.76,141,89,2.191568538015717,23.00653594771242,Positive Response,10,Moderate Discount Strategy,3.1599999999999997,2.844,401.00399999999996
16407,660.17,355,56,4.496363940523603,20.350877192982452,Positive Response,10,Moderate Discount Strategy,3.66,3.294,1169.3700000000001
16408,681.97,227,44,3.6174557091907245,17.42222222222222,Positive Response,10,Moderate Discount Strategy,1.4766666666666668,1.3290000000000002,301.68300000000005
16409,3624.81,2360,543,3.3406371923041682,23.15328054298643,Positive Response,10,Moderate Discount Strategy,2.5394117647058825,2.2854705882352944,5393.710588235294
16410,3629.76,348,4,40.02601825382699,26.842105263157897,High Response,20,High Discount Strategy,0.796,0.6368,221.6064
16411,655.39,399,156,2.369078133707335,15.10133178922988,Positive Response,10,Moderate Discount Strategy,2.0714012738853502,1.8642611464968153,743.8401974522293
16412,673.24,225,91,2.981540856523694,16.838432635534083,Positive Response,10,Moderate Discount Strategy,2.49,2.241,504.225
16413,457.2,135,36,3.3539584461782064,16.504078042539582,Positive Response,10,Moderate Discount Strategy,2.8754054054054055,2.5878648648648648,349.36175675675673
16414,415.06,174,55,6.459677274424884,22.07373271889401,Positive Response,10,Moderate Discount Strategy,2.945535714285714,2.650982142857143,461.2708928571429
16415,486.74,330,97,3.737477066173062,19.956006354637662,Positive Response,10,Moderate Discount Strategy,2.224795918367347,2.0023163265306123,660.764387755102
16416,1902.58,1526,114,18.20487353728289,18.461133069828723,High Response,20,High Discount Strategy,2.438347826086957,1.9506782608695656,2976.735026086957
16417,1906.48,6,0,9.150248107754233,0.0,Positive Response,10,Moderate Discount Strategy,5.95,5.355,32.13
16418,383.67,284,60,3.540698729543669,26.280938604950176,Positive Response,10,Moderate Discount Strategy,3.3913114754098364,3.052180327868853,866.8192131147542
16419,501.09000000000003,273,39,8.271124607487188,7.962962962962966,Positive Response,10,Moderate Discount Strategy,3.3305,2.9974499999999997,818.3038499999999
16420,504.99,120,1,62.32516501226084,29.710144927536238,High Response,20,High Discount Strategy,1.035,0.828,99.36
16421,511.42,123,37,7.281869248218837,24.90131578947369,Positive Response,10,Moderate Discount Strategy,6.691842105263158,6.022657894736842,740.7869210526316
16422,28599.39,32569,341,96.25778085142375,23.092397660818715,High Response,20,High Discount Strategy,1.9818713450292396,1.5854970760233917,51638.05426900584
16424,28904.670000000002,124,7,13.0177038949082,7.0,High Response,20,High Discount Strategy,3.34375,2.6750000000000003,331.70000000000005
16428,632.59,575,126,4.270002690895758,20.825578620854213,Positive Response,10,Moderate Discount Strategy,2.2476377952755904,2.0228740157480316,1163.1525590551182
16430,797.2900000000001,204,21,11.72079730916281,20.039525691699602,High Response,20,High Discount Strategy,5.450909090909091,4.3607272727272735,889.5883636363637
16433,817.09,108,16,9.229463829556227,23.076923076923077,Positive Response,10,Moderate Discount Strategy,2.2294117647058824,2.0064705882352944,216.6988235294118
16434,1153.39,550,72,9.26456705675786,24.813322589309696,Positive Response,10,Moderate Discount Strategy,4.224657534246575,3.8021917808219174,2091.2054794520545
16435,1161.89,608,124,3.766964576829104,28.206101694915255,Positive Response,10,Moderate Discount Strategy,4.13488,3.721392,2262.606336
16436,1003.0699999999999,227,39,6.865779948121435,20.90659340659341,Positive Response,10,Moderate Discount Strategy,2.24825,2.023425,459.317475
16437,319.14,197,20,6.872431173299082,9.235209235209235,Positive Response,10,Moderate Discount Strategy,2.0738095238095235,1.8664285714285713,367.68642857142856
16439,301.25,74,8,10.893050703498456,12.09563994374121,High Response,20,High Discount Strategy,4.672222222222222,3.7377777777777776,276.59555555555556
16440,310.70000000000005,90,24,4.634028508229009,27.45762711864407,Positive Response,10,Moderate Discount Strategy,2.9360000000000004,2.6424000000000003,237.81600000000003
16441,626.68,305,60,4.928129053579168,23.233686917389907,Positive Response,10,Moderate Discount Strategy,3.181311475409836,2.8631803278688523,873.27
16442,637.93,137,75,2.257900918567468,21.14709851551957,Positive Response,10,Moderate Discount Strategy,2.599473684210526,2.3395263157894735,320.51510526315786
16443,282.68,96,0,6.82210807285166,0.0,Positive Response,10,Moderate Discount Strategy,1.69,1.521,146.016
16444,2953.31,1538,286,5.608137055325895,16.53890824622532,Positive Response,10,Moderate Discount Strategy,2.479163763066202,2.231247386759582,3431.658480836237
16445,2971.21,176,116,2.441997895369553,18.073038073038074,Positive Response,10,Moderate Discount Strategy,2.083846153846154,1.8754615384615385,330.0812307692308
16447,459.29,94,33,5.70270624071648,14.584151417576376,Positive Response,10,Moderate Discount Strategy,6.801176470588236,6.121058823529412,575.3795294117648
16448,471.19,100,30,7.761241234263299,21.388074291300097,Positive Response,10,Moderate Discount Strategy,1.9761290322580645,1.778516129032258,177.8516129032258
16450,1148.8700000000001,481,31,12.900797832927843,25.64236111111111,High Response,20,High Discount Strategy,4.3025,3.442,1655.602
16451,1193.81,404,50,8.97204637182624,13.42840166369578,Positive Response,10,Moderate Discount Strategy,2.578039215686274,2.320235294117647,937.3750588235293
16452,746.1800000000001,199,17,8.843608075886946,18.620689655172416,Positive Response,10,Moderate Discount Strategy,1.8605555555555557,1.6745,333.2255
16453,332.17,139,14,10.159294313702764,17.58730158730159,Positive Response,10,Moderate Discount Strategy,3.134,2.8205999999999998,392.06339999999994
16454,251.71,6,1,5.334711068077197,24.380165289256198,Positive Response,10,Moderate Discount Strategy,3.025,2.7225,16.335
16455,2520.69,2113,124,11.043399694675617,14.972121212121213,High Response,20,High Discount Strategy,2.59816,2.078528,4391.929664
16456,4535.76,2541,296,5.788384481955617,16.857463524130193,Positive Response,10,Moderate Discount Strategy,2.834848484848485,2.5513636363636367,6483.015000000001
16458,4630.16,1241,178,6.556708293241346,14.479300959747889,Positive Response,10,Moderate Discount Strategy,2.3592737430167596,2.1233463687150835,2635.0728435754186
16459,2208.15,59,4,9.2084870964831,18.666666666666668,Positive Response,10,Moderate Discount Strategy,2.568,2.3112,136.36079999999998
16461,1395.41,885,219,4.626109808022939,14.39944903581267,Positive Response,10,Moderate Discount Strategy,2.445590909090909,2.2010318181818183,1947.9131590909092
16465,1402.91,504,47,9.263467620443558,24.494949494949495,Positive Response,10,Moderate Discount Strategy,2.4052083333333334,2.1646875000000003,1091.0025
16466,2154.18,992,189,4.667852010064907,18.167341430499327,Positive Response,10,Moderate Discount Strategy,3.473315789473684,3.125984210526316,3100.9763368421054
16467,2799.56,7384,23,148.5376960913296,28.641975308641975,High Response,20,High Discount Strategy,1.2175,0.9740000000000001,7192.0160000000005
16468,2869.16,340,42,8.536208736625014,7.668455575432322,Positive Response,10,Moderate Discount Strategy,2.3504651162790697,2.115418604651163,719.2423255813954
16469,712.62,72,22,3.221702946946623,19.31798806479113,Positive Response,10,Moderate Discount Strategy,3.741739130434783,3.367565217391305,242.46469565217396
16470,1658.98,813,303,3.1522153578530645,20.131578947368425,Positive Response,10,Moderate Discount Strategy,2.5227302631578947,2.2704572368421054,1845.8817335526317
16471,1664.08,529,48,10.438633122418716,22.145473574045006,Positive Response,10,Moderate Discount Strategy,2.7671428571428573,2.4904285714285717,1317.4367142857145
16472,966.03,252,38,9.994001742053914,21.72099087353325,Positive Response,10,Moderate Discount Strategy,7.023333333333334,6.321000000000001,1592.892
16473,789.6,100,9,8.914192089781402,11.724137931034482,Positive Response,10,Moderate Discount Strategy,1.6740000000000002,1.5066000000000002,150.66000000000003
16476,326.75,187,23,7.9576822973702095,18.162393162393165,Positive Response,10,Moderate Discount Strategy,3.5104166666666665,3.159375,590.803125
16477,1809.21,1217,113,10.420667013726014,18.086124401913878,Positive Response,10,Moderate Discount Strategy,2.2814035087719295,2.0532631578947367,2498.8212631578945
16481,1825.56,201,15,10.353168282940915,18.269230769230774,Positive Response,10,Moderate Discount Strategy,2.63125,2.368125,475.993125
16485,1910.79,918,101,10.377901021774091,23.3756247597078,Positive Response,10,Moderate Discount Strategy,3.2000980392156864,2.8800882352941177,2643.9210000000003
16486,1923.54,24,6,9.665875005701583,8.659164600419606,Positive Response,10,Moderate Discount Strategy,6.841428571428572,6.157285714285715,147.77485714285717
16487,206.3,163,34,5.021257815492109,7.314285714285714,Positive Response,10,Moderate Discount Strategy,2.0085714285714285,1.8077142857142856,294.65742857142857
16489,285.85,38,5,11.23221224354758,18.465227817745802,High Response,20,High Discount Strategy,7.466666666666666,5.973333333333333,226.98666666666665
16490,303.7,113,12,9.546218884373046,20.915750915750916,Positive Response,10,Moderate Discount Strategy,2.3915384615384614,2.1523846153846153,243.21946153846153
16491,788.0600000000001,582,47,10.13480734301672,18.93939393939394,Positive Response,10,Moderate Discount Strategy,2.2070833333333333,1.986375,1156.07025
16492,801.66,235,22,10.083575954776258,30.33248081841432,Positive Response,10,Moderate Discount Strategy,2.554782608695652,2.299304347826087,540.3365217391304
16493,760.06,824,54,5.517895567802519,24.705234159779614,Positive Response,10,Moderate Discount Strategy,2.4614545454545453,2.215309090909091,1825.414690909091
16496,780.46,653,42,11.281458327698697,20.866078588612673,High Response,20,High Discount Strategy,2.277441860465116,1.821953488372093,1189.7356279069768
16497,3712.59,1654,200,9.247410362324944,19.50443859135694,Positive Response,10,Moderate Discount Strategy,4.205373134328358,3.7848358208955224,6260.118447761194
16499,3729.59,1237,124,9.417708828972366,26.004705882352937,Positive Response,10,Moderate Discount Strategy,3.13736,2.823624,3492.822888
16500,2212.89,263,22,8.600443853866965,9.391304347826088,Positive Response,10,Moderate Discount Strategy,2.4413043478260867,2.197173913043478,577.8567391304347
16501,1187.48,628,198,2.8852555668250264,14.569818790924316,Positive Response,10,Moderate Discount Strategy,2.592814070351759,2.333532663316583,1465.4585125628141
16502,1191.23,220,40,3.451296754302936,17.24635589551162,Positive Response,10,Moderate Discount Strategy,4.198536585365853,3.7786829268292683,831.3102439024391
16503,2165.41,966,128,9.348303676965186,23.295230587307845,Positive Response,10,Moderate Discount Strategy,4.006899224806202,3.6062093023255817,3483.5981860465117
16507,2182.41,111,37,2.697161323170271,21.46730462519936,Positive Response,10,Moderate Discount Strategy,1.9602631578947367,1.764236842105263,195.8302894736842
16508,231.05,103,42,2.6929311021741915,23.618446984627514,Positive Response,10,Moderate Discount Strategy,3.6434883720930236,3.279139534883721,337.7513720930233
16510,1762.2,930,111,8.577051445972659,21.149267399267398,Positive Response,10,Moderate Discount Strategy,3.7929464285714287,3.413651785714286,3174.6961607142857
16511,1777.5,364,144,2.927645798717638,16.886699507389164,Positive Response,10,Moderate Discount Strategy,3.172551724137931,2.855296551724138,1039.3279448275862
16515,1553.02,747,124,9.589254743491244,13.793939393939393,Positive Response,10,Moderate Discount Strategy,2.5137599999999996,2.2623839999999995,1690.0008479999997
16518,1554.92,197,27,9.125728537522237,20.399515738498792,Positive Response,10,Moderate Discount Strategy,4.583928571428571,4.125535714285714,812.7305357142857
16519,475.05,120,27,4.076676391527838,23.123809523809523,Positive Response,10,Moderate Discount Strategy,3.945357142857143,3.5508214285714286,426.0985714285714
16520,1419.6200000000001,704,255,3.111352457460436,18.004807692307693,Positive Response,10,Moderate Discount Strategy,2.602421875,2.3421796875000003,1648.8945
16521,1427.57,1014,236,3.290188266370259,24.199316857544705,Positive Response,10,Moderate Discount Strategy,2.5254852320675103,2.2729367088607595,2304.7578227848103
16522,1140.11,212,17,9.547423198769131,16.233521657250474,Positive Response,10,Moderate Discount Strategy,4.754444444444444,4.279,907.148
16523,2458.06,714,80,11.942803504272879,25.013991769547328,High Response,20,High Discount Strategy,5.346913580246913,4.277530864197531,3054.1570370370373
16524,2497.86,259,52,5.032528541671933,25.268220495745464,Positive Response,10,Moderate Discount Strategy,3.4075471698113207,3.066792452830189,794.2992452830189
16525,11510.09,7231,178,35.02658918384517,20.91247672253259,High Response,20,High Discount Strategy,3.216815642458101,2.573452513966481,18608.635128491624
16526,11535.29,173,19,10.244049414792913,19.010752688172044,Positive Response,10,Moderate Discount Strategy,5.6530000000000005,5.087700000000001,880.1721000000001
16527,996.38,602,58,10.652014948515117,25.77420281528297,Positive Response,10,Moderate Discount Strategy,3.264237288135593,2.937813559322034,1768.5637627118645
16529,1518.8,541,97,9.692232647216322,22.13420961604981,Positive Response,10,Moderate Discount Strategy,3.6598979591836738,3.2939081632653067,1782.004316326531
16530,1531.55,17,2,9.47836110377194,28.641975308641975,Positive Response,10,Moderate Discount Strategy,5.883333333333333,5.295,90.015
16531,1033.46,948,60,10.443868627179867,25.37506209637357,Positive Response,10,Moderate Discount Strategy,2.5914754098360655,2.332327868852459,2211.0468196721313
16532,1053.74,528,1,161.88628829898212,2.5759577278731873,High Response,20,High Discount Strategy,3.785,3.0280000000000005,1598.7840000000003
16534,2007.84,168,35,8.904392067812532,19.97354497354497,Positive Response,10,Moderate Discount Strategy,5.134444444444444,4.6209999999999996,776.328
16535,635.9,308,39,5.236011980547463,17.56,Positive Response,10,Moderate Discount Strategy,2.25775,2.031975,625.8483
16537,378.28999999999996,59,3,45.18511652254769,15.0,High Response,20,High Discount Strategy,0.5125,0.41,24.189999999999998
16538,373.62,254,40,5.316544346389904,21.152993348115295,Positive Response,10,Moderate Discount Strategy,1.9609756097560977,1.764878048780488,448.279024390244
16539,2325.35,838,106,8.771600935109577,30.18141836173722,Positive Response,10,Moderate Discount Strategy,6.055607476635514,5.450046728971963,4567.139158878505
16540,2343.2,105,28,4.62761604604593,29.57334891876096,Positive Response,10,Moderate Discount Strategy,2.7051724137931035,2.4346551724137933,255.63879310344828
16541,379.48,173,37,7.069108478105147,25.334522747546835,Positive Response,10,Moderate Discount Strategy,3.6868421052631577,3.318157894736842,574.0413157894737
16542,424.03,96,8,9.061946240453334,18.39080459770115,Positive Response,10,Moderate Discount Strategy,2.2944444444444447,2.0650000000000004,198.24000000000004
16543,282.31,317,17,10.756526506778556,26.291578202406228,High Response,20,High Discount Strategy,1.3544444444444443,1.0835555555555556,343.4871111111111
16544,357.95000000000005,150,10,19.842824418153562,26.070878274268104,High Response,20,High Discount Strategy,2.7809090909090908,2.224727272727273,333.70909090909095
16545,376.70000000000005,244,4,25.870216332106374,20.236686390532547,High Response,20,High Discount Strategy,2.032,1.6256000000000002,396.6464
16546,4806.12,3818,68,55.842602697545225,24.13702239789196,High Response,20,High Discount Strategy,2.1821739130434783,1.7457391304347827,6665.232
16547,4819.32,108,24,2.848618430371738,11.83030303030303,Positive Response,10,Moderate Discount Strategy,2.2088,1.9879200000000001,214.69536000000002
16548,104.25999999999999,6,5,4.340031610847121,21.666666666666668,Positive Response,10,Moderate Discount Strategy,5.0249999999999995,4.5225,27.134999999999998
16549,8741.2,4793,2167,1.827688596734772,20.389410712288942,Positive Response,10,Moderate Discount Strategy,2.065069188191882,1.8585622693726938,8908.08895710332
16550,8746.9,4122,551,7.5085916764411405,21.93754313319531,Positive Response,10,Moderate Discount Strategy,2.700253623188406,2.430228260869565,10017.400891304347
16551,7069.27,1106,55,12.524008633498282,21.883988494726747,High Response,20,High Discount Strategy,4.01625,3.2130000000000005,3553.5780000000004
16552,1315.0,39,4,9.996307110324507,22.779661016949156,Positive Response,10,Moderate Discount Strategy,4.638,4.1742,162.7938
16553,10774.19,11827,207,32.89651304004819,23.36923076923077,High Response,20,High Discount Strategy,1.9619230769230769,1.5695384615384615,18562.931384615385
16554,10864.19,944,114,9.856619855311148,22.83034953111679,Positive Response,10,Moderate Discount Strategy,3.806434782608696,3.4257913043478263,3233.946991304348
16555,2004.6200000000001,1641,48,20.44636150489209,25.355102040816327,High Response,20,High Discount Strategy,2.0248979591836735,1.6199183673469388,2658.2860408163265
16556,4680.9400000000005,2463,274,9.129350040802313,20.753093060785368,Positive Response,10,Moderate Discount Strategy,4.589527272727273,4.130574545454546,10173.605105454546
16558,5433.02,2711,319,9.09806013972332,25.126225490196077,Positive Response,10,Moderate Discount Strategy,3.368625,3.0317625,8219.108137500001
16559,5535.02,61,16,4.910510204938956,11.266201395812562,Positive Response,10,Moderate Discount Strategy,3.9588235294117644,3.562941176470588,217.33941176470586
16560,2201.93,1103,141,9.020660613263358,27.11625686321318,Positive Response,10,Moderate Discount Strategy,4.2035915492957745,3.783232394366197,4172.9053309859155
16562,2206.9700000000003,264,33,5.814940484216892,22.422145328719722,Positive Response,10,Moderate Discount Strategy,1.1917647058823528,1.0725882352941176,283.16329411764707
16563,3322.07,2098,69,17.216636003143503,26.221470836855456,High Response,20,High Discount Strategy,2.368,1.8944,3974.4512
16564,3334.82,40,4,8.569386054252345,4.848484848484848,Positive Response,10,Moderate Discount Strategy,3.29,2.9610000000000003,118.44000000000001
16565,392.35,165,7,20.87787924774555,13.405797101449275,High Response,20,High Discount Strategy,4.175,3.34,551.1
16568,929.0999999999999,366,4,59.90785409572798,23.790849673202615,High Response,20,High Discount Strategy,12.290000000000001,9.832,3598.512
16569,1305.03,895,29,16.519487118761408,11.546666666666665,High Response,20,High Discount Strategy,1.9986666666666666,1.5989333333333333,1431.0453333333332
16570,3627.91,2180,114,12.141188792910135,18.787878787878785,High Response,20,High Discount Strategy,5.511217391304347,4.408973913043478,9611.56313043478
16571,3695.91,2464,167,10.73726434204851,22.922824302134647,High Response,20,High Discount Strategy,1.9032738095238095,1.5226190476190478,3751.7333333333336
16574,2827.05,586,57,10.231976812746518,17.92058516196447,Positive Response,10,Moderate Discount Strategy,1.986206896551724,1.7875862068965518,1047.5255172413792
16576,850.34,323,32,9.490907764134855,21.875901875901878,Positive Response,10,Moderate Discount Strategy,3.3133333333333335,2.982,963.186
16577,540.87,142,22,8.902315589470007,24.463768115942027,Positive Response,10,Moderate Discount Strategy,4.243478260869566,3.819130434782609,542.3165217391305
16578,380.0,108,8,11.288795761559504,9.777777777777779,High Response,20,High Discount Strategy,1.4500000000000002,1.1600000000000001,125.28000000000002
16579,259.65,119,13,9.635782700697257,15.555555555555555,Positive Response,10,Moderate Discount Strategy,5.05,4.545,540.855
16583,295.05,153,17,9.5435092730592,22.22222222222222,Positive Response,10,Moderate Discount Strategy,2.3833333333333333,2.145,328.185
16584,2202.39,1267,53,21.873036756719486,17.857142857142858,High Response,20,High Discount Strategy,2.51,2.008,2544.136
16585,2220.09,151,17,9.96447089949309,19.755747126436788,Positive Response,10,Moderate Discount Strategy,3.0822222222222226,2.7740000000000005,418.8740000000001
16586,961.33,253,19,16.407448718031866,19.5625,High Response,20,High Discount Strategy,5.0395,4.0316,1019.9948
16588,1344.78,882,70,10.90890284285168,23.329065300896286,High Response,20,High Discount Strategy,3.074225352112676,2.459380281690141,2169.1734084507043
16589,1361.28,168,10,9.865838845999566,27.05454545454546,Positive Response,10,Moderate Discount Strategy,1.2754545454545456,1.147909090909091,192.84872727272727
16590,590.6,240,28,9.257568233907758,25.62542258282623,Positive Response,10,Moderate Discount Strategy,3.829310344827586,3.4463793103448275,827.1310344827587
16592,3676.83,2577,211,10.059508576013128,18.204294079375405,Positive Response,10,Moderate Discount Strategy,2.1673113207547168,1.950580188679245,5026.645146226415
16593,3694.23,261,50,10.262006019032738,23.77516339869281,Positive Response,10,Moderate Discount Strategy,4.232941176470588,3.809647058823529,994.3178823529411
16595,1391.89,996,366,2.505310564020889,20.497068780447528,Positive Response,10,Moderate Discount Strategy,2.1040599455040874,1.8936539509536787,1886.079335149864
16596,1397.59,130,17,9.012563795609934,16.35157545605307,Positive Response,10,Moderate Discount Strategy,3.6411111111111114,3.277,426.01
16599,329.48,159,11,9.270975863472474,35.73446327683616,Positive Response,10,Moderate Discount Strategy,2.7291666666666665,2.45625,390.54375
16600,1322.49,1275,80,12.44639112680161,18.17283950617284,High Response,20,High Discount Strategy,2.0146913580246912,1.6117530864197531,2054.9851851851854
16601,1339.89,258,38,8.724395989314976,27.501256913021617,Positive Response,10,Moderate Discount Strategy,3.137179487179487,2.8234615384615385,728.4530769230769
16602,434.3,93,10,8.850802985584618,18.9522342064715,Positive Response,10,Moderate Discount Strategy,3.9863636363636363,3.587727272727273,333.6586363636364
16604,371.70000000000005,175,11,13.555595342652628,20.303030303030305,High Response,20,High Discount Strategy,2.975,2.3800000000000003,416.50000000000006
16605,432.45000000000005,144,0,178.14296541930312,0.0,High Response,20,High Discount Strategy,0.42,0.336,48.384
16606,346.76,148,21,8.450943760835482,23.80764163372859,Positive Response,10,Moderate Discount Strategy,4.4377272727272725,3.9939545454545455,591.1052727272728
16607,2348.66,1577,125,9.790898779091995,23.341473341473343,Positive Response,10,Moderate Discount Strategy,2.6817460317460315,2.4135714285714283,3806.2021428571425
16608,2359.16,612,120,5.154588064157332,16.26524990161354,Positive Response,10,Moderate Discount Strategy,3.4154545454545455,3.073909090909091,1881.2323636363637
16611,1575.69,827,99,9.676678156482582,25.45090909090909,Positive Response,10,Moderate Discount Strategy,4.0351,3.63159,3003.32493
16612,2040.07,913,100,10.35093561238072,15.983026874115984,Positive Response,10,Moderate Discount Strategy,3.3970297029702974,3.0573267326732676,2791.3393069306935
16614,2057.77,126,22,9.884891661154766,13.385963893887503,Positive Response,10,Moderate Discount Strategy,6.754347826086956,6.078913043478261,765.9430434782608
16615,673.6,211,18,10.007612924549086,17.89473684210526,Positive Response,10,Moderate Discount Strategy,3.3084210526315787,2.977578947368421,628.2691578947368
16619,1694.42,922,101,9.322702111735333,19.084967320261438,Positive Response,10,Moderate Discount Strategy,3.6666666666666665,3.3,3042.6
16620,1712.1200000000001,1058,84,10.535632820360723,18.81656804733728,Positive Response,10,Moderate Discount Strategy,2.211411764705882,1.990270588235294,2105.706282352941
16622,1579.97,44,11,9.23926890043395,11.27946127946128,Positive Response,10,Moderate Discount Strategy,5.958333333333333,5.3625,235.95
16623,875.59,403,45,9.807706540399057,22.32351566152408,Positive Response,10,Moderate Discount Strategy,3.3108695652173914,2.9797826086956523,1200.8523913043477
16625,1302.35,893,75,10.951944102428468,20.150375939849624,High Response,20,High Discount Strategy,2.188684210526316,1.7509473684210528,1563.5960000000002
16628,1320.95,55,7,9.02884646698296,1.9230769230769236,Positive Response,10,Moderate Discount Strategy,4.2,3.7800000000000002,207.9
16630,130.05,72,3,20.94652209077964,6.000000000000001,High Response,20,High Discount Strategy,1.6,1.2800000000000002,92.16000000000003
16631,1826.52,775,79,9.672775768096239,20.58898305084746,Positive Response,10,Moderate Discount Strategy,4.076124999999999,3.6685124999999994,2843.0971874999996
16632,1892.52,256,26,10.275953746533125,18.423551756885093,Positive Response,10,Moderate Discount Strategy,1.612962962962963,1.4516666666666667,371.62666666666667
16634,1571.21,1239,81,9.461229055004777,26.67217858619264,Positive Response,10,Moderate Discount Strategy,4.5546341463414635,4.099170731707317,5078.872536585366
16635,1596.71,277,24,9.97761935682755,17.087179487179487,Positive Response,10,Moderate Discount Strategy,2.2048,1.98432,549.65664
16636,3657.04,2186,72,17.615833831509956,15.603469238874931,High Response,20,High Discount Strategy,2.620821917808219,2.0966575342465754,4583.293369863014
16638,3802.04,396,45,9.599029436049548,25.046888320545605,Positive Response,10,Moderate Discount Strategy,2.92,2.628,1040.688
16639,749.8100000000001,241,30,8.787105547927581,28.97204301075269,Positive Response,10,Moderate Discount Strategy,4.182903225806452,3.764612903225807,907.2717096774195
16640,490.47,146,12,10.029623601325044,14.76923076923077,Positive Response,10,Moderate Discount Strategy,1.4115384615384616,1.2703846153846154,185.47615384615386
16641,310.8,198,23,9.02618554740375,21.19341563786008,Positive Response,10,Moderate Discount Strategy,1.9812500000000002,1.7831250000000003,353.05875000000003
16642,363.92,296,19,10.945813883025515,23.285714285714285,High Response,20,High Discount Strategy,2.451,1.9608,580.3968
16643,417.90000000000003,284,27,9.652014092738776,25.142857142857142,Positive Response,10,Moderate Discount Strategy,2.3592857142857144,2.123357142857143,603.0334285714285
16645,435.6,117,13,6.689235408020414,21.767810026385227,Positive Response,10,Moderate Discount Strategy,2.3814285714285717,2.1432857142857147,250.76442857142862
16646,653.6,1072,28,11.737283433938202,26.37336504161712,High Response,20,High Discount Strategy,1.6158620689655172,1.2926896551724139,1385.7633103448277
16647,678.8,250,18,8.883791352311695,23.194192377495465,Positive Response,10,Moderate Discount Strategy,3.418421052631579,3.076578947368421,769.1447368421053
16648,364.44,222,17,9.730049678825006,15.901530272787758,Positive Response,10,Moderate Discount Strategy,2.538333333333333,2.2845,507.159
16649,382.14,82,19,8.350168176447777,27.462686567164177,Positive Response,10,Moderate Discount Strategy,6.8095,6.12855,502.5411
16650,1385.09,1139,73,11.094483138500735,16.82162162162162,High Response,20,High Discount Strategy,2.316891891891892,1.8535135135135137,2111.151891891892
16651,1397.69,60,5,12.454401354575543,16.402116402116402,High Response,20,High Discount Strategy,2.9333333333333336,2.346666666666667,140.80000000000004
16652,10708.92,4194,156,31.702468147802648,24.443312101910827,High Response,20,High Discount Strategy,4.148025477707006,3.318420382165605,13917.455082802548
16654,10776.42,421,53,9.645648728993919,18.906810035842295,Positive Response,10,Moderate Discount Strategy,4.137037037037037,3.723333333333333,1567.5233333333333
16655,2573.94,1575,331,3.1491657466200293,22.438986716095155,Positive Response,10,Moderate Discount Strategy,2.795722891566265,2.5161506024096383,3962.9371987951804
16656,8149.77,6539,67,70.75646679547872,14.608768035516096,High Response,20,High Discount Strategy,1.9504411764705882,1.5603529411764707,10203.147882352941
16658,8207.37,277,63,4.121445701518714,14.318181818181817,Positive Response,10,Moderate Discount Strategy,3.66171875,3.295546875,912.8664843749999
16660,690.83,420,7,25.047760681060605,28.055555555555557,High Response,20,High Discount Strategy,3.265,2.612,1097.04
16661,917.46,364,61,11.750912746945538,24.39584472389284,High Response,20,High Discount Strategy,3.3351612903225805,2.6681290322580646,971.1989677419356
16662,932.76,35,27,3.5035621804981316,26.746894409937884,Positive Response,10,Moderate Discount Strategy,4.555357142857143,4.0998214285714285,143.49375
16663,151.05,100,0,14.55359489945107,0.0,High Response,20,High Discount Strategy,1.65,1.32,132.0
16664,165.0,24,7,5.218252100008265,18.68686868686869,Positive Response,10,Moderate Discount Strategy,5.25,4.7250000000000005,113.4
16666,109.2,121,15,4.922306612189113,22.650000000000002,Positive Response,10,Moderate Discount Strategy,2.219375,1.9974375,241.68993749999998
16668,542.2,455,32,10.932377768563441,17.890909090909094,High Response,20,High Discount Strategy,2.5793939393939396,2.0635151515151517,938.899393939394
16670,3908.4500000000003,1978,232,9.14157785281326,23.275267188420433,Positive Response,10,Moderate Discount Strategy,3.1721030042918454,2.854892703862661,5646.977768240344
16673,3934.25,95,18,4.827291518086744,23.583959899749374,Positive Response,10,Moderate Discount Strategy,2.8073684210526317,2.526631578947369,240.03000000000003
16675,569.26,296,22,8.89074368166767,13.254281949934123,Positive Response,10,Moderate Discount Strategy,2.781304347826087,2.5031739130434785,740.9394782608696
16676,759.88,291,43,9.264903219097592,26.10310421286031,Positive Response,10,Moderate Discount Strategy,5.619545454545454,5.057590909090909,1471.7589545454543
16677,804.4200000000001,457,46,8.770365447192889,16.402321083172147,Positive Response,10,Moderate Discount Strategy,3.332340425531915,2.9991063829787237,1370.5916170212768
16679,880.62,247,17,11.560247387874686,27.0718954248366,High Response,20,High Discount Strategy,5.1883333333333335,4.150666666666667,1025.2146666666667
16680,663.31,283,18,9.899629264058305,15.170278637770895,Positive Response,10,Moderate Discount Strategy,2.994736842105263,2.6952631578947366,762.7594736842104
16681,637.75,85,4,12.459624823508939,23.76470588235294,High Response,20,High Discount Strategy,2.104,1.6832000000000003,143.07200000000003
16683,309.75,190,17,9.826669076124691,19.067688378033203,Positive Response,10,Moderate Discount Strategy,3.2088888888888887,2.888,548.72
16684,80324.21,54555,440,125.67764835334533,23.504854933426362,High Response,20,High Discount Strategy,2.6650113378684805,2.1320090702947847,116311.75482993198
16686,80489.21,1442,483,2.4127923221103593,20.445780115201604,Positive Response,10,Moderate Discount Strategy,2.1097520661157025,1.8987768595041323,2738.036231404959
16687,1921.19,141,7,13.835820489731214,21.574074074074073,High Response,20,High Discount Strategy,2.0025,1.602,225.882
16690,157.63,71,6,11.260440425375194,0.0,High Response,20,High Discount Strategy,2.835714285714286,2.2685714285714287,161.06857142857143
16691,159.33,92,10,8.422276257887376,30.98039215686274,Positive Response,10,Moderate Discount Strategy,6.487272727272727,5.8385454545454545,537.1461818181818
16692,571.1999999999999,726,1,451.03192951171184,9.523809523809526,High Response,20,High Discount Strategy,1.05,0.8400000000000001,609.84
16693,692.77,455,108,2.9407488535367214,20.931545518701487,Positive Response,10,Moderate Discount Strategy,2.3941284403669725,2.1547155963302753,980.3955963302752
16694,701.62,26,2,11.10923168013111,24.528301886792452,High Response,20,High Discount Strategy,16.666666666666668,13.333333333333336,346.66666666666674
16695,179.15,184,34,3.8833433013529364,21.125541125541126,Positive Response,10,Moderate Discount Strategy,2.1971428571428575,1.9774285714285718,363.8468571428572
16699,982.0,640,61,7.076562931441371,25.56207233626588,Positive Response,10,Moderate Discount Strategy,2.4306451612903226,2.1875806451612902,1400.0516129032258
16700,4060.56,2858,220,10.447356571200618,23.255598097227058,Positive Response,10,Moderate Discount Strategy,2.286787330316742,2.058108597285068,5882.074371040724
16701,4471.63,4653,130,16.6022596269813,21.88091603053435,High Response,20,High Discount Strategy,2.0402290076335876,1.6321832061068702,7594.548458015267
16702,4518.43,692,90,5.511989414802496,22.204462204462203,Positive Response,10,Moderate Discount Strategy,3.681978021978022,3.3137802197802197,2293.135912087912
16704,1110.83,433,53,7.541897389862794,19.270482603815935,Positive Response,10,Moderate Discount Strategy,2.8487037037037033,2.563833333333333,1110.1398333333332
16705,29276.061,16826,420,34.33481971654475,25.73415304364026,High Response,20,High Discount Strategy,3.4770570071258904,2.7816456057007124,46803.968961520186
16707,29480.061,396,64,4.497825988275748,20.743417656169335,Positive Response,10,Moderate Discount Strategy,2.4858461538461536,2.237261538461538,885.9555692307691
16709,6021.1,2410,222,12.794201548076297,23.02294908994988,High Response,20,High Discount Strategy,4.288026905829597,3.4304215246636773,8267.315874439462
16710,6026.14,2543,568,4.551684377364356,20.195984449060017,Positive Response,10,Moderate Discount Strategy,2.487908611599297,2.2391177504393673,5694.076439367311
16711,3823.78,379,10,33.777489143883756,14.836363636363638,High Response,20,High Discount Strategy,4.320909090909091,3.456727272727273,1310.0996363636366
16712,1217.45,344,82,4.639674750807906,30.602409638554217,Positive Response,10,Moderate Discount Strategy,3.2460240963855425,2.921421686746988,1004.9690602409639
16713,7617.51,4400,706,5.160340942793663,28.05312492508331,Positive Response,10,Moderate Discount Strategy,3.6187128712871286,3.256841584158416,14330.10297029703
16714,7619.21,239,22,10.396795755368611,19.91252894262928,Positive Response,10,Moderate Discount Strategy,2.986521739130435,2.6878695652173916,642.4008260869566
16715,368.27,532,8,50.9147577062025,20.522875816993462,High Response,20,High Discount Strategy,1.2433333333333332,0.9946666666666666,529.1626666666666
16716,1134.0,792,5,68.15919601760855,12.426035502958579,High Response,20,High Discount Strategy,1.5333333333333332,1.2266666666666666,971.52
16717,3110.85,1360,166,9.566009653567885,19.453973409113978,Positive Response,10,Moderate Discount Strategy,3.398862275449102,3.058976047904192,4160.2074251497015
16718,3127.85,1924,176,10.552877139572788,21.886805068030622,Positive Response,10,Moderate Discount Strategy,2.4522598870056496,2.2070338983050846,4246.333220338983
16719,3006.08,1327,239,5.3298094484443554,25.0,Positive Response,10,Moderate Discount Strategy,3.6022916666666664,3.2420625,4302.216937499999
16720,2174.13,280,114,2.7931218624702048,18.487265243118085,Positive Response,10,Moderate Discount Strategy,2.7089565217391307,2.4380608695652177,682.657043478261
16722,4243.27,3579,193,11.49363987638833,22.115463917525776,High Response,20,High Discount Strategy,1.4868556701030928,1.1894845360824744,4257.165154639176
16723,4258.27,560,81,3.1099917427056196,28.286875725900117,Positive Response,10,Moderate Discount Strategy,2.793170731707317,2.5138536585365854,1407.7580487804878
16724,654.96,69,16,5.917497395041014,18.454440599769317,Positive Response,10,Moderate Discount Strategy,2.3911764705882352,2.1520588235294116,148.4920588235294
16725,1022.44,476,227,2.126016593300439,21.37942896456828,Positive Response,10,Moderate Discount Strategy,3.3190789473684212,2.987171052631579,1421.8934210526318
16726,1052.14,378,83,3.8353396052569866,18.46371882086168,Positive Response,10,Moderate Discount Strategy,2.802619047619048,2.522357142857143,953.451
16727,1107.93,899,160,8.192072456821208,22.255900621118013,Positive Response,10,Moderate Discount Strategy,1.627391304347826,1.4646521739130436,1316.7223043478261
16731,1121.45,124,41,3.2388498919273188,16.60952380952381,Positive Response,10,Moderate Discount Strategy,1.8114285714285714,1.6302857142857143,202.1554285714286
16732,3773.81,2097,192,9.650528281128807,28.948491313623894,Positive Response,10,Moderate Discount Strategy,4.632590673575129,4.169331606217616,8743.08837823834
16733,3783.89,112,11,12.243076253513673,8.582834331337326,High Response,20,High Discount Strategy,2.8783333333333334,2.3026666666666666,257.89866666666666
16735,3940.0,2708,177,11.746449234746764,19.383724889342865,High Response,20,High Discount Strategy,2.1860674157303372,1.7488539325842698,4735.896449438203
16736,3970.0,1050,142,9.407459080689074,23.36037296037296,Positive Response,10,Moderate Discount Strategy,4.299160839160839,3.8692447552447553,4062.706993006993
16737,2956.56,288,0,2.515970857270861,0.0,Positive Response,10,Moderate Discount Strategy,1.45,1.305,375.84
16739,448.45,219,24,9.387591645042097,16.38095238095238,Positive Response,10,Moderate Discount Strategy,3.2536,2.92824,641.28456
16740,463.43,110,31,3.5501004197005086,11.508233532934131,Positive Response,10,Moderate Discount Strategy,2.7409375,2.46684375,271.35281249999997
16741,226.91,81,10,8.120798350707215,22.554112554112553,Positive Response,10,Moderate Discount Strategy,3.2436363636363637,2.9192727272727272,236.4610909090909
16742,2304.9700000000003,2557,102,13.809445184864822,15.01359223300971,High Response,20,High Discount Strategy,2.0394174757281553,1.6315339805825244,4171.832388349515
16743,2334.9700000000003,1672,180,8.670115530731099,18.331110687750044,Positive Response,10,Moderate Discount Strategy,1.470220994475138,1.3231988950276243,2212.388552486188
16746,11363.39,7240,538,14.307221161787407,21.30916702345274,High Response,20,High Discount Strategy,2.4089424860853432,1.9271539888682747,13952.59487940631
16748,11366.64,1247,95,11.610687756166122,13.472222222222223,High Response,20,High Discount Strategy,1.8154166666666667,1.4523333333333335,1811.0596666666668
16749,4086.48,1910,71,41.452082146776135,12.671957671957673,High Response,20,High Discount Strategy,2.9561111111111114,2.3648888888888893,4516.937777777778
16752,4157.88,54,8,8.375616011257456,21.657250470809792,Positive Response,10,Moderate Discount Strategy,13.594444444444443,12.235,660.6899999999999
16754,64016.07,63551,139,493.94086017851595,23.866995073891626,High Response,20,High Discount Strategy,1.6819285714285714,1.3455428571428572,85510.59411428572
16755,65500.07,927,153,4.168009381285851,22.311221712419314,Positive Response,10,Moderate Discount Strategy,2.3118181818181816,2.0806363636363634,1928.749909090909
16756,1389.25,601,65,9.983767532779336,27.973856209150327,Positive Response,10,Moderate Discount Strategy,3.2609090909090908,2.9348181818181818,1763.8257272727271
16757,1072.97,99,7,8.776688493787677,12.142857142857144,Positive Response,10,Moderate Discount Strategy,2.11375,1.9023750000000001,188.335125
16760,208.20000000000002,168,16,13.486935199538449,0.0,High Response,20,High Discount Strategy,1.6147058823529412,1.2917647058823531,217.01647058823534
16763,335.85,173,20,9.167728220612238,19.047619047619047,Positive Response,10,Moderate Discount Strategy,3.092857142857143,2.783571428571429,481.5578571428572
16765,402.0,307,50,5.75283938422618,23.856209150326798,Positive Response,10,Moderate Discount Strategy,2.601960784313725,2.3417647058823525,718.9217647058822
16767,2466.2,2679,99,12.487541847597688,19.341176470588234,High Response,20,High Discount Strategy,1.1733,0.93864,2514.61656
16768,2481.2,578,106,5.606329969248267,18.883297387970284,Positive Response,10,Moderate Discount Strategy,3.470560747663552,3.1235046728971967,1805.3857009345797
16769,1220.48,215,58,5.461982518672599,21.140578265204386,Positive Response,10,Moderate Discount Strategy,5.415084745762712,4.873576271186441,1047.8188983050848
16770,1137.63,652,204,2.912912318424828,23.07084785133566,Positive Response,10,Moderate Discount Strategy,2.7194146341463417,2.4474731707317074,1595.7525073170732
16771,1598.83,821,153,6.3413710780658095,25.36796536796537,Positive Response,10,Moderate Discount Strategy,3.1355844155844155,2.822025974025974,2316.8833246753247
16772,3685.55,687,67,36.090995334575304,25.469599604547703,High Response,20,High Discount Strategy,5.805882352941176,4.644705882352941,3190.9129411764707
16773,3698.05,81,38,3.2561744536311354,16.236418948283358,Positive Response,10,Moderate Discount Strategy,4.194102564102564,3.7746923076923076,305.7500769230769
16774,895.76,452,82,5.136825399916015,24.65999591586686,Positive Response,10,Moderate Discount Strategy,3.5363855421686745,3.1827469879518073,1438.6016385542168
16775,1353.28,580,119,5.648391371215541,19.3135593220339,Positive Response,10,Moderate Discount Strategy,4.03775,3.633975,2107.7055
16776,1361.23,181,54,3.8127908367596097,15.156363636363636,Positive Response,10,Moderate Discount Strategy,1.5043636363636363,1.3539272727272726,245.06083636363635
16777,1035.66,408,93,3.6828218599464253,17.14028128380815,Positive Response,10,Moderate Discount Strategy,4.016595744680851,3.614936170212766,1474.8939574468084
16779,22543.27,14243,717,15.74545841023183,22.492679094350404,High Response,20,High Discount Strategy,2.0569359331476327,1.6455487465181062,23437.550796657386
16780,22554.22,82,36,3.4852471273996635,13.625459779305933,Positive Response,10,Moderate Discount Strategy,3.3035135135135136,2.9731621621621622,243.7992972972973
16781,607.1,192,38,8.05390311165646,23.828023828023827,Positive Response,10,Moderate Discount Strategy,5.803846153846154,5.223461538461539,1002.9046153846155
16782,7730.72,3407,1545,2.0822045126252964,17.589478223372144,Positive Response,10,Moderate Discount Strategy,2.9485446313065977,2.653690168175938,9041.122402975421
16783,7732.37,163,24,8.788443905013661,20.203389830508478,Positive Response,10,Moderate Discount Strategy,3.338,3.0042,489.6846
16784,776.33,470,154,2.806219686904558,14.729227761485825,Positive Response,10,Moderate Discount Strategy,2.047483870967742,1.842735483870968,866.085677419355
16785,784.73,313,34,9.40978756638686,20.77551020408163,Positive Response,10,Moderate Discount Strategy,3.2808571428571427,2.9527714285714284,924.217457142857
16786,533.78,72,0,42.24509385183881,0.0,High Response,20,High Discount Strategy,0.72,0.576,41.471999999999994
16787,992.33,472,111,4.046642547364795,17.27465986394558,Positive Response,10,Moderate Discount Strategy,3.3854464285714285,3.0469017857142857,1438.137642857143
16788,1330.79,661,329,2.315952136531162,20.32012432012432,Positive Response,10,Moderate Discount Strategy,2.3656666666666664,2.1290999999999998,1407.3350999999998
16791,2249.35,1097,366,2.7568177195436783,23.607110419099524,Positive Response,10,Moderate Discount Strategy,2.8697547683923705,2.5827792915531336,2833.3088828337877
16792,2251.85,280,89,3.0254433387988398,16.57239057239057,Positive Response,10,Moderate Discount Strategy,2.4664444444444444,2.2198,621.5440000000001
16794,851.9499999999999,653,223,2.310793578203726,15.271428571428572,Positive Response,10,Moderate Discount Strategy,1.912455357142857,1.7212098214285714,1123.950013392857
16795,2059.0099999999998,1214,335,3.2438524755546547,18.838383838383837,Positive Response,10,Moderate Discount Strategy,2.1130059523809526,1.9017053571428573,2308.6703035714286
16797,2062.41,898,397,2.2571167993098338,19.345445174590907,Positive Response,10,Moderate Discount Strategy,2.782211055276382,2.503989949748744,2248.582974874372
16798,1802.02,205,168,2.4861070297134256,22.515187376725837,Positive Response,10,Moderate Discount Strategy,4.208934911242603,3.788041420118343,776.5484911242603
16799,841.16,162,91,2.385101195505715,21.610169491525426,Positive Response,10,Moderate Discount Strategy,3.421195652173913,3.0790760869565217,498.81032608695654
16802,577.57,369,52,7.286130712423554,23.39622641509434,Positive Response,10,Moderate Discount Strategy,1.8016981132075471,1.6215283018867925,598.3439433962265
16805,624.85,581,150,2.437620342266251,18.233995584988964,Positive Response,10,Moderate Discount Strategy,2.332384105960265,2.0991456953642382,1219.6036490066224
16807,993.79,655,74,7.147241315637049,20.94712643678161,Positive Response,10,Moderate Discount Strategy,2.5369333333333333,2.28324,1495.5222
16809,1002.29,441,109,3.5785876092394004,14.104683195592285,Positive Response,10,Moderate Discount Strategy,2.088636363636364,1.8797727272727276,828.9797727272729
16810,812.74,258,18,12.308771461979257,19.172932330827066,High Response,20,High Discount Strategy,4.268421052631578,3.414736842105263,881.0021052631578
16812,1894.95,1035,99,10.501431379715697,19.752380952380953,Positive Response,10,Moderate Discount Strategy,2.8251999999999997,2.54268,2631.6738
16814,5745.74,2254,462,5.141553277413894,24.39249565917079,Positive Response,10,Moderate Discount Strategy,3.5007775377969765,3.150699784017279,7101.677313174947
16815,5781.4400000000005,237,72,2.9824582103564694,23.926940639269404,Positive Response,10,Moderate Discount Strategy,2.5226027397260276,2.270342465753425,538.0711643835617
16817,1189.95,743,64,9.463391809870304,19.076923076923077,Positive Response,10,Moderate Discount Strategy,2.6243076923076925,2.3618769230769234,1754.8745538461542
16819,1200.15,253,16,4.505241916715651,15.54367201426025,Positive Response,10,Moderate Discount Strategy,2.7847058823529416,2.5062352941176473,634.0775294117648
16821,182.59,13,6,7.766292293195926,14.357501794687721,Positive Response,10,Moderate Discount Strategy,10.235714285714286,9.212142857142858,119.75785714285715
16822,163.69,171,10,8.571570418259196,27.382920110192835,Positive Response,10,Moderate Discount Strategy,2.5436363636363635,2.2892727272727273,391.46563636363635
16823,1883.76,1030,134,6.700912692989861,21.74738841405508,Positive Response,10,Moderate Discount Strategy,2.650148148148148,2.3851333333333335,2456.6873333333338
16824,1884.71,154,12,10.104230246789907,16.0,Positive Response,10,Moderate Discount Strategy,2.4692307692307693,2.2223076923076923,342.2353846153846
16825,1039.21,731,35,21.096898614481372,6.9111111111111105,High Response,20,High Discount Strategy,2.9316666666666666,2.3453333333333335,1714.4386666666667
16827,1051.71,125,11,14.410431717662293,20.919540229885055,High Response,20,High Discount Strategy,6.29,5.032,629.0
16829,392.13,116,15,9.727050808450363,22.34375,Positive Response,10,Moderate Discount Strategy,4.5687500000000005,4.111875,476.9775
16830,862.09,435,51,9.03156330911708,17.95698924731183,Positive Response,10,Moderate Discount Strategy,3.223846153846154,2.9014615384615388,1262.1357692307693
16831,881.59,48,5,8.60435966778048,24.822695035460992,Positive Response,10,Moderate Discount Strategy,2.783333333333333,2.505,120.24
16832,208.26,146,8,17.700371923978693,14.222222222222221,High Response,20,High Discount Strategy,2.054444444444444,1.6435555555555554,239.9591111111111
16833,1249.41,438,44,11.409543334174431,27.105185185185185,High Response,20,High Discount Strategy,10.530222222222223,8.424177777777778,3689.789866666667
16834,1302.51,402,23,12.951389322218622,17.866666666666664,High Response,20,High Discount Strategy,1.4258333333333333,1.1406666666666667,458.548
16835,1335.06,454,76,8.93597265334307,16.81708122386089,Positive Response,10,Moderate Discount Strategy,4.129350649350649,3.7164155844155844,1687.2526753246752
16836,1357.56,374,30,9.357416282216544,20.527859237536656,Positive Response,10,Moderate Discount Strategy,2.556451612903226,2.3008064516129036,860.5016129032259
16838,560.56,324,33,8.995353784944752,19.23351158645276,Positive Response,10,Moderate Discount Strategy,3.8752941176470586,3.487764705882353,1130.0357647058822
16839,5540.9400000000005,2552,88,21.331598084676454,16.452648475120387,High Response,20,High Discount Strategy,3.3640449438202245,2.6912359550561797,6868.034157303371
16840,5716.14,117,8,8.686040959932118,20.68965517241379,Positive Response,10,Moderate Discount Strategy,2.5055555555555555,2.255,263.835
16841,2123.64,1228,102,11.314483230167435,17.646366578405413,High Response,20,High Discount Strategy,2.2350485436893206,1.7880388349514567,2195.711689320389
16843,9324.460000000001,8343,217,26.0684158129275,23.344453711426187,High Response,20,High Discount Strategy,2.3255963302752294,1.8604770642201836,15521.960146788992
16844,9374.86,281,31,10.442493757552466,14.211309523809526,Positive Response,10,Moderate Discount Strategy,3.2328125,2.90953125,817.57828125
16845,614.34,167,19,7.844576417327694,36.745098039215684,Positive Response,10,Moderate Discount Strategy,3.443,3.0987,517.4829
16846,608.29,382,35,9.307553476549716,16.36243386243386,Positive Response,10,Moderate Discount Strategy,2.7308333333333334,2.4577500000000003,938.8605000000001
16847,628.09,177,24,8.873910759387087,29.10924369747899,Positive Response,10,Moderate Discount Strategy,5.6339999999999995,5.0706,897.4961999999999
16848,1112.8,598,70,9.81460037487342,17.00201207243461,Positive Response,10,Moderate Discount Strategy,2.6436619718309857,2.379295774647887,1422.8188732394365
16854,1376.26,997,74,11.41795179330276,24.767676767676768,High Response,20,High Discount Strategy,2.5152,2.01216,2006.12352
16856,1408.96,159,16,9.933115540399887,26.161515453639083,Positive Response,10,Moderate Discount Strategy,2.8488235294117645,2.563941176470588,407.6666470588235
16857,323.09000000000003,168,10,14.118611312942983,21.74688057040998,High Response,20,High Discount Strategy,2.6045454545454545,2.0836363636363635,350.05090909090904
16858,4262.59,1423,125,12.23170392160974,23.263492063492063,High Response,20,High Discount Strategy,4.014444444444444,3.2115555555555555,4570.043555555555
16859,4292.59,1072,57,10.205434019062523,21.103448275862068,Positive Response,10,Moderate Discount Strategy,2.019655172413793,1.817689655172414,1948.5633103448279
16860,1563.22,625,42,12.665404581192513,23.585516632322637,High Response,20,High Discount Strategy,5.241860465116279,4.193488372093023,2620.93023255814
16861,1610.62,476,42,11.598764434166961,20.431893687707642,High Response,20,High Discount Strategy,2.622093023255814,2.0976744186046514,998.493023255814
16862,772.83,513,34,10.743391114204153,17.22167487684729,High Response,20,High Discount Strategy,2.358857142857143,1.8870857142857145,968.0749714285715
16863,662.33,336,29,10.3248587502624,13.931034482758621,Positive Response,10,Moderate Discount Strategy,1.9789999999999999,1.7811,598.4495999999999
16864,495.72,283,16,15.383626790103154,11.24705882352941,High Response,20,High Discount Strategy,2.235294117647059,1.7882352941176471,506.07058823529417
16865,409.25,157,15,3.988339574753224,25.129310344827587,Positive Response,10,Moderate Discount Strategy,1.585625,1.4270625000000001,224.04881250000003
16867,130.95,58,5,8.472607099197658,25.833333333333332,Positive Response,10,Moderate Discount Strategy,1.5283333333333333,1.3755,79.779
16868,366.65999999999997,112,49,3.3229056150271084,22.047457627118646,Positive Response,10,Moderate Discount Strategy,4.3806,3.94254,441.56448
16870,445.12,278,27,9.093940776498965,16.336405529953915,Positive Response,10,Moderate Discount Strategy,2.7842857142857147,2.5058571428571432,696.6282857142858
16872,450.16,479,10,13.839566906423903,5.745454545454545,High Response,20,High Discount Strategy,4.7736363636363635,3.818909090909091,1829.2574545454545
16873,7477.27,4761,232,13.874507042315981,16.948888021849395,High Response,20,High Discount Strategy,2.3647210300429187,1.8917768240343351,9006.749459227469
16874,7493.77,78,30,4.1674211746820085,18.950246036085296,Positive Response,10,Moderate Discount Strategy,3.3216129032258066,2.989451612903226,233.17722580645162
16875,2121.3,1030,117,9.239022742988032,14.732724902216429,Positive Response,10,Moderate Discount Strategy,3.740254237288136,3.3662288135593226,3467.2156779661022
16876,2139.0,181,31,4.979653101457108,29.924242424242426,Positive Response,10,Moderate Discount Strategy,1.9859375000000001,1.7873437500000002,323.50921875000006
16880,306.78000000000003,158,8,11.424807678925694,23.954802259887007,High Response,20,High Discount Strategy,3.9433333333333334,3.154666666666667,498.43733333333336
16883,2098.63,967,246,3.7502995199487903,12.072138387927861,Positive Response,10,Moderate Discount Strategy,3.6002024291497974,3.2401821862348177,3133.2561740890687
16884,2101.61,200,47,6.741469692746169,29.117383512544805,Positive Response,10,Moderate Discount Strategy,5.808333333333334,5.2275,1045.5
16885,641.13,180,39,3.8704898721658396,17.28,Positive Response,10,Moderate Discount Strategy,2.34025,2.1062250000000002,379.12050000000005
16886,234.19,48,7,8.20291088828351,15.671641791044776,Positive Response,10,Moderate Discount Strategy,3.8375,3.45375,165.78
16887,452.34000000000003,267,64,3.664699638349243,22.864468864468865,Positive Response,10,Moderate Discount Strategy,2.765230769230769,2.4887076923076923,664.4849538461539
16888,465.84000000000003,145,51,5.503137421315183,22.18702865761689,Positive Response,10,Moderate Discount Strategy,4.224615384615385,3.8021538461538467,551.3123076923077
16889,944.5,686,81,6.493329021446311,21.234294161123426,Positive Response,10,Moderate Discount Strategy,2.4391463414634145,2.195231707317073,1505.928951219512
16890,947.98,243,18,5.807838677547615,8.378947368421052,Positive Response,10,Moderate Discount Strategy,1.9442105263157894,1.7497894736842106,425.19884210526317
16891,1199.82,473,294,2.4546485369043696,22.37173226084459,Positive Response,10,Moderate Discount Strategy,3.224135593220339,2.9017220338983054,1372.5145220338984
16892,1202.77,131,39,3.307397492332627,20.821428571428573,Positive Response,10,Moderate Discount Strategy,3.9115,3.52035,461.16585000000003
16893,237.29,117,86,1.9710292902322002,19.825885873631233,Positive Response,10,Moderate Discount Strategy,2.384367816091954,2.145931034482759,251.0739310344828
16894,1289.96,503,186,3.383486999086101,22.197504456327987,Positive Response,10,Moderate Discount Strategy,4.633903743315508,4.170513368983957,2097.7682245989304
16895,1306.96,330,100,3.801357197339213,28.108743077697603,Positive Response,10,Moderate Discount Strategy,3.3968316831683167,3.057148514851485,1008.8590099009901
16896,900.63,18,17,3.809502658822891,19.047619047619047,Positive Response,10,Moderate Discount Strategy,5.775,5.197500000000001,93.555
16898,495.84,377,122,2.8135946965713146,26.109879280610986,Positive Response,10,Moderate Discount Strategy,2.2622764227642276,2.0360487804878047,767.5903902439023
16899,496.26,291,49,4.169005059713093,16.92222222222222,Positive Response,10,Moderate Discount Strategy,2.6704000000000003,2.40336,699.3777600000001
16901,424.71000000000004,42,22,4.279466911389057,16.126482213438738,Positive Response,10,Moderate Discount Strategy,6.1256521739130445,5.51308695652174,231.5496521739131
16903,669.8,470,125,4.278572174404103,24.02116402116402,Positive Response,10,Moderate Discount Strategy,2.2186507936507938,1.9967857142857144,938.4892857142858
16904,1344.41,762,262,2.7017569803165866,20.66296187969192,Positive Response,10,Moderate Discount Strategy,2.4366159695817493,2.1929543726235745,1671.0312319391637
16905,1916.67,640,130,5.673868836694059,27.141932979686896,Positive Response,10,Moderate Discount Strategy,4.0995419847328245,3.6895877862595423,2361.3361832061073
16906,1923.57,327,126,2.705336071187414,19.97000374953131,Positive Response,10,Moderate Discount Strategy,3.438740157480315,3.094866141732284,1012.0212283464568
16907,851.33,232,101,3.2674645370697526,11.358543417366947,Positive Response,10,Moderate Discount Strategy,3.371764705882353,3.034588235294118,704.0244705882353
16908,722.0500000000001,61,19,4.036774761333082,10.423529411764706,Positive Response,10,Moderate Discount Strategy,3.9219999999999997,3.5298,215.31779999999998
16911,252.59,161,34,4.601544482375123,13.186813186813188,Positive Response,10,Moderate Discount Strategy,2.318571428571429,2.086714285714286,335.96100000000007
16912,1857.53,664,71,12.081825601181382,27.182539682539684,High Response,20,High Discount Strategy,4.757777777777778,3.806222222222223,2527.331555555556
16913,1904.93,147,9,5.244807483269637,29.52795031055901,Positive Response,10,Moderate Discount Strategy,5.053,4.5477,668.5119
16915,905.6,58,16,15.020414943802292,42.312547336531175,High Response,20,High Discount Strategy,30.16176470588235,24.129411764705882,1399.5058823529412
16916,921.5,320,117,2.6484899835660367,16.36746565038612,Positive Response,10,Moderate Discount Strategy,2.6490677966101694,2.3841610169491525,762.9315254237288
16917,1445.06,560,40,15.488586696124063,26.15765288087664,High Response,20,High Discount Strategy,5.515365853658537,4.41229268292683,2470.8839024390245
16918,2133.47,1345,325,3.9231771014354253,21.998512734709053,Positive Response,10,Moderate Discount Strategy,2.207883435582822,1.9870950920245398,2672.642898773006
16919,2509.8,1003,309,3.416514725735623,18.184331797235025,Positive Response,10,Moderate Discount Strategy,3.1437096774193547,2.8293387096774194,2837.8267258064516
16920,2515.76,81,22,6.773101761644149,16.347826086956523,Positive Response,10,Moderate Discount Strategy,5.4195652173913045,4.8776086956521745,395.0863043478261
16921,355.45,121,32,3.1753975204433456,24.013722126929675,Positive Response,10,Moderate Discount Strategy,4.675454545454545,4.207909090909091,509.157
16922,606.88,281,121,2.550697372624552,22.87665886026542,Positive Response,10,Moderate Discount Strategy,3.0281967213114753,2.7253770491803277,765.8309508196721
16923,6028.65,2846,456,6.016731855764605,17.626662178084498,Positive Response,10,Moderate Discount Strategy,2.800153172866521,2.520137855579869,7172.312336980307
16925,6088.05,123,17,5.421039279835672,24.044444444444444,Positive Response,10,Moderate Discount Strategy,2.3866666666666667,2.148,264.204
16926,1154.31,197,95,3.6795647456673866,19.191919191919194,Positive Response,10,Moderate Discount Strategy,6.30125,5.671125,1117.211625
16928,1184.08,588,120,5.581364213037548,3.2198347107438017,Positive Response,10,Moderate Discount Strategy,4.44198347107438,3.997785123966942,2350.697652892562
16931,1199.08,305,102,3.2542817001376143,15.279704114655573,Positive Response,10,Moderate Discount Strategy,2.224271844660194,2.0018446601941746,610.5626213592233
16932,629.4,135,84,1.9336673930365227,18.645276292335115,Positive Response,10,Moderate Discount Strategy,2.3698823529411763,2.1328941176470586,287.9407058823529
16933,2519.07,1245,237,5.152133973490954,20.43586665435405,Positive Response,10,Moderate Discount Strategy,3.0666386554621847,2.759974789915966,3436.168613445378
16934,2536.07,539,79,7.780603765079386,22.224576271186443,Positive Response,10,Moderate Discount Strategy,3.695875,3.3262875000000003,1792.8689625000002
16935,1152.1100000000001,273,68,3.536154376670668,19.985135637309554,Positive Response,10,Moderate Discount Strategy,2.0298550724637683,1.8268695652173914,498.73539130434784
16936,530.86,168,82,2.090187329276456,14.165753924790069,Positive Response,10,Moderate Discount Strategy,1.8932530120481925,1.7039277108433732,286.2598554216867
16937,286.39,123,48,2.9900276112438715,17.687074829931973,Positive Response,10,Moderate Discount Strategy,1.9846938775510203,1.7862244897959183,219.70561224489796
16938,4262.83,2508,588,3.8119950576473864,19.562793220883858,Positive Response,10,Moderate Discount Strategy,2.5737181663837014,2.316346349745331,5809.3966451612905
16939,4283.68,229,40,4.802500165393345,18.594657375145182,Positive Response,10,Moderate Discount Strategy,3.1726829268292684,2.855414634146342,653.8899512195122
16940,3375.23,2334,323,8.708162591294428,20.557426112981666,Positive Response,10,Moderate Discount Strategy,1.9781172839506171,1.7803055555555554,4155.233166666666
16941,3377.78,12,1,9.005575446979519,3.63636363636364,Positive Response,10,Moderate Discount Strategy,2.75,2.475,29.700000000000003
16943,241.38,2,1,26.94529159044324,0.0,High Response,20,High Discount Strategy,241.38,193.104,386.208
16944,482.76,27,6,7.425640628258266,25.119206561129122,Positive Response,10,Moderate Discount Strategy,5.897142857142858,5.307428571428572,143.30057142857143
16945,4185.66,3164,224,11.008179777216926,23.195441595441597,High Response,20,High Discount Strategy,1.9749333333333334,1.5799466666666668,4998.951253333334
16946,4202.66,509,74,9.28051966334336,10.241269841269842,Positive Response,10,Moderate Discount Strategy,3.5776,3.21984,1638.89856
16947,1222.04,343,31,10.11100064013013,20.089285714285715,Positive Response,10,Moderate Discount Strategy,2.384375,2.1459375,736.0565625
16948,548.73,477,23,13.081723356063504,11.960784313725489,High Response,20,High Discount Strategy,2.410833333333333,1.9286666666666665,919.9739999999999
16950,2463.81,1820,104,12.0157890898923,20.47330447330447,High Response,20,High Discount Strategy,2.3781904761904764,1.9025523809523812,3462.645333333334
16952,2535.21,251,70,3.984976372267737,26.622105514442588,Positive Response,10,Moderate Discount Strategy,3.170985915492958,2.853887323943662,716.3257183098591
16954,3971.6,3032,151,12.825071775131184,22.822141560798542,High Response,20,High Discount Strategy,2.437105263157895,1.949684210526316,5911.44252631579
16955,3996.7999999999997,557,31,13.364216942154423,18.232248520710062,High Response,20,High Discount Strategy,2.9796875,2.38375,1327.74875
16958,790.74,514,69,5.399524458219423,24.017316017316016,Positive Response,10,Moderate Discount Strategy,2.5025714285714287,2.2523142857142857,1157.689542857143
16960,1481.88,1188,347,2.672195033384266,22.816091954022987,Positive Response,10,Moderate Discount Strategy,1.9528160919540232,1.7575344827586208,2087.9509655172415
16961,1483.83,357,37,9.406256600179917,20.255183413078147,Positive Response,10,Moderate Discount Strategy,3.261315789473684,2.9351842105263155,1047.8607631578946
16962,560.39,158,14,9.419373075669784,13.333333333333332,Positive Response,10,Moderate Discount Strategy,2.682666666666667,2.4144000000000005,381.4752000000001
16964,251.04,49,5,8.954420270354925,7.843137254901961,Positive Response,10,Moderate Discount Strategy,4.55,4.095,200.655
16970,207.85,12,1,10.06807519011761,0.0,Positive Response,10,Moderate Discount Strategy,5.95,5.355,64.26
16972,737.75,183,81,3.5897523812060075,14.650406504065039,Positive Response,10,Moderate Discount Strategy,4.507317073170732,4.0565853658536595,742.3551219512196
16973,749.0,60,5,9.823330867733505,0.0,Positive Response,10,Moderate Discount Strategy,2.1166666666666667,1.905,114.3
16974,294.1,70,7,12.384771255705996,10.714285714285715,High Response,20,High Discount Strategy,5.3125,4.25,297.5
16975,913.37,586,44,11.472642049425751,25.2991452991453,High Response,20,High Discount Strategy,2.376666666666667,1.9013333333333335,1114.1813333333334
16977,926.12,142,27,8.203163421335717,28.571428571428573,Positive Response,10,Moderate Discount Strategy,5.271428571428571,4.744285714285715,673.6885714285714
16978,496.0,119,27,11.995089399636667,17.032967032967033,High Response,20,High Discount Strategy,3.789285714285714,3.0314285714285716,360.74
16979,966.94,586,39,10.421654262953176,27.516129032258068,Positive Response,10,Moderate Discount Strategy,3.40525,3.064725,1795.92885
16980,1007.74,251,24,8.944984603330882,21.085714285714285,Positive Response,10,Moderate Discount Strategy,2.2072,1.9864799999999998,498.60648
16983,1710.65,1087,96,9.817173072318353,26.72374628691246,Positive Response,10,Moderate Discount Strategy,3.8765979381443296,3.4889381443298966,3792.4757628865977
16984,5861.01,2747,671,3.652875570716353,20.35597572362278,Positive Response,10,Moderate Discount Strategy,3.901130952380952,3.511017857142857,9644.766053571428
16985,5891.01,1271,122,14.969158716581127,29.842619527112703,High Response,20,High Discount Strategy,12.026829268292683,9.621463414634148,12228.880000000001
16986,5459.04,1499,170,8.812320718187056,11.306042884990251,Positive Response,10,Moderate Discount Strategy,4.103801169590644,3.6934210526315794,5536.438157894738
16987,3015.55,270,132,2.9247659378452915,20.155473429336055,Positive Response,10,Moderate Discount Strategy,3.9227067669172935,3.5304360902255643,953.2177443609023
16988,904.6,115,12,9.214329012518878,14.652014652014653,Positive Response,10,Moderate Discount Strategy,5.023076923076923,4.520769230769231,519.8884615384616
16990,256.55,100,0,7.164901149830127,0.0,Positive Response,10,Moderate Discount Strategy,1.65,1.4849999999999999,148.5
16991,1030.71,793,73,9.39219467341711,31.358281358281364,Positive Response,10,Moderate Discount Strategy,2.28445945945946,2.056013513513514,1630.4187162162166
16992,3847.34,1201,191,9.275863277677685,26.497264309764308,Positive Response,10,Moderate Discount Strategy,5.88578125,5.297203125,6361.940953125
16993,3862.19,285,27,26.067542477909857,17.726798748696556,High Response,20,High Discount Strategy,7.960714285714286,6.368571428571429,1815.0428571428574
16996,1950.95,375,37,9.475267738855313,19.538661468486026,Positive Response,10,Moderate Discount Strategy,2.532631578947368,2.2793684210526313,854.7631578947368
16998,666.6500000000001,28,1,21.718678529587546,3.125,High Response,20,High Discount Strategy,4.0,3.2,89.60000000000001
17000,375.1,305,29,8.237045276583634,24.02298850574713,Positive Response,10,Moderate Discount Strategy,1.6306666666666667,1.4676,447.618
17001,2598.13,1618,105,11.113661878176353,21.480406386066765,High Response,20,High Discount Strategy,2.7391509433962264,2.191320754716981,3545.556981132075
17002,2651.23,586,34,11.849693823517615,22.802721088435373,High Response,20,High Discount Strategy,3.2382857142857144,2.5906285714285717,1518.108342857143
17003,1077.82,494,110,4.685951519602636,19.334719334719335,Positive Response,10,Moderate Discount Strategy,2.0905405405405406,1.8814864864864866,929.4543243243244
17004,992.72,462,25,12.745430315432376,6.068376068376067,High Response,20,High Discount Strategy,2.389615384615385,1.911692307692308,883.2018461538463
17005,1012.22,691,17,15.450917035882716,17.936507936507937,High Response,20,High Discount Strategy,1.7838888888888889,1.4271111111111112,986.1337777777778
17006,850.94,300,84,3.5341012929665743,21.596309111880043,Positive Response,10,Moderate Discount Strategy,3.059764705882353,2.7537882352941176,826.1364705882353
17007,853.49,120,14,8.483019603020713,26.290196078431375,Positive Response,10,Moderate Discount Strategy,4.296,3.8664000000000005,463.9680000000001
17008,230.17000000000002,24,0,7.533933708501852,0.0,Positive Response,10,Moderate Discount Strategy,3.39,3.051,73.224
17009,180.62,336,10,19.117462655124754,26.203208556149733,High Response,20,High Discount Strategy,1.7272727272727273,1.3818181818181818,464.2909090909091
17011,355.2,606,12,19.14613743074662,30.584615384615386,High Response,20,High Discount Strategy,1.4561538461538461,1.164923076923077,705.9433846153846
17012,400.8,251,35,5.112446781076425,18.9437585733882,Positive Response,10,Moderate Discount Strategy,2.201111111111111,1.9809999999999999,497.231
17016,550.45,309,40,5.172763148506282,16.945412311265972,Positive Response,10,Moderate Discount Strategy,3.7685365853658532,3.391682926829268,1048.0300243902439
17017,5343.85,3918,171,15.216162783858797,21.737138830162085,High Response,20,High Discount Strategy,1.971860465116279,1.5774883720930233,6180.599441860465
17018,5416.35,280,20,30.54419850167369,12.084833933573432,High Response,20,High Discount Strategy,5.535714285714286,4.428571428571429,1240.0
17019,2698.78,1799,463,3.49674118519574,25.223354231974923,Positive Response,10,Moderate Discount Strategy,1.9974137931034481,1.7976724137931033,3234.0126724137926
17020,2703.03,860,68,10.044284640017004,25.041721563460694,Positive Response,10,Moderate Discount Strategy,1.6201449275362318,1.4581304347826087,1253.9921739130434
17021,1120.27,992,47,12.47700183704775,25.739644970414204,High Response,20,High Discount Strategy,2.906041666666667,2.3248333333333338,2306.234666666667
17022,1182.22,72,8,9.681493138103153,15.819209039548026,Positive Response,10,Moderate Discount Strategy,3.738888888888889,3.365,242.28000000000003
17023,789.98,530,48,10.722665119509605,20.432314937809444,High Response,20,High Discount Strategy,2.5904081632653058,2.0723265306122447,1098.3330612244897
17025,1135.02,789,32,22.87604015395271,12.33939393939394,High Response,20,High Discount Strategy,1.6387878787878787,1.311030303030303,1034.4029090909091
17026,1152.8700000000001,35,3,7.921334394966506,21.186440677966104,Positive Response,10,Moderate Discount Strategy,4.1375,3.7237500000000003,130.33125
17027,398.27,229,29,19.808622568590348,18.90322580645161,High Response,20,High Discount Strategy,7.289666666666666,5.831733333333333,1335.4669333333334
17028,1576.88,856,94,9.702671909528764,18.87218045112782,Positive Response,10,Moderate Discount Strategy,3.4441052631578946,3.099694736842105,2653.3386947368417
17029,1593.83,865,26,36.07013901785226,17.05467372134039,High Response,20,High Discount Strategy,2.3362962962962963,1.869037037037037,1616.717037037037
17031,2335.0,1360,27,50.37852696851579,1.7316017316017314,High Response,20,High Discount Strategy,1.9553571428571428,1.5642857142857143,2127.4285714285716
17032,2969.32,1667,236,6.952707825028646,21.700746510873095,Positive Response,10,Moderate Discount Strategy,3.2261181434599155,2.9035063291139243,4840.145050632912
17033,2984.32,121,11,12.453843359688355,25.468164794007492,High Response,20,High Discount Strategy,5.45,4.36,527.5600000000001
17034,511.4,284,27,10.195832577602811,16.849816849816854,Positive Response,10,Moderate Discount Strategy,2.435714285714286,2.1921428571428576,622.5685714285715
17035,530.9,98,4,13.96846037113745,4.848484848484848,High Response,20,High Discount Strategy,3.7979999999999996,3.0383999999999998,297.7632
17036,180.06,76,11,10.256495179071093,15.053763440860218,Positive Response,10,Moderate Discount Strategy,4.929166666666666,4.436249999999999,337.155
17038,618.97,507,40,10.359446049642097,20.960827790096083,Positive Response,10,Moderate Discount Strategy,2.5417073170731705,2.2875365853658534,1159.7810487804877
17039,1939.99,689,43,25.671137315762383,22.1969696969697,High Response,20,High Discount Strategy,3.930454545454545,3.1443636363636362,2166.466545454545
17040,1954.99,8,0,10.141026075539038,0.0,Positive Response,10,Moderate Discount Strategy,1.69,1.521,12.168
17041,566.01,376,56,6.03014038607146,21.151596941070625,Positive Response,10,Moderate Discount Strategy,2.455964912280702,2.2103684210526318,831.0985263157895
17043,857.52,618,96,3.8256291836666056,27.08308065494239,Positive Response,10,Moderate Discount Strategy,3.712268041237113,3.341041237113402,2064.7634845360826
17044,10931.02,5218,142,29.482643808805275,14.255744255744256,High Response,20,High Discount Strategy,3.756783216783217,3.0054265734265737,15682.31586013986
17045,11013.82,188,30,7.942921091703238,29.753728754769337,Positive Response,10,Moderate Discount Strategy,5.908387096774193,5.317548387096775,999.6990967741937
17046,1253.85,1126,62,12.58169571810671,17.841269841269842,High Response,20,High Discount Strategy,1.634126984126984,1.3073015873015874,1472.0215873015875
17047,1264.05,651,76,8.896146138897299,21.614100185528756,Positive Response,10,Moderate Discount Strategy,3.4251948051948053,3.082675324675325,2006.8216363636366
17048,1188.33,583,57,9.995435905079654,20.476190476190478,Positive Response,10,Moderate Discount Strategy,2.299137931034483,2.0692241379310348,1206.3576724137934
17049,4199.0,1600,240,9.132526410086186,24.673858921161823,Positive Response,10,Moderate Discount Strategy,4.93655601659751,4.44290041493776,7108.640663900415
17050,4287.5,837,40,15.680708523100215,4.721951219512195,High Response,20,High Discount Strategy,9.082926829268292,7.2663414634146335,6081.927804878048
17051,1462.95,328,112,2.8760717276123495,11.412389380530973,Positive Response,10,Moderate Discount Strategy,1.728849557522124,1.5559646017699118,510.3563893805311
17055,465.6,83,25,4.825068559246701,15.8974358974359,Positive Response,10,Moderate Discount Strategy,3.2807692307692307,2.9526923076923075,245.07346153846152
17056,232.85000000000002,26,7,3.9238400981551904,20.12987012987013,Positive Response,10,Moderate Discount Strategy,4.125,3.7125,96.52499999999999
17057,288.79,129,49,3.18469665617546,10.032967032967031,Positive Response,10,Moderate Discount Strategy,2.9414,2.6472599999999997,341.49654
17059,2502.79,1728,323,4.177136601402927,20.21842355175689,Positive Response,10,Moderate Discount Strategy,2.5683024691358023,2.311472222222222,3994.2239999999997
17062,2506.54,472,89,4.443580398299637,21.310344827586203,Positive Response,10,Moderate Discount Strategy,2.294,2.0646,974.4912
17063,2162.39,1129,126,8.413057375662769,13.640218049666869,Positive Response,10,Moderate Discount Strategy,2.4473228346456692,2.2025905511811024,2486.7247322834646
17065,2177.39,82,11,8.992980519756335,37.2093023255814,Positive Response,10,Moderate Discount Strategy,3.3833333333333333,3.045,249.69
17066,226.44,93,17,6.454969907514329,21.68316831683169,Positive Response,10,Moderate Discount Strategy,2.717777777777778,2.446,227.478
17067,439.54,322,12,18.293180213241662,14.825174825174823,High Response,20,High Discount Strategy,2.1592307692307693,1.7273846153846155,556.2178461538462
17068,4593.44,2267,723,3.733020402547289,13.517495395948437,Positive Response,10,Moderate Discount Strategy,2.473439226519337,2.226095303867403,5046.558053867403
17069,4601.69,1827,151,10.830435260514353,21.71390013495277,High Response,20,High Discount Strategy,2.4759210526315787,1.9807368421052631,3618.8062105263157
17070,3084.58,101,40,2.6610595001623976,18.46267553584627,Positive Response,10,Moderate Discount Strategy,2.1185365853658538,1.9066829268292684,192.5749756097561
17071,1344.88,737,70,10.291594564055604,22.424744545705604,Positive Response,10,Moderate Discount Strategy,3.6029577464788733,3.242661971830986,2389.8418732394366
17072,1364.68,212,20,9.534170249398882,23.74384236453202,Positive Response,10,Moderate Discount Strategy,1.7557142857142856,1.580142857142857,334.9902857142857
17074,273.35,19,3,25.957537396576406,19.215686274509807,High Response,20,High Discount Strategy,10.3,8.24,156.56
17075,1390.71,493,121,6.158940912334682,25.940787863958892,Positive Response,10,Moderate Discount Strategy,3.966967213114754,3.570270491803279,1760.1433524590166
17076,1402.51,219,24,10.338075336262763,9.115151515151513,Positive Response,10,Moderate Discount Strategy,2.6388,2.37492,520.10748
17077,401.67,36,0,8.227879191490818,0.0,Positive Response,10,Moderate Discount Strategy,8.5,7.65,275.40000000000003
17080,611.91,403,24,13.017962661625365,14.52121212121212,High Response,20,High Discount Strategy,3.4924,2.79392,1125.94976
17081,669.91,304,143,2.525114679556486,19.04431216931217,Positive Response,10,Moderate Discount Strategy,3.3065277777777777,2.975875,904.6659999999999
17082,2711.68,1477,88,13.824442988542101,19.297032555459523,High Response,20,High Discount Strategy,2.504044943820225,2.00323595505618,2958.779505617978
17083,2728.18,1183,62,20.148875314271837,17.73269465577158,High Response,20,High Discount Strategy,2.737936507936508,2.1903492063492065,2591.1831111111114
17084,2644.01,1476,131,9.246898288985111,18.862275449101794,Positive Response,10,Moderate Discount Strategy,2.6140909090909092,2.3526818181818183,3472.558363636364
17085,6280.27,2798,800,3.697205751019754,17.01385173295286,Positive Response,10,Moderate Discount Strategy,2.85960049937578,2.5736404494382024,7201.045977528091
17087,6285.27,113,11,8.887088334577442,26.019900497512438,Positive Response,10,Moderate Discount Strategy,3.203333333333333,2.883,325.779
17089,221.53,35,3,10.786044974190816,5.333333333333332,High Response,20,High Discount Strategy,3.85,3.08,107.8
17090,1074.93,441,28,11.763351767431294,21.068289384719403,High Response,20,High Discount Strategy,2.7937931034482757,2.235034482758621,985.6502068965518
17091,3936.2400000000002,2087,272,7.97961502446597,13.292007138160987,Positive Response,10,Moderate Discount Strategy,2.9152747252747253,2.6237472527472527,5475.760516483517
17092,3961.44,2638,267,7.992354959558546,24.119785686949868,Positive Response,10,Moderate Discount Strategy,2.376865671641791,2.139179104477612,5643.15447761194
17093,3737.38,114,12,9.634805366665685,18.777120315581854,Positive Response,10,Moderate Discount Strategy,3.053076923076923,2.7477692307692307,313.2456923076923
17094,235.88,60,3,12.58466868624214,8.0,High Response,20,High Discount Strategy,1.775,1.42,85.19999999999999
17095,1233.09,1077,62,11.030460946578327,31.102971102971107,High Response,20,High Discount Strategy,2.767301587301587,2.2138412698412697,2384.3070476190474
17096,2658.1,1220,156,5.988165611511487,22.2174241606391,Positive Response,10,Moderate Discount Strategy,3.6796178343949046,3.3116560509554143,4040.2203821656053
17097,2675.8,190,95,2.256809124377677,21.837121212121215,Positive Response,10,Moderate Discount Strategy,2.3739583333333334,2.1365625,405.94687500000003
17098,575.17,125,17,13.613147446947954,27.48091603053435,High Response,20,High Discount Strategy,6.132222222222222,4.905777777777778,613.2222222222222
17099,591.07,317,39,8.478680724975026,19.202380952380953,Positive Response,10,Moderate Discount Strategy,3.178,2.8602,906.6834
17101,783.32,360,30,9.964470247197099,23.63039912520503,Positive Response,10,Moderate Discount Strategy,4.275483870967742,3.847935483870968,1385.2567741935484
17103,885.32,471,31,9.735100876685827,15.330882352941176,Positive Response,10,Moderate Discount Strategy,1.6868750000000001,1.5181875000000002,715.0663125000001
17104,434.43,149,18,11.414377515669631,28.024900962082626,High Response,20,High Discount Strategy,4.546842105263158,3.6374736842105264,541.9835789473684
17106,476.51,153,50,4.653378074246018,26.302191464821224,Positive Response,10,Moderate Discount Strategy,4.553725490196078,4.09835294117647,627.048
17107,5252.72,2704,253,8.972816029298974,21.632920884889387,Positive Response,10,Moderate Discount Strategy,2.9961811023622045,2.696562992125984,7291.506330708661
17108,5255.24,31,8,6.89770731186465,17.32283464566929,Positive Response,10,Moderate Discount Strategy,5.25,4.7250000000000005,146.47500000000002
17109,386.62,200,22,8.567631412119686,19.130434782608692,Positive Response,10,Moderate Discount Strategy,3.1904347826086954,2.871391304347826,574.2782608695652
17110,410.42,86,36,4.37533480385238,13.77091377091377,Positive Response,10,Moderate Discount Strategy,3.9770270270270274,3.579324324324325,307.82189189189194
17111,336.6,299,18,11.895875108761265,22.652631578947368,High Response,20,High Discount Strategy,1.2794736842105263,1.0235789473684211,306.05010526315795
17112,227.97,130,46,2.8431281340844166,20.79948420373952,Positive Response,10,Moderate Discount Strategy,1.9951063829787232,1.795595744680851,233.42744680851064
17113,2246.19,913,157,8.226698454905003,20.572838446685264,Positive Response,10,Moderate Discount Strategy,4.1256329113924055,3.7130696202531652,3390.03256329114
17115,2305.59,513,80,10.647971417742662,21.733383214864695,Positive Response,10,Moderate Discount Strategy,5.295679012345679,4.766111111111111,2445.015
17116,1923.99,392,46,6.164507489924299,11.948936170212766,Positive Response,10,Moderate Discount Strategy,1.5346808510638297,1.3812127659574467,541.4354042553191
17121,389.78,106,11,10.71046003473655,18.96969696969697,High Response,20,High Discount Strategy,3.7366666666666664,2.989333333333333,316.8693333333333
17122,419.58,288,22,10.625160910098357,14.09295352323838,Positive Response,10,Moderate Discount Strategy,1.6486956521739131,1.4838260869565219,427.3419130434783
17123,626.77,430,33,9.79143654766678,19.590017825311943,Positive Response,10,Moderate Discount Strategy,2.012941176470588,1.8116470588235292,779.0082352941175
17126,1015.1800000000001,646,196,3.062517452445911,22.931146687491864,Positive Response,10,Moderate Discount Strategy,2.430761421319797,2.1876852791878174,1413.24469035533
17127,1026.98,340,36,10.034439883551137,13.376576576576575,Positive Response,10,Moderate Discount Strategy,4.106486486486486,3.6958378378378374,1256.5848648648648
17129,1155.0300000000002,5,1,8.823504535443158,13.197026022304831,Positive Response,10,Moderate Discount Strategy,6.725,6.0525,30.262500000000003
17132,1219.01,963,70,9.887948305731744,22.80836534357661,Positive Response,10,Moderate Discount Strategy,3.1235211267605636,2.8111690140845074,2707.1557605633807
17133,9556.09,7377,28,302.510782322927,16.74197384066587,High Response,20,High Discount Strategy,1.916896551724138,1.5335172413793106,11312.756689655174
17134,9730.09,46,12,9.236289613116293,14.918414918414918,Positive Response,10,Moderate Discount Strategy,5.596153846153846,5.036538461538461,231.68076923076922
17135,758.43,684,99,3.392903168829344,20.92413793103448,Positive Response,10,Moderate Discount Strategy,1.8113,1.63017,1115.03628
17136,798.03,256,13,10.258700108598386,30.578231292517007,Positive Response,10,Moderate Discount Strategy,2.8042857142857143,2.523857142857143,646.1074285714286
17137,1064.41,680,166,4.082988120303815,15.256759208855017,Positive Response,10,Moderate Discount Strategy,2.131556886227545,1.9184011976047906,1304.5128143712575
17138,4024.17,1898,231,9.221195056011277,23.644067796610173,Positive Response,10,Moderate Discount Strategy,3.8420689655172415,3.4578620689655173,6563.022206896552
17139,8898.29,4677,330,13.063642043169326,20.59338446045395,High Response,20,High Discount Strategy,3.4043202416918428,2.723456193353474,12737.604616314198
17141,8915.99,423,161,2.4548078864482186,20.65843621399177,Positive Response,10,Moderate Discount Strategy,2.999444444444445,2.6995000000000005,1141.8885000000002
17142,727.58,241,73,4.044608909940684,17.249602543720187,Positive Response,10,Moderate Discount Strategy,3.9912162162162166,3.592094594594595,865.6947972972973
17143,869.17,314,111,4.088727488294029,13.64795918367347,Positive Response,10,Moderate Discount Strategy,3.4870535714285715,3.1383482142857146,985.4413392857144
17145,3106.06,2591,179,9.760866943613212,19.68013468013468,Positive Response,10,Moderate Discount Strategy,2.8254444444444444,2.5429,6588.6539
17146,5072.86,1976,265,9.722887499530579,25.259334777622023,Positive Response,10,Moderate Discount Strategy,4.145902255639098,3.731312030075188,7373.072571428572
17147,5102.86,426,54,10.698393633964539,27.025454545454544,Positive Response,10,Moderate Discount Strategy,5.274727272727273,4.747254545454546,2022.3304363636366
17149,1485.36,18,5,10.447457707817291,0.0,Positive Response,10,Moderate Discount Strategy,7.95,7.155,128.79
17150,1330.95,397,91,5.621377051709476,26.449275362318843,Positive Response,10,Moderate Discount Strategy,5.02,4.518,1793.646
17151,1357.95,42,3,11.1489177398723,0.0,High Response,20,High Discount Strategy,5.575,4.46,187.32
17152,231.90000000000003,60,1,19.68281757823824,0.0,High Response,20,High Discount Strategy,5.45,4.36,261.6
17155,627.56,745,52,8.627220850523628,24.73962264150943,Positive Response,10,Moderate Discount Strategy,1.6528301886792451,1.4875471698113207,1108.222641509434
17156,640.76,391,38,10.099768884453622,16.58119658119658,Positive Response,10,Moderate Discount Strategy,2.0646153846153843,1.8581538461538458,726.5381538461537
17157,4821.0,1920,127,22.89700476474359,26.707386363636363,High Response,20,High Discount Strategy,2.99921875,2.399375,4606.8
17158,4832.900000000001,369,45,8.767624233060877,17.854386416259327,Positive Response,10,Moderate Discount Strategy,4.001956521739131,3.6017608695652177,1329.0497608695653
17159,713.03,237,28,9.264826898949657,30.32144944476914,Positive Response,10,Moderate Discount Strategy,4.134827586206897,3.7213448275862073,881.9587241379311
17160,6671.63,5534,421,10.454228130600534,17.960189573459715,Positive Response,10,Moderate Discount Strategy,1.617440758293839,1.4556966824644553,8055.825440758295
17161,6691.13,537,51,9.851349165749367,17.83216783216783,Positive Response,10,Moderate Discount Strategy,2.5467307692307695,2.2920576923076927,1230.834980769231
17163,856.01,465,24,14.795847545984895,24.28235294117647,High Response,20,High Discount Strategy,1.0944,0.8755200000000001,407.1168
17165,1620.64,688,89,9.856448370885259,31.133583021223473,Positive Response,10,Moderate Discount Strategy,4.442555555555556,3.9983000000000004,2750.8304000000003
17167,1635.64,429,78,3.548228678685927,15.908920680098872,Positive Response,10,Moderate Discount Strategy,3.130253164556962,2.817227848101266,1208.590746835443
17168,867.11,220,20,9.99422868057475,27.10622710622711,Positive Response,10,Moderate Discount Strategy,3.2785714285714285,2.9507142857142856,649.1571428571428
17169,400.2,145,20,8.933745685021709,20.634920634920633,Positive Response,10,Moderate Discount Strategy,3.5857142857142854,3.227142857142857,467.93571428571425
17170,320.95,152,9,11.415160111920303,9.84,High Response,20,High Discount Strategy,1.377,1.1016000000000001,167.44320000000002
17171,178.68,40,8,8.712794626732892,26.346239430351577,Positive Response,10,Moderate Discount Strategy,7.071111111111112,6.364000000000001,254.56000000000003
17172,623.69,735,23,21.74021952539235,15.441176470588234,High Response,20,High Discount Strategy,1.0979166666666667,0.8783333333333334,645.575
17176,638.81,406,26,14.828112953634456,23.613916947250278,High Response,20,High Discount Strategy,2.0677777777777777,1.6542222222222223,671.6142222222222
17177,596.1899999999999,40,28,2.6319543666637863,24.196376388077148,Positive Response,10,Moderate Discount Strategy,3.3982758620689655,3.058448275862069,122.33793103448276
17178,425.46000000000004,100,30,8.801911440212221,13.083870967741932,Positive Response,10,Moderate Discount Strategy,5.310967741935484,4.779870967741936,477.9870967741936
17179,793.77,335,77,5.620721331537713,11.750872401759976,Positive Response,10,Moderate Discount Strategy,2.2730769230769234,2.0457692307692312,685.3326923076925
17180,1445.3,1139,274,3.3647436808773126,20.340363636363637,Positive Response,10,Moderate Discount Strategy,2.038290909090909,1.8344618181818182,2089.452010909091
17181,1452.8,243,6,18.5277791783809,24.12398921832884,High Response,20,High Discount Strategy,8.9,7.120000000000001,1730.1600000000003
17182,285.6,54,5,28.044033216722557,0.0,High Response,20,High Discount Strategy,5.95,4.760000000000001,257.04
17184,321.3,73,13,7.9451804512386355,22.25,Positive Response,10,Moderate Discount Strategy,3.952142857142857,3.556928571428571,259.6557857142857
17185,218.21,119,43,4.142474691226429,7.636363636363637,Positive Response,10,Moderate Discount Strategy,1.9956818181818183,1.7961136363636365,213.73752272727273
17187,229.46,282,12,7.4715090346117945,24.7985347985348,Positive Response,10,Moderate Discount Strategy,1.863846153846154,1.6774615384615386,473.04415384615385
17188,2093.2000000000003,1241,87,14.596709866713319,23.815426997245176,High Response,20,High Discount Strategy,2.6913636363636364,2.1530909090909094,2671.9858181818186
17189,2118.7000000000003,375,59,7.454972804913802,21.47008547008547,Positive Response,10,Moderate Discount Strategy,2.312,2.0808,780.3
17190,1278.88,2057,170,10.541342801504992,21.34952766531714,Positive Response,10,Moderate Discount Strategy,3.1143859649122803,2.8029473684210524,5765.662736842105
17191,2725.12,1362,332,3.895892843732653,18.594308594308597,Positive Response,10,Moderate Discount Strategy,3.037177177177177,2.7334594594594597,3722.971783783784
17192,2726.77,45,19,2.740108954092711,22.509090909090908,Positive Response,10,Moderate Discount Strategy,3.036,2.7324,122.95800000000001
17193,563.94,414,11,22.317549936693666,10.800000000000002,High Response,20,High Discount Strategy,3.356666666666667,2.685333333333334,1111.7280000000003
17194,610.74,301,31,9.325769072074207,26.39945652173913,Positive Response,10,Moderate Discount Strategy,3.405,3.0645,922.4145
17195,549.88,486,30,14.269164604564615,23.382209188660802,High Response,20,High Discount Strategy,1.5964516129032258,1.2771612903225806,620.7003870967742
17196,562.98,154,92,2.3426832121013383,13.163897034864776,Positive Response,10,Moderate Discount Strategy,2.4725806451612904,2.2253225806451615,342.6996774193549
17198,520.71,242,76,3.23713921474794,20.621802439984258,Positive Response,10,Moderate Discount Strategy,3.0305194805194806,2.7274675324675326,660.047142857143
17199,521.66,232,7,14.675441142478208,25.0,High Response,20,High Discount Strategy,0.88125,0.7050000000000001,163.56
17200,353.76,367,24,5.383238261667117,16.606896551724137,Positive Response,10,Moderate Discount Strategy,2.1492,1.93428,709.88076
17201,850.37,773,132,3.5333464509070533,26.75534991324465,Positive Response,10,Moderate Discount Strategy,2.6962406015037597,2.4266165413533836,1875.7745864661656
17202,853.32,55,7,5.890450149251095,15.517241379310345,Positive Response,10,Moderate Discount Strategy,2.9375,2.6437500000000003,145.40625000000003
17203,2000.26,1751,112,25.28622044873086,18.444623223384284,High Response,20,High Discount Strategy,2.204070796460177,1.7632566371681417,3087.4623716814162
17204,3924.53,2005,119,12.129780788537685,20.141025641025642,High Response,20,High Discount Strategy,3.7126666666666663,2.970133333333333,5955.117333333333
17205,3940.13,1330,21,17.503059047093437,1.9480519480519478,High Response,20,High Discount Strategy,1.0568181818181819,0.8454545454545456,1124.4545454545455
17207,615.27,233,59,2.9498689531245077,13.026666666666667,Positive Response,10,Moderate Discount Strategy,2.0286666666666666,1.8258,425.4114
17208,292.62,101,22,3.183717232795004,23.322185061315498,Positive Response,10,Moderate Discount Strategy,1.9017391304347826,1.7115652173913043,172.86808695652172
17209,583.9000000000001,723,37,14.59170356591316,22.41902834008097,High Response,20,High Discount Strategy,2.6447368421052633,2.115789473684211,1529.7157894736845
17210,595.7,242,52,4.551288791561242,21.97735849056604,Positive Response,10,Moderate Discount Strategy,1.3450943396226414,1.2105849056603772,292.9615471698113
17211,1711.73,1022,165,6.8126302834539025,20.47332185886403,Positive Response,10,Moderate Discount Strategy,2.6486746987951806,2.3838072289156624,2436.250987951807
17212,1729.43,580,24,14.116316616961765,17.056,High Response,20,High Discount Strategy,1.8064000000000002,1.4451200000000002,838.1696000000001
17213,2381.27,1003,123,9.957697234776036,22.192454893384365,Positive Response,10,Moderate Discount Strategy,3.7120967741935487,3.340887096774194,3350.9097580645166
17215,2401.07,104,10,8.141618201555133,13.203463203463203,Positive Response,10,Moderate Discount Strategy,2.518181818181818,2.266363636363636,235.70181818181817
17216,186.15,21,12,3.21315222614529,9.157509157509159,Positive Response,10,Moderate Discount Strategy,3.1846153846153844,2.866153846153846,60.18923076923076
17217,90.69999999999999,69,17,3.2765329216744106,5.687830687830689,Positive Response,10,Moderate Discount Strategy,2.4833333333333334,2.2350000000000003,154.21500000000003
17218,2217.06,1240,248,4.765746787045629,19.77120603626628,Positive Response,10,Moderate Discount Strategy,2.6397991967871484,2.3758192771084334,2946.0159036144573
17219,2226.96,99,24,4.351716527011507,19.488000000000003,Positive Response,10,Moderate Discount Strategy,1.5064000000000002,1.3557600000000003,134.22024000000002
17220,1266.01,766,204,4.304914848502901,19.48263118994826,Positive Response,10,Moderate Discount Strategy,2.227317073170732,2.004585365853659,1535.5123902439027
17221,1269.76,426,61,4.73870090992121,21.358748778103617,Positive Response,10,Moderate Discount Strategy,2.6274193548387097,2.3646774193548388,1007.3525806451613
17222,1230.7,735,84,6.894620128497398,21.12217194570136,Positive Response,10,Moderate Discount Strategy,3.082235294117647,2.7740117647058824,2038.8986470588236
17223,1250.8600000000001,109,50,3.529802268790597,20.471917580591562,Positive Response,10,Moderate Discount Strategy,4.696078431372549,4.226470588235294,460.68529411764706
17224,433.99,65,7,9.257769632535508,33.289473684210535,Positive Response,10,Moderate Discount Strategy,7.1425,6.42825,417.83625
17225,123.35,36,4,8.427550524154134,9.523809523809524,Positive Response,10,Moderate Discount Strategy,3.2600000000000002,2.934,105.62400000000001
17226,481.58,447,37,13.299257485543889,22.293697205977907,High Response,20,High Discount Strategy,2.606842105263158,2.0854736842105264,932.2067368421053
17227,1034.66,1032,76,13.222052394481745,11.703590527119939,High Response,20,High Discount Strategy,1.1641558441558442,0.9313246753246753,961.1270649350649
17228,1259.69,1033,148,6.225737369642249,25.161683953630263,Positive Response,10,Moderate Discount Strategy,1.9553020134228187,1.7597718120805368,1817.8442818791946
17230,5423.68,2102,147,15.12767925057459,22.63398992212552,High Response,20,High Discount Strategy,3.9992567567567567,3.1994054054054057,6725.150162162163
17231,5750.08,1957,669,2.7346091643198136,19.046384842255787,Positive Response,10,Moderate Discount Strategy,3.0159850746268657,2.7143865671641794,5312.054511940299
17233,3940.08,167,32,7.370837583695045,17.006427915518827,Positive Response,10,Moderate Discount Strategy,3.118181818181818,2.8063636363636366,468.6627272727273
17235,1344.62,747,69,8.004903996745412,14.389610389610388,Positive Response,10,Moderate Discount Strategy,2.694571428571429,2.425114285714286,1811.560371428572
17236,1354.82,330,52,10.32550192096268,17.19859290054365,Positive Response,10,Moderate Discount Strategy,5.258679245283019,4.732811320754717,1561.8277358490566
17237,1013.13,309,59,6.75417596264045,19.991452991452995,Positive Response,10,Moderate Discount Strategy,3.0876666666666663,2.7788999999999997,858.6800999999999
17238,3980.71,1874,643,2.8154031030822417,15.990091688849455,Positive Response,10,Moderate Discount Strategy,2.896195652173913,2.606576086956522,4884.723586956522
17239,3982.66,365,16,19.30541710156677,13.025210084033615,High Response,20,High Discount Strategy,2.4676470588235295,1.9741176470588238,720.5529411764707
17240,806.95,108,6,11.239846804695683,13.714285714285714,High Response,20,High Discount Strategy,1.6214285714285714,1.2971428571428572,140.09142857142857
17241,2726.69,859,169,9.694378049163205,22.701176470588234,Positive Response,10,Moderate Discount Strategy,4.664882352941176,4.198394117647059,3606.4205470588236
17242,2736.64,848,43,15.172765135463493,9.09090909090909,High Response,20,High Discount Strategy,2.145,1.7160000000000002,1455.1680000000001
17243,11918.53,4704,696,9.339250159559631,22.0078431372549,Positive Response,10,Moderate Discount Strategy,4.256542324246772,3.830888091822095,18020.497583931134
17244,11920.43,803,88,5.571815711239603,20.149812734082396,Positive Response,10,Moderate Discount Strategy,2.756292134831461,2.4806629213483147,1991.9723258426966
17245,871.14,232,15,7.807780919534152,22.05,Positive Response,10,Moderate Discount Strategy,1.318125,1.1863125,275.22450000000003
17246,200.18,36,5,5.586966177118826,27.288135593220336,Positive Response,10,Moderate Discount Strategy,3.735,3.3615,121.014
17248,164.19,63,34,2.97987355911513,17.700680272108844,Positive Response,10,Moderate Discount Strategy,2.8634285714285714,2.5770857142857144,162.3564
17249,181.89000000000001,79,26,3.911842739085913,19.555555555555557,Positive Response,10,Moderate Discount Strategy,1.4722222222222223,1.3250000000000002,104.67500000000001
17251,518.65,269,40,7.986144175489492,24.923577235772356,Positive Response,10,Moderate Discount Strategy,3.551951219512195,3.1967560975609755,859.9273902439024
17254,529.15,146,35,2.9296367813406876,24.36026936026936,Positive Response,10,Moderate Discount Strategy,1.8644444444444446,1.6780000000000002,244.98800000000003
17255,488.32,356,107,2.560024260559,20.740740740740737,Positive Response,10,Moderate Discount Strategy,2.1705555555555556,1.9535,695.446
17256,490.21999999999997,158,14,7.785447261039108,17.2991452991453,Positive Response,10,Moderate Discount Strategy,1.879333333333333,1.6913999999999998,267.2412
17257,258.93,187,13,3.9355812528391363,16.25615763546798,Positive Response,10,Moderate Discount Strategy,1.9821428571428572,1.7839285714285715,333.5946428571429
17258,411.40000000000003,188,54,4.704703667977277,18.39572192513369,Positive Response,10,Moderate Discount Strategy,2.597272727272727,2.3375454545454546,439.45854545454546
17259,1237.86,712,195,3.217314885883015,16.892393320964747,Positive Response,10,Moderate Discount Strategy,2.771173469387755,2.4940561224489795,1775.7679591836734
17260,1239.11,23,5,15.348299300729984,22.875816993464046,High Response,20,High Discount Strategy,10.191666666666668,8.153333333333334,187.5266666666667
17261,220.34,95,42,4.13236956754312,13.953488372093021,Positive Response,10,Moderate Discount Strategy,2.4299999999999997,2.187,207.765
17262,1316.76,342,8,33.11653571360983,9.422222222222222,High Response,20,High Discount Strategy,5.591111111111111,4.472888888888889,1529.728
17264,1504.26,217,73,3.376545115281583,21.9027027027027,Positive Response,10,Moderate Discount Strategy,1.637027027027027,1.4733243243243244,319.7113783783784
17266,268.28,90,45,2.3077967589736725,19.48717948717949,Positive Response,10,Moderate Discount Strategy,3.0730434782608693,2.7657391304347825,248.91652173913042
17268,847.85,551,23,11.929623977283859,15.656565656565656,High Response,20,High Discount Strategy,2.827083333333333,2.2616666666666663,1246.178333333333
17269,970.25,314,124,2.391839923230176,21.687272727272727,Positive Response,10,Moderate Discount Strategy,2.2990399999999998,2.069136,649.708704
17270,581.05,420,47,9.074938257203494,18.351910828025474,Positive Response,10,Moderate Discount Strategy,2.758125,2.4823125000000004,1042.5712500000002
17271,601.45,113,47,2.379536065883131,22.450396825396826,Positive Response,10,Moderate Discount Strategy,2.863958333333333,2.5775625,291.2645625
17273,204.3,133,11,8.87896840534824,30.333333333333332,Positive Response,10,Moderate Discount Strategy,1.7416666666666665,1.5675,208.4775
17274,449.5,194,51,4.68407411174231,18.774445893089965,Positive Response,10,Moderate Discount Strategy,3.3596153846153842,3.023653846153846,586.5888461538461
17275,465.4,71,22,3.0958712966861897,28.77846790890269,Positive Response,10,Moderate Discount Strategy,3.7039130434782606,3.3335217391304344,236.68004347826084
17276,494.69,187,52,7.764814775336537,13.888578765211566,Positive Response,10,Moderate Discount Strategy,2.832830188679245,2.5495471698113206,476.7653207547169
17278,502.49,16,1,7.2881048886420805,31.521739130434778,Positive Response,10,Moderate Discount Strategy,2.3,2.07,33.12
17280,85.86,74,5,8.713505262853824,8.582834331337326,Positive Response,10,Moderate Discount Strategy,1.68,1.512,111.888
17281,727.05,295,5,31.56784162826942,0.0,High Response,20,High Discount Strategy,2.8166666666666664,2.2533333333333334,664.7333333333333
17282,797.85,466,114,3.0128086759095525,21.45981554677207,Positive Response,10,Moderate Discount Strategy,2.720521739130435,2.4484695652173913,1140.9868173913044
17283,623.08,179,14,13.502740602948846,21.44,High Response,20,High Discount Strategy,2.348666666666667,1.8789333333333336,336.32906666666673
17284,1132.78,707,81,13.399583022730672,22.645971914264596,High Response,20,High Discount Strategy,4.5580487804878045,3.6464390243902436,2578.0323902439022
17285,1140.58,134,43,4.343707251990797,18.69029275808937,Positive Response,10,Moderate Discount Strategy,4.66,4.194,561.996
17286,407.94,251,45,6.5103346850145325,19.341238471673254,Positive Response,10,Moderate Discount Strategy,1.9493478260869566,1.754413043478261,440.3576739130435
17287,2978.0,1507,362,3.6021211510093027,20.330578512396695,Positive Response,10,Moderate Discount Strategy,3.521349862258953,3.169214876033058,4776.006818181818
17288,3000.5,498,147,6.263501949222739,24.8622151563328,Positive Response,10,Moderate Discount Strategy,3.214662162162162,2.893195945945946,1440.8115810810812
17289,1085.28,724,161,3.8311395561560384,19.301830566198383,Positive Response,10,Moderate Discount Strategy,2.3721604938271605,2.1349444444444448,1545.699777777778
17290,1110.78,742,99,5.260820670944045,21.704761904761902,Positive Response,10,Moderate Discount Strategy,2.9068,2.61612,1941.16104
17292,974.95,131,14,8.110148246176811,24.18823529411765,Positive Response,10,Moderate Discount Strategy,4.784666666666666,4.3062,564.1121999999999
17293,1888.32,1093,108,9.751302813672254,18.76734885909198,Positive Response,10,Moderate Discount Strategy,2.675321100917431,2.407788990825688,2631.713366972477
17294,1896.57,297,16,11.538741992982393,18.431372549019606,High Response,20,High Discount Strategy,2.698823529411765,2.159058823529412,641.2404705882354
17296,467.79,216,32,5.956789026108688,27.27272727272727,Positive Response,10,Moderate Discount Strategy,3.890909090909091,3.501818181818182,756.3927272727273
17298,418.34,465,38,15.53939687338937,13.476923076923077,High Response,20,High Discount Strategy,1.5551282051282052,1.2441025641025643,578.5076923076924
17299,455.84,251,57,4.415837164085619,17.22048066875653,Positive Response,10,Moderate Discount Strategy,1.8925862068965515,1.7033275862068964,427.535224137931
17300,383.14,467,43,8.035877181547079,19.854545454545455,Positive Response,10,Moderate Discount Strategy,2.0211363636363635,1.8190227272727273,849.4836136363637
17301,393.64,79,53,1.9752845291322543,17.620650953984285,Positive Response,10,Moderate Discount Strategy,1.7462962962962962,1.5716666666666665,124.16166666666666
17304,131.15,73,4,9.746794565213204,6.787878787878786,Positive Response,10,Moderate Discount Strategy,3.168,2.8512000000000004,208.13760000000002
17305,1540.46,1006,8,143.48560768458572,21.43790849673202,High Response,20,High Discount Strategy,3.07,2.456,2470.736
17306,2135.46,2256,5,121.08918609139927,24.842767295597483,High Response,20,High Discount Strategy,0.7966666666666667,0.6373333333333334,1437.8240000000003
17307,3819.8900000000003,3667,47,76.75293782821528,17.683333333333334,High Response,20,High Discount Strategy,2.107083333333333,1.6856666666666666,6181.339666666667
17308,3999.8900000000003,5148,6,669.507600574576,20.23809523809524,High Response,20,High Discount Strategy,0.8871428571428571,0.7097142857142857,3653.609142857143
17309,4511.76,140,23,5.337442136076422,22.003968253968253,Positive Response,10,Moderate Discount Strategy,3.6166666666666667,3.255,455.7
17310,765.0,402,1,96.43281274700112,0.0,High Response,20,High Discount Strategy,2.55,2.04,820.08
17311,2169.11,1750,71,20.621592068441345,25.122222222222224,High Response,20,High Discount Strategy,2.4234722222222222,1.938777777777778,3392.8611111111113
17314,2361.51,1767,124,10.427559892049967,23.54556213017752,Positive Response,10,Moderate Discount Strategy,2.8613600000000003,2.5752240000000004,4550.420808000001
17315,3310.4,1225,275,4.614715165126211,24.089904200442152,Positive Response,10,Moderate Discount Strategy,3.264130434782609,2.937717391304348,3598.7038043478265
17316,3318.35,44,34,2.5426597707095695,12.268907563025207,Positive Response,10,Moderate Discount Strategy,2.831428571428572,2.548285714285715,112.12457142857146
17318,153.57999999999998,59,16,5.3449167264498465,25.38384845463609,Positive Response,10,Moderate Discount Strategy,3.4776470588235293,3.1298823529411766,184.6630588235294
17319,157.32999999999998,14,2,9.390372429858893,2.380952380952383,Positive Response,10,Moderate Discount Strategy,2.0500000000000003,1.8450000000000002,25.830000000000002
17320,1665.45,758,100,9.210271719005695,24.78415841584158,Positive Response,10,Moderate Discount Strategy,4.507029702970297,4.056326732673267,3074.6956633663367
17321,1695.15,426,171,3.0681235002135856,18.804412641621944,Positive Response,10,Moderate Discount Strategy,3.2551162790697674,2.9296046511627907,1248.011581395349
17322,1008.05,631,176,3.1384982491533475,17.81254527017239,Positive Response,10,Moderate Discount Strategy,2.0903389830508474,1.8813050847457626,1187.1035084745763
17323,922.59,666,135,4.0826723904762705,23.670588235294115,Positive Response,10,Moderate Discount Strategy,1.1884558823529412,1.069610294117647,712.360455882353
17324,1301.74,693,101,6.922457101064631,17.07450980392157,Positive Response,10,Moderate Discount Strategy,2.0804901960784314,1.8724411764705884,1297.6017352941178
17325,1311.64,405,32,9.577203460586873,18.884848484848487,Positive Response,10,Moderate Discount Strategy,3.3699999999999997,3.033,1228.365
17326,512.77,136,85,2.113138214354972,17.469545957918054,Positive Response,10,Moderate Discount Strategy,3.0439534883720927,2.7395581395348834,372.57990697674416
17327,312.35,59,3,6.3999486801560135,23.764705882352942,Positive Response,10,Moderate Discount Strategy,4.665,4.1985,247.7115
17328,152.35,86,5,10.848927188921088,12.0,High Response,20,High Discount Strategy,1.8833333333333335,1.5066666666666668,129.57333333333335
17329,470.35,288,70,3.8227033161871566,25.03728251864126,Positive Response,10,Moderate Discount Strategy,2.350985915492958,2.1158873239436624,609.3755492957748
17330,475.42,2,1,11.680683980726503,33.38898163606011,High Response,20,High Discount Strategy,29.950000000000003,23.960000000000004,47.92000000000001
17332,785.5699999999999,794,94,4.421101353835839,26.35897435897436,Positive Response,10,Moderate Discount Strategy,2.5733684210526317,2.3160315789473684,1838.9290736842106
17334,838.27,251,19,9.486835067817115,29.595238095238095,Positive Response,10,Moderate Discount Strategy,3.1285,2.8156499999999998,706.7281499999999
17335,485.34,210,35,4.107789498086799,21.20713305898491,Positive Response,10,Moderate Discount Strategy,3.215,2.8935,607.635
17336,497.04,48,0,7.382780108672823,0.0,Positive Response,10,Moderate Discount Strategy,1.69,1.521,73.008
17338,5378.79,2721,583,4.371502322009784,19.438193085453364,Positive Response,10,Moderate Discount Strategy,2.6911130136986303,2.4220017123287674,6590.266659246576
17339,5395.79,36,4,14.050796500425838,4.266666666666666,High Response,20,High Discount Strategy,3.59,2.872,103.392
17340,9934.68,5195,356,11.030813561157416,22.597141420670834,High Response,20,High Discount Strategy,2.8162464985994395,2.2529971988795516,11704.32044817927
17341,9935.93,634,197,4.693638714019674,20.3019203019203,Positive Response,10,Moderate Discount Strategy,2.274040404040404,2.0466363636363636,1297.5674545454544
17342,1166.3400000000001,521,34,12.751893886889603,26.08761904761905,High Response,20,High Discount Strategy,6.774571428571429,5.419657142857144,2823.641371428572
17343,1227.54,398,62,10.593245600959737,24.752136752136753,Positive Response,10,Moderate Discount Strategy,3.882857142857143,3.4945714285714287,1390.8394285714287
17344,1066.3,135,35,3.99699058784017,16.600133067198936,Positive Response,10,Moderate Discount Strategy,2.656111111111111,2.3905,322.7175
17345,1065.99,1667,125,7.674516430478099,22.355555555555558,Positive Response,10,Moderate Discount Strategy,1.839920634920635,1.6559285714285714,2760.4329285714284
17346,2509.42,1906,470,4.127098058789511,22.67515923566879,Positive Response,10,Moderate Discount Strategy,2.1383014861995755,1.924471337579618,3668.042369426752
17348,2509.84,1368,229,4.769024990689787,19.780869565217394,Positive Response,10,Moderate Discount Strategy,1.7963913043478261,1.6167521739130435,2211.7169739130436
17349,1285.69,670,76,8.613026980182939,18.23561054330285,Positive Response,10,Moderate Discount Strategy,2.128311688311688,1.9154805194805193,1283.371948051948
17350,674.16,408,72,6.534817536116876,24.12198303979126,Positive Response,10,Moderate Discount Strategy,3.1282328767123286,2.8154095890410957,1148.687112328767
17351,1266.08,270,41,9.531884692516225,21.751031121109857,Positive Response,10,Moderate Discount Strategy,5.517857142857143,4.966071428571429,1340.839285714286
17352,1401.08,15,4,5.153572236566009,10.196078431372548,Positive Response,10,Moderate Discount Strategy,3.45,3.1050000000000004,46.575
17353,1212.0,968,5,41.30081717245152,0.0,High Response,20,High Discount Strategy,1.6666666666666667,1.3333333333333335,1290.6666666666667
17354,1678.5,1525,84,24.38483848742785,24.777183600713013,High Response,20,High Discount Strategy,2.1281176470588234,1.702494117647059,2596.303529411765
17355,1740.8999999999999,249,32,4.148818099441477,17.851239669421485,Positive Response,10,Moderate Discount Strategy,2.153939393939394,1.9385454545454546,482.6978181818182
17356,764.5,759,66,8.995847429915298,21.791044776119403,Positive Response,10,Moderate Discount Strategy,1.5110447761194028,1.3599402985074625,1032.194686567164
17358,768.25,240,87,3.6280107977397904,22.344028520499105,Positive Response,10,Moderate Discount Strategy,3.321022727272727,2.9889204545454544,717.340909090909
17359,500.2,76,22,3.8827270918776664,15.810276679841897,Positive Response,10,Moderate Discount Strategy,3.039130434782609,2.7352173913043485,207.87652173913048
17360,628.97,296,103,3.30285240559845,22.032288698955366,Positive Response,10,Moderate Discount Strategy,3.0302884615384613,2.7272596153846154,807.2688461538462
17361,632.27,223,27,6.449924529333208,18.658008658008658,Positive Response,10,Moderate Discount Strategy,2.5207142857142855,2.268642857142857,505.9073571428571
17362,705.91,358,108,3.1831767282463495,24.705882352941178,Positive Response,10,Moderate Discount Strategy,2.976238532110092,2.678614678899083,958.9440550458717
17363,767.46,499,34,13.638946429217665,20.0,High Response,20,High Discount Strategy,2.3042857142857143,1.8434285714285714,919.8708571428572
17364,7480.24,4772,497,6.942483502413042,24.435176603851303,Positive Response,10,Moderate Discount Strategy,3.3678915662650604,3.0311024096385544,14464.420698795182
17365,7510.24,3266,328,8.529666074882018,19.212158054711246,Positive Response,10,Moderate Discount Strategy,1.9173860182370823,1.7256474164133742,5635.96446200608
17366,3417.13,504,130,3.4134450384514854,17.095321980818166,Positive Response,10,Moderate Discount Strategy,2.9078625954198474,2.617076335877863,1319.0064732824428
17368,1077.24,942,118,3.326969168807924,25.20678859779206,Positive Response,10,Moderate Discount Strategy,3.1685714285714286,2.851714285714286,2686.3148571428574
17369,879.42,1152,0,10.834759547633803,0.0,High Response,20,High Discount Strategy,0.85,0.68,783.36
17371,979.2,130,57,2.7981560797470673,17.502612330198538,Positive Response,10,Moderate Discount Strategy,2.4270689655172415,2.1843620689655174,283.9670689655173
17372,2998.88,1116,396,3.8051681381885354,22.098088605719365,Positive Response,10,Moderate Discount Strategy,3.2954659949622167,2.965919395465995,3309.9660453400506
17373,3010.13,330,33,8.843113687843855,9.88235294117647,Positive Response,10,Moderate Discount Strategy,1.4982352941176469,1.3484117647058822,444.97588235294114
17374,520.58,70,13,8.750314743460995,32.273135669362084,Positive Response,10,Moderate Discount Strategy,5.384285714285714,4.845857142857143,339.21
17375,242.75,113,16,7.4280341141968975,14.839215686274509,Positive Response,10,Moderate Discount Strategy,3.658235294117647,3.2924117647058826,372.04252941176475
17376,260.45,158,30,3.322671634592427,22.679900744416873,Positive Response,10,Moderate Discount Strategy,2.7864516129032255,2.507806451612903,396.2334193548387
17377,14089.25,5486,1342,4.021105859495718,23.920400624881374,Positive Response,10,Moderate Discount Strategy,2.9631943410275503,2.6668749069247952,14630.475739389427
17378,14174.25,1,0,14.596583549169079,0.0,High Response,20,High Discount Strategy,10.95,8.76,8.76
17380,549.0,252,9,30.75960896676512,20.784313725490197,High Response,20,High Discount Strategy,2.625,2.1,529.2
17381,19192.16,20118,64,429.84983927036984,21.277213352685052,High Response,20,High Discount Strategy,1.6801538461538463,1.3441230769230772,27041.068061538466
17382,19726.76,432,15,23.804837154316505,12.499999999999996,High Response,20,High Discount Strategy,2.188125,1.7505,756.216
17383,836.88,12,1,6.10392689185049,38.839285714285715,Positive Response,10,Moderate Discount Strategy,5.6,5.04,60.480000000000004
17384,110.7,33,4,4.152446733477538,4.102564102564102,Positive Response,10,Moderate Discount Strategy,3.2700000000000005,2.9430000000000005,97.11900000000001
17386,171.15,53,9,6.716897383368822,14.313725490196077,Positive Response,10,Moderate Discount Strategy,2.305,2.0745,109.9485
17388,1396.01,1487,39,22.71790102664947,14.425925925925927,High Response,20,High Discount Strategy,1.905,1.524,2266.188
17389,25118.01,10268,215,33.91277933784024,24.081336238198983,High Response,20,High Discount Strategy,3.575740740740741,2.860592592592593,29372.56474074074
17390,25381.65,49,11,5.165686269867833,11.274509803921568,Positive Response,10,Moderate Discount Strategy,2.6875,2.41875,118.51875000000001
17392,156.65,173,13,9.008137313240965,26.992481203007515,Positive Response,10,Moderate Discount Strategy,3.5121428571428575,3.1609285714285718,546.8406428571429
17393,355.65000000000003,238,47,4.243706672681444,17.244623655913976,Positive Response,10,Moderate Discount Strategy,2.8854166666666665,2.596875,618.05625
17395,381.15000000000003,66,2,22.57388732272243,0.0,High Response,20,High Discount Strategy,2.0833333333333335,1.666666666666667,110.00000000000001
17396,1330.05,414,22,15.242693428428113,5.402898550724637,High Response,20,High Discount Strategy,3.9517391304347824,3.161391304347826,1308.816
17397,1476.3,441,44,6.8411682674857515,27.008547008547012,Positive Response,10,Moderate Discount Strategy,2.674,2.4066,1061.3106
17400,2521.2400000000002,1097,262,4.3833452416823855,19.23954372623574,Positive Response,10,Moderate Discount Strategy,3.623764258555133,3.2613878326996195,3577.7424524714825
17401,2525.44,34,11,5.017341955877002,17.333333333333336,Positive Response,10,Moderate Discount Strategy,4.429166666666666,3.9862499999999996,135.5325
17402,2455.73,869,142,7.304040011449786,23.969876277568588,Positive Response,10,Moderate Discount Strategy,3.3728671328671327,3.0355804195804197,2637.919384615385
17403,2461.68,77,12,6.277464062604574,24.406779661016948,Positive Response,10,Moderate Discount Strategy,5.406923076923078,4.86623076923077,374.6997692307693
17404,15484.300000000001,17931,93,98.56650007452244,25.795744680851065,High Response,20,High Discount Strategy,1.9120212765957445,1.5296170212765956,27427.562808510636
17406,15874.300000000001,1337,145,10.745179420349816,19.882583170254406,High Response,20,High Discount Strategy,2.8002739726027395,2.240219178082192,2995.1730410958903
17407,2704.63,426,22,12.9551580911324,19.478260869565215,High Response,20,High Discount Strategy,2.3,1.8399999999999999,783.8399999999999
17408,552.9,160,5,28.161352785641757,25.37953795379539,High Response,20,High Discount Strategy,4.2299999999999995,3.384,541.4399999999999
17409,6789.66,3984,90,32.62151196658042,22.387416505063563,High Response,20,High Discount Strategy,2.945604395604396,2.3564835164835167,9388.23032967033
17411,7021.66,302,33,9.637394208065574,20.9172482552343,Positive Response,10,Moderate Discount Strategy,2.7623529411764705,2.4861176470588235,750.8075294117647
17412,3125.46,1866,169,11.179688635912747,21.144385026737968,High Response,20,High Discount Strategy,5.686,4.5488,8488.0608
17413,3159.46,302,9,35.990963894354195,16.836363636363636,High Response,20,High Discount Strategy,3.742,2.9936000000000003,904.0672000000001
17414,1356.3200000000002,4156,14,109.29024852819272,18.974358974358974,High Response,20,High Discount Strategy,0.49133333333333334,0.3930666666666667,1633.5850666666668
17416,10341.53,4467,327,13.608636334093307,15.22357723577236,High Response,20,High Discount Strategy,3.4682012195121947,2.774560975609756,12393.963878048778
17417,10405.03,76,15,7.205901393249819,22.569444444444443,Positive Response,10,Moderate Discount Strategy,2.7275,2.45475,186.561
17418,191.0,232,11,17.079980954127976,14.607843137254902,High Response,20,High Discount Strategy,1.2716666666666667,1.0173333333333334,236.02133333333336
17419,2256.55,1211,111,10.547391145671671,15.238095238095237,Positive Response,10,Moderate Discount Strategy,3.1566964285714287,2.841026785714286,3440.4834375
17420,2273.95,234,26,9.367710252309545,9.306742640075974,Positive Response,10,Moderate Discount Strategy,3.3333333333333335,3.0,702.0
17421,1039.6100000000001,807,57,13.47772501561807,23.50052246603971,High Response,20,High Discount Strategy,1.8191379310344828,1.4553103448275864,1174.4354482758622
17422,1602.79,1285,87,12.0382551758259,22.14876033057851,High Response,20,High Discount Strategy,2.174545454545455,1.7396363636363639,2235.432727272728
17423,1615.39,331,16,14.515546331856699,23.279857397504458,High Response,20,High Discount Strategy,1.5029411764705882,1.2023529411764706,397.9788235294118
17426,3022.66,2093,155,10.697158180762306,21.76528599605523,Positive Response,10,Moderate Discount Strategy,2.9061538461538463,2.6155384615384616,5474.322
17428,14516.11,8030,400,17.348880123525355,18.713472728435324,High Response,20,High Discount Strategy,3.2404738154613466,2.5923790523690773,20816.80379052369
17429,14562.91,662,55,10.371066860745684,27.932900432900432,Positive Response,10,Moderate Discount Strategy,2.3319642857142857,2.098767857142857,1389.3843214285714
17430,832.54,325,27,9.609920657686079,20.91269841269841,Positive Response,10,Moderate Discount Strategy,2.578928571428572,2.3210357142857148,754.3366071428572
17432,1361.28,801,225,3.1638976800802676,17.709841780638243,Positive Response,10,Moderate Discount Strategy,2.4470353982300885,2.2023318584070797,1764.067818584071
17433,1363.23,120,38,3.3454520807967683,12.121212121212121,Positive Response,10,Moderate Discount Strategy,2.8076923076923075,2.526923076923077,303.2307692307692
17435,316.35,195,14,10.41819356148249,13.809523809523812,Positive Response,10,Moderate Discount Strategy,4.346666666666667,3.912,762.84
17436,331.35,88,7,10.42745155128818,0.0,Positive Response,10,Moderate Discount Strategy,3.70125,3.331125,293.139
17437,362.73,283,51,3.7403057193144083,27.427626137303562,Positive Response,10,Moderate Discount Strategy,3.5225000000000004,3.1702500000000002,897.1807500000001
17438,1019.47,450,53,9.566310726754843,28.917069243156195,Positive Response,10,Moderate Discount Strategy,4.828888888888889,4.346,1955.7
17439,1034.32,370,7,28.10373009060791,25.47619047619048,High Response,20,High Discount Strategy,2.21375,1.7710000000000001,655.2700000000001
17440,325.74,36,0,8.990279947064362,0.0,Positive Response,10,Moderate Discount Strategy,3.81,3.4290000000000003,123.44400000000002
17441,278.5,245,20,9.837358678897715,25.05050505050505,Positive Response,10,Moderate Discount Strategy,2.050952380952381,1.8458571428571429,452.235
17442,2356.44,1638,147,9.937886399355438,16.12112112112112,Positive Response,10,Moderate Discount Strategy,2.6442567567567568,2.379831081081081,3898.163310810811
17448,14508.67,11534,1114,9.664058506859304,21.155404360599967,Positive Response,10,Moderate Discount Strategy,2.1187354260089686,1.9068618834080717,21993.7449632287
17449,14523.67,1362,307,3.996335900493571,15.913026367571822,Positive Response,10,Moderate Discount Strategy,2.6400974025974024,2.376087662337662,3236.231396103896
17450,51208.92,14727,86,424.5447850596229,13.912835249042145,High Response,20,High Discount Strategy,3.124712643678161,2.499770114942529,36814.114482758625
17454,52422.3,484,64,10.130989255310062,11.203155818540436,Positive Response,10,Moderate Discount Strategy,3.302769230769231,2.972492307692308,1438.686276923077
17456,1030.41,508,59,9.341936758888023,21.949820788530467,Positive Response,10,Moderate Discount Strategy,3.3371666666666666,3.00345,1525.7526
17457,3750.31,1869,44,39.96918720968628,22.657952069716774,High Response,20,High Discount Strategy,2.6655555555555557,2.132444444444445,3985.5386666666673
17458,4247.11,112,31,3.4599323084381512,10.877976190476192,Positive Response,10,Moderate Discount Strategy,2.57,2.3129999999999997,259.056
17460,1555.44,744,109,7.589096008408296,25.60862865947612,Positive Response,10,Moderate Discount Strategy,3.537,3.1833,2368.3752
17463,1605.8400000000001,394,107,3.020163601188762,20.388660265203473,Positive Response,10,Moderate Discount Strategy,2.693611111111111,2.4242500000000002,955.1545000000001
17464,659.4,388,29,11.431475017973897,11.120000000000001,High Response,20,High Discount Strategy,2.3673333333333333,1.8938666666666668,734.8202666666667
17465,2527.81,1477,141,9.884430980763247,19.114688128772634,Positive Response,10,Moderate Discount Strategy,3.1200704225352114,2.8080633802816903,4147.509612676056
17467,2542.79,20,3,11.13274739488151,27.852348993288587,High Response,20,High Discount Strategy,6.625,5.300000000000001,106.00000000000001
17468,102.6,68,2,30.9638233743149,0.0,High Response,20,High Discount Strategy,0.85,0.68,46.24
17469,3160.78,1517,178,9.109748609110435,20.567422499726145,Positive Response,10,Moderate Discount Strategy,3.569217877094972,3.212296089385475,4873.053167597765
17470,3180.28,1168,87,11.349264025299528,18.4717868338558,High Response,20,High Discount Strategy,1.96,1.568,1831.424
17471,1679.8,153,18,9.02109757477419,21.677074041034793,Positive Response,10,Moderate Discount Strategy,2.805263157894737,2.524736842105263,386.28473684210525
17472,321.65000000000003,96,48,2.601824495375875,18.92203035060178,Positive Response,10,Moderate Discount Strategy,3.0902040816326526,2.7811836734693873,266.9936326530612
17473,594.4,270,33,9.325426714014515,17.50700280112045,Positive Response,10,Moderate Discount Strategy,3.1941176470588233,2.874705882352941,776.1705882352941
17474,741.0,200,5,27.493945432937153,25.679012345679013,High Response,20,High Discount Strategy,6.008333333333333,4.806666666666667,961.3333333333334
17476,1047.0,224,30,9.352918724879823,25.54401312192455,Positive Response,10,Moderate Discount Strategy,5.893225806451613,5.303903225806452,1188.0743225806452
17477,1124.4,225,43,11.898496755647384,20.719696969696972,High Response,20,High Discount Strategy,6.013181818181818,4.810545454545455,1082.3727272727274
17478,1225.1000000000001,516,39,12.153622608510462,20.77118644067797,High Response,20,High Discount Strategy,3.45075,2.7606,1424.4696000000001
17479,1272.8000000000002,266,17,12.031528780469467,19.386973180076627,High Response,20,High Discount Strategy,1.9966666666666666,1.5973333333333333,424.8906666666667
17480,389.26000000000005,243,23,9.860085483000722,18.302469135802472,Positive Response,10,Moderate Discount Strategy,2.13375,1.9203750000000002,466.65112500000004
17482,754.79,240,52,7.487165629937294,17.978893508154783,Positive Response,10,Moderate Discount Strategy,4.37433962264151,3.936905660377359,944.8573584905662
17483,775.64,74,6,8.804827688948581,30.79903147699758,Positive Response,10,Moderate Discount Strategy,3.684285714285714,3.315857142857143,245.37342857142858
17484,195.65,339,13,22.16280108216466,24.57817772778403,High Response,20,High Discount Strategy,2.343571428571429,1.8748571428571432,635.5765714285716
17487,209.57,37,7,9.622058689173347,11.51685393258427,Positive Response,10,Moderate Discount Strategy,6.0625,5.45625,201.88125
17488,330.3,136,17,9.26776082705119,19.23714759535655,Positive Response,10,Moderate Discount Strategy,3.0944444444444446,2.785,378.76
17490,641.1800000000001,397,39,10.299329045197911,15.681818181818182,Positive Response,10,Moderate Discount Strategy,2.84125,2.557125,1015.178625
17491,2406.6,1617,72,12.37605994121919,17.498895271763146,High Response,20,High Discount Strategy,2.2187671232876713,1.7750136986301372,2870.197150684932
17492,2422.2,295,26,11.21188148335409,25.12708787218591,High Response,20,High Discount Strategy,3.937037037037037,3.14962962962963,929.1407407407407
17493,747.85,62,7,6.258741224854413,22.32673267326733,Positive Response,10,Moderate Discount Strategy,2.89875,2.6088750000000003,161.75025000000002
17494,100.91,26,2,8.377979757669086,8.08080808080808,Positive Response,10,Moderate Discount Strategy,4.283333333333333,3.855,100.23
17495,293.86,138,20,7.5731234526733715,23.828197945845005,Positive Response,10,Moderate Discount Strategy,4.028095238095238,3.6252857142857144,500.2894285714286
17496,1129.24,596,61,10.878424910477214,23.517665130568357,High Response,20,High Discount Strategy,4.182741935483871,3.346193548387097,1994.3313548387098
17497,1141.84,59,6,23.777229240327383,17.20430107526882,High Response,20,High Discount Strategy,7.192857142857143,5.7542857142857144,339.5028571428571
17499,701.51,375,30,10.029636315774058,36.063422635319846,Positive Response,10,Moderate Discount Strategy,4.252258064516129,3.827032258064516,1435.1370967741934
17504,6451.14,3756,214,13.615091941481941,16.482029598308667,High Response,20,High Discount Strategy,2.650511627906977,2.1204093023255814,7964.257339534884
17505,6493.14,686,49,12.34846471379956,20.46666666666667,High Response,20,High Discount Strategy,3.5444,2.8355200000000003,1945.1667200000002
17508,4181.72,2602,208,9.982739012915557,21.38387927861612,Positive Response,10,Moderate Discount Strategy,3.0728229665071773,2.7655406698564597,7195.936822966508
17510,4191.92,208,14,9.716375794817953,19.733333333333334,Positive Response,10,Moderate Discount Strategy,1.5626666666666666,1.4064,292.5312
17511,84459.57,55107,947,40.18366858635894,21.332878716844963,High Response,20,High Discount Strategy,2.5022468354430383,2.0017974683544306,110313.0530886076
17512,84541.17,2681,91,15.522448816723557,20.09565217391304,High Response,20,High Discount Strategy,1.8667391304347827,1.4933913043478262,4003.782086956522
17513,2542.83,186,11,21.11619420262846,27.95275590551181,High Response,20,High Discount Strategy,3.4958333333333336,2.796666666666667,520.1800000000001
17514,645.6,149,42,4.066933220409777,17.10196779964222,Positive Response,10,Moderate Discount Strategy,2.4441860465116276,2.199767441860465,327.76534883720933
17515,950.99,284,91,4.483006507141393,24.3994104642594,Positive Response,10,Moderate Discount Strategy,6.071413043478262,5.464271739130435,1551.8531739130435
17516,963.49,108,55,2.0050038662991168,16.753246753246753,Positive Response,10,Moderate Discount Strategy,2.3592857142857144,2.123357142857143,229.32257142857145
17518,319.47,267,76,2.9175438140193495,19.883564711150918,Positive Response,10,Moderate Discount Strategy,2.3902597402597405,2.1512337662337666,574.3794155844157
17519,3239.9500000000003,2178,139,10.877173276240649,22.038961038961038,High Response,20,High Discount Strategy,3.8135,3.0508,6644.642400000001
17521,3265.4500000000003,287,32,9.98220345475192,21.50920974450386,Positive Response,10,Moderate Discount Strategy,3.774242424242424,3.3968181818181815,974.8868181818181
17524,554.85,272,36,4.189289082651712,14.56183456183456,Positive Response,10,Moderate Discount Strategy,2.2029729729729732,1.982675675675676,539.2877837837839
17525,711.3000000000001,256,16,20.914324878987905,13.70067014147431,High Response,20,High Discount Strategy,4.550000000000001,3.6400000000000006,931.8400000000001
17526,2934.74,1172,77,12.061968168877453,26.081326081326083,High Response,20,High Discount Strategy,6.161538461538462,4.92923076923077,5777.058461538462
17529,2970.14,790,81,9.354329285810046,33.35675899131873,Positive Response,10,Moderate Discount Strategy,3.7251219512195117,3.3526097560975607,2648.561707317073
17530,1240.25,421,151,2.6324371228357357,16.678628389154703,Positive Response,10,Moderate Discount Strategy,2.563618421052632,2.307256578947369,971.3550197368423
17531,947.62,336,43,10.008662749337184,12.447552447552447,Positive Response,10,Moderate Discount Strategy,4.315909090909091,3.8843181818181822,1305.1309090909092
17532,970.12,30,3,9.806264932027482,26.42857142857143,Positive Response,10,Moderate Discount Strategy,2.6175,2.35575,70.6725
17533,65.34,24,0,11.449098757174774,0.0,High Response,20,High Discount Strategy,1.45,1.16,27.839999999999996
17534,1430.6200000000001,757,82,10.02016636499583,18.85078776645042,Positive Response,10,Moderate Discount Strategy,2.7816867469879516,2.5035180722891566,1895.1631807228914
17536,1445.47,195,12,9.923652222121346,16.783216783216783,Positive Response,10,Moderate Discount Strategy,2.6376923076923076,2.373923076923077,462.91499999999996
17539,1161.84,708,143,3.968981311344232,16.48989898989899,Positive Response,10,Moderate Discount Strategy,2.900833333333333,2.61075,1848.4109999999998
17540,1176.84,394,38,10.254531708543169,14.982403217697334,Positive Response,10,Moderate Discount Strategy,2.8217948717948715,2.5396153846153844,1000.6084615384615
17541,1011.7,44,30,2.405499222869979,16.64185277088503,Positive Response,10,Moderate Discount Strategy,3.3796774193548385,3.041709677419355,133.8352258064516
17542,167.15,189,38,3.0014633235971333,33.51586266840504,Positive Response,10,Moderate Discount Strategy,2.12025641025641,1.9082307692307692,360.6556153846154
17543,170.1,62,12,5.789269646601451,31.17948717948718,Positive Response,10,Moderate Discount Strategy,3.476923076923077,3.1292307692307695,194.0123076923077
17544,939.82,410,87,5.656385396704762,26.372549019607842,Positive Response,10,Moderate Discount Strategy,3.515,3.1635,1297.035
17545,944.82,345,118,6.87745677070973,20.368147258903562,Positive Response,10,Moderate Discount Strategy,2.7113445378151257,2.4402100840336134,841.8724789915966
17547,767.54,223,30,9.90544318372863,15.308911973756151,Positive Response,10,Moderate Discount Strategy,4.633870967741935,4.170483870967742,930.0179032258065
17548,727.85,436,28,10.208202103043183,18.725182863113897,Positive Response,10,Moderate Discount Strategy,1.7755172413793103,1.5979655172413794,696.7129655172414
17550,2233.58,882,278,3.2999790661725474,23.545629997242905,Positive Response,10,Moderate Discount Strategy,3.1157347670250894,2.8041612903225808,2473.2702580645164
17552,2239.48,1376,106,11.220085564202483,18.119512885868026,High Response,20,High Discount Strategy,2.6896261682242995,2.1517009345794396,2960.7404859813087
17553,2154.88,1240,3,186.1521668179289,27.27272727272727,High Response,20,High Discount Strategy,2.75,2.2,2728.0
17555,2270.0,391,158,2.17035493023119,18.61254049933295,Positive Response,10,Moderate Discount Strategy,1.8649056603773584,1.6784150943396225,656.2603018867924
17556,565.43,83,7,8.47327068230235,21.041666666666664,Positive Response,10,Moderate Discount Strategy,2.2462500000000003,2.0216250000000002,167.79487500000002
17557,142.77,4,0,7.084935582038353,0.0,Positive Response,10,Moderate Discount Strategy,8.5,7.65,30.6
17558,243.27,54,27,3.0458706457223386,26.583850931677024,Positive Response,10,Moderate Discount Strategy,4.497142857142857,4.047428571428572,218.5611428571429
17559,259.17,270,11,19.75858966806832,23.137254901960784,High Response,20,High Discount Strategy,0.7866666666666666,0.6293333333333333,169.92
17560,971.1,953,28,27.257495137678976,6.52519893899204,High Response,20,High Discount Strategy,1.326551724137931,1.0612413793103448,1011.3630344827586
17561,1040.85,237,145,2.1088062147020694,19.975412715138745,Positive Response,10,Moderate Discount Strategy,2.6413013698630134,2.3771712328767123,563.3895821917808
17563,537.9,256,28,8.873538000168697,21.873087125076516,Positive Response,10,Moderate Discount Strategy,2.476551724137931,2.228896551724138,570.5975172413794
17565,392.38,67,29,2.686772523827979,22.431372549019606,Positive Response,10,Moderate Discount Strategy,2.8463333333333334,2.5617,171.6339
17567,1004.75,520,57,9.904958435556164,10.867293625914314,Positive Response,10,Moderate Discount Strategy,2.8905172413793103,2.601465517241379,1352.762068965517
17568,1024.55,275,61,4.372695217574534,23.34193548387097,Positive Response,10,Moderate Discount Strategy,1.562741935483871,1.4064677419354839,386.77862903225804
17570,374.45,1,0,9.243760885100874,0.0,Positive Response,10,Moderate Discount Strategy,100.0,90.0,90.0
17571,198.29,115,53,2.797749187926954,21.2682379349046,Positive Response,10,Moderate Discount Strategy,2.359074074074074,2.1231666666666666,244.16416666666666
17572,478.56000000000006,256,23,9.916031039323451,19.505649717514128,Positive Response,10,Moderate Discount Strategy,2.4079166666666665,2.167125,554.784
17575,496.26000000000005,72,4,16.372601377618366,36.0,High Response,20,High Discount Strategy,6.159999999999999,4.928,354.816
17576,5250.87,2673,498,5.1826454656675125,17.15976331360947,Positive Response,10,Moderate Discount Strategy,3.3067134268537073,2.976042084168337,7954.9604909819645
17577,5266.77,179,20,8.058948982154895,14.40781440781441,Positive Response,10,Moderate Discount Strategy,2.4714285714285715,2.2242857142857146,398.1471428571429
17578,889.02,391,59,9.039173420580509,20.621468926553675,Positive Response,10,Moderate Discount Strategy,3.7216666666666667,3.3495,1309.6544999999999
17579,903.87,117,43,3.341069708283223,24.22958397534669,Positive Response,10,Moderate Discount Strategy,4.519318181818182,4.067386363636364,475.88420454545457
17580,319.4,135,48,3.660371987427534,26.753741496598636,Positive Response,10,Moderate Discount Strategy,3.136530612244898,2.822877551020408,381.0884693877551
17581,7687.21,4045,409,9.515949814192403,17.168230143839903,Positive Response,10,Moderate Discount Strategy,2.813390243902439,2.532051219512195,10242.147182926828
17582,7712.71,480,92,7.810567885935853,14.36298468556533,Positive Response,10,Moderate Discount Strategy,3.401720430107527,3.0615483870967743,1469.5432258064516
17583,1271.68,55,6,9.626913915381282,0.0,Positive Response,10,Moderate Discount Strategy,2.807142857142857,2.5264285714285712,138.95357142857142
17584,4004.62,2006,88,14.099457663841845,24.265256664463536,High Response,20,High Discount Strategy,4.193033707865169,3.3544269662921353,6728.980494382024
17585,4067.12,860,175,3.159647047878667,22.62626262626263,Positive Response,10,Moderate Discount Strategy,2.3245454545454547,2.0920909090909094,1799.198181818182
17586,948.03,68,7,11.220726445005146,20.000000000000004,High Response,20,High Discount Strategy,2.975,2.3800000000000003,161.84000000000003
17587,167.4,67,41,2.490651426545971,20.804232804232804,Positive Response,10,Moderate Discount Strategy,3.3614285714285717,3.0252857142857144,202.69414285714285
17588,1633.35,703,47,14.67658563831715,25.354477611940297,High Response,20,High Discount Strategy,4.304375,3.4435000000000002,2420.7805000000003
17589,11428.73,7073,1048,5.368516429577321,19.091775717133203,Positive Response,10,Moderate Discount Strategy,2.4695042897998096,2.2225538608198288,15720.12345757865
17591,11433.77,152,89,3.1167759976874545,23.44632768361582,Positive Response,10,Moderate Discount Strategy,4.251666666666666,3.8264999999999993,581.6279999999999
17592,519.95,38,12,6.573255858681567,10.497737556561086,Positive Response,10,Moderate Discount Strategy,3.965384615384615,3.568846153846154,135.61615384615385
17593,4151.06,2506,195,9.885976425100301,16.266151430986596,Positive Response,10,Moderate Discount Strategy,2.9568877551020405,2.6611989795918367,6668.964642857143
17594,4168.46,818,53,11.40277197659684,11.162551440329215,High Response,20,High Discount Strategy,2.4222222222222225,1.937777777777778,1585.1022222222225
17596,2071.4900000000002,3163,279,7.79637824622605,25.536945812807883,Positive Response,10,Moderate Discount Strategy,2.0082857142857145,1.807457142857143,5716.986942857144
17597,2075.7400000000002,1039,72,11.43953994977721,16.526027397260275,High Response,20,High Discount Strategy,2.687945205479452,2.150356164383562,2234.220054794521
17598,1439.72,126,9,23.442189099275506,19.660377358490567,High Response,20,High Discount Strategy,3.2689999999999997,2.6151999999999997,329.5152
17599,409.98,11,2,8.806317322826485,8.080808080808081,Positive Response,10,Moderate Discount Strategy,5.1499999999999995,4.635,50.985
17601,294.96999999999997,192,62,2.526821127910191,20.827320827320825,Positive Response,10,Moderate Discount Strategy,2.5134920634920634,2.262142857142857,434.33142857142855
17602,2296.26,1764,357,3.3771766297593344,19.32067039106145,Positive Response,10,Moderate Discount Strategy,1.9454748603351957,1.7509273743016762,3088.635888268157
17603,2300.01,564,94,8.54443365647975,18.794633642930854,Positive Response,10,Moderate Discount Strategy,3.3053684210526315,2.9748315789473683,1677.8050105263158
17604,1393.66,445,144,2.616143215308494,21.448275862068964,Positive Response,10,Moderate Discount Strategy,2.2240689655172416,2.0016620689655173,890.7396206896552
17605,633.02,71,12,5.7616289891522126,18.181818181818183,Positive Response,10,Moderate Discount Strategy,2.2115384615384617,1.9903846153846156,141.3173076923077
17606,160.75,42,5,9.034476090754483,7.936507936507937,Positive Response,10,Moderate Discount Strategy,2.216666666666667,1.995,83.79
17607,308.31,269,21,9.471471271362775,29.03409090909091,Positive Response,10,Moderate Discount Strategy,2.44,2.196,590.724
17608,333.81,299,102,3.395950739492325,13.706453455168475,Positive Response,10,Moderate Discount Strategy,1.2097087378640776,1.08873786407767,325.5326213592233
17609,778.72,602,151,3.242735151752833,20.40448343079922,Positive Response,10,Moderate Discount Strategy,1.9339473684210524,1.7405526315789472,1047.8126842105262
17610,1488.14,893,153,4.7980994286828516,22.590742590742593,Positive Response,10,Moderate Discount Strategy,2.9338311688311687,2.6404480519480518,2357.9201103896103
17611,4373.51,2791,544,3.5297088266876897,22.34486003293343,Positive Response,10,Moderate Discount Strategy,2.7955229357798164,2.5159706422018346,7022.074062385321
17612,4376.41,1713,204,9.130121005571636,16.09255784865541,Positive Response,10,Moderate Discount Strategy,3.6607317073170735,3.2946585365853664,5643.750073170732
17615,3346.41,238,41,6.391735742243634,22.40859404447795,Positive Response,10,Moderate Discount Strategy,2.8907142857142856,2.601642857142857,619.191
17616,392.2,192,1,18.55279576057067,0.0,High Response,20,High Discount Strategy,2.55,2.04,391.68
17617,489.59999999999997,249,17,10.796025127938085,19.560878243512974,High Response,20,High Discount Strategy,2.567222222222222,2.053777777777778,511.3906666666667
17618,3051.46,1479,289,6.018753697830993,25.195402298850574,Positive Response,10,Moderate Discount Strategy,3.4443103448275862,3.0998793103448277,4584.721500000001
17621,3071.36,596,39,20.910561633535306,24.16949152542373,High Response,20,High Discount Strategy,3.5744999999999996,2.8596,1704.3216
17622,1795.22,379,37,14.464966458986229,22.63859649122807,High Response,20,High Discount Strategy,4.117894736842105,3.2943157894736843,1248.5456842105264
17623,1826.1200000000001,534,160,3.5145161433247623,23.193374741200827,Positive Response,10,Moderate Discount Strategy,4.765031055900621,4.2885279503105584,2290.0739254658383
17624,1838.72,404,46,7.850539324979853,27.203647416413375,Positive Response,10,Moderate Discount Strategy,3.297872340425532,2.968085106382979,1199.1063829787236
17625,3952.6,2325,376,6.125969529091658,22.339658573080328,Positive Response,10,Moderate Discount Strategy,2.3968700265251988,2.157183023872679,5015.450530503978
17626,3958.5,202,17,8.857676767036432,19.511111111111113,Positive Response,10,Moderate Discount Strategy,1.8783333333333334,1.6905000000000001,341.481
17627,278.12,676,9,52.77395299353034,25.922330097087375,High Response,20,High Discount Strategy,1.8690000000000002,1.4952000000000003,1010.7552000000002
17629,623.7,274,32,9.366037885930664,19.619928094504367,Positive Response,10,Moderate Discount Strategy,3.9530303030303027,3.5577272727272726,974.8172727272727
17631,641.4,257,29,9.107126301492345,24.16969696969697,Positive Response,10,Moderate Discount Strategy,3.344666666666667,3.0102,773.6214000000001
17633,665.05,255,30,9.138599291042176,14.980863860032805,Positive Response,10,Moderate Discount Strategy,4.22741935483871,3.8046774193548387,970.1927419354839
17635,1250.28,770,73,9.874865062571214,12.743652743652744,Positive Response,10,Moderate Discount Strategy,2.7762162162162163,2.4985945945945947,1923.9178378378379
17638,1265.58,432,2,184.91722698697728,0.0,High Response,20,High Discount Strategy,1.95,1.56,673.9200000000001
17639,842.4000000000001,527,71,4.950316199633435,14.58888888888889,Positive Response,10,Moderate Discount Strategy,2.1180555555555554,1.9062499999999998,1004.5937499999999
17640,2526.88,1442,60,16.31856161632265,19.672131147540984,High Response,20,High Discount Strategy,2.311639344262295,1.849311475409836,2666.7071475409834
17642,2547.28,1001,67,10.51417687046309,22.211764705882356,Positive Response,10,Moderate Discount Strategy,2.004705882352941,1.804235294117647,1806.0395294117645
17643,1112.2,226,30,8.2225588195581,21.720430107526884,Positive Response,10,Moderate Discount Strategy,3.4596774193548385,3.113709677419355,703.6983870967742
17644,3126.0,1676,169,9.756431337383715,17.514328808446457,Positive Response,10,Moderate Discount Strategy,3.403764705882353,3.0633882352941177,5134.238682352941
17646,3132.96,1095,153,10.294503485133955,23.560173160173157,Positive Response,10,Moderate Discount Strategy,5.2641558441558445,4.73774025974026,5187.825584415585
17647,3141.4,52,4,10.130751921876207,21.866666666666667,Positive Response,10,Moderate Discount Strategy,5.17,4.6530000000000005,241.95600000000002
17648,408.37,467,33,14.646209924686662,0.0,High Response,20,High Discount Strategy,1.842941176470588,1.4743529411764706,688.5228235294118
17649,695.55,324,45,8.529902550527613,22.10022107590273,Positive Response,10,Moderate Discount Strategy,3.737173913043478,3.3634565217391303,1089.7599130434783
17651,1739.02,974,99,9.583103268407509,16.98974358974359,Positive Response,10,Moderate Discount Strategy,2.9526,2.65734,2588.24916
17655,1758.52,426,28,10.215577240747475,19.56727518593644,Positive Response,10,Moderate Discount Strategy,3.8717241379310345,3.484551724137931,1484.4190344827587
17657,1013.54,60,6,8.89905123623672,6.593406593406596,Positive Response,10,Moderate Discount Strategy,2.25,2.025,121.5
17659,817.63,291,45,9.128208527109964,18.562318840579707,Positive Response,10,Moderate Discount Strategy,4.488695652173913,4.039826086956522,1175.5893913043478
17660,835.33,138,43,2.7343720433684613,22.467532467532468,Positive Response,10,Moderate Discount Strategy,2.416818181818182,2.175136363636364,300.1688181818182
17662,397.94,184,14,18.740206700601526,35.45679012345679,High Response,20,High Discount Strategy,4.554,3.6432,670.3488
17663,3355.2200000000003,1500,151,13.828342484881372,22.627118644067796,High Response,20,High Discount Strategy,4.761776315789473,3.8094210526315786,5714.131578947368
17664,3372.92,454,36,8.484249810623512,32.14929214929215,Positive Response,10,Moderate Discount Strategy,2.308648648648649,2.077783783783784,943.3138378378378
17665,561.59,690,18,37.43741533319513,24.42105263157895,High Response,20,High Discount Strategy,1.513157894736842,1.2105263157894737,835.2631578947369
17666,1238.04,956,25,19.560890812104216,14.486243683323979,High Response,20,High Discount Strategy,1.8092307692307692,1.4473846153846155,1383.6996923076924
17667,1880.19,1159,113,10.287053268865943,23.148148148148145,Positive Response,10,Moderate Discount Strategy,2.889473684210526,2.6005263157894736,3014.0099999999998
17669,2719.13,1589,75,13.464734322755312,10.207336523125997,High Response,20,High Discount Strategy,2.3360526315789474,1.868842105263158,2969.590105263158
17671,2735.63,405,38,8.975750935181882,26.953846153846154,Positive Response,10,Moderate Discount Strategy,3.6315384615384616,3.2683846153846154,1323.6957692307692
17672,2566.56,1068,95,11.66833239815022,21.260593220338986,High Response,20,High Discount Strategy,5.326979166666667,4.261583333333333,4551.371
17673,2600.46,1822,288,7.303457397141646,20.613291969931986,Positive Response,10,Moderate Discount Strategy,1.7155017301038062,1.5439515570934257,2813.0797370242217
17674,2578.91,349,10,29.779808303408302,0.0,High Response,20,High Discount Strategy,0.6581818181818182,0.5265454545454545,183.76436363636364
17675,17818.72,8056,422,19.25369452197588,17.63593380614657,High Response,20,High Discount Strategy,3.325342789598109,2.6602742316784873,21431.169210401895
17676,17885.32,1000,85,10.620378266458774,20.204369274136717,Positive Response,10,Moderate Discount Strategy,1.9665116279069768,1.769860465116279,1769.860465116279
17677,20178.48,12161,407,16.904633290155488,17.99019607843137,High Response,20,High Discount Strategy,2.646887254901961,2.117509803921569,25751.0367254902
17678,20329.68,161,11,14.168956250510655,15.15151515151515,High Response,20,High Discount Strategy,4.245833333333333,3.3966666666666665,546.8633333333333
17679,1524.3,1026,50,16.476769420216304,19.026369168356997,High Response,20,High Discount Strategy,1.8564705882352939,1.485176470588235,1523.7910588235293
17680,1585.5,59,8,21.369378658010923,24.691358024691358,High Response,20,High Discount Strategy,8.95,7.16,422.44
17681,691.6,450,13,28.287174085002444,16.89655172413793,High Response,20,High Discount Strategy,2.7621428571428575,2.209714285714286,994.3714285714287
17682,1967.45,1124,119,10.266038826789572,10.15151515151515,Positive Response,10,Moderate Discount Strategy,2.440833333333333,2.1967499999999998,2469.147
17683,1982.45,781,45,11.25792301766903,21.547826086956523,High Response,20,High Discount Strategy,2.1032608695652173,1.682608695652174,1314.1173913043478
17685,2741.14,1898,82,20.323298980095295,19.92289156626506,High Response,20,High Discount Strategy,1.8656626506024097,1.492530120481928,2832.8221686746992
17686,2751.64,1105,142,9.310199654977255,13.689643689643692,Positive Response,10,Moderate Discount Strategy,3.6803496503496502,3.312314685314685,3660.107727272727
17687,2557.35,210,25,9.195773521071926,14.729501267962805,Positive Response,10,Moderate Discount Strategy,2.8246153846153845,2.542153846153846,533.8523076923077
17688,432.68,114,18,8.578268404931537,23.157894736842103,Positive Response,10,Moderate Discount Strategy,3.823684210526316,3.4413157894736845,392.31000000000006
17689,312.04,300,21,11.261384217920808,27.327823691460058,High Response,20,High Discount Strategy,1.199090909090909,0.9592727272727273,287.7818181818182
17690,2670.35,1352,125,10.098467062679873,21.39077853363568,Positive Response,10,Moderate Discount Strategy,4.172936507936508,3.755642857142857,5077.629142857143
17691,2685.2,239,32,8.900507121835352,18.47041847041847,Positive Response,10,Moderate Discount Strategy,3.3227272727272728,2.9904545454545457,714.7186363636364
17692,2204.86,1666,115,10.369535940878187,12.954815695600475,Positive Response,10,Moderate Discount Strategy,2.0038793103448276,1.8034913793103449,3004.6166379310343
17694,2234.86,1309,65,11.116664900700536,17.92727272727273,High Response,20,High Discount Strategy,1.464090909090909,1.1712727272727272,1533.196
17695,1412.85,1030,25,23.756455441557623,21.666666666666664,High Response,20,High Discount Strategy,1.3184615384615386,1.054769230769231,1086.4123076923079
17696,5383.38,4135,249,11.107369101231784,16.893793103448274,High Response,20,High Discount Strategy,2.07944,1.6635520000000001,6878.787520000001
17699,5393.88,208,18,12.630263794392823,22.479928635147193,High Response,20,High Discount Strategy,3.2868421052631582,2.629473684210527,546.9305263157896
17700,4135.13,2203,217,9.704968323523865,21.681957186544345,Positive Response,10,Moderate Discount Strategy,3.760275229357798,3.3842477064220184,7455.497697247707
17702,4145.33,800,78,9.636106560422578,19.107182982548125,Positive Response,10,Moderate Discount Strategy,2.6039240506329113,2.3435316455696205,1874.8253164556963
17703,1319.67,307,22,8.975995536810503,18.618925831202045,Positive Response,10,Moderate Discount Strategy,1.3765217391304347,1.2388695652173913,380.33295652173916
17705,296.1,338,16,10.627817919490864,29.590017825311943,Positive Response,10,Moderate Discount Strategy,1.7529411764705882,1.5776470588235294,533.244705882353
17706,10230.49,4150,382,12.09923976683159,22.248502534172935,High Response,20,High Discount Strategy,3.6663446475195824,2.933075718015666,12172.264229765015
17707,10245.49,402,18,14.502201434470347,15.157894736842104,High Response,20,High Discount Strategy,1.6657894736842107,1.3326315789473686,535.7178947368421
17708,603.15,297,38,9.198950837999677,22.433724467622774,Positive Response,10,Moderate Discount Strategy,3.3356410256410256,3.002076923076923,891.6168461538462
17709,620.85,278,32,8.941380169297325,26.393345216874625,Positive Response,10,Moderate Discount Strategy,4.566363636363636,4.109727272727273,1142.504181818182
17710,533.5600000000001,158,19,8.224996584561747,24.365591397849464,Positive Response,10,Moderate Discount Strategy,4.0085,3.60765,570.0087
17713,1173.14,989,75,9.790832949380922,20.36842105263158,Positive Response,10,Moderate Discount Strategy,2.8776315789473683,2.5898684210526315,2561.3798684210524
17714,1237.38,516,70,9.144355659776675,25.1981220657277,Positive Response,10,Moderate Discount Strategy,4.763661971830985,4.287295774647887,2212.2446197183094
17715,1257.18,192,0,14.333284841539315,0.0,High Response,20,High Discount Strategy,0.85,0.68,130.56
17716,10198.98,5747,355,12.102229239601362,15.93632958801498,High Response,20,High Discount Strategy,2.852724719101124,2.282179775280899,13115.687168539327
17717,10300.98,344,25,8.844590193871863,14.208144796380092,Positive Response,10,Moderate Discount Strategy,1.8615384615384616,1.6753846153846155,576.3323076923077
17718,376.92,191,16,9.523768390369991,12.2920892494929,Positive Response,10,Moderate Discount Strategy,2.6411764705882352,2.3770588235294117,454.01823529411763
17720,1470.97,1037,82,9.342038359382379,21.350857977364,Positive Response,10,Moderate Discount Strategy,3.6022891566265063,3.242060240963856,3362.016469879519
17721,1572.97,107,10,9.691227068646318,16.949152542372886,Positive Response,10,Moderate Discount Strategy,4.173636363636364,3.7562727272727274,401.9211818181818
17722,1996.12,1342,103,10.67353232525084,19.924123495552067,Positive Response,10,Moderate Discount Strategy,2.6250961538461537,2.3625865384615383,3170.5911346153844
17723,2006.32,120,1,32.928660547700595,0.0,High Response,20,High Discount Strategy,0.85,0.68,81.60000000000001
17726,1076.16,444,63,9.181739371614691,18.08210784313725,Positive Response,10,Moderate Discount Strategy,3.47,3.123,1386.612
17728,1345.8,677,78,9.863402758231368,15.280289330922244,Positive Response,10,Moderate Discount Strategy,3.6556962025316455,3.290126582278481,2227.4156962025318
17729,1362.75,247,22,9.57937219528244,24.381926683716962,Positive Response,10,Moderate Discount Strategy,3.067391304347826,2.7606521739130434,681.8810869565217
17730,2417.32,1724,95,13.256586551394223,23.59166666666667,High Response,20,High Discount Strategy,1.8117708333333333,1.4494166666666668,2498.7943333333337
17731,2475.32,214,31,8.198757689709888,18.45430107526882,Positive Response,10,Moderate Discount Strategy,2.9771875,2.67946875,573.4063125
17732,2148.7200000000003,1058,121,9.525111331572647,21.731036398999724,Positive Response,10,Moderate Discount Strategy,4.515081967213115,4.063573770491804,4299.261049180328
17734,2166.42,319,42,9.48323801808379,18.2015503875969,Positive Response,10,Moderate Discount Strategy,3.607906976744186,3.2471162790697674,1035.8300930232558
17735,4119.91,2462,205,10.736351357519004,14.85142689026184,High Response,20,High Discount Strategy,3.4466504854368933,2.7573203883495148,6788.522796116506
17738,4134.91,1747,132,10.57500847589723,21.061745272271587,Positive Response,10,Moderate Discount Strategy,2.29187969924812,2.062691729323308,3603.5224511278193
17739,4856.4400000000005,1474,101,15.771086100990829,18.127308894572323,High Response,20,High Discount Strategy,4.043235294117648,3.2345882352941184,4767.78305882353
17740,4939.24,222,8,11.206752038362257,4.3386243386243395,High Response,20,High Discount Strategy,2.192222222222222,1.7537777777777777,389.33866666666665
17741,426.90000000000003,114,5,17.131528274425587,15.873015873015873,High Response,20,High Discount Strategy,1.1333333333333333,0.9066666666666667,103.36000000000001
17742,1725.52,564,69,11.315262723043334,29.937575030012002,High Response,20,High Discount Strategy,7.501571428571428,6.001257142857143,3384.7090285714285
17743,1743.3700000000001,96,2,25.82062949693672,16.949152542372882,High Response,20,High Discount Strategy,2.45,1.9600000000000002,188.16000000000003
17744,321.70000000000005,414,14,38.14101758485455,11.757575757575761,High Response,20,High Discount Strategy,1.1520000000000001,0.9216000000000002,381.5424000000001
17745,593.38,164,27,11.413231601892988,22.770562770562773,High Response,20,High Discount Strategy,6.6207142857142856,5.296571428571429,868.6377142857144
17746,783.73,659,29,12.541208119250781,19.939393939393938,High Response,20,High Discount Strategy,2.539,2.0312,1338.5608
17748,793.9300000000001,111,16,10.208007977343629,18.74376869391825,Positive Response,10,Moderate Discount Strategy,4.497058823529412,4.047352941176471,449.2561764705883
17749,358.15,126,21,8.399997262778754,23.82867132867133,Positive Response,10,Moderate Discount Strategy,6.057272727272727,5.451545454545454,686.8947272727272
17751,351.66,147,31,4.150031861068966,16.3,Positive Response,10,Moderate Discount Strategy,2.1071875,1.8964687500000001,278.78090625000004
17753,377.81,124,68,2.555367479363659,24.38761011651037,Positive Response,10,Moderate Discount Strategy,2.8657971014492754,2.579217391304348,319.8229565217391
17754,2705.21,2550,133,15.467028326754212,23.355223880597013,High Response,20,High Discount Strategy,1.4304477611940298,1.144358208955224,2918.113432835821
17756,2786.57,399,83,3.877355444317741,18.336151028458723,Positive Response,10,Moderate Discount Strategy,2.7920238095238097,2.5128214285714288,1002.61575
17757,3749.31,1833,558,2.887763544353377,21.305903398926656,Positive Response,10,Moderate Discount Strategy,2.895080500894454,2.605572450805009,4776.014302325581
17758,3773.11,1145,123,4.344048208547612,22.21644120707596,Positive Response,10,Moderate Discount Strategy,2.5166935483870967,2.265024193548387,2593.452701612903
17759,1555.83,268,42,7.71844899472646,9.227906976744187,Positive Response,10,Moderate Discount Strategy,2.506744186046512,2.256069767441861,604.6266976744187
17760,622.84,457,50,6.631766453817808,16.700473292765384,Positive Response,10,Moderate Discount Strategy,2.719411764705882,2.447470588235294,1118.4940588235293
17762,631.34,129,16,5.010463499323728,17.967914438502675,Positive Response,10,Moderate Discount Strategy,1.918235294117647,1.7264117647058823,222.70711764705882
17763,129.75,29,12,3.6114237707065366,9.467455621301776,Positive Response,10,Moderate Discount Strategy,3.1884615384615387,2.869615384615385,83.21884615384616
17764,739.77,323,77,3.6372782502984213,23.760683760683758,Positive Response,10,Moderate Discount Strategy,3.0075641025641024,2.7068076923076925,874.2988846153846
17765,741.02,52,24,2.779732747486086,11.714285714285715,Positive Response,10,Moderate Discount Strategy,4.1888,3.76992,196.03584
17766,263.91,155,21,5.767464670977042,19.653679653679657,Positive Response,10,Moderate Discount Strategy,2.8645454545454547,2.578090909090909,399.6040909090909
17767,299.61,70,17,5.0750761675202725,8.862433862433862,Positive Response,10,Moderate Discount Strategy,2.3444444444444446,2.1100000000000003,147.70000000000002
17768,1208.93,1217,83,10.931202411909354,20.695238095238096,High Response,20,High Discount Strategy,2.240595238095238,1.7924761904761906,2181.443523809524
17769,3090.1,1307,278,4.685416136020211,20.751769138865914,Positive Response,10,Moderate Discount Strategy,3.1426523297491036,2.8283870967741933,3696.701935483871
17771,3095.95,86,14,4.6749644339786105,17.80952380952381,Positive Response,10,Moderate Discount Strategy,3.746,3.3714,289.9404
17772,178.8,58,45,3.060219295893704,15.643648763853365,Positive Response,10,Moderate Discount Strategy,3.2065217391304346,2.885869565217391,167.3804347826087
17773,561.47,254,54,6.457957921188335,13.688311688311689,Positive Response,10,Moderate Discount Strategy,3.1116363636363635,2.8004727272727274,711.3200727272728
17774,2040.2,1077,243,3.9224940384906817,21.120218579234976,Positive Response,10,Moderate Discount Strategy,3.180204918032787,2.862184426229508,3082.5726270491805
17776,2060.1,273,79,3.284402288275576,22.106060606060606,Positive Response,10,Moderate Discount Strategy,2.3741250000000003,2.1367125000000002,583.3225125
17778,330.56,214,9,24.51158219929268,31.1864406779661,High Response,20,High Discount Strategy,2.35,1.8800000000000001,402.32000000000005
17780,343.61,156,78,2.3208187847038264,18.098783817324396,Positive Response,10,Moderate Discount Strategy,3.158481012658228,2.842632911392405,443.4507341772152
17782,661.32,538,28,19.40016341683871,21.504702194357368,High Response,20,High Discount Strategy,1.7620689655172415,1.4096551724137933,758.3944827586208
17783,679.02,84,23,2.558461184612968,21.990740740740737,Positive Response,10,Moderate Discount Strategy,2.685416666666667,2.416875,203.0175
17784,100.11,72,22,3.1502076728425976,16.589940323955666,Positive Response,10,Moderate Discount Strategy,3.0591304347826087,2.753217391304348,198.23165217391303
17785,256.59000000000003,160,37,4.488419417035367,19.28475033738192,Positive Response,10,Moderate Discount Strategy,2.9028947368421054,2.612605263157895,418.0168421052632
17787,703.4300000000001,356,30,10.836214971898876,16.789554531490015,High Response,20,High Discount Strategy,3.507096774193548,2.8056774193548386,998.8211612903225
17789,736.28,125,14,6.817697164346133,12.929292929292929,Positive Response,10,Moderate Discount Strategy,2.7733333333333334,2.496,312.0
17790,770.86,552,112,3.9626538642338276,15.553982300884956,Positive Response,10,Moderate Discount Strategy,1.8997345132743362,1.7097610619469026,943.7881061946903
17792,815.11,149,51,4.308353628768412,17.217473884140553,Positive Response,10,Moderate Discount Strategy,3.4465384615384616,3.1018846153846154,462.18080769230767
17794,368.35,46,6,9.537708893665169,21.06782106782107,Positive Response,10,Moderate Discount Strategy,4.421428571428572,3.9792857142857145,183.04714285714286
17796,657.29,199,140,2.2485684923657185,18.934968145209762,Positive Response,10,Moderate Discount Strategy,3.6772340425531915,3.3095106382978723,658.5926170212766
17797,1180.94,588,159,4.317800800665383,17.30059523809524,Positive Response,10,Moderate Discount Strategy,2.7991875,2.51926875,1481.3300250000002
17798,1191.44,138,44,2.5455870453185265,21.387205387205388,Positive Response,10,Moderate Discount Strategy,1.8191111111111111,1.6372,225.9336
17799,3196.36,1921,499,3.611885088598668,17.92969696969697,Positive Response,10,Moderate Discount Strategy,2.52066,2.2685939999999998,4357.969074
17801,3207.76,820,80,7.8753910009655765,22.933333333333334,Positive Response,10,Moderate Discount Strategy,1.5719753086419752,1.4147777777777777,1160.1177777777777
17802,3748.7799999999997,2028,395,6.322553817156498,19.68472604836241,Positive Response,10,Moderate Discount Strategy,2.135328282828283,1.9217954545454548,3897.401181818182
17803,3761.38,98,26,4.149521038615995,11.067280298049528,Positive Response,10,Moderate Discount Strategy,2.5818518518518516,2.3236666666666665,227.7193333333333
17804,378.83,194,90,2.562007292096036,22.63736263736264,Positive Response,10,Moderate Discount Strategy,2.7221978021978024,2.4499780219780223,475.29573626373633
17805,383.78000000000003,648,0,118.09943210677687,0.0,High Response,20,High Discount Strategy,0.64,0.512,331.776
17807,426.17,262,88,3.137650372267194,22.146133900671497,Positive Response,10,Moderate Discount Strategy,2.3257303370786517,2.0931573033707864,548.407213483146
17808,437.87,143,32,3.6809600090965597,18.47566574839302,Positive Response,10,Moderate Discount Strategy,2.7081818181818185,2.437363636363637,348.54300000000006
17809,5741.88,1296,50,30.77137786932244,16.747404844290656,High Response,20,High Discount Strategy,4.533137254901961,3.626509803921569,4699.956705882353
17810,5925.4800000000005,118,54,3.669246089061849,19.112480739599384,Positive Response,10,Moderate Discount Strategy,4.421454545454545,3.9793090909090907,469.5584727272727
17811,1756.03,1132,323,3.4351248539225336,23.88414055080722,Positive Response,10,Moderate Discount Strategy,2.5348765432098763,2.281388888888889,2582.532222222222
17812,1757.98,242,84,2.349849451976319,18.003565062388592,Positive Response,10,Moderate Discount Strategy,2.4521176470588237,2.2069058823529413,534.0712235294118
17814,1583.87,1435,142,6.8986759332919485,21.294602833064374,Positive Response,10,Moderate Discount Strategy,2.4854545454545454,2.2369090909090907,3209.9645454545453
17815,1609.37,612,12,49.34877946166135,16.30769230769231,High Response,20,High Discount Strategy,1.169230769230769,0.9353846153846153,572.4553846153846
17816,591.96,66,37,3.8448601435531367,18.1203007518797,Positive Response,10,Moderate Discount Strategy,1.2568421052631578,1.131157894736842,74.65642105263157
17817,398.37,286,100,2.408106571317606,16.773097428086004,Positive Response,10,Moderate Discount Strategy,2.298019801980198,2.068217821782178,591.5102970297029
17818,400.46999999999997,86,41,2.103459454015985,20.03136583974907,Positive Response,10,Moderate Discount Strategy,1.9300000000000002,1.737,149.382
17819,2860.85,818,52,28.289215712228952,25.70875665215288,High Response,20,High Discount Strategy,3.297735849056604,2.6381886792452836,2158.038339622642
17820,2907.65,111,40,2.8529529730236516,16.05321507760532,Positive Response,10,Moderate Discount Strategy,2.7778048780487805,2.5000243902439023,277.50270731707315
17821,258.3,162,5,13.458229684884957,15.280528052805286,High Response,20,High Discount Strategy,2.8183333333333334,2.2546666666666666,365.256
17822,2149.93,1375,168,4.974618519460248,22.542585619508696,Positive Response,10,Moderate Discount Strategy,2.7139644970414203,2.442568047337278,3358.5310650887573
17823,2162.93,252,99,2.5910844717810506,16.606060606060606,Positive Response,10,Moderate Discount Strategy,2.7114999999999996,2.4403499999999996,614.9681999999999
17825,690.06,516,26,11.160349351569081,21.310541310541314,High Response,20,High Discount Strategy,2.367777777777778,1.8942222222222225,977.4186666666668
17826,701.96,84,32,2.7018506267557725,20.88578088578089,Positive Response,10,Moderate Discount Strategy,2.3851515151515152,2.1466363636363637,180.31745454545455
17827,383.74,342,65,4.947536546298536,17.96363636363636,Positive Response,10,Moderate Discount Strategy,1.6328787878787878,1.4695909090909092,502.6000909090909
17829,3791.1800000000003,2513,140,12.340796650365386,22.74959083469722,High Response,20,High Discount Strategy,2.4411347517730495,1.9529078014184398,4907.657304964539
17833,3867.5,143,30,6.5419838030418935,15.330261136712751,Positive Response,10,Moderate Discount Strategy,3.5280645161290325,3.1752580645161292,454.0619032258065
17834,647.6700000000001,639,57,6.786887785838664,23.891625615763548,Positive Response,10,Moderate Discount Strategy,3.856034482758621,3.470431034482759,2217.605431034483
17838,3769.7000000000003,2192,177,7.811481951709919,20.31300160513644,Positive Response,10,Moderate Discount Strategy,2.9342134831460673,2.6407921348314605,5788.616359550561
17840,3786.7000000000003,128,49,3.18581069349309,16.512,Positive Response,10,Moderate Discount Strategy,1.771,1.5938999999999999,204.01919999999998
17841,29514.420000000002,14332,4943,2.493663976147469,21.984415934658653,Positive Response,10,Moderate Discount Strategy,3.022502022653722,2.72025182038835,38986.64908980583
17842,29562.02,89,17,11.224491035453811,18.263305322128854,High Response,20,High Discount Strategy,5.782777777777778,4.626222222222222,411.7337777777778
17843,430.69,138,24,5.753099724938913,14.105263157894738,Positive Response,10,Moderate Discount Strategy,1.324,1.1916,164.4408
17845,576.29,195,46,6.9963302415264055,18.031205673758866,Positive Response,10,Moderate Discount Strategy,4.586595744680851,4.127936170212767,804.9475531914895
17847,596.09,29,8,4.713479877769566,20.900140646976087,Positive Response,10,Moderate Discount Strategy,4.625555555555556,4.163,120.727
17848,2651.96,1006,113,13.108601404503098,18.959899749373434,High Response,20,High Discount Strategy,5.286929824561404,4.229543859649123,4254.921122807018
17849,2657.91,110,23,7.477150217603099,26.820728291316527,Positive Response,10,Moderate Discount Strategy,7.238333333333333,6.5145,716.595
17850,51186.670000000006,21052,2498,7.2942156248740275,23.760719974264216,Positive Response,10,Moderate Discount Strategy,3.0635814325730295,2.7572232893157267,58045.064686674676
17851,51208.87,933,231,3.7423940580334816,22.692307692307693,Positive Response,10,Moderate Discount Strategy,2.808448275862069,2.5276034482758623,2358.2540172413796
17852,1552.35,319,83,5.023610227512447,11.914285714285715,Positive Response,10,Moderate Discount Strategy,1.7635714285714288,1.587214285714286,506.3213571428572
17853,1560.59,625,104,8.261414503097692,25.46583850931677,Positive Response,10,Moderate Discount Strategy,4.1378095238095245,3.724028571428572,2327.517857142858
17854,1596.29,523,102,5.179424798640449,21.81229773462783,Positive Response,10,Moderate Discount Strategy,2.3689320388349513,2.132038834951456,1115.0563106796114
17855,757.24,197,16,8.918380991931881,27.200000000000003,Positive Response,10,Moderate Discount Strategy,1.7658823529411765,1.5892941176470587,313.09094117647055
17857,1643.7,2804,5,287.71729412084693,12.268518518518517,High Response,20,High Discount Strategy,0.8099999999999999,0.648,1816.992
17858,7599.24,2764,192,15.941896494768729,24.376921050320544,High Response,20,High Discount Strategy,6.12497409326425,4.8999792746114,13543.542715025911
17860,7614.24,696,161,2.984707150313438,15.185185185185185,Positive Response,10,Moderate Discount Strategy,2.646543209876543,2.3818888888888887,1657.7946666666664
17861,2952.91,2556,338,6.294557283695065,25.95259892177805,Positive Response,10,Moderate Discount Strategy,2.0910029498525073,1.8819026548672566,4810.143185840708
17862,2990.41,340,87,5.866028955757925,21.66409861325116,Positive Response,10,Moderate Discount Strategy,3.9819318181818186,3.5837386363636368,1218.4711363636366
17863,2570.2,2314,127,14.040317702400095,24.077380952380956,High Response,20,High Discount Strategy,1.60765625,1.2861250000000002,2976.0932500000004
17864,2585.2,309,41,6.549753852201137,27.301587301587304,Positive Response,10,Moderate Discount Strategy,1.803095238095238,1.6227857142857143,501.4407857142857
17865,15768.470000000001,7193,639,10.32513188035126,16.661458333333336,Positive Response,10,Moderate Discount Strategy,3.2670625,2.9403562500000002,21149.982506250002
17866,15785.87,361,16,14.97351246091838,16.450648055832502,High Response,20,High Discount Strategy,3.911764705882353,3.1294117647058823,1129.7176470588236
17867,805.3000000000001,130,61,3.141775151465459,22.14324767632586,Positive Response,10,Moderate Discount Strategy,4.785161290322581,4.306645161290323,559.863870967742
17868,424.18,85,17,6.241558790124301,18.644067796610173,Positive Response,10,Moderate Discount Strategy,3.9499999999999997,3.5549999999999997,302.17499999999995
17869,587.88,447,55,4.579684354532392,25.485714285714284,Positive Response,10,Moderate Discount Strategy,5.514642857142857,4.963178571428572,2218.5408214285717
17870,887.3999999999999,476,2,124.94169402017712,0.0,High Response,20,High Discount Strategy,2.55,2.04,971.04
17871,1213.8,483,72,7.757700624051815,26.568819308545336,Positive Response,10,Moderate Discount Strategy,3.274246575342466,2.9468219178082196,1423.31498630137
17872,913.05,176,14,9.431528990724257,16.32,Positive Response,10,Moderate Discount Strategy,2.2826666666666666,2.0544000000000002,361.5744
17873,4576.320000000001,3241,132,14.63560425219268,26.69889008234873,High Response,20,High Discount Strategy,2.185563909774436,1.748451127819549,5666.730105263158
17875,4621.320000000001,98,25,3.6426326726601173,12.634032634032632,Positive Response,10,Moderate Discount Strategy,2.7838461538461536,2.5054615384615384,245.53523076923076
17876,2149.02,1958,3,441.15169728911553,9.319526627218934,High Response,20,High Discount Strategy,1.7475,1.3980000000000001,2737.284
17878,3424.02,613,55,10.938324415377243,13.994708994708997,High Response,20,High Discount Strategy,2.058392857142857,1.6467142857142858,1009.4358571428572
17880,999.48,152,18,10.231970330629757,18.198037466547728,Positive Response,10,Moderate Discount Strategy,2.981578947368421,2.6834210526315787,407.87999999999994
17882,366.0,130,52,3.12182193729686,18.858939802336028,Positive Response,10,Moderate Discount Strategy,2.758679245283019,2.4828113207547173,322.76547169811323
17883,319.08,102,30,4.648063098614986,15.877528704209952,Positive Response,10,Moderate Discount Strategy,4.799354838709678,4.31941935483871,440.58077419354845
17884,2322.17,2167,355,5.0916735127953485,21.49131767109295,Positive Response,10,Moderate Discount Strategy,2.247191011235955,2.0224719101123596,4382.696629213483
17886,2325.92,242,63,3.8186474472060383,22.229872881355934,Positive Response,10,Moderate Discount Strategy,4.8009375,4.32084375,1045.6441875
17888,1090.49,563,94,4.89830864553907,17.784461152882205,Positive Response,10,Moderate Discount Strategy,2.7485263157894737,2.4736736842105262,1392.6782842105263
17889,1091.44,326,95,2.570223636751258,19.209770114942526,Positive Response,10,Moderate Discount Strategy,2.8779166666666662,2.5901249999999996,844.3807499999998
17894,1280.49,573,220,2.5071957185672846,26.203531186230144,Positive Response,10,Moderate Discount Strategy,2.886515837104072,2.5978642533936647,1488.5762171945698
17897,1964.55,793,221,4.320688429982487,20.343200343200344,Positive Response,10,Moderate Discount Strategy,3.1078828828828833,2.797094594594595,2218.0960135135138
17898,1968.75,61,21,5.366055405951574,24.33533447684391,Positive Response,10,Moderate Discount Strategy,3.6145454545454543,3.253090909090909,198.43854545454545
17901,147.12,14,2,24.91657428481454,27.06766917293233,High Response,20,High Discount Strategy,14.549999999999999,11.64,162.96
17902,196.0,526,23,14.396575148484954,21.274509803921568,High Response,20,High Discount Strategy,1.3066666666666666,1.0453333333333334,549.8453333333334
17903,365.19,142,44,4.208705337315977,18.832244008714596,Positive Response,10,Moderate Discount Strategy,3.259777777777778,2.9338,416.5996
17905,1568.68,964,134,6.525148747989831,19.973409306742642,Positive Response,10,Moderate Discount Strategy,3.9289629629629625,3.5360666666666662,3408.7682666666665
17907,1580.38,1046,12,4.723542920219348,26.910039113428944,Positive Response,10,Moderate Discount Strategy,3.3361538461538465,3.002538461538462,3140.6552307692314
17908,1137.52,670,207,2.8562549193092073,21.462031558185405,Positive Response,10,Moderate Discount Strategy,3.0338942307692305,2.7305048076923075,1829.4382211538461
17909,1142.47,35,7,7.878333171394194,23.666666666666664,Positive Response,10,Moderate Discount Strategy,5.5375,4.98375,174.43124999999998
17910,255.85,121,25,4.7978455819613135,21.83833116036506,Positive Response,10,Moderate Discount Strategy,3.0442307692307695,2.739807692307693,331.51673076923083
17912,261.7,31,13,2.967047972045068,24.426430100948302,Positive Response,10,Moderate Discount Strategy,2.6149999999999998,2.3535,72.9585
17913,3007.89,1437,407,3.924067778504618,24.56713193752077,Positive Response,10,Moderate Discount Strategy,2.9634803921568627,2.6671323529411763,3832.6691911764706
17915,3020.64,184,28,3.6640715743622048,23.891625615763548,Positive Response,10,Moderate Discount Strategy,2.806896551724138,2.526206896551724,464.82206896551725
17916,225.78,90,18,5.607776740067499,21.810526315789474,Positive Response,10,Moderate Discount Strategy,1.174736842105263,1.057263157894737,95.15368421052632
17918,394.49,352,39,3.637148489951277,21.636363636363637,Positive Response,10,Moderate Discount Strategy,1.98675,1.788075,629.4024000000001
17919,476.28000000000003,696,16,51.482738702979624,20.506535947712422,High Response,20,High Discount Strategy,1.066470588235294,0.8531764705882353,593.8108235294118
17920,20135.34,10071,1056,8.407483950350093,19.15823690658128,Positive Response,10,Moderate Discount Strategy,2.7194607379375593,2.4475146641438035,24648.920182592246
17921,20137.24,566,217,3.5352918716046786,19.899262457276485,Positive Response,10,Moderate Discount Strategy,3.3705504587155963,3.0334954128440366,1716.9584036697247
17922,1574.13,49,7,10.117282782209797,13.666666666666666,Positive Response,10,Moderate Discount Strategy,4.63125,4.168125,204.238125
17923,187.5,90,1,15.349790002247353,9.523809523809526,High Response,20,High Discount Strategy,3.15,2.52,226.8
17924,351.0,108,3,24.724660220456535,0.0,High Response,20,High Discount Strategy,5.4,4.32,466.56000000000006
17925,574.2,72,0,7.255143661902286,0.0,Positive Response,10,Moderate Discount Strategy,3.39,3.051,219.67200000000003
17926,559.0,266,22,9.855638539363321,16.43330876934414,Positive Response,10,Moderate Discount Strategy,3.1739130434782608,2.856521739130435,759.8347826086957
17927,638.2,108,9,10.716208525991595,17.45762711864407,High Response,20,High Discount Strategy,3.015,2.4120000000000004,260.49600000000004
17928,294.0,82,3,8.52177231201253,12.121212121212121,Positive Response,10,Moderate Discount Strategy,1.525,1.3725,112.545
17929,2048.7,326,9,35.45400103960967,2.1929824561403506,High Response,20,High Discount Strategy,6.955,5.564,1813.864
17930,2390.7400000000002,2201,47,19.89145101015257,25.0,High Response,20,High Discount Strategy,1.6347916666666666,1.3078333333333334,2878.541166666667
17931,2989.63,1670,285,4.873237097480267,16.274634456452638,Positive Response,10,Moderate Discount Strategy,2.6912587412587414,2.4221328671328672,4044.961888111888
17933,2993.88,63,13,5.6374111148123776,16.596638655462186,Positive Response,10,Moderate Discount Strategy,2.0957142857142856,1.8861428571428571,118.827
17934,327.20000000000005,150,19,9.215161963341579,16.69491525423729,Positive Response,10,Moderate Discount Strategy,2.7350000000000003,2.4615000000000005,369.2250000000001
17935,438.35,162,34,8.621350604505281,17.869249394673126,Positive Response,10,Moderate Discount Strategy,3.6757142857142857,3.3081428571428573,535.9191428571429
17938,540.35,53,28,3.073259447828198,25.98480420806546,Positive Response,10,Moderate Discount Strategy,3.1317241379310348,2.818551724137931,149.38324137931036
17940,22579.35,75825,16,956.6223026213682,23.529411764705884,High Response,20,High Discount Strategy,3.335294117647059,2.6682352941176473,202318.9411764706
17941,26286.75,856,4,251.12612188790644,14.352941176470589,High Response,20,High Discount Strategy,2.1839999999999997,1.7471999999999999,1495.6031999999998
17944,1128.72,84,24,3.013746410595004,26.13333333333333,Positive Response,10,Moderate Discount Strategy,1.9172,1.7254800000000001,144.94032
17945,358.7,244,71,3.7184556628574565,19.422222222222224,Positive Response,10,Moderate Discount Strategy,2.0306944444444444,1.827625,445.9405
17949,58803.6,30112,86,319.6810885975789,22.219579865239794,High Response,20,High Discount Strategy,105.99011494252875,84.79209195402301,2553259.472919541
17950,60117.6,479,132,5.035188664325123,25.65341926244182,Positive Response,10,Moderate Discount Strategy,2.7206766917293237,2.4486090225563912,1172.8837218045114
17951,947.26,282,12,15.207687302014651,15.494505494505496,High Response,20,High Discount Strategy,3.2515384615384617,2.6012307692307695,733.547076923077
17952,773.61,477,97,3.605674292347726,6.4734693877551015,Positive Response,10,Moderate Discount Strategy,2.4634693877551017,2.2171224489795915,1057.567408163265
17953,788.46,98,19,3.3642401482789617,28.492537313432837,Positive Response,10,Moderate Discount Strategy,3.597,3.2373,317.2554
17954,1599.03,1021,280,3.350743084818552,21.016776817488562,Positive Response,10,Moderate Discount Strategy,2.6527402135231317,2.3874661921708187,2437.602982206406
17955,1618.93,408,2,40.96426344010027,6.603773584905663,High Response,20,High Discount Strategy,1.0533333333333335,0.8426666666666668,343.80800000000005
17958,392.6,200,28,4.146312639211228,16.05015673981191,Positive Response,10,Moderate Discount Strategy,3.2506896551724136,2.9256206896551724,585.1241379310345
17959,465.41999999999996,49,1,11.078977817202924,45.00594530321046,High Response,20,High Discount Strategy,21.025000000000002,16.820000000000004,824.1800000000002
17960,140.75,19,10,3.455182514125257,22.650231124807394,Positive Response,10,Moderate Discount Strategy,3.290909090909091,2.961818181818182,56.27454545454545
17961,1690.35,976,409,2.5077742012491764,21.185741088180116,Positive Response,10,Moderate Discount Strategy,2.654658536585366,2.3891926829268293,2331.8520585365854
17962,1697.85,506,148,2.772957477078647,21.95241000610128,Positive Response,10,Moderate Discount Strategy,2.164295302013423,1.9478657718120806,985.6200805369128
17963,634.91,341,108,2.9791207280546304,19.021406727828744,Positive Response,10,Moderate Discount Strategy,3.052110091743119,2.7468990825688073,936.6925871559633
17964,643.16,195,34,3.709777910516541,23.25170068027211,Positive Response,10,Moderate Discount Strategy,3.561714285714286,3.2055428571428575,625.0808571428572
17965,4549.16,2908,514,4.618652116614703,21.700416088765603,Positive Response,10,Moderate Discount Strategy,3.0857864077669905,2.7772077669902915,8076.1201864077675
17966,4558.01,1347,44,17.40624455518698,0.0,High Response,20,High Discount Strategy,1.3871111111111112,1.109688888888889,1494.7509333333335
17967,865.49,111,60,2.672008467729148,17.853949329359164,Positive Response,10,Moderate Discount Strategy,2.4218032786885244,2.179622950819672,241.9381475409836
17968,588.49,352,127,3.1753402559582042,17.03125,Positive Response,10,Moderate Discount Strategy,1.879375,1.6914375000000001,595.3860000000001
17969,2095.4900000000002,862,189,4.009287883557431,26.815523657628923,Positive Response,10,Moderate Discount Strategy,5.057368421052631,4.551631578947369,3923.5064210526316
17971,2126.09,62,20,3.89101726465905,15.779645191409898,Positive Response,10,Moderate Discount Strategy,3.13047619047619,2.817428571428571,174.68057142857143
17974,1005.1,689,195,3.5065811502642625,20.482374768089052,Positive Response,10,Moderate Discount Strategy,2.1560204081632652,1.9404183673469388,1336.9482551020408
17975,2491.4700000000003,700,180,5.115822458630439,16.771233261541344,Positive Response,10,Moderate Discount Strategy,3.8066298342541436,3.425966850828729,2398.1767955801106
17976,2527.17,93,56,3.5375451763862844,16.693428486470413,Positive Response,10,Moderate Discount Strategy,3.6531578947368417,3.2878421052631577,305.76931578947364
17977,1183.41,1606,82,11.374828492060734,25.628915662650606,High Response,20,High Discount Strategy,1.5434939759036146,1.2347951807228918,1983.0810602409642
17978,1223.31,1297,66,5.142931127679208,24.806735553004213,Positive Response,10,Moderate Discount Strategy,3.293731343283582,2.964358208955224,3844.7725970149254
17980,1159.99,89,30,2.9428138118025853,14.761904761904765,Positive Response,10,Moderate Discount Strategy,3.0238709677419355,2.721483870967742,242.21206451612903
17981,201.27,260,16,8.086623101580164,28.94830659536542,Positive Response,10,Moderate Discount Strategy,1.6017647058823528,1.4415882352941176,374.8129411764706
17982,239.12,117,12,7.124525754840091,25.207100591715978,Positive Response,10,Moderate Discount Strategy,1.9738461538461538,1.7764615384615385,207.846
17983,163.31,108,23,3.2918351237896792,16.23015873015873,Positive Response,10,Moderate Discount Strategy,2.8091666666666666,2.52825,273.051
17984,981.61,841,193,2.7400994091027657,20.66007057358334,Positive Response,10,Moderate Discount Strategy,2.2792268041237116,2.0513041237113403,1725.1467680412372
17987,999.51,720,150,3.367065502111242,12.61456953642384,Positive Response,10,Moderate Discount Strategy,2.1850331125827815,1.9665298013245034,1415.9014569536425
17988,766.87,143,84,2.116919503016297,20.180995475113125,Positive Response,10,Moderate Discount Strategy,2.7529411764705882,2.4776470588235293,354.3035294117647
17989,288.42,300,28,5.219107487749996,29.57157784743992,Positive Response,10,Moderate Discount Strategy,1.8689655172413795,1.6820689655172416,504.6206896551725
17990,879.37,363,27,19.732183325894493,24.60048426150121,High Response,20,High Discount Strategy,2.7921428571428573,2.233714285714286,810.8382857142858
17991,896.7700000000001,68,32,2.669254414336704,23.684848484848487,Positive Response,10,Moderate Discount Strategy,4.450909090909091,4.005818181818182,272.3956363636364
17992,245.23000000000002,130,51,3.101031652271447,23.50769230769231,Positive Response,10,Moderate Discount Strategy,2.4053846153846155,2.164846153846154,281.43
17993,252.88,108,59,2.044122016074756,19.88034188034188,Positive Response,10,Moderate Discount Strategy,2.3314999999999997,2.09835,226.6218
17994,1568.1,1686,226,5.062961784601296,19.911894273127754,Positive Response,10,Moderate Discount Strategy,2.6499118942731275,2.3849207048458148,4020.9763083700436
17995,1595.1399999999999,130,26,6.629081532730452,23.68091168091168,Positive Response,10,Moderate Discount Strategy,3.7377777777777776,3.364,437.32
17996,472.38,587,66,4.229503644326932,27.31795567616463,Positive Response,10,Moderate Discount Strategy,3.2059701492537314,2.885373134328358,1693.7140298507463
17998,526.74,561,57,5.22801480435597,27.683465959328032,Positive Response,10,Moderate Discount Strategy,3.822241379310345,3.4400172413793104,1929.849672413793
17999,639.24,161,80,2.17283996971074,25.553134834180582,Positive Response,10,Moderate Discount Strategy,3.1601234567901235,2.8441111111111113,457.9018888888889
18000,338.41,109,5,30.436456182043727,25.666666666666668,High Response,20,High Discount Strategy,2.018333333333333,1.6146666666666665,175.99866666666665
18001,488.85,512,74,6.689139325104298,16.256,Positive Response,10,Moderate Discount Strategy,1.9861333333333335,1.7875200000000002,915.2102400000001
18002,509.01,71,52,2.4967873812432617,24.89926447073873,Positive Response,10,Moderate Discount Strategy,3.978679245283019,3.580811320754717,254.2376037735849
18003,351.61,297,22,7.090627581785582,22.108036890645586,Positive Response,10,Moderate Discount Strategy,1.8721739130434785,1.6849565217391307,500.4320869565218
18006,512.93,175,40,6.042510984314532,24.952459694088468,Positive Response,10,Moderate Discount Strategy,3.789268292682927,3.4103414634146345,596.809756097561
18007,524.83,246,49,3.834062507368618,16.91764705882353,Positive Response,10,Moderate Discount Strategy,1.6262,1.46358,360.04068
18008,15462.89,6244,66,63.623189969460164,17.824437136352138,High Response,20,High Discount Strategy,4.382686567164179,3.5061492537313437,21892.39594029851
18009,17642.89,526,147,4.691482020043788,22.963811268896016,Positive Response,10,Moderate Discount Strategy,3.9825,3.58425,1885.3155
18011,1896.84,125,62,3.533464835598182,24.08042328042328,Positive Response,10,Moderate Discount Strategy,4.196190476190476,3.7765714285714287,472.0714285714286
18012,410.79,63,12,4.559105228853917,23.23337679269883,Positive Response,10,Moderate Discount Strategy,6.810769230769231,6.1296923076923076,386.17061538461536
18016,473.1,180,46,5.329446878341405,18.64406779661017,Positive Response,10,Moderate Discount Strategy,3.4361702127659575,3.092553191489362,556.6595744680851
18017,476.90000000000003,100,0,7.763202338899613,0.0,Positive Response,10,Moderate Discount Strategy,1.65,1.4849999999999999,148.5
18018,172.1,131,14,16.349743623063926,28.65536723163842,High Response,20,High Discount Strategy,2.5313333333333334,2.025066666666667,265.2837333333334
18020,184.68,67,11,7.584697463717329,14.818181818181818,Positive Response,10,Moderate Discount Strategy,4.866666666666666,4.38,293.46
18021,208.92,168,31,4.093644920349238,24.46969696969697,Positive Response,10,Moderate Discount Strategy,2.5359375,2.2823437500000003,383.43375000000003
18022,891.58,608,260,2.0342461409268067,21.801927319168698,Positive Response,10,Moderate Discount Strategy,2.1053639846743293,1.8948275862068964,1152.0551724137931
18025,1147.72,1053,111,7.988139812816678,19.428571428571427,Positive Response,10,Moderate Discount Strategy,1.9142857142857144,1.7228571428571429,1814.1685714285713
18026,1802.07,530,16,17.671493377007508,16.761245674740483,High Response,20,High Discount Strategy,5.149411764705882,4.119529411764706,2183.3505882352943
18028,2074.07,133,3,16.554283221044688,17.796610169491526,High Response,20,High Discount Strategy,2.75,2.2,292.6
18029,250.89000000000001,253,17,7.920243137177689,23.434343434343432,Positive Response,10,Moderate Discount Strategy,1.738888888888889,1.5650000000000002,395.94500000000005
18031,450.35,298,62,6.729758192403346,30.37999037999038,Positive Response,10,Moderate Discount Strategy,1.7233333333333332,1.551,462.198
18034,451.3,392,103,2.5800611001224194,26.608391608391607,Positive Response,10,Moderate Discount Strategy,1.6439423076923076,1.4795480769230769,579.9828461538461
18035,540.0400000000001,550,7,45.87372517381,16.037735849056606,High Response,20,High Discount Strategy,1.01875,0.8150000000000001,448.25000000000006
18036,1139.42,509,231,2.363890753559889,17.407161803713528,Positive Response,10,Moderate Discount Strategy,2.8262500000000004,2.5436250000000005,1294.7051250000002
18037,1142.37,17,13,6.793441542745244,14.957983193277311,Positive Response,10,Moderate Discount Strategy,6.082142857142856,5.473928571428571,93.05678571428571
18038,133.99,80,26,3.585727142666436,26.689113355780023,Positive Response,10,Moderate Discount Strategy,2.6722222222222225,2.4050000000000002,192.40000000000003
18039,546.32,555,157,2.983661884734149,19.88108937476026,Positive Response,10,Moderate Discount Strategy,2.1044936708860758,1.8940443037974681,1051.1945886075948
18041,4534.34,4026,474,9.171646406634933,15.674947368421053,Positive Response,10,Moderate Discount Strategy,2.131263157894737,1.9181368421052634,7722.4189263157905
18042,4536.29,36,8,7.975368217410461,25.235404896421844,Positive Response,10,Moderate Discount Strategy,3.3833333333333333,3.045,109.62
18043,286.01,157,61,2.5734958632116562,20.721966205837173,Positive Response,10,Moderate Discount Strategy,2.928548387096774,2.6356935483870965,413.80388709677413
18044,1402.16,565,72,9.859282016150042,32.75251141552511,Positive Response,10,Moderate Discount Strategy,4.155068493150685,3.7395616438356165,2112.8523287671233
18046,1417.01,44,25,3.0544487491849095,21.185520361990953,Positive Response,10,Moderate Discount Strategy,6.181923076923078,5.56373076923077,244.8041538461539
18047,314.29,130,82,2.092370243063573,19.780941949616647,Positive Response,10,Moderate Discount Strategy,2.8757831325301204,2.5882048192771085,336.4666265060241
18048,326.09,129,51,2.420987266506877,19.306742640075974,Positive Response,10,Moderate Discount Strategy,2.6551923076923076,2.389673076923077,308.26782692307694
18049,490.42,402,86,3.123823119954958,23.85231626610937,Positive Response,10,Moderate Discount Strategy,2.242758620689655,2.0184827586206895,811.4300689655172
18050,500.92,210,17,10.039671884811602,25.91836734693878,Positive Response,10,Moderate Discount Strategy,3.4205555555555556,3.0785,646.485
18051,2275.68,1661,54,27.266114700948897,18.60890787065284,High Response,20,High Discount Strategy,1.962,1.5696,2607.1056000000003
18052,10031.18,17766,15,932.4178809770701,23.40425531914894,High Response,20,High Discount Strategy,0.65625,0.525,9327.15
18053,10877.18,107,11,10.516671992482872,12.745098039215684,Positive Response,10,Moderate Discount Strategy,3.275,2.9475,315.3825
18054,271.05,96,10,8.974105796998517,19.114219114219114,Positive Response,10,Moderate Discount Strategy,2.4681818181818183,2.2213636363636367,213.25090909090912
18055,4364.08,1376,221,9.602052910619959,23.161135819363665,Positive Response,10,Moderate Discount Strategy,4.792072072072072,4.312864864864865,5934.5020540540545
18056,4381.78,123,10,8.807952598392534,14.325068870523415,Positive Response,10,Moderate Discount Strategy,1.9,1.71,210.32999999999998
18057,1173.16,970,133,6.0038878337676165,17.431026684758027,Positive Response,10,Moderate Discount Strategy,3.0322388059701493,2.7290149253731344,2647.14447761194
18058,1188.46,306,12,16.949825387323887,30.165912518853695,High Response,20,High Discount Strategy,1.9961538461538462,1.5969230769230771,488.6584615384616
18060,1169.56,902,74,8.637480422314527,20.102564102564106,Positive Response,10,Moderate Discount Strategy,3.1578666666666666,2.84208,2563.55616
18061,4140.6,2652,81,22.14397394669999,22.584204413472705,High Response,20,High Discount Strategy,3.209268292682927,2.567414634146342,6808.7836097560985
18062,4369.56,435,26,12.692392823391778,27.45098039215686,High Response,20,High Discount Strategy,2.9277777777777776,2.342222222222222,1018.8666666666666
18063,912.15,48,2,21.140135590294463,16.862745098039216,High Response,20,High Discount Strategy,3.766666666666667,3.0133333333333336,144.64000000000001
18064,3609.33,2301,56,44.13101444455054,19.96370235934664,High Response,20,High Discount Strategy,2.196315789473684,1.7570526315789472,4042.9781052631574
18065,3667.83,1238,172,9.989549703155605,23.515992292870905,Positive Response,10,Moderate Discount Strategy,4.847919075144509,4.363127167630059,5401.551433526012
18066,3473.8,427,42,10.110673967695671,20.126133228222315,Positive Response,10,Moderate Discount Strategy,4.04,3.636,1552.5720000000001
18069,2438.28,1872,512,3.0161857789938704,21.97412723728513,Positive Response,10,Moderate Discount Strategy,2.1640155945419104,1.9476140350877194,3645.9334736842106
18070,2455.68,86,8,16.770571605557844,22.61437908496732,High Response,20,High Discount Strategy,3.822222222222222,3.057777777777778,262.9688888888889
18071,962.88,575,59,9.507120996581968,20.08547008547009,Positive Response,10,Moderate Discount Strategy,2.924,2.6316,1513.17
18074,975.63,361,42,9.317182762279018,20.46511627906977,Positive Response,10,Moderate Discount Strategy,4.56906976744186,4.112162790697674,1484.4907674418603
18075,3136.14,1817,180,9.236036395396695,27.944968042465604,Positive Response,10,Moderate Discount Strategy,3.4340331491712712,3.0906298342541443,5615.67440883978
18076,3171.54,164,7,5.29872142903497,29.900990099009903,Positive Response,10,Moderate Discount Strategy,2.345,2.1105,346.122
18077,1694.15,1352,148,9.383943127034282,17.830872483221476,Positive Response,10,Moderate Discount Strategy,1.523758389261745,1.3713825503355705,1854.1092080536914
18078,1699.25,225,43,6.799729711482544,23.167155425219946,Positive Response,10,Moderate Discount Strategy,2.810227272727273,2.529204545454546,569.0710227272729
18079,589.53,1383,12,60.94680899081123,26.38888888888889,High Response,20,High Discount Strategy,0.94,0.752,1040.016
18083,590.78,268,39,2.9353466117551674,19.047619047619047,Positive Response,10,Moderate Discount Strategy,3.5025,3.15225,844.803
18084,689.9,443,5,150.4298620722922,16.949152542372882,High Response,20,High Discount Strategy,4.416666666666667,3.5333333333333337,1565.2666666666669
18085,925.8000000000001,320,41,9.725438686638459,19.714285714285715,Positive Response,10,Moderate Discount Strategy,3.3892857142857142,3.050357142857143,976.1142857142858
18087,10697.16,3868,85,26.512927013225454,21.634804887662593,High Response,20,High Discount Strategy,3.1239534883720927,2.4991627906976746,9666.761674418605
18089,10705.8,95,9,12.35075729909401,17.647058823529413,High Response,20,High Discount Strategy,7.779999999999999,6.224,591.28
18090,428.45,307,53,3.373386448745361,19.05185185185185,Positive Response,10,Moderate Discount Strategy,1.7614814814814816,1.5853333333333335,486.6973333333334
18091,339.85,539,24,16.252315058693,9.454545454545457,High Response,20,High Discount Strategy,1.678,1.3424,723.5536000000001
18092,7049.9800000000005,4578,60,50.76525031033636,20.48216007714561,High Response,20,High Discount Strategy,2.8496721311475413,2.279737704918033,10436.639213114757
18093,7111.18,2037,24,47.4028084585014,14.912,High Response,20,High Discount Strategy,2.0492,1.63936,3339.37632
18094,3284.22,1646,55,27.580740828226364,19.29421768707483,High Response,20,High Discount Strategy,2.9362500000000002,2.349,3866.454
18095,3374.22,1204,26,39.22608921558954,11.585185185185185,High Response,20,High Discount Strategy,2.1555555555555554,1.7244444444444444,2076.231111111111
18096,1723.04,621,194,2.2867597425681776,19.137046861184793,Positive Response,10,Moderate Discount Strategy,2.2681538461538464,2.0413384615384618,1267.6711846153848
18097,1925.92,1054,49,12.956931897116014,22.914285714285715,High Response,20,High Discount Strategy,2.7974,2.2379200000000004,2358.7676800000004
18098,1965.52,215,85,2.7837018244483676,19.501661129568106,Positive Response,10,Moderate Discount Strategy,3.355581395348837,3.0200232558139537,649.3050000000001
18100,527.94,440,29,11.749557282453498,24.026666666666664,High Response,20,High Discount Strategy,2.0776666666666666,1.6621333333333332,731.3386666666667
18101,451.56,160,68,2.75536337148427,16.728778467908903,Positive Response,10,Moderate Discount Strategy,3.0992753623188407,2.789347826086957,446.2956521739131
18102,347250.11,124216,626,159.57913194537312,19.28640577227109,High Response,20,High Discount Strategy,3.4919298245614034,2.793543859649123,347002.8440701755
18103,349164.35,23,9,11.515897518413725,11.333333333333334,High Response,20,High Discount Strategy,4.8549999999999995,3.884,89.332
18106,1017.46,380,153,2.882536962927797,20.14770943342372,Positive Response,10,Moderate Discount Strategy,2.997987012987013,2.6981883116883116,1025.3115584415584
18107,1019.16,65,37,2.7641510288971407,24.47953216374269,Positive Response,10,Moderate Discount Strategy,3.283157894736842,2.954842105263158,192.06473684210528
18108,562.96,177,29,9.440442936435781,25.10869565217391,Positive Response,10,Moderate Discount Strategy,4.6226666666666665,4.1604,736.3908
18109,1780.64,647,226,2.7126030882051744,24.42256197633238,Positive Response,10,Moderate Discount Strategy,3.512246696035242,3.161022026431718,2045.1812511013215
18110,1828.24,97,34,3.27180950695551,22.20408163265306,Positive Response,10,Moderate Discount Strategy,2.1965714285714286,1.9769142857142858,191.76068571428573
18111,385.95,232,26,7.9205326034046335,22.55731922398589,Positive Response,10,Moderate Discount Strategy,4.8351851851851855,4.3516666666666675,1009.5866666666668
18112,405.85,188,35,5.294147821575887,23.662900188323917,Positive Response,10,Moderate Discount Strategy,3.274166666666667,2.94675,553.989
18113,420.66999999999996,72,0,51.608872992368596,0.0,High Response,20,High Discount Strategy,1.06,0.8480000000000001,61.056000000000004
18115,76.32000000000001,3,2,5.215322425666225,7.142857142857145,Positive Response,10,Moderate Discount Strategy,3.233333333333334,2.9100000000000006,8.730000000000002
18116,714.4300000000001,430,192,2.1202211223766243,18.803355539106835,Positive Response,10,Moderate Discount Strategy,2.783886010362694,2.505497409326425,1077.3638860103626
18118,1058.1,530,283,2.3209411964354696,20.388390951771232,Positive Response,10,Moderate Discount Strategy,2.3415845070422536,2.1074260563380283,1116.935809859155
18119,1068.05,124,28,2.8473989374618194,22.495894909688015,Positive Response,10,Moderate Discount Strategy,2.863793103448276,2.5774137931034486,319.59931034482764
18123,180.7,34,21,2.705415046414729,21.49460708782743,Positive Response,10,Moderate Discount Strategy,3.7704545454545455,3.393409090909091,115.37590909090909
18124,92.75,47,19,2.7687958612607737,12.256410256410257,Positive Response,10,Moderate Discount Strategy,2.691,2.4219,113.8293
18127,199.15,63,20,7.085974229479299,16.38095238095238,Positive Response,10,Moderate Discount Strategy,3.8499999999999996,3.465,218.295
18128,396.77000000000004,216,41,5.587476631508706,16.98412698412698,Positive Response,10,Moderate Discount Strategy,2.498095238095238,2.248285714285714,485.6297142857143
18131,399.29,552,3,29.541900303783365,33.40909090909091,High Response,20,High Discount Strategy,1.0075,0.806,444.91200000000003
18132,222.95999999999998,212,61,2.525277037170148,19.46607341490545,Positive Response,10,Moderate Discount Strategy,2.0232258064516127,1.8209032258064515,386.0314838709677
18134,430.0,128,27,9.089038279272772,16.047619047619047,Positive Response,10,Moderate Discount Strategy,4.917857142857143,4.426071428571428,566.5371428571428
18135,491.39,404,16,13.622816356579818,10.267379679144383,High Response,20,High Discount Strategy,2.656470588235294,2.1251764705882352,858.5712941176471
18136,829.63,481,49,9.16777401495344,29.14909090909091,Positive Response,10,Moderate Discount Strategy,3.3004000000000002,2.9703600000000003,1428.7431600000002
18137,847.03,59,28,2.7534085362592378,20.081823495032147,Positive Response,10,Moderate Discount Strategy,3.51448275862069,3.163034482758621,186.61903448275865
18140,535.27,395,53,6.477157892058833,20.992592592592594,Positive Response,10,Moderate Discount Strategy,2.2735185185185185,2.0461666666666667,808.2358333333333
18141,872.52,433,41,10.004113534463391,27.207425343018567,Positive Response,10,Moderate Discount Strategy,2.971190476190476,2.674071428571428,1157.8729285714285
18144,2154.25,896,43,16.118022080497575,19.41176470588235,High Response,20,High Discount Strategy,3.8774999999999995,3.102,2779.392
18145,2732.29,2479,180,11.658294627475232,17.87845303867403,High Response,20,High Discount Strategy,1.9643646408839779,1.5714917127071824,3895.727955801105
18148,2748.19,63,9,6.492230692861701,18.571428571428573,Positive Response,10,Moderate Discount Strategy,2.711,2.4398999999999997,153.7137
18149,922.08,559,74,5.600569323582371,10.138067061143985,Positive Response,10,Moderate Discount Strategy,2.3882666666666665,2.14944,1201.53696
18151,1209.14,631,67,10.141932733148671,19.818445896877268,Positive Response,10,Moderate Discount Strategy,3.9280882352941178,3.535279411764706,2230.7613088235294
18152,1226.09,75,9,9.562376016675648,15.999999999999996,Positive Response,10,Moderate Discount Strategy,7.1579999999999995,6.4422,483.16499999999996
18153,426.69,200,16,12.267046661822722,14.117647058823529,High Response,20,High Discount Strategy,1.3964705882352941,1.1171764705882354,223.4352941176471
18154,509.81,371,25,11.755114030079978,3.6324786324786293,High Response,20,High Discount Strategy,1.7634615384615384,1.4107692307692308,523.3953846153846
18156,533.41,68,49,2.1234514194056135,20.98983050847458,Positive Response,10,Moderate Discount Strategy,2.8928000000000003,2.6035200000000005,177.03936000000004
18157,209.25,145,24,3.6207008655384527,24.32820512820513,Positive Response,10,Moderate Discount Strategy,3.6612,3.29508,477.7866
18160,349.92,225,25,8.72375723663185,18.95104895104895,Positive Response,10,Moderate Discount Strategy,2.8542307692307696,2.5688076923076926,577.9817307692308
18161,365.82,153,12,9.175664600532896,27.901684114701872,Positive Response,10,Moderate Discount Strategy,2.8153846153846156,2.533846153846154,387.6784615384616
18162,365.65999999999997,332,45,5.624156772482908,15.441795231416545,Positive Response,10,Moderate Discount Strategy,1.8706521739130435,1.6835869565217392,558.9508695652174
18163,710.99,452,32,10.690725478515946,22.034632034632033,Positive Response,10,Moderate Discount Strategy,3.770606060606061,3.393545454545455,1533.8825454545456
18166,728.84,90,9,8.994992035399921,17.105263157894733,Positive Response,10,Moderate Discount Strategy,2.38,2.142,192.78
18168,2528.2599999999998,1536,259,5.922120646899754,16.66525781910397,Positive Response,10,Moderate Discount Strategy,2.7872692307692306,2.5085423076923075,3853.1209846153843
18170,2538.7599999999998,775,87,10.210609763931767,17.715716486902927,Positive Response,10,Moderate Discount Strategy,4.717045454545455,4.24534090909091,3290.139204545455
18171,1897.69,510,37,12.949125968237873,27.627765064836005,High Response,20,High Discount Strategy,6.316578947368421,5.053263157894737,2577.164210526316
18172,9875.56,4223,285,14.259481325688524,18.068598068598067,High Response,20,High Discount Strategy,4.257727272727273,3.4061818181818184,14384.30581818182
18173,9905.56,510,13,18.639757079575258,15.86206896551724,High Response,20,High Discount Strategy,2.902142857142857,2.3217142857142856,1184.0742857142857
18174,589.52,30,0,8.522998857968128,0.0,Positive Response,10,Moderate Discount Strategy,1.95,1.755,52.65
18175,162.60000000000002,70,6,14.261304355824352,24.697336561743345,High Response,20,High Discount Strategy,4.45,3.5600000000000005,249.20000000000005
18177,859.85,529,25,16.61837702666221,13.550295857988168,High Response,20,High Discount Strategy,1.9280769230769232,1.5424615384615388,815.962153846154
18178,4467.93,2867,252,9.790875806988165,21.32765784939698,Positive Response,10,Moderate Discount Strategy,2.65498023715415,2.3894822134387352,6850.645505928854
18179,4512.93,451,18,9.039590087989392,12.442645074224023,Positive Response,10,Moderate Discount Strategy,2.7205263157894737,2.4484736842105264,1104.2616315789473
18181,814.99,377,136,2.6545144882132825,21.77267987486966,Positive Response,10,Moderate Discount Strategy,2.9426277372262772,2.6483649635036497,998.4335912408759
18182,821.49,167,9,10.864714584547086,23.973333333333336,High Response,20,High Discount Strategy,2.298,1.8384,307.0128
18186,291.13,338,10,25.559952132306975,19.854545454545452,High Response,20,High Discount Strategy,2.1836363636363636,1.746909090909091,590.4552727272727
18187,714.39,310,47,8.927273513124694,21.40547263681592,Positive Response,10,Moderate Discount Strategy,4.726041666666666,4.2534374999999995,1318.565625
18188,1256.15,720,61,10.148301783569353,23.573687539531942,Positive Response,10,Moderate Discount Strategy,2.456935483870968,2.211241935483871,1592.0941935483872
18189,1279.55,270,17,10.041358650338736,23.71647509578544,Positive Response,10,Moderate Discount Strategy,1.8694444444444445,1.6825,454.27500000000003
18190,422.16,350,26,9.567366913368673,30.46015712682379,Positive Response,10,Moderate Discount Strategy,2.2762962962962963,2.0486666666666666,717.0333333333333
18191,461.16,192,7,17.250039443231145,13.636363636363637,High Response,20,High Discount Strategy,2.0625,1.6500000000000001,316.8
18193,945.89,802,53,10.745769165294883,27.89272030651341,High Response,20,High Discount Strategy,2.542777777777778,2.034222222222222,1631.446222222222
18194,2625.7000000000003,1142,20,38.11922436668177,11.615312791783378,High Response,20,High Discount Strategy,3.9180952380952383,3.1344761904761906,3579.57180952381
18195,3188.2,60,4,10.18418228980865,17.025641025641026,Positive Response,10,Moderate Discount Strategy,2.418,2.1762,130.572
18196,745.06,607,137,3.5788923982032643,20.8300395256917,Positive Response,10,Moderate Discount Strategy,2.044057971014493,1.8396521739130436,1116.6688695652174
18197,770.56,166,8,10.238641956229685,20.875420875420875,Positive Response,10,Moderate Discount Strategy,1.9166666666666667,1.725,286.35
18199,329.45000000000005,99,19,8.88856474480999,14.776119402985074,Positive Response,10,Moderate Discount Strategy,5.035,4.5315,448.61850000000004
18201,431.93,191,26,8.970341734495033,21.544256120527308,Positive Response,10,Moderate Discount Strategy,4.629259259259259,4.166333333333333,795.7696666666667
18203,447.53000000000003,68,39,3.874153534169406,26.281081081081076,Positive Response,10,Moderate Discount Strategy,5.452,4.9068000000000005,333.66240000000005
18206,332.1,246,18,11.320215041941665,8.842105263157896,High Response,20,High Discount Strategy,1.4352631578947368,1.1482105263157896,282.4597894736842
18207,514.47,325,30,10.418986881809536,15.575491506012598,Positive Response,10,Moderate Discount Strategy,2.9419354838709677,2.647741935483871,860.5161290322582
18208,544.47,82,16,11.343923926140516,23.086505190311417,High Response,20,High Discount Strategy,8.346470588235293,6.677176470588235,547.5284705882353
18210,360.08,101,9,8.679185409716085,15.862068965517238,Positive Response,10,Moderate Discount Strategy,2.535,2.2815000000000003,230.43150000000003
18212,278.5,66,11,10.395253069295627,18.35016835016835,Positive Response,10,Moderate Discount Strategy,5.295833333333333,4.76625,314.57250000000005
18214,1698.98,989,57,15.033552715654164,15.476673427991884,High Response,20,High Discount Strategy,3.1232758620689656,2.498620689655173,2471.1358620689657
18215,1909.75,1013,75,11.183831065611487,18.81578947368421,High Response,20,High Discount Strategy,2.9532894736842104,2.362631578947368,2393.345789473684
18217,1933.15,249,8,18.208368493995074,15.402298850574713,High Response,20,High Discount Strategy,2.0044444444444443,1.6035555555555554,399.2853333333333
18218,446.91999999999996,492,17,11.515924610779628,26.835016835016837,High Response,20,High Discount Strategy,1.6738888888888888,1.3391111111111111,658.8426666666667
18219,1475.27,768,88,9.94600925924756,26.992729676140115,Positive Response,10,Moderate Discount Strategy,3.5246067415730336,3.1721460674157305,2436.2081797752808
18220,1540.16,1064,22,28.4552874800124,28.48931466470155,High Response,20,High Discount Strategy,3.680869565217391,2.944695652173913,3133.1561739130434
18221,1616.48,209,19,9.663546327739006,10.414201183431953,Positive Response,10,Moderate Discount Strategy,2.9485,2.6536500000000003,554.6128500000001
18223,7448.71,3696,303,10.766835292060414,13.93170426065163,High Response,20,High Discount Strategy,3.4155592105263155,2.7324473684210524,10099.12547368421
18225,7524.84,4056,304,12.358626620488446,18.989491382934006,High Response,20,High Discount Strategy,2.8844590163934427,2.3075672131147544,9359.492616393443
18226,7539.84,4417,285,10.404164448659108,19.3536766264039,Positive Response,10,Moderate Discount Strategy,3.369020979020979,3.032118881118881,13392.869097902098
18227,6650.83,1,0,11.071335062287904,0.0,High Response,20,High Discount Strategy,295.0,236.0,236.0
18229,3303.61,695,46,32.54618547499449,7.760237931823383,High Response,20,High Discount Strategy,6.148723404255319,4.918978723404256,3418.6902127659578
18230,3526.81,680,53,10.88333991226276,15.925925925925927,High Response,20,High Discount Strategy,2.3581481481481483,1.8865185185185187,1282.8325925925926
18231,4759.0,2096,259,9.050571947891736,18.47196870925685,Positive Response,10,Moderate Discount Strategy,4.226038461538462,3.8034346153846155,7971.998953846154
18234,4782.400000000001,80,29,5.801537428203622,20.512820512820515,Positive Response,10,Moderate Discount Strategy,2.3583333333333334,2.1225,169.8
18236,886.07,293,48,9.256333957560903,19.085714285714285,Positive Response,10,Moderate Discount Strategy,4.751428571428571,4.276285714285714,1252.9517142857142
18238,913.11,114,13,8.939809258689317,12.108843537414968,Positive Response,10,Moderate Discount Strategy,2.8957142857142855,2.606142857142857,297.1002857142857
18239,571.75,257,36,9.143053077369782,24.09528172240037,Positive Response,10,Moderate Discount Strategy,3.7729729729729726,3.3956756756756756,872.6886486486486
18241,883.9,420,54,9.633651771174968,14.97835497835498,Positive Response,10,Moderate Discount Strategy,3.1063636363636364,2.795727272727273,1174.2054545454546
18242,1357.1200000000001,1004,61,11.114249008955364,13.548387096774194,High Response,20,High Discount Strategy,1.8133870967741936,1.450709677419355,1456.5125161290325
18243,1372.72,221,25,9.221461840323254,13.095916429249762,Positive Response,10,Moderate Discount Strategy,3.1588461538461536,2.8429615384615383,628.2945
18244,529.04,856,18,33.809707405467655,18.778947368421054,High Response,20,High Discount Strategy,1.4942105263157894,1.1953684210526316,1023.2353684210527
18245,3740.52,3310,282,9.425077865342624,27.041696113074206,Positive Response,10,Moderate Discount Strategy,2.1438869257950532,1.929498233215548,6386.639151943464
18246,3757.92,48,0,10.455898676268722,0.0,Positive Response,10,Moderate Discount Strategy,3.39,3.051,146.448
18247,814.53,335,36,9.880481095560594,14.92921492921493,Positive Response,10,Moderate Discount Strategy,4.495675675675676,4.0461081081081085,1355.4462162162163
18251,21808.62,31815,91,225.86061976776767,20.346467391304348,High Response,20,High Discount Strategy,1.0592391304347826,0.8473913043478261,26959.754347826085
18252,21964.14,698,39,12.139006129450973,16.595238095238095,High Response,20,High Discount Strategy,3.9189999999999996,3.1351999999999998,2188.3696
18253,1015.42,128,6,20.357738629310905,28.975468975468974,High Response,20,High Discount Strategy,4.604285714285715,3.683428571428572,471.47885714285724
18254,317.88,188,15,11.01090105493266,3.0,High Response,20,High Discount Strategy,1.546875,1.2375,232.65
18255,267.9,127,12,9.460708782607918,15.804195804195803,Positive Response,10,Moderate Discount Strategy,1.9507692307692308,1.7556923076923077,222.97292307692308
18256,199.85,180,9,16.577206307937704,21.46666666666667,High Response,20,High Discount Strategy,0.8240000000000001,0.6592000000000001,118.65600000000002
18257,2254.72,1328,157,9.815221715352841,16.367472190257,Positive Response,10,Moderate Discount Strategy,2.714873417721519,2.443386075949367,3244.8167088607593
18258,2262.52,1981,49,26.31914254348036,15.6,High Response,20,High Discount Strategy,2.9537999999999998,2.36304,4681.182239999999
18259,2059.67,676,49,16.400067582989823,26.48,High Response,20,High Discount Strategy,3.077,2.4616000000000002,1664.0416000000002
18260,7308.71,3769,276,14.123377751134253,22.23310985043837,High Response,20,High Discount Strategy,5.3946931407942245,4.31575451263538,16266.078758122745
18262,7318.91,370,28,11.374584109605772,21.776384535005224,High Response,20,High Discount Strategy,1.7810344827586206,1.4248275862068966,527.1862068965518
18264,586.25,241,35,8.843792994378953,20.668549905838045,Positive Response,10,Moderate Discount Strategy,4.597222222222222,4.1375,997.1375
18266,603.25,138,13,9.734844085869637,17.582417582417584,Positive Response,10,Moderate Discount Strategy,2.0785714285714283,1.8707142857142856,258.1585714285714
18267,259.47,135,16,8.746972399682294,15.776772247360483,Positive Response,10,Moderate Discount Strategy,2.9864705882352944,2.687823529411765,362.85617647058825
18268,1447.03,709,65,10.751385971449208,16.875901875901878,High Response,20,High Discount Strategy,3.0954545454545457,2.4763636363636365,1755.7418181818184
18269,1464.73,76,6,10.870527487101764,17.91044776119403,High Response,20,High Discount Strategy,3.164285714285714,2.5314285714285716,192.38857142857145
18270,168.60000000000002,108,5,14.61147343215059,5.333333333333333,High Response,20,High Discount Strategy,1.6833333333333333,1.3466666666666667,145.44
18271,645.45,319,20,11.379053898124955,15.351089588377725,High Response,20,High Discount Strategy,2.954285714285714,2.3634285714285714,753.9337142857142
18272,1292.1000000000001,830,59,11.192244116984503,22.142857142857146,High Response,20,High Discount Strategy,2.580833333333333,2.0646666666666667,1713.6733333333334
18273,1307.4,60,0,9.964548372868599,0.0,Positive Response,10,Moderate Discount Strategy,2.55,2.295,137.7
18275,682.45,417,18,16.471111833401523,18.24561403508772,High Response,20,High Discount Strategy,2.488947368421053,1.9911578947368422,830.3128421052633
18276,1290.66,1060,79,9.52629182418968,23.155172413793103,Positive Response,10,Moderate Discount Strategy,2.287125,2.0584125,2181.9172500000004
18277,1320.66,381,55,9.279890755757837,19.376513317191286,Positive Response,10,Moderate Discount Strategy,5.311964285714287,4.780767857142858,1821.472553571429
18278,1069.67,74,14,8.608841431026887,15.466666666666665,Positive Response,10,Moderate Discount Strategy,4.363333333333333,3.927,290.598
18279,240.3,630,12,39.23206618763297,10.683760683760685,High Response,20,High Discount Strategy,0.5476923076923077,0.43815384615384617,276.0369230769231
18280,297.35,149,19,8.94980032443403,28.64406779661017,Positive Response,10,Moderate Discount Strategy,3.55,3.195,476.05499999999995
18281,307.55,92,9,9.161150253014393,26.82758620689655,Positive Response,10,Moderate Discount Strategy,1.9009999999999998,1.7108999999999999,157.40279999999998
18283,613.42,322,216,1.759262987900227,16.02290182935344,Positive Response,10,Moderate Discount Strategy,2.1994009216589863,1.9794608294930878,637.3863870967742
18284,619.37,494,27,11.907893540386501,22.653061224489797,High Response,20,High Discount Strategy,3.253214285714286,2.6025714285714288,1285.670285714286
18285,461.68,145,11,10.032618950383245,31.333333333333332,Positive Response,10,Moderate Discount Strategy,8.35,7.515,1089.675
18286,1281.45,608,66,10.231359722767644,17.964026023727516,Positive Response,10,Moderate Discount Strategy,4.273134328358209,3.845820895522388,2338.259104477612
18287,2295.71,1427,84,11.08216733073234,14.566844919786098,High Response,20,High Discount Strategy,2.8445882352941174,2.275670588235294,3247.3819294117648
