CustomerID,PreviousSpend,PreviousQuantity,PreviousTransactions,AverageUnitPrice,RecencyDays,IndividualTreatmentEffect,CustomerResponse,RecommendedDiscount,PricingStrategy,CurrentAveragePrice,RecommendedPrice,EstimatedPriceReduction
13085,2017.2,728,6,3.4040322580645164,315,-4.332576034480041,No Response,0.0,Regular Price,3.4040322580645164,3.4040322580645164,0.0
13078,16904.510000000002,6553,32,3.8369525959367934,2,-18.109171427335177,No Response,0.0,Regular Price,3.8369525959367934,3.8369525959367934,0.0
15362,613.08,368,2,3.612,84,-11.167468689003638,No Response,0.0,Regular Price,3.612,3.612,0.0
18102,349164.35,124216,89,3.4919298245614034,1,-319.84657127090213,No Response,0.0,Regular Price,3.4919298245614034,3.4919298245614034,0.0
12682,11745.69,5443,23,3.4336575875486384,1,-13.21644871239703,No Response,0.0,Regular Price,3.4336575875486384,3.4336575875486384,0.0
18087,10705.8,3868,15,3.1239534883720927,15,-15.760838445766916,No Response,0.0,Regular Price,3.1239534883720927,3.1239534883720927,0.0
13635,1928.13,1207,3,2.2248,78,-5.0082890824300765,No Response,0.0,Regular Price,2.2248,2.2248,0.0
14110,7304.8,3380,21,2.93516393442623,71,-6.435552280053067,No Response,0.0,Regular Price,2.93516393442623,2.93516393442623,0.0
12636,141.0,1,1,141.0,374,-647.3694323557015,No Response,0.0,Regular Price,141.0,141.0,0.0
17519,3265.45,2178,10,3.8135,4,-12.056487601741177,No Response,0.0,Regular Price,3.8135,3.8135,0.0
13758,6226.43,3224,10,3.4132812500000003,2,-13.134507693047976,No Response,0.0,Regular Price,3.4132812500000003,3.4132812500000003,0.0
12362,130.0,1,1,130.0,374,-595.836217738989,No Response,0.0,Regular Price,130.0,130.0,0.0
15413,6798.72,2694,5,3.4688,327,-8.849355175954642,No Response,0.0,Regular Price,3.4688,3.4688,0.0
16321,230.9,124,2,2.1,262,0.6886867974309867,High Response,0.15,High Discount,2.1,1.785,0.31500000000000017
16167,1386.12,1494,5,4.181428571428572,50,-12.678985763961974,No Response,0.0,Regular Price,4.181428571428572,4.181428571428572,0.0
17865,15785.87,7193,26,3.2670625,11,-14.371519544770289,No Response,0.0,Regular Price,3.2670625,3.2670625,0.0
17592,148.3,38,1,3.965384615384615,374,-5.553070510368645,No Response,0.0,Regular Price,3.965384615384615,3.965384615384615,0.0
13767,18320.17,7913,39,3.7167213114754096,5,-14.533344229982731,No Response,0.0,Regular Price,3.7167213114754096,3.7167213114754096,0.0
17238,3982.66,1874,17,2.896195652173913,7,-6.817931150186155,No Response,0.0,Regular Price,2.896195652173913,2.896195652173913,0.0
15712,2400.05,791,7,4.016371681415929,15,-15.111141787511382,No Response,0.0,Regular Price,4.016371681415929,4.016371681415929,0.0
15311,55942.74,32784,121,2.880848871442591,1,5.9791177926416506,High Response,0.15,High Discount,2.880848871442591,2.448721540726202,0.43212733071638887
16329,1664.92,797,4,2.268653846153846,63,-5.581959518517051,No Response,0.0,Regular Price,2.268653846153846,2.268653846153846,0.0
17700,4145.33,2203,10,3.760275229357798,17,-12.887723681712874,No Response,0.0,Regular Price,3.760275229357798,3.760275229357798,0.0
14911,152121.22,69709,205,5.668200431034483,1,-63.74955722380383,No Response,0.0,Regular Price,5.668200431034483,5.668200431034483,0.0
15998,5193.92,3318,11,2.580673181324648,29,-6.2539956343444585,No Response,0.0,Regular Price,2.580673181324648,2.580673181324648,0.0
12931,50291.38,34902,42,2.13,16,-6.498496302796129,No Response,0.0,Regular Price,2.13,2.13,0.0
12533,1367.89,704,2,3.3030555555555554,263,-5.686683518399555,No Response,0.0,Regular Price,3.3030555555555554,3.3030555555555554,0.0
17984,999.51,841,4,2.279226804123712,28,-5.344312247972815,No Response,0.0,Regular Price,2.279226804123712,2.279226804123712,0.0
14871,726.89,267,5,3.606237623762377,129,-9.224274289199744,No Response,0.0,Regular Price,3.606237623762377,3.606237623762377,0.0
13394,4101.68,2962,11,2.460905511811024,15,-4.927967258447693,No Response,0.0,Regular Price,2.460905511811024,2.460905511811024,0.0
16011,2486.0,1413,14,2.92493670886076,2,-6.6204166801908135,No Response,0.0,Regular Price,2.92493670886076,2.92493670886076,0.0
16393,2441.61,1514,11,1.941744186046512,5,-2.803968115164114,No Response,0.0,Regular Price,1.941744186046512,1.941744186046512,0.0
14040,8963.49,3428,23,3.763804347826087,22,-13.498906267541877,No Response,0.0,Regular Price,3.763804347826087,3.763804347826087,0.0
12913,4217.2300000000005,1813,9,3.285,4,-12.255179231780971,No Response,0.0,Regular Price,3.285,3.285,0.0
15061,83284.38,51791,86,2.2349657534246576,3,-12.813344598117322,No Response,0.0,Regular Price,2.2349657534246576,2.2349657534246576,0.0
14341,2285.04,1416,10,2.5005109489051094,56,-4.407425150833426,No Response,0.0,Regular Price,2.5005109489051094,2.5005109489051094,0.0
17804,383.78,194,3,2.7221978021978024,12,-8.443608225372593,No Response,0.0,Regular Price,2.7221978021978024,2.7221978021978024,0.0
14156,196549.74,108105,102,7.059285714285714,7,-108.51508283186038,No Response,0.0,Regular Price,7.059285714285714,7.059285714285714,0.0
13599,5013.96,3200,14,2.237423312883436,2,-4.139665702661155,No Response,0.0,Regular Price,2.237423312883436,2.237423312883436,0.0
17063,2177.39,1129,6,2.447322834645669,43,-6.388263430085905,No Response,0.0,Regular Price,2.447322834645669,2.447322834645669,0.0
15719,5165.9,2638,18,2.6695470798569727,17,-5.60533991890717,No Response,0.0,Regular Price,2.6695470798569727,2.6695470798569727,0.0
12490,4405.71,2842,11,3.048341013824885,14,-8.444688959443493,No Response,0.0,Regular Price,3.048341013824885,3.048341013824885,0.0
15793,1433.96,1132,5,2.2150000000000003,14,-5.185965047040957,No Response,0.0,Regular Price,2.2150000000000003,2.2150000000000003,0.0
17056,128.60000000000002,26,1,4.125,374,-6.291075310772834,No Response,0.0,Regular Price,4.125,4.125,0.0
13526,1182.0,1911,2,1.0329545454545457,374,10.47637633243165,High Response,0.15,High Discount,1.0329545454545457,0.8780113636363638,0.1549431818181819
14654,246.86,273,1,1.3277777777777775,374,7.091778964578929,High Response,0.15,High Discount,1.3277777777777775,1.1286111111111108,0.19916666666666671
17998,639.24,561,3,3.822241379310345,16,-13.204045857342887,No Response,0.0,Regular Price,3.822241379310345,3.822241379310345,0.0
17742,1743.37,564,9,7.501571428571428,64,-28.752890786869344,No Response,0.0,Regular Price,7.501571428571428,7.501571428571428,0.0
15326,1388.81,965,4,2.9225,245,-3.1412288126423755,No Response,0.0,Regular Price,2.9225,2.9225,0.0
14478,1276.66,1226,4,2.210147058823529,18,-4.993493175731299,No Response,0.0,Regular Price,2.210147058823529,2.210147058823529,0.0
15967,2568.32,978,10,3.14275,15,-9.80077203273845,No Response,0.0,Regular Price,3.14275,3.14275,0.0
17611,4376.41,2791,13,2.7955229357798164,57,-5.439378235216316,No Response,0.0,Regular Price,2.7955229357798164,2.7955229357798164,0.0
15051,2543.55,2042,6,2.603061224489796,15,-6.678947802502592,No Response,0.0,Regular Price,2.603061224489796,2.603061224489796,0.0
13097,7320.88,2985,18,4.298833619210978,24,-15.970211033033069,No Response,0.0,Regular Price,4.298833619210978,4.298833619210978,0.0
13590,4354.12,3423,12,2.4600313479623823,11,-4.173555034752663,No Response,0.0,Regular Price,2.4600313479623823,2.4600313479623823,0.0
15984,5735.09,3971,21,2.547360178970917,4,-2.591803683195165,No Response,0.0,Regular Price,2.547360178970917,2.547360178970917,0.0
16887,465.84,267,2,2.765230769230769,36,-8.396726606391995,No Response,0.0,Regular Price,2.765230769230769,2.765230769230769,0.0
12921,19333.95,12182,39,2.249619164619165,2,-1.1331615563978588,No Response,0.0,Regular Price,2.249619164619165,2.249619164619165,0.0
14543,10988.14,1964,23,7.40177304964539,16,-36.90997505901797,No Response,0.0,Regular Price,7.40177304964539,7.40177304964539,0.0
15945,646.27,345,4,3.757857142857144,1,-13.344047591107504,No Response,0.0,Regular Price,3.757857142857144,3.757857142857144,0.0
18037,97.4,17,9,6.082142857142856,57,-20.60755268707917,No Response,0.0,Regular Price,6.082142857142856,6.082142857142856,0.0
15662,283.73,145,2,3.783333333333333,297,-6.334881281182226,No Response,0.0,Regular Price,3.783333333333333,3.783333333333333,0.0
15380,1788.8,656,7,2.7505882352941176,1,-8.79001095324227,No Response,0.0,Regular Price,2.7505882352941176,2.7505882352941176,0.0
13110,1468.8000000000002,375,5,4.916728971962617,73,-17.83890120272085,No Response,0.0,Regular Price,4.916728971962617,4.916728971962617,0.0
12836,3949.37,1169,11,4.7457805907173,25,-18.600007269818484,No Response,0.0,Regular Price,4.7457805907173,4.7457805907173,0.0
15005,7681.71,4554,29,2.5560552570990023,2,-1.765297685188724,No Response,0.0,Regular Price,2.5560552570990023,2.5560552570990023,0.0
16620,1579.97,1058,4,2.211411764705882,25,-5.649849444818474,No Response,0.0,Regular Price,2.211411764705882,2.211411764705882,0.0
12758,7111.650000000001,4020,5,2.5043981481481485,95,-8.28932352728699,No Response,0.0,Regular Price,2.5043981481481485,2.5043981481481485,0.0
17961,1697.85,976,62,2.654658536585366,8,13.440549358111015,High Response,0.15,High Discount,2.654658536585366,2.256459756097561,0.3981987804878049
15601,8183.56,6078,17,2.30948051948052,8,-2.873445697834205,No Response,0.0,Regular Price,2.30948051948052,2.30948051948052,0.0
13585,684.54,1386,3,1.5061538461538462,166,3.0574571153539982,High Response,0.15,High Discount,1.5061538461538462,1.2802307692307693,0.2259230769230769
13442,419.87,115,3,7.01,303,-21.196892064577163,No Response,0.0,Regular Price,7.01,7.01,0.0
13381,4585.06,3096,6,2.888532608695652,15,-9.368878209225947,No Response,0.0,Regular Price,2.888532608695652,2.888532608695652,0.0
16763,352.85,173,1,3.092857142857143,374,-1.5453172973450742,No Response,0.0,Regular Price,3.092857142857143,3.092857142857143,0.0
17243,11920.43,4704,44,4.256542324246772,5,-10.741858079445114,No Response,0.0,Regular Price,4.256542324246772,4.256542324246772,0.0
14865,77.52000000000001,192,3,0.44,8,2.6470309128008624,High Response,0.15,High Discount,0.44,0.374,0.066
17345,1066.94,1667,6,1.839920634920635,11,-1.4772858192104763,No Response,0.0,Regular Price,1.839920634920635,1.839920634920635,0.0
13819,1502.0,1200,3,2.1486153846153844,305,1.9272729890487224,High Response,0.15,High Discount,2.1486153846153844,1.8263230769230767,0.32229230769230766
15808,14482.03,5775,18,3.298465189873418,5,-18.28676999247236,No Response,0.0,Regular Price,3.298465189873418,3.298465189873418,0.0
17191,2726.77,1362,11,3.037177177177177,4,-8.730478213421605,No Response,0.0,Regular Price,3.037177177177177,3.037177177177177,0.0
13748,1320.1,669,5,2.402258064516129,9,-6.902578261354089,No Response,0.0,Regular Price,2.402258064516129,2.402258064516129,0.0
15265,1839.52,958,2,2.898018018018018,240,-4.677998246655111,No Response,0.0,Regular Price,2.898018018018018,2.898018018018018,0.0
15750,4330.461,2806,12,2.915901685393258,2,-7.701343633097612,No Response,0.0,Regular Price,2.915901685393258,2.915901685393258,0.0
17428,14562.91,8030,18,3.2404738154613466,4,-13.79353570737617,No Response,0.0,Regular Price,3.2404738154613466,3.2404738154613466,0.0
15485,3186.01,1263,5,4.430405405405406,9,-18.35514776666341,No Response,0.0,Regular Price,4.430405405405406,4.430405405405406,0.0
17246,38.92,36,2,3.735,182,-8.892555811235203,No Response,0.0,Regular Price,3.735,3.735,0.0
14061,917.43,133,3,8.654736842105264,143,-33.83966736079346,No Response,0.0,Regular Price,8.654736842105264,8.654736842105264,0.0
14108,447.05,279,2,2.288888888888889,367,2.466124112287045,High Response,0.15,High Discount,2.288888888888889,1.9455555555555557,0.3433333333333335
13648,1764.02,960,8,2.903962264150944,36,-7.59057220354693,No Response,0.0,Regular Price,2.903962264150944,2.903962264150944,0.0
16563,3334.82,2098,5,2.368,36,-6.62208961562649,No Response,0.0,Regular Price,2.368,2.368,0.0
16701,4518.43,4653,13,2.040229007633588,59,1.5315722877780846,High Response,0.15,High Discount,2.040229007633588,1.7341946564885498,0.3060343511450383
12842,799.0,340,2,2.4714285714285715,40,-7.330353669036834,No Response,0.0,Regular Price,2.4714285714285715,2.4714285714285715,0.0
14302,742.9000000000001,298,3,2.907142857142857,66,-8.306612970359142,No Response,0.0,Regular Price,2.907142857142857,2.907142857142857,0.0
14135,4953.61,5505,11,1.760655737704918,3,1.563076834236167,High Response,0.15,High Discount,1.760655737704918,1.4965573770491802,0.26409836065573766
14831,1676.57,885,3,3.1787804878048784,316,-3.5151297731035127,No Response,0.0,Regular Price,3.1787804878048784,3.1787804878048784,0.0
15602,1932.64,1212,8,2.6351219512195123,4,-6.951989982264049,No Response,0.0,Regular Price,2.6351219512195123,2.6351219512195123,0.0
13777,30501.26,13845,37,2.2416494845360826,2,-17.22707166768204,No Response,0.0,Regular Price,2.2416494845360826,2.2416494845360826,0.0
14000,1410.68,1128,4,2.096176470588236,50,-4.044251513144886,No Response,0.0,Regular Price,2.096176470588236,2.096176470588236,0.0
16823,1884.71,1030,6,2.650148148148148,23,-7.56116631068981,No Response,0.0,Regular Price,2.650148148148148,2.650148148148148,0.0
16163,1992.98,576,5,5.217910447761194,1,-21.59788396984837,No Response,0.0,Regular Price,5.217910447761194,5.217910447761194,0.0
17193,610.74,414,2,3.356666666666667,22,-11.485054016771892,No Response,0.0,Regular Price,3.356666666666667,3.356666666666667,0.0
15759,577.8900000000001,463,4,4.407,147,-12.257449415666608,No Response,0.0,Regular Price,4.407,4.407,0.0
16131,6450.88,2966,6,2.9397163120567376,11,-13.073498386578327,No Response,0.0,Regular Price,2.9397163120567376,2.9397163120567376,0.0
14560,3876.26,3320,22,4.023253968253968,15,-7.008114316095048,No Response,0.0,Regular Price,4.023253968253968,4.023253968253968,0.0
17087,221.53,113,1,3.203333333333333,373,-1.9864216954286575,No Response,0.0,Regular Price,3.203333333333333,3.203333333333333,0.0
14894,837.0600000000001,338,2,3.037391304347826,79,-9.03751824382009,No Response,0.0,Regular Price,3.037391304347826,3.037391304347826,0.0
16202,2136.72,1116,8,4.129811320754717,53,-13.20868562270828,No Response,0.0,Regular Price,4.129811320754717,4.129811320754717,0.0
16700,4091.16,2858,13,2.286787330316742,2,-3.876676880326253,No Response,0.0,Regular Price,2.286787330316742,2.286787330316742,0.0
17511,84541.17,55107,31,2.5022468354430383,3,-30.54124835475188,No Response,0.0,Regular Price,2.5022468354430383,2.5022468354430383,0.0
14299,10533.87,6079,19,2.87994923857868,1,-8.883002063843964,No Response,0.0,Regular Price,2.87994923857868,2.87994923857868,0.0
17949,60117.6,30112,74,105.99011494252876,7,-506.689374672029,No Response,0.0,Regular Price,105.99011494252876,105.99011494252876,0.0
14799,180.45,349,1,3.415,373,-2.4506127884560107,No Response,0.0,Regular Price,3.415,3.415,0.0
16550,7069.27,4122,14,2.700253623188406,4,-7.887888964460242,No Response,0.0,Regular Price,2.700253623188406,2.700253623188406,0.0
12980,8870.880000000001,1024,12,14.5846875,22,-72.85784295135822,No Response,0.0,Regular Price,14.5846875,14.5846875,0.0
14425,661.39,325,3,3.286666666666666,70,-9.792059099238122,No Response,0.0,Regular Price,3.286666666666666,3.286666666666666,0.0
15353,2336.0,1181,6,2.9466881028938907,3,-9.926627418106593,No Response,0.0,Regular Price,2.9466881028938907,2.9466881028938907,0.0
17818,124.78,86,1,1.93,373,4.085539814435493,High Response,0.15,High Discount,1.93,1.6404999999999998,0.2895000000000001
13654,3600.67,2580,5,2.0530674846625767,16,-5.171702297740488,No Response,0.0,Regular Price,2.0530674846625767,2.0530674846625767,0.0
17189,569.88,375,3,2.312,196,-1.7127692594881525,No Response,0.0,Regular Price,2.312,2.312,0.0
13269,3545.47,3050,14,2.4434972677595628,5,-2.8718744357556947,No Response,0.0,Regular Price,2.4434972677595628,2.4434972677595628,0.0
14653,1666.41,1024,5,4.126554054054054,149,-11.236919143942067,No Response,0.0,Regular Price,4.126554054054054,4.126554054054054,0.0
17019,2703.03,1799,8,1.997413793103448,4,-4.108269379756362,No Response,0.0,Regular Price,1.997413793103448,1.997413793103448,0.0
15542,855.71,418,3,2.700044247787611,148,-5.166557760139,No Response,0.0,Regular Price,2.700044247787611,2.700044247787611,0.0
13564,15310.35,8497,35,3.044857635893011,4,-6.777895339231634,No Response,0.0,Regular Price,3.044857635893011,3.044857635893011,0.0
16467,2869.16,7384,7,1.2175,144,13.370434262209407,High Response,0.15,High Discount,1.2175,1.034875,0.18262500000000004
15833,80.4,24,1,3.87,373,-5.046361464093828,No Response,0.0,Regular Price,3.87,3.87,0.0
14527,19257.08,4667,69,5.095820289855073,1,-17.604830580448976,No Response,0.0,Regular Price,5.095820289855073,5.095820289855073,0.0
17476,489.86,224,2,5.893225806451613,31,-23.29881736505677,No Response,0.0,Regular Price,5.893225806451613,5.893225806451613,0.0
15287,369.34,577,3,1.84625,15,-3.495281080959189,No Response,0.0,Regular Price,1.84625,1.84625,0.0
14440,4281.05,1167,9,4.313604651162791,1,-18.51180458393993,No Response,0.0,Regular Price,4.313604651162791,4.313604651162791,0.0
15680,3173.9,2122,8,3.080851063829788,2,-9.390820109255548,No Response,0.0,Regular Price,3.080851063829788,3.080851063829788,0.0
15581,4076.97,2849,26,2.471431127012522,2,0.1873825801828097,High Response,0.15,High Discount,2.471431127012522,2.100716457960644,0.37071466905187833
13740,1232.02,562,4,3.93169014084507,51,-13.416651710070989,No Response,0.0,Regular Price,3.93169014084507,3.93169014084507,0.0
17768,1210.83,1217,4,2.240595238095238,23,-4.914330435864925,No Response,0.0,Regular Price,2.240595238095238,2.240595238095238,0.0
12948,252.48,224,2,1.6422222222222222,366,5.685946729092618,High Response,0.15,High Discount,1.6422222222222222,1.395888888888889,0.2463333333333333
14667,12418.01,7386,31,3.269238709677419,1,-6.76130007067106,No Response,0.0,Regular Price,3.269238709677419,3.269238709677419,0.0
17377,14174.25,5486,60,2.9631943410275503,1,-0.9652702988042776,No Response,0.0,Regular Price,2.9631943410275503,2.9631943410275503,0.0
14467,1606.98,911,8,2.223785046728972,25,-4.523818984279631,No Response,0.0,Regular Price,2.223785046728972,2.223785046728972,0.0
13457,148.22,96,2,1.5599999999999998,324,4.907586390637236,High Response,0.15,High Discount,1.5599999999999998,1.3259999999999998,0.23399999999999999
18108,577.8100000000001,177,2,4.6226666666666665,232,-12.377789257223364,No Response,0.0,Regular Price,4.6226666666666665,4.6226666666666665,0.0
16210,17403.21,6704,19,4.137025316455696,4,-24.922691718695884,No Response,0.0,Regular Price,4.137025316455696,4.137025316455696,0.0
14669,1957.54,1273,4,2.617194570135746,269,-1.4384972978618755,No Response,0.0,Regular Price,2.617194570135746,2.617194570135746,0.0
17909,110.05,35,1,5.5375,373,-12.8835725214709,No Response,0.0,Regular Price,5.5375,5.5375,0.0
16086,1743.6,1015,6,3.088163265306122,3,-9.924788904993928,No Response,0.0,Regular Price,3.088163265306122,3.088163265306122,0.0
16711,1217.45,379,4,4.320909090909091,15,-16.50368719652879,No Response,0.0,Regular Price,4.320909090909091,4.320909090909091,0.0
14739,8385.22,6352,19,2.6341326530612243,3,-3.5695867612867715,No Response,0.0,Regular Price,2.6341326530612243,2.6341326530612243,0.0
16233,1429.03,515,7,4.544528301886793,2,-16.840033533673896,No Response,0.0,Regular Price,4.544528301886793,4.544528301886793,0.0
14204,874.22,397,3,2.76232044198895,58,-7.862090828909988,No Response,0.0,Regular Price,2.76232044198895,2.76232044198895,0.0
17606,87.30000000000001,42,1,2.216666666666667,373,2.7199670375586265,High Response,0.15,High Discount,2.216666666666667,1.8841666666666668,0.3325
16797,1802.02,898,5,2.782211055276382,29,-8.521577906362879,No Response,0.0,Regular Price,2.782211055276382,2.782211055276382,0.0
16126,8356.83,4015,11,3.085265151515152,15,-12.895036505506548,No Response,0.0,Regular Price,3.085265151515152,3.085265151515152,0.0
17867,424.18,130,9,4.785161290322581,46,-15.143459284293646,No Response,0.0,Regular Price,4.785161290322581,4.785161290322581,0.0
17412,3159.46,1866,10,5.686,8,-21.15181674597999,No Response,0.0,Regular Price,5.686,5.686,0.0
16525,11535.29,7231,23,3.216815642458101,2,-8.349721447279734,No Response,0.0,Regular Price,3.216815642458101,3.216815642458101,0.0
13623,1805.32,724,5,3.352815533980582,16,-11.87434055320834,No Response,0.0,Regular Price,3.352815533980582,3.352815533980582,0.0
12435,6096.04,2903,4,2.9001315789473683,32,-12.632493260702333,No Response,0.0,Regular Price,2.9001315789473683,2.9001315789473683,0.0
14549,624.36,258,3,2.7359770114942528,56,-7.644387719887969,No Response,0.0,Regular Price,2.7359770114942528,2.7359770114942528,0.0
14106,214.8,24,1,8.95,373,-29.06079570861089,No Response,0.0,Regular Price,8.95,8.95,0.0
14980,150.68,79,1,3.4875000000000003,373,-3.265255336122764,No Response,0.0,Regular Price,3.4875000000000003,3.4875000000000003,0.0
14396,1591.74,773,6,2.8406666666666665,7,-8.879350157810915,No Response,0.0,Regular Price,2.8406666666666665,2.8406666666666665,0.0
14122,362.42,114,3,4.86,42,-17.797774441367842,No Response,0.0,Regular Price,4.86,4.86,0.0
16987,904.6,270,4,3.9227067669172935,12,-14.407170415631931,No Response,0.0,Regular Price,3.9227067669172935,3.9227067669172935,0.0
17809,5925.4800000000005,1296,11,4.533137254901961,7,-21.116176783738503,No Response,0.0,Regular Price,4.533137254901961,4.533137254901961,0.0
15917,407.07,206,4,2.3685384615384617,242,-0.4640297341019286,No Response,0.0,Regular Price,2.3685384615384617,2.3685384615384617,0.0
14987,1387.4499999999998,543,7,3.257692307692308,1,-10.715782831606234,No Response,0.0,Regular Price,3.257692307692308,3.257692307692308,0.0
14080,1070.08,220,4,8.350506329113925,49,-34.55738230383171,No Response,0.0,Regular Price,8.350506329113925,8.350506329113925,0.0
16200,4539.23,2552,10,2.945192743764172,18,-9.022672727264668,No Response,0.0,Regular Price,2.945192743764172,2.945192743764172,0.0
15794,777.0,288,2,3.3766666666666665,372,-3.0307934159687275,No Response,0.0,Regular Price,3.3766666666666665,3.3766666666666665,0.0
15523,16847.18,15501,15,2.4275247524752475,24,0.1091062383724015,High Response,0.15,High Discount,2.4275247524752475,2.06339603960396,0.36412871287128734
15615,10974.23,6582,24,2.507949790794979,26,-4.355864660689797,No Response,0.0,Regular Price,2.507949790794979,2.507949790794979,0.0
18001,509.01,512,4,1.9861333333333333,85,-2.3167787654539893,No Response,0.0,Regular Price,1.9861333333333333,1.9861333333333333,0.0
17841,29562.02,14332,91,3.022502022653722,1,2.0492655059738567,High Response,0.15,High Discount,3.022502022653722,2.5691267192556633,0.45337530339805854
13089,57885.45,29125,109,2.6565304798962384,4,-7.784133215560896,No Response,0.0,Regular Price,2.6565304798962384,2.6565304798962384,0.0
15989,368.31,169,2,3.1375581395348835,11,-10.816199286720614,No Response,0.0,Regular Price,3.1375581395348835,3.1375581395348835,0.0
17660,163.47,138,1,2.416818181818182,373,1.84228137046456,High Response,0.15,High Discount,2.416818181818182,2.054295454545455,0.36252272727272716
13313,1890.0,1457,7,2.3573394495412843,115,-2.606160387409764,No Response,0.0,Regular Price,2.3573394495412843,2.3573394495412843,0.0
12437,7731.99,5078,21,3.021648351648352,31,-5.28900238191588,No Response,0.0,Regular Price,3.021648351648352,3.021648351648352,0.0
14841,3867.24,2386,8,3.1300617283950616,10,-10.056087568962266,No Response,0.0,Regular Price,3.1300617283950616,3.1300617283950616,0.0
14646,248396.5,170278,78,2.4027016356457978,10,-61.273405784777296,No Response,0.0,Regular Price,2.4027016356457978,2.4027016356457978,0.0
15482,3537.6,1512,7,3.412745098039216,22,-12.596944123610331,No Response,0.0,Regular Price,3.412745098039216,3.412745098039216,0.0
16156,3096.14,1932,11,2.371203007518797,18,-4.756493267499652,No Response,0.0,Regular Price,2.371203007518797,2.371203007518797,0.0
17716,10300.98,5747,13,2.852724719101124,32,-10.481347734067976,No Response,0.0,Regular Price,2.852724719101124,2.852724719101124,0.0
12779,2740.91,1617,7,2.577890625,7,-7.544470811626259,No Response,0.0,Regular Price,2.577890625,2.577890625,0.0
13611,2143.53,1234,7,2.8164935064935066,10,-8.333172920261742,No Response,0.0,Regular Price,2.8164935064935066,2.8164935064935066,0.0
15255,2815.17,1725,8,2.9438297872340424,32,-8.145559706892898,No Response,0.0,Regular Price,2.9438297872340424,2.9438297872340424,0.0
14771,594.62,622,2,1.145531914893617,257,5.390868199996327,High Response,0.15,High Discount,1.145531914893617,0.9737021276595744,0.17182978723404252
14838,769.9200000000001,361,2,3.065571428571429,59,-9.531205548827456,No Response,0.0,Regular Price,3.065571428571429,3.065571428571429,0.0
13979,2510.06,1631,6,2.693156342182891,29,-7.481018020872655,No Response,0.0,Regular Price,2.693156342182891,2.693156342182891,0.0
13800,1121.24,560,2,2.771,66,-8.168879627216828,No Response,0.0,Regular Price,2.771,2.771,0.0
14483,120.0,96,1,1.25,372,7.271580499691995,High Response,0.15,High Discount,1.25,1.0625,0.1875
14915,1503.77,595,9,3.7706410256410257,11,-12.194289491696413,No Response,0.0,Regular Price,3.7706410256410257,3.7706410256410257,0.0
13753,1353.31,938,3,1.954,234,0.7373836208794766,High Response,0.15,High Discount,1.954,1.6608999999999998,0.29310000000000014
16301,107.33,41,1,3.3233333333333337,372,-2.523971727822537,No Response,0.0,Regular Price,3.3233333333333337,3.3233333333333337,0.0
13931,4019.85,2763,9,2.466525821596244,28,-5.625133358886142,No Response,0.0,Regular Price,2.466525821596244,2.466525821596244,0.0
17035,180.06,98,2,3.798,227,-8.136141778861974,No Response,0.0,Regular Price,3.798,3.798,0.0
15194,4811.16,3466,14,2.3162637362637364,4,-3.602239881512869,No Response,0.0,Regular Price,2.3162637362637364,2.3162637362637364,0.0
14347,82.6,48,1,2.733333333333333,372,0.2939055720734278,High Response,0.15,High Discount,2.733333333333333,2.323333333333333,0.41000000000000014
12934,181.65,31,1,41.67,372,-182.2512497017854,No Response,0.0,Regular Price,41.67,41.67,0.0
15291,9178.26,2914,26,5.443846153846154,9,-21.92444018491577,No Response,0.0,Regular Price,5.443846153846154,5.443846153846154,0.0
17209,595.7,723,3,2.644736842105264,285,-0.3314368302926498,No Response,0.0,Regular Price,2.644736842105264,2.644736842105264,0.0
15658,1399.37,449,4,4.939852941176471,8,-19.750761967847005,No Response,0.0,Regular Price,4.939852941176471,4.939852941176471,0.0
17314,2376.51,1767,9,2.8613600000000003,29,-6.6459480935332085,No Response,0.0,Regular Price,2.8613600000000003,2.8613600000000003,0.0
17155,640.76,745,5,1.6528301886792451,163,1.8773687292694736,High Response,0.15,High Discount,1.6528301886792451,1.4049056603773584,0.24792452830188672
15965,2119.26,953,10,2.582194092827004,3,-6.786966936775709,No Response,0.0,Regular Price,2.582194092827004,2.582194092827004,0.0
17322,922.59,631,5,2.0903389830508474,12,-4.775627496603828,No Response,0.0,Regular Price,2.0903389830508474,2.0903389830508474,0.0
16159,884.59,399,3,3.866052631578947,106,-11.800591235654526,No Response,0.0,Regular Price,3.866052631578947,3.866052631578947,0.0
14051,6784.01,2167,15,3.838524590163935,2,-16.2158065227931,No Response,0.0,Regular Price,3.838524590163935,3.838524590163935,0.0
13993,3309.35,1235,10,4.286785714285714,15,-15.893662130167328,No Response,0.0,Regular Price,4.286785714285714,4.286785714285714,0.0
17411,646.44,302,2,2.7623529411764705,22,-8.9789186256965,No Response,0.0,Regular Price,2.7623529411764705,2.7623529411764705,0.0
15768,14687.06,3971,31,5.133742591024555,112,-23.03374950655442,No Response,0.0,Regular Price,5.133742591024555,5.133742591024555,0.0
12835,5996.83,2349,41,3.5974471544715443,63,-1.9956031613501608,No Response,0.0,Regular Price,3.5974471544715443,3.5974471544715443,0.0
15179,5284.97,3478,8,3.142488687782805,28,-9.887735509661898,No Response,0.0,Regular Price,3.142488687782805,3.142488687782805,0.0
17069,3084.58,1827,6,2.4759210526315787,9,-7.558241754748332,No Response,0.0,Regular Price,2.4759210526315787,2.4759210526315787,0.0
16918,2137.72,1345,10,2.207883435582822,58,-2.8777043595499148,No Response,0.0,Regular Price,2.207883435582822,2.207883435582822,0.0
15466,1225.93,695,3,2.3151219512195125,25,-6.629789384305835,No Response,0.0,Regular Price,2.3151219512195125,2.3151219512195125,0.0
14159,3230.45,2172,9,1.747715582450832,15,-2.429024721917447,No Response,0.0,Regular Price,1.747715582450832,1.747715582450832,0.0
17940,26286.75,75825,6,3.335294117647059,81,95.43214629600712,High Response,0.15,High Discount,3.335294117647059,2.835,0.500294117647059
17581,7712.71,4045,20,2.813390243902439,8,-7.263759975040045,No Response,0.0,Regular Price,2.813390243902439,2.813390243902439,0.0
16168,6848.87,3207,40,4.40218009478673,5,-7.398120507899227,No Response,0.0,Regular Price,4.40218009478673,4.40218009478673,0.0
14606,18482.1,9287,102,2.852046291425565,2,15.694553812660178,High Response,0.15,High Discount,2.852046291425565,2.42423934771173,0.427806943713835
17287,3000.5,1507,16,3.521349862258953,3,-9.304806741737996,No Response,0.0,Regular Price,3.521349862258953,3.521349862258953,0.0
17913,3020.64,1437,12,2.9634803921568627,36,-7.521302167407228,No Response,0.0,Regular Price,2.9634803921568627,2.9634803921568627,0.0
13416,228.3,66,1,3.3500000000000005,372,-2.8018187644234644,No Response,0.0,Regular Price,3.3500000000000005,3.3500000000000005,0.0
16779,22554.22,14243,32,2.0569359331476327,2,-4.241395453768575,No Response,0.0,Regular Price,2.0569359331476327,2.0569359331476327,0.0
13895,1415.45,695,2,5.336911764705882,151,-18.21064482883008,No Response,0.0,Regular Price,5.336911764705882,5.336911764705882,0.0
14057,2135.0,1565,5,2.169573170731707,17,-5.221995347851444,No Response,0.0,Regular Price,2.169573170731707,2.169573170731707,0.0
17017,5416.349999999999,3918,13,1.971860465116279,1,-2.575639048766482,No Response,0.0,Regular Price,1.971860465116279,1.971860465116279,0.0
13208,758.65,540,3,2.793173076923077,85,-6.836456096087352,No Response,0.0,Regular Price,2.793173076923077,2.793173076923077,0.0
17465,2542.79,1477,7,3.1200704225352114,61,-8.626239406725642,No Response,0.0,Regular Price,3.1200704225352114,3.1200704225352114,0.0
13468,7670.54,3223,38,4.223270588235295,4,-8.681379629549893,No Response,0.0,Regular Price,4.223270588235295,4.223270588235295,0.0
13485,2564.98,1521,10,3.600074074074074,12,-10.95942114868215,No Response,0.0,Regular Price,3.600074074074074,3.600074074074074,0.0
17271,204.3,113,1,2.863958333333333,372,-0.3942772977060711,No Response,0.0,Regular Price,2.863958333333333,2.863958333333333,0.0
16139,475.74,272,2,2.7792307692307694,358,-0.1248580979118734,No Response,0.0,Regular Price,2.7792307692307694,2.7792307692307694,0.0
15953,1990.8,950,11,3.986705882352941,5,-12.725849889407844,No Response,0.0,Regular Price,3.986705882352941,3.986705882352941,0.0
15856,17703.63,9359,26,2.1469047619047616,1,-8.370569350982947,No Response,0.0,Regular Price,2.1469047619047616,2.1469047619047616,0.0
14967,1518.81,512,5,3.4930434782608697,77,-10.884961295308605,No Response,0.0,Regular Price,3.4930434782608697,3.4930434782608697,0.0
16497,3729.59,1654,17,4.205373134328358,49,-11.866564485565611,No Response,0.0,Regular Price,4.205373134328358,4.205373134328358,0.0
17764,741.02,323,3,3.0075641025641024,38,-9.450769696817892,No Response,0.0,Regular Price,3.0075641025641024,3.0075641025641024,0.0
14905,1355.24,722,6,2.40672131147541,10,-6.474450490585819,No Response,0.0,Regular Price,2.40672131147541,2.40672131147541,0.0
18229,3526.81,695,10,6.148723404255319,2,-26.362046061780525,No Response,0.0,Regular Price,6.148723404255319,6.148723404255319,0.0
17293,1896.57,1093,8,2.675321100917431,30,-6.637659520879316,No Response,0.0,Regular Price,2.675321100917431,2.675321100917431,0.0
17853,1596.29,625,3,4.1378095238095245,43,-15.4523911132723,No Response,0.0,Regular Price,4.1378095238095245,4.1378095238095245,0.0
15550,1635.42,844,8,2.727758620689656,14,-7.346654316245788,No Response,0.0,Regular Price,2.727758620689656,2.727758620689656,0.0
13531,1254.72,426,5,4.594264705882353,2,-17.712829321311304,No Response,0.0,Regular Price,4.594264705882353,4.594264705882353,0.0
13786,3127.99,1515,6,2.603879310344828,3,-8.99163337402074,No Response,0.0,Regular Price,2.603879310344828,2.603879310344828,0.0
14952,9529.86,3622,21,3.860769230769231,32,-15.017807724490083,No Response,0.0,Regular Price,3.860769230769231,3.860769230769231,0.0
14031,23632.72,8680,27,4.423844696969697,1,-29.85315792321959,No Response,0.0,Regular Price,4.423844696969697,4.423844696969697,0.0
12937,1593.34,976,5,2.346185567010309,99,-4.166373786229364,No Response,0.0,Regular Price,2.346185567010309,2.346185567010309,0.0
16612,2057.77,913,5,3.3970297029702974,15,-12.160622751558163,No Response,0.0,Regular Price,3.3970297029702974,3.3970297029702974,0.0
12949,11359.48,5852,14,3.19612,18,-13.633156551033233,No Response,0.0,Regular Price,3.19612,3.19612,0.0
14958,458.26,120,3,5.434666666666667,231,-15.739366196940582,No Response,0.0,Regular Price,5.434666666666667,5.434666666666667,0.0
17329,475.42,288,3,2.350985915492958,367,2.5242000962242583,High Response,0.15,High Discount,2.350985915492958,1.9983380281690142,0.3526478873239438
16736,2956.56,1050,5,4.299160839160839,141,-14.351554173813437,No Response,0.0,Regular Price,4.299160839160839,4.299160839160839,0.0
13001,14256.68,7958,20,2.5141150442477875,40,-8.331369153168177,No Response,0.0,Regular Price,2.5141150442477875,2.5141150442477875,0.0
14644,1416.96,512,5,5.324166666666667,50,-19.99040394748134,No Response,0.0,Regular Price,5.324166666666667,5.324166666666667,0.0
14898,2195.14,1224,9,3.1387567567567567,7,-9.268221628119154,No Response,0.0,Regular Price,3.1387567567567567,3.1387567567567567,0.0
14662,635.06,329,3,2.792716049382716,63,-7.608557807671575,No Response,0.0,Regular Price,2.792716049382716,2.792716049382716,0.0
17414,1471.52,4156,4,0.4913333333333333,59,9.487911762335395,High Response,0.15,High Discount,0.4913333333333333,0.4176333333333333,0.07369999999999999
14755,4962.27,2182,14,3.936083333333333,17,-13.598315411600137,No Response,0.0,Regular Price,3.936083333333333,3.936083333333333,0.0
17576,5266.77,2673,23,3.306713426853708,1,-7.210640740435823,No Response,0.0,Regular Price,3.306713426853708,3.306713426853708,0.0
13037,3033.88,1699,9,3.45429347826087,35,-10.49466248218879,No Response,0.0,Regular Price,3.45429347826087,3.45429347826087,0.0
14710,1300.31,760,9,2.061925675675676,15,-3.428787418325351,No Response,0.0,Regular Price,2.061925675675676,2.061925675675676,0.0
18168,2538.76,1536,11,2.7872692307692306,8,-6.805072233598688,No Response,0.0,Regular Price,2.7872692307692306,2.7872692307692306,0.0
17679,1585.5,1026,5,1.8564705882352937,157,-0.2597290454890624,No Response,0.0,Regular Price,1.8564705882352937,1.8564705882352937,0.0
17851,1552.35,933,6,2.808448275862069,58,-7.030299581452556,No Response,0.0,Regular Price,2.808448275862069,2.808448275862069,0.0
14750,112.03,65,1,2.634375,372,0.7413488269977235,High Response,0.15,High Discount,2.634375,2.23921875,0.3951562499999999
16791,2251.85,1097,8,2.8697547683923705,19,-8.417431378730807,No Response,0.0,Regular Price,2.8697547683923705,2.8697547683923705,0.0
16558,5535.02,2711,19,3.368625,2,-9.36240420189575,No Response,0.0,Regular Price,3.368625,3.368625,0.0
15884,244.6,152,2,2.1757142857142857,68,-4.661564184531721,No Response,0.0,Regular Price,2.1757142857142857,2.1757142857142857,0.0
17343,1066.3,398,5,3.882857142857143,12,-13.862538557468362,No Response,0.0,Regular Price,3.882857142857143,3.882857142857143,0.0
17372,3010.13,1116,20,3.2954659949622167,17,-7.14541304255115,No Response,0.0,Regular Price,3.2954659949622167,3.2954659949622167,0.0
16003,2878.46,1025,5,3.9947,17,-16.057473019183604,No Response,0.0,Regular Price,3.9947,3.9947,0.0
17432,1363.23,801,7,2.4470353982300885,21,-5.859319210659016,No Response,0.0,Regular Price,2.4470353982300885,2.4470353982300885,0.0
14713,2752.51,1841,11,2.063829201101928,1,-3.3618707141496404,No Response,0.0,Regular Price,2.063829201101928,2.063829201101928,0.0
16722,4258.27,3579,11,1.4868556701030928,2,0.2349685354148922,High Response,0.15,High Discount,1.4868556701030928,1.2638273195876288,0.223028350515464
12577,990.5,722,5,1.831184210526316,17,-3.36868950432583,No Response,0.0,Regular Price,1.831184210526316,1.831184210526316,0.0
12872,3062.52,1526,11,2.6309289617486336,1,-7.146364915054463,No Response,0.0,Regular Price,2.6309289617486336,2.6309289617486336,0.0
15755,3628.87,2607,11,2.4896521739130435,15,-4.964748019945234,No Response,0.0,Regular Price,2.4896521739130435,2.4896521739130435,0.0
14258,19381.36,10388,16,4.088994708994709,31,-21.270447950217505,No Response,0.0,Regular Price,4.088994708994709,4.088994708994709,0.0
14286,3851.01,4457,4,1.282283105022831,40,1.9119102034077156,High Response,0.15,High Discount,1.282283105022831,1.0899406392694062,0.19234246575342473
13154,1624.84,976,3,3.2461290322580645,35,-10.849249061139908,No Response,0.0,Regular Price,3.2461290322580645,3.2461290322580645,0.0
14564,2605.62,1295,2,3.494299065420561,70,-12.49728629224144,No Response,0.0,Regular Price,3.494299065420561,3.494299065420561,0.0
13408,23616.422,13267,46,2.5854198895027625,7,-4.951979106734568,No Response,0.0,Regular Price,2.5854198895027625,2.5854198895027625,0.0
16645,160.39,117,1,2.381428571428572,371,1.9205102113063548,High Response,0.15,High Discount,2.381428571428572,2.024214285714286,0.35721428571428593
12714,9384.85,5705,7,2.671395881006865,24,-10.666711557694557,No Response,0.0,Regular Price,2.671395881006865,2.671395881006865,0.0
16335,2753.52,1004,7,3.489141274238227,187,-8.359848801111873,No Response,0.0,Regular Price,3.489141274238227,3.489141274238227,0.0
13093,47111.18,22266,48,2.801952861952862,9,-26.81280823838167,No Response,0.0,Regular Price,2.801952861952862,2.801952861952862,0.0
12759,3489.3,2300,5,2.7155072463768115,22,-8.477132637456974,No Response,0.0,Regular Price,2.7155072463768115,2.7155072463768115,0.0
13666,43.25,13,2,4.178571428571429,56,-14.286914571303363,No Response,0.0,Regular Price,4.178571428571429,4.178571428571429,0.0
17160,6691.13,5534,11,1.617440758293839,10,-0.423333804406278,No Response,0.0,Regular Price,1.617440758293839,1.617440758293839,0.0
13946,1314.66,2404,3,2.001333333333333,12,-2.3237403634621936,No Response,0.0,Regular Price,2.001333333333333,2.001333333333333,0.0
14723,927.89,609,7,1.999597989949749,7,-3.7744977608106094,No Response,0.0,Regular Price,1.999597989949749,1.999597989949749,0.0
14961,9365.47,4664,13,2.977486033519553,15,-12.052193871530694,No Response,0.0,Regular Price,2.977486033519553,2.977486033519553,0.0
14735,6174.47,2249,24,4.040406976744186,24,-12.00827722612793,No Response,0.0,Regular Price,4.040406976744186,4.040406976744186,0.0
18061,4369.56,2652,19,3.209268292682927,2,-6.789007382833932,No Response,0.0,Regular Price,3.209268292682927,3.209268292682927,0.0
15078,8018.77,3885,23,3.0865439093484417,4,-8.331513522555854,No Response,0.0,Regular Price,3.0865439093484417,3.0865439093484417,0.0
17389,25381.65,10268,27,3.575740740740741,10,-25.4759086398907,No Response,0.0,Regular Price,3.575740740740741,3.575740740740741,0.0
16883,2101.61,967,18,3.6002024291497974,7,-8.36489740163587,No Response,0.0,Regular Price,3.6002024291497974,3.6002024291497974,0.0
13175,831.45,423,2,4.040217391304347,218,-9.957387155913889,No Response,0.0,Regular Price,4.040217391304347,4.040217391304347,0.0
17076,401.67,219,3,2.6388,28,-7.619644757316395,No Response,0.0,Regular Price,2.6388,2.6388,0.0
13948,446.76,208,3,3.456666666666667,47,-11.053995630284636,No Response,0.0,Regular Price,3.456666666666667,3.456666666666667,0.0
18223,7516.31,3696,12,3.4155592105263155,23,-13.075442721471235,No Response,0.0,Regular Price,3.4155592105263155,3.4155592105263155,0.0
16192,351.3,208,1,2.083636363636364,371,3.1738963823369515,High Response,0.15,High Discount,2.083636363636364,1.7710909090909093,0.3125454545454547
15999,20.4,24,1,0.85,371,9.1449547856044,High Response,0.15,High Discount,0.85,0.7224999999999999,0.12750000000000006
15109,498.15,127,2,4.8075,215,-13.648376491991485,No Response,0.0,Regular Price,4.8075,4.8075,0.0
14680,28615.27,13882,43,2.8200970873786404,7,-14.320356858572664,No Response,0.0,Regular Price,2.8200970873786404,2.8200970873786404,0.0
18092,7111.18,4578,8,2.8496721311475413,1,-10.121009475846456,No Response,0.0,Regular Price,2.8496721311475413,2.8496721311475413,0.0
16891,1202.77,473,7,3.224135593220339,7,-10.231491759080408,No Response,0.0,Regular Price,3.224135593220339,3.224135593220339,0.0
13481,2026.28,913,6,3.6229565217391295,10,-12.917116533411168,No Response,0.0,Regular Price,3.6229565217391295,3.6229565217391295,0.0
13807,422.2,116,3,6.99,3,-28.87927623021611,No Response,0.0,Regular Price,6.99,6.99,0.0
14979,429.66,209,1,3.037755102040816,371,-1.423016837823687,No Response,0.0,Regular Price,3.037755102040816,3.037755102040816,0.0
16656,8207.37,6539,15,1.950441176470588,56,0.1507551561924724,High Response,0.15,High Discount,1.950441176470588,1.6578749999999998,0.29256617647058825
16746,11366.64,7240,24,2.4089424860853432,19,-3.4486399007167154,No Response,0.0,Regular Price,2.4089424860853432,2.4089424860853432,0.0
17157,4832.9,1920,17,2.99921875,116,-5.802994083990334,No Response,0.0,Regular Price,2.99921875,2.99921875,0.0
15309,797.96,440,4,3.15,246,-4.216600884391601,No Response,0.0,Regular Price,3.15,3.15,0.0
16325,3003.26,2270,9,2.42275,60,-3.85524032612297,No Response,0.0,Regular Price,2.42275,2.42275,0.0
16541,424.03,173,1,3.6868421052631577,371,-4.523384186079837,No Response,0.0,Regular Price,3.6868421052631577,3.6868421052631577,0.0
16723,654.96,560,2,2.793170731707317,79,-7.158966437594761,No Response,0.0,Regular Price,2.793170731707317,2.793170731707317,0.0
16699,994.6,640,7,2.4306451612903226,16,-5.610842507978004,No Response,0.0,Regular Price,2.4306451612903226,2.4306451612903226,0.0
16710,3823.78,2543,13,2.487908611599297,4,-4.933419924730454,No Response,0.0,Regular Price,2.487908611599297,2.487908611599297,0.0
12510,4195.45,1696,7,15.97901785714286,95,-70.2937117669789,No Response,0.0,Regular Price,15.97901785714286,15.97901785714286,0.0
13162,7587.2,4042,12,2.6928301886792454,16,-9.317874841977597,No Response,0.0,Regular Price,2.6928301886792454,2.6928301886792454,0.0
15382,7777.84,5166,6,2.325090909090909,10,-8.156418731788092,No Response,0.0,Regular Price,2.325090909090909,2.325090909090909,0.0
13680,7700.55,3310,8,2.911570796460177,107,-11.110186734233316,No Response,0.0,Regular Price,2.911570796460177,2.911570796460177,0.0
12970,1048.13,686,6,2.203055555555556,16,-4.92345532139685,No Response,0.0,Regular Price,2.203055555555556,2.203055555555556,0.0
17935,540.35,162,5,3.6757142857142857,36,-11.852881473286004,No Response,0.0,Regular Price,3.6757142857142857,3.6757142857142857,0.0
17593,4168.46,2506,6,2.9568877551020405,45,-9.364086194982692,No Response,0.0,Regular Price,2.9568877551020405,2.9568877551020405,0.0
17151,231.90000000000003,42,1,5.575,371,-13.300428276771791,No Response,0.0,Regular Price,5.575,5.575,0.0
16451,746.1800000000001,404,2,2.578039215686274,197,-3.5488001609433235,No Response,0.0,Regular Price,2.578039215686274,2.578039215686274,0.0
17127,1155.0300000000002,340,5,4.106486486486486,64,-13.822869030321272,No Response,0.0,Regular Price,4.106486486486486,4.106486486486486,0.0
13694,131443.19,125893,94,1.7224973876698015,9,56.54271841746901,High Response,0.15,High Discount,1.7224973876698015,1.4641227795193312,0.2583746081504703
14087,638.0,468,2,2.2224827586206897,40,-5.647504801179279,No Response,0.0,Regular Price,2.2224827586206897,2.2224827586206897,0.0
13733,487.03,335,2,2.8179310344827586,46,-8.28754875828926,No Response,0.0,Regular Price,2.8179310344827586,2.8179310344827586,0.0
18181,821.49,377,4,2.942627737226277,36,-8.848953206775796,No Response,0.0,Regular Price,2.942627737226277,2.942627737226277,0.0
13174,6621.6,3116,10,3.330526976160602,5,-13.53748779133857,No Response,0.0,Regular Price,3.330526976160602,3.330526976160602,0.0
13329,4323.97,3023,7,2.3642592592592595,2,-6.578697768577514,No Response,0.0,Regular Price,2.3642592592592595,2.3642592592592595,0.0
17421,1059.41,807,3,1.8191379310344828,22,-3.8896565224967823,No Response,0.0,Regular Price,1.8191379310344828,1.8191379310344828,0.0
16351,3176.13,2075,12,2.0574860335195533,47,-2.01250951958707,No Response,0.0,Regular Price,2.0574860335195533,2.0574860335195533,0.0
15684,173.95,77,3,4.913636363636363,183,-14.153028511287689,No Response,0.0,Regular Price,4.913636363636363,4.913636363636363,0.0
17884,2325.92,2167,18,2.247191011235955,4,-0.1479206916313735,No Response,0.0,Regular Price,2.247191011235955,2.247191011235955,0.0
15514,2368.34,1989,7,1.9301986754966889,15,-2.9602368371123227,No Response,0.0,Regular Price,1.9301986754966889,1.9301986754966889,0.0
13679,281.26,102,3,2.9604000000000004,129,-6.535230728155415,No Response,0.0,Regular Price,2.9604000000000004,2.9604000000000004,0.0
18225,7539.84,4056,15,2.8844590163934427,1,-9.361906894477531,No Response,0.0,Regular Price,2.8844590163934427,2.8844590163934427,0.0
12748,22457.9,13109,144,3.6018806795732914,1,28.864458175493684,High Response,0.15,High Discount,3.6018806795732914,3.0615985776372976,0.5402821019359938
13199,6615.77,5843,30,2.213636363636364,2,4.497938851466804,High Response,0.15,High Discount,2.213636363636364,1.8815909090909093,0.33204545454545453
13487,271.47,97,2,4.684666666666667,141,-14.67137251314266,No Response,0.0,Regular Price,4.684666666666667,4.684666666666667,0.0
17018,1367.6,280,4,5.535714285714286,23,-22.428076676766302,No Response,0.0,Regular Price,5.535714285714286,5.535714285714286,0.0
18071,975.63,575,5,2.924,1,-9.162054354843692,No Response,0.0,Regular Price,2.924,2.924,0.0
16593,741.11,261,5,4.232941176470588,26,-14.863697391968564,No Response,0.0,Regular Price,4.232941176470588,4.232941176470588,0.0
14238,287.38,78,2,4.928,298,-11.805925578631715,No Response,0.0,Regular Price,4.928,4.928,0.0
15223,662.2,172,3,4.107142857142857,245,-9.39827938035302,No Response,0.0,Regular Price,4.107142857142857,4.107142857142857,0.0
13021,2270.86,1194,8,3.642142857142857,10,-12.111045300526255,No Response,0.0,Regular Price,3.642142857142857,3.642142857142857,0.0
17115,1923.99,513,4,5.295679012345679,184,-17.606033880284503,No Response,0.0,Regular Price,5.295679012345679,5.295679012345679,0.0
17850,51208.87,21052,155,3.063581432573029,8,3.266648686799188,High Response,0.15,High Discount,3.063581432573029,2.6040442176870746,0.45953721488595445
14239,1882.32,736,10,3.825918367346939,67,-10.980014241427003,No Response,0.0,Regular Price,3.825918367346939,3.825918367346939,0.0
13999,5600.45,2800,17,2.8196511627906977,10,-7.277534733250327,No Response,0.0,Regular Price,2.8196511627906977,2.8196511627906977,0.0
13958,4709.2300000000005,2264,8,4.151277533039647,15,-16.34897125196773,No Response,0.0,Regular Price,4.151277533039647,4.151277533039647,0.0
13641,1016.47,1098,5,3.4640909090909093,276,-3.616782524308128,No Response,0.0,Regular Price,3.4640909090909093,3.4640909090909093,0.0
15420,743.0,844,6,1.4041071428571428,70,1.0329246270930668,High Response,0.15,High Discount,1.4041071428571428,1.1934910714285714,0.21061607142857142
12359,2563.36,1130,6,4.732393162393163,61,-17.264310762779047,No Response,0.0,Regular Price,4.732393162393163,4.732393162393163,0.0
12820,1747.18,1242,7,2.8364,33,-7.154481601107127,No Response,0.0,Regular Price,2.8364,2.8364,0.0
16410,130.32,348,1,0.796,370,9.818450264972782,High Response,0.15,High Discount,0.796,0.6766,0.11940000000000006
15240,2753.41,1845,7,2.852602739726028,10,-8.330989597805601,No Response,0.0,Regular Price,2.852602739726028,2.852602739726028,0.0
16158,628.32,182,9,7.056285714285714,158,-23.11625063092125,No Response,0.0,Regular Price,7.056285714285714,7.056285714285714,0.0
15484,1061.69,924,2,2.1320754716981134,176,-1.5195744724683964,No Response,0.0,Regular Price,2.1320754716981134,2.1320754716981134,0.0
14709,3965.29,1657,12,4.214472049689441,15,-15.070427181189755,No Response,0.0,Regular Price,4.214472049689441,4.214472049689441,0.0
15057,1766.46,726,3,3.1973333333333334,79,-10.202323997241407,No Response,0.0,Regular Price,3.1973333333333334,3.1973333333333334,0.0
14867,2241.78,668,13,6.062772277227723,31,-21.983529718210985,No Response,0.0,Regular Price,6.062772277227723,6.062772277227723,0.0
17642,1112.2,1001,3,2.004705882352941,65,-3.355351655939833,No Response,0.0,Regular Price,2.004705882352941,2.004705882352941,0.0
13813,1398.61,740,4,3.837972972972973,163,-10.007056737598466,No Response,0.0,Regular Price,3.837972972972973,3.837972972972973,0.0
13589,741.09,179,4,7.333548387096775,85,-28.39345220598367,No Response,0.0,Regular Price,7.333548387096775,7.333548387096775,0.0
12417,3148.31,1332,11,5.578700564971751,46,-20.30511806240999,No Response,0.0,Regular Price,5.578700564971751,5.578700564971751,0.0
17920,20137.24,10071,39,2.71946073793756,4,-8.722507694624372,No Response,0.0,Regular Price,2.71946073793756,2.71946073793756,0.0
12975,2100.09,911,6,4.553214285714286,72,-15.793884950018503,No Response,0.0,Regular Price,4.553214285714286,4.553214285714286,0.0
16104,2476.25,925,8,3.6151470588235295,54,-11.709383660766598,No Response,0.0,Regular Price,3.6151470588235295,3.6151470588235295,0.0
17150,1357.95,397,6,5.02,12,-19.29716865197236,No Response,0.0,Regular Price,5.02,5.02,0.0
16277,188.69,33,1,6.521304347826088,369,-17.72945997090153,No Response,0.0,Regular Price,6.521304347826088,6.521304347826088,0.0
17244,871.14,803,4,2.756292134831461,19,-7.6716867160864,No Response,0.0,Regular Price,2.756292134831461,2.756292134831461,0.0
15260,7377.46,3837,20,3.290404984423676,8,-9.343367828780966,No Response,0.0,Regular Price,3.290404984423676,3.290404984423676,0.0
12583,7166.06,3924,13,3.093972602739726,9,-10.52688734892017,No Response,0.0,Regular Price,3.093972602739726,3.093972602739726,0.0
15555,7267.83,4579,22,2.3401423027166883,1,-2.692553264648806,No Response,0.0,Regular Price,2.3401423027166883,2.3401423027166883,0.0
13736,2022.67,1053,5,2.6517857142857144,61,-7.14793451645221,No Response,0.0,Regular Price,2.6517857142857144,2.6517857142857144,0.0
14133,305.5,50,1,15.9625,369,-62.10577789282309,No Response,0.0,Regular Price,15.9625,15.9625,0.0
15571,3241.92,2147,10,2.5063720073664824,22,-5.489577991108099,No Response,0.0,Regular Price,2.5063720073664824,2.5063720073664824,0.0
13448,5655.2,2709,9,4.050056022408964,9,-16.363020069088392,No Response,0.0,Regular Price,4.050056022408964,4.050056022408964,0.0
17085,6285.27,2798,23,2.85960049937578,12,-6.285673969956958,No Response,0.0,Regular Price,2.85960049937578,2.85960049937578,0.0
15059,2153.48,995,10,3.064403409090909,12,-8.787404362066368,No Response,0.0,Regular Price,3.064403409090909,3.064403409090909,0.0
14468,204.24,164,1,5.289166666666667,369,-11.730472931642463,No Response,0.0,Regular Price,5.289166666666667,5.289166666666667,0.0
16395,2036.35,1429,9,2.2212616822429907,29,-3.738382456859881,No Response,0.0,Regular Price,2.2212616822429907,2.2212616822429907,0.0
16485,1923.54,918,4,3.2000980392156864,68,-10.010239482345122,No Response,0.0,Regular Price,3.2000980392156864,3.2000980392156864,0.0
15878,330.77,243,2,2.192745098039216,197,-1.3651751038720707,No Response,0.0,Regular Price,2.192745098039216,2.192745098039216,0.0
15860,1498.8,894,10,3.180821917808219,4,-8.645447142261784,No Response,0.0,Regular Price,3.180821917808219,3.180821917808219,0.0
13373,4274.94,2612,3,3.3253,51,-12.041339722828056,No Response,0.0,Regular Price,3.3253,3.3253,0.0
14608,1567.79,490,7,3.6686956521739127,15,-12.68125199564625,No Response,0.0,Regular Price,3.6686956521739127,3.6686956521739127,0.0
14896,1614.45,836,7,2.6644214876033057,1,-7.746186413073476,No Response,0.0,Regular Price,2.6644214876033057,2.6644214876033057,0.0
16964,207.85,49,2,4.55,369,-8.119668077304013,No Response,0.0,Regular Price,4.55,4.55,0.0
15983,2458.9,1540,6,2.1170646766169154,1,-5.600275644129336,No Response,0.0,Regular Price,2.1170646766169154,2.1170646766169154,0.0
13782,877.22,274,7,4.0404,89,-11.77361156313475,No Response,0.0,Regular Price,4.0404,4.0404,0.0
14454,977.3,400,5,3.446272727272727,12,-11.665770048384946,No Response,0.0,Regular Price,3.446272727272727,3.446272727272727,0.0
14717,81.3,32,1,3.313636363636364,369,-2.530422323811478,No Response,0.0,Regular Price,3.313636363636364,3.313636363636364,0.0
16718,3006.08,1924,5,2.4522598870056496,5,-7.610455076221583,No Response,0.0,Regular Price,2.4522598870056496,2.4522598870056496,0.0
15751,1380.44,443,11,4.787923076923077,96,-14.088319114439132,No Response,0.0,Regular Price,4.787923076923077,4.787923076923077,0.0
14546,2610.91,1375,6,2.35470737913486,12,-7.0020662869031085,No Response,0.0,Regular Price,2.35470737913486,2.35470737913486,0.0
17848,2657.91,1006,21,5.286929824561404,53,-14.787164588462687,No Response,0.0,Regular Price,5.286929824561404,5.286929824561404,0.0
17561,537.9,237,3,2.641301369863013,26,-7.875177137005282,No Response,0.0,Regular Price,2.641301369863013,2.641301369863013,0.0
15547,5146.45,3279,12,2.8504552590266874,12,-7.576003108564454,No Response,0.0,Regular Price,2.8504552590266874,2.8504552590266874,0.0
17406,2704.63,1337,11,2.8002739726027395,2,-7.684544466903508,No Response,0.0,Regular Price,2.8002739726027395,2.8002739726027395,0.0
14479,982.86,503,3,2.971908396946565,1,-10.295713832862514,No Response,0.0,Regular Price,2.971908396946565,2.971908396946565,0.0
17969,2126.09,862,18,5.057368421052631,138,-12.039202130910972,No Response,0.0,Regular Price,5.057368421052631,5.057368421052631,0.0
14548,1888.49,730,7,3.0865094339622643,120,-7.30174020703019,No Response,0.0,Regular Price,3.0865094339622643,3.0865094339622643,0.0
17916,43.87,90,2,1.174736842105263,264,5.319214302965933,High Response,0.15,High Discount,1.174736842105263,0.9985263157894736,0.17621052631578948
13319,11236.95,4546,34,3.717703549060543,1,-11.2769888014449,No Response,0.0,Regular Price,3.717703549060543,3.717703549060543,0.0
16773,249.65,81,2,4.194102564102564,72,-14.156761671303324,No Response,0.0,Regular Price,4.194102564102564,4.194102564102564,0.0
15479,147.4,38,1,5.044444444444444,369,-10.73456186111795,No Response,0.0,Regular Price,5.044444444444444,5.044444444444444,0.0
15822,954.59,575,4,2.3284375,129,-3.3995888521386237,No Response,0.0,Regular Price,2.3284375,2.3284375,0.0
13890,1043.57,561,4,2.947777777777778,10,-9.559251539315651,No Response,0.0,Regular Price,2.947777777777778,2.947777777777778,0.0
13211,1523.35,1011,7,1.573767123287671,17,-1.73197373452835,No Response,0.0,Regular Price,1.573767123287671,1.573767123287671,0.0
15641,3458.35,2860,8,2.0407291666666665,32,-2.7820461030344568,No Response,0.0,Regular Price,2.0407291666666665,2.0407291666666665,0.0
14123,436.18,234,1,3.2745833333333336,369,-2.5462299312890475,No Response,0.0,Regular Price,3.2745833333333336,3.2745833333333336,0.0
13019,1229.95,397,6,4.217090909090909,15,-15.246006980188683,No Response,0.0,Regular Price,4.217090909090909,4.217090909090909,0.0
17858,7614.24,2764,19,6.12497409326425,5,-25.5542876497875,No Response,0.0,Regular Price,6.12497409326425,6.12497409326425,0.0
14940,531.49,384,2,1.6421875,53,-2.5787929831545764,No Response,0.0,Regular Price,1.6421875,1.6421875,0.0
16686,1921.19,1442,9,2.1097520661157025,25,-3.1026877277215057,No Response,0.0,Regular Price,2.1097520661157025,2.1097520661157025,0.0
15691,434.5,140,3,3.633333333333333,30,-12.43361224107571,No Response,0.0,Regular Price,3.633333333333333,3.633333333333333,0.0
16436,319.14,227,3,2.24825,304,1.5145976174550428,High Response,0.15,High Discount,2.24825,1.9110125,0.3372375000000001
17610,1511.94,893,5,2.9338311688311687,176,-4.9487449986950125,No Response,0.0,Regular Price,2.9338311688311687,2.9338311688311687,0.0
17530,725.21,421,3,2.563618421052632,1,-8.113710717906962,No Response,0.0,Regular Price,2.563618421052632,2.563618421052632,0.0
13491,3350.74,1482,18,3.6540109890109886,8,-9.671301744299218,No Response,0.0,Regular Price,3.6540109890109886,3.6540109890109886,0.0
14003,209.41,149,1,2.946875,368,-0.8247971687485078,No Response,0.0,Regular Price,2.946875,2.946875,0.0
12839,4480.31,3042,13,2.3444274809160306,3,-4.41147926377435,No Response,0.0,Regular Price,2.3444274809160306,2.3444274809160306,0.0
17557,34.0,4,1,8.5,368,-26.82057545074121,No Response,0.0,Regular Price,8.5,8.5,0.0
14738,507.45,156,2,5.756538461538463,196,-18.54438337086899,No Response,0.0,Regular Price,5.756538461538463,5.756538461538463,0.0
16124,1523.49,749,3,3.958732394366197,54,-13.96642127270756,No Response,0.0,Regular Price,3.958732394366197,3.958732394366197,0.0
12471,20129.54,8658,49,3.474659763313609,10,-11.050280744448546,No Response,0.0,Regular Price,3.474659763313609,3.474659763313609,0.0
17739,4939.24,1474,11,4.043235294117648,10,-16.755054763768435,No Response,0.0,Regular Price,4.043235294117648,4.043235294117648,0.0
16556,4698.79,2463,10,4.589527272727273,11,-17.343571362643477,No Response,0.0,Regular Price,4.589527272727273,4.589527272727273,0.0
14695,1534.22,661,3,3.43719512195122,155,-9.095583796252008,No Response,0.0,Regular Price,3.43719512195122,3.43719512195122,0.0
14828,7699.7,7546,10,1.6913095238095237,24,1.4445626924749062,High Response,0.15,High Discount,1.6913095238095237,1.4376130952380952,0.2536964285714285
15115,191.74,88,1,2.8485714285714288,368,-0.4535309319771632,No Response,0.0,Regular Price,2.8485714285714288,2.8485714285714288,0.0
13693,2011.82,880,9,4.17877358490566,10,-14.424152276177008,No Response,0.0,Regular Price,4.17877358490566,4.17877358490566,0.0
14955,163.77,74,1,2.626451612903226,368,0.6060875256799019,High Response,0.15,High Discount,2.626451612903226,2.2324838709677417,0.3939677419354841
14037,689.75,544,4,1.940232558139535,114,-1.5892613729411362,No Response,0.0,Regular Price,1.940232558139535,1.940232558139535,0.0
18077,1699.25,1352,8,1.523758389261745,2,-1.1381893976537611,No Response,0.0,Regular Price,1.523758389261745,1.523758389261745,0.0
13905,312.65,135,1,4.833333333333333,368,-9.858619697063416,No Response,0.0,Regular Price,4.833333333333333,4.833333333333333,0.0
17508,4191.92,2602,7,3.0728229665071773,17,-10.106472771016485,No Response,0.0,Regular Price,3.0728229665071773,3.0728229665071773,0.0
16768,1220.48,578,6,3.470560747663552,19,-11.278694018541469,No Response,0.0,Regular Price,3.470560747663552,3.470560747663552,0.0
13984,1128.09,742,8,1.943896103896104,2,-3.339623099098678,No Response,0.0,Regular Price,1.943896103896104,1.943896103896104,0.0
13495,3329.39,1845,6,2.0766666666666667,4,-6.1909281365860345,No Response,0.0,Regular Price,2.0766666666666667,2.0766666666666667,0.0
13190,570.66,308,3,4.138823529411765,180,-10.814222368963303,No Response,0.0,Regular Price,4.138823529411765,4.138823529411765,0.0
14408,1503.2400000000002,828,4,1.892272727272728,107,-2.3494813347222725,No Response,0.0,Regular Price,1.892272727272728,1.892272727272728,0.0
15358,8703.210000000001,8328,22,1.903557858376512,1,4.246299036142778,High Response,0.15,High Discount,1.903557858376512,1.6180241796200352,0.28553367875647684
17707,456.9,402,6,1.6657894736842107,12,-2.0778778243928526,No Response,0.0,Regular Price,1.6657894736842107,1.6657894736842107,0.0
17044,11013.82,5218,11,3.756783216783217,10,-18.25834001309165,No Response,0.0,Regular Price,3.756783216783217,3.756783216783217,0.0
14471,400.95,187,2,3.1514634146341467,227,-5.303361978743675,No Response,0.0,Regular Price,3.1514634146341467,3.1514634146341467,0.0
17436,317.76,88,3,3.70125,44,-12.295442204253206,No Response,0.0,Regular Price,3.70125,3.70125,0.0
13234,346.5,159,2,3.0611475409836064,308,-2.745083802796444,No Response,0.0,Regular Price,3.0611475409836064,3.0611475409836064,0.0
14574,143.70000000000002,63,1,2.768181818181818,368,-0.0455980792510186,No Response,0.0,Regular Price,2.768181818181818,2.768181818181818,0.0
15716,1913.55,1070,8,2.8907281553398056,5,-8.367278043936246,No Response,0.0,Regular Price,2.8907281553398056,2.8907281553398056,0.0
16684,80489.21,54555,27,2.6650113378684805,15,-26.829006899797637,No Response,0.0,Regular Price,2.6650113378684805,2.6650113378684805,0.0
14540,2756.98,1184,8,3.700362694300518,15,-13.083483788814789,No Response,0.0,Regular Price,3.700362694300518,3.700362694300518,0.0
14307,2075.31,1316,5,2.9919230769230767,9,-9.66496289878914,No Response,0.0,Regular Price,2.9919230769230767,2.9919230769230767,0.0
18219,1493.12,768,8,3.5246067415730336,4,-11.248179898984125,No Response,0.0,Regular Price,3.5246067415730336,3.5246067415730336,0.0
12747,5061.03,1473,16,4.339607843137255,5,-16.584125304008403,No Response,0.0,Regular Price,4.339607843137255,4.339607843137255,0.0
18162,371.51,332,1,1.8706521739130435,368,4.300904015260127,High Response,0.15,High Discount,1.8706521739130435,1.590054347826087,0.2805978260869566
17441,293.35,245,1,2.050952380952381,368,3.417674903734249,High Response,0.15,High Discount,2.050952380952381,1.7433095238095238,0.3076428571428571
17988,288.42,143,7,2.752941176470588,123,-4.136743988371179,No Response,0.0,Regular Price,2.752941176470588,2.752941176470588,0.0
12600,2444.88,640,12,6.17,7,-23.87908533118422,No Response,0.0,Regular Price,6.17,6.17,0.0
12523,2562.58,1398,12,4.041118881118881,10,-12.554446783161309,No Response,0.0,Regular Price,4.041118881118881,4.041118881118881,0.0
13206,8308.19,7086,13,1.9573144876325088,36,-0.2619821834931706,No Response,0.0,Regular Price,1.9573144876325088,1.9573144876325088,0.0
14512,940.69,614,5,2.2975,19,-5.627595871103806,No Response,0.0,Regular Price,2.2975,2.2975,0.0
16353,3323.75,1525,16,2.07375,5,-2.977203587749214,No Response,0.0,Regular Price,2.07375,2.07375,0.0
16018,289.23,313,2,1.6935714285714287,32,-3.097973239091707,No Response,0.0,Regular Price,1.6935714285714287,1.6935714285714287,0.0
14670,190.47,97,1,2.285,368,2.2053771161825333,High Response,0.15,High Discount,2.285,1.94225,0.3427500000000001
14590,2993.37,901,20,3.8271782178217824,60,-8.911126309121299,No Response,0.0,Regular Price,3.8271782178217824,3.8271782178217824,0.0
13070,522.9,262,3,2.033333333333333,95,-3.166337621036664,No Response,0.0,Regular Price,2.033333333333333,2.033333333333333,0.0
17457,4247.11,1869,9,2.665555555555556,15,-9.01011753069665,No Response,0.0,Regular Price,2.665555555555556,2.665555555555556,0.0
15421,2854.98,1427,6,2.647376425855513,21,-8.445049322373366,No Response,0.0,Regular Price,2.647376425855513,2.647376425855513,0.0
17990,896.77,363,3,2.7921428571428573,16,-9.193774763645342,No Response,0.0,Regular Price,2.7921428571428573,2.7921428571428573,0.0
13148,4814.56,2522,14,3.5464966740576496,25,-10.659657915975815,No Response,0.0,Regular Price,3.5464966740576496,3.5464966740576496,0.0
17364,7510.24,4772,17,3.3678915662650604,12,-9.142751606513638,No Response,0.0,Regular Price,3.3678915662650604,3.3678915662650604,0.0
13042,1488.59,812,3,3.1194565217391306,234,-5.190903579528237,No Response,0.0,Regular Price,3.1194565217391306,3.1194565217391306,0.0
12443,485.31,182,1,5.87047619047619,368,-14.912066009253536,No Response,0.0,Regular Price,5.87047619047619,5.87047619047619,0.0
15694,4331.41,981,12,4.517012987012987,1,-18.7737826014306,No Response,0.0,Regular Price,4.517012987012987,4.517012987012987,0.0
16717,3127.85,1360,9,3.398862275449102,2,-11.905588320865029,No Response,0.0,Regular Price,3.398862275449102,3.398862275449102,0.0
17231,3940.08,1957,15,3.0159850746268657,25,-7.437563703022478,No Response,0.0,Regular Price,3.0159850746268657,3.0159850746268657,0.0
16702,1110.83,692,4,3.681978021978022,51,-11.79265438850362,No Response,0.0,Regular Price,3.681978021978022,3.681978021978022,0.0
13267,5236.77,2135,18,3.474325581395349,2,-10.858556218412982,No Response,0.0,Regular Price,3.474325581395349,3.474325581395349,0.0
12540,8854.25,4334,16,3.955290102389079,14,-15.310917291213409,No Response,0.0,Regular Price,3.955290102389079,3.955290102389079,0.0
17270,601.4499999999999,420,2,2.758125,105,-6.504005615394775,No Response,0.0,Regular Price,2.758125,2.758125,0.0
13393,1131.45,662,4,4.150579710144927,219,-9.726351597580624,No Response,0.0,Regular Price,4.150579710144927,4.150579710144927,0.0
14113,5252.1900000000005,2694,12,2.745681818181818,11,-8.424293398930281,No Response,0.0,Regular Price,2.745681818181818,2.745681818181818,0.0
15369,6251.26,3288,11,1.9583050847457624,128,-2.5938080856277725,No Response,0.0,Regular Price,1.9583050847457624,1.9583050847457624,0.0
12358,2719.01,831,3,4.41603448275862,11,-19.054821363379617,No Response,0.0,Regular Price,4.41603448275862,4.41603448275862,0.0
18259,1979.6,676,5,3.077,2,-11.329089158361114,No Response,0.0,Regular Price,3.077,3.077,0.0
17047,1188.33,651,3,3.4251948051948053,67,-10.762939445948463,No Response,0.0,Regular Price,3.4251948051948053,3.4251948051948053,0.0
14136,1570.81,1148,5,2.843207547169812,36,-7.7547778410286545,No Response,0.0,Regular Price,2.843207547169812,2.843207547169812,0.0
16735,3970.0,2708,9,2.186067415730337,29,-4.309616030329068,No Response,0.0,Regular Price,2.186067415730337,2.186067415730337,0.0
14215,1626.61,927,4,3.559404761904762,4,-12.83920858019178,No Response,0.0,Regular Price,3.559404761904762,3.559404761904762,0.0
15971,1702.98,534,6,3.5442857142857145,21,-12.461530390664269,No Response,0.0,Regular Price,3.5442857142857145,3.5442857142857145,0.0
14295,2196.71,945,4,3.498507462686568,74,-11.654914452314618,No Response,0.0,Regular Price,3.498507462686568,3.498507462686568,0.0
13382,1164.59,732,4,2.3549295774647887,64,-5.2528146168730965,No Response,0.0,Regular Price,2.3549295774647887,2.3549295774647887,0.0
13025,323.39,241,1,2.1415384615384614,367,2.909708188737233,High Response,0.15,High Discount,2.1415384615384614,1.8203076923076922,0.3212307692307692
16013,20009.84,10344,39,2.48275,7,-6.793407482612555,No Response,0.0,Regular Price,2.48275,2.48275,0.0
14558,655.5,162,3,7.963333333333334,290,-26.299635742198912,No Response,0.0,Regular Price,7.963333333333334,7.963333333333334,0.0
18002,244.37,71,4,3.978679245283019,11,-13.981942448123188,No Response,0.0,Regular Price,3.978679245283019,3.978679245283019,0.0
17854,757.24,523,4,2.368932038834952,98,-4.164809112881152,No Response,0.0,Regular Price,2.368932038834952,2.368932038834952,0.0
15079,2871.74,1115,8,3.85,1,-14.472346312045955,No Response,0.0,Regular Price,3.85,3.85,0.0
16029,41184.3,16278,47,4.007304964539007,8,-34.624488906981014,No Response,0.0,Regular Price,4.007304964539007,4.007304964539007,0.0
18271,680.85,319,2,2.954285714285714,245,-4.1233111220882135,No Response,0.0,Regular Price,2.954285714285714,2.954285714285714,0.0
14290,2201.91,685,3,4.0122,49,-15.60107275217677,No Response,0.0,Regular Price,4.0122,4.0122,0.0
17268,970.25,551,7,2.827083333333333,81,-5.915431581755912,No Response,0.0,Regular Price,2.827083333333333,2.827083333333333,0.0
17067,454.54,322,3,2.1592307692307693,360,3.3416892939911813,High Response,0.15,High Discount,2.1592307692307693,1.8353461538461537,0.32388461538461555
16560,2206.9700000000003,1103,6,4.203591549295775,33,-14.972118943520629,No Response,0.0,Regular Price,4.203591549295775,4.203591549295775,0.0
14861,1254.94,959,9,2.2635,16,-3.884558109835986,No Response,0.0,Regular Price,2.2635,2.2635,0.0
17371,236.97,130,3,2.427068965517241,259,-0.5405636943528247,No Response,0.0,Regular Price,2.427068965517241,2.427068965517241,0.0
18145,2748.19,2479,7,1.9643646408839777,18,-2.7231098301228425,No Response,0.0,Regular Price,1.9643646408839777,1.9643646408839777,0.0
16400,2755.92,1894,8,2.431428571428571,31,-5.344663832544027,No Response,0.0,Regular Price,2.431428571428571,2.431428571428571,0.0
15093,9729.09,7897,18,2.317142857142857,8,-1.570653425213994,No Response,0.0,Regular Price,2.317142857142857,2.317142857142857,0.0
13643,1637.33,629,7,4.339324324324324,18,-15.589910395386225,No Response,0.0,Regular Price,4.339324324324324,4.339324324324324,0.0
17852,543.47,319,3,1.7635714285714288,24,-3.6663677058152224,No Response,0.0,Regular Price,1.7635714285714288,1.7635714285714288,0.0
15456,1656.93,2094,7,2.1531952662721894,39,-1.9933115791298768,No Response,0.0,Regular Price,2.1531952662721894,2.1531952662721894,0.0
13571,2448.32,1434,14,2.1102102102102105,18,-2.2867043168033927,No Response,0.0,Regular Price,2.1102102102102105,2.1102102102102105,0.0
16732,3783.89,2097,3,4.632590673575129,39,-18.65727687617119,No Response,0.0,Regular Price,4.632590673575129,4.632590673575129,0.0
16940,3377.78,2334,5,1.9781172839506167,86,-3.1134551000115307,No Response,0.0,Regular Price,1.9781172839506167,1.9781172839506167,0.0
15162,312.9,74,1,4.633333333333334,367,-9.06686166449807,No Response,0.0,Regular Price,4.633333333333334,4.633333333333334,0.0
18203,332.1,68,3,5.452,17,-21.256933990874263,No Response,0.0,Regular Price,5.452,5.452,0.0
14494,261.9,118,2,1.986,37,-4.671322440431542,No Response,0.0,Regular Price,1.986,1.986,0.0
17978,1159.99,1297,4,3.293731343283582,1,-10.17627458980645,No Response,0.0,Regular Price,3.293731343283582,3.293731343283582,0.0
15031,2449.75,1176,10,2.7529122807017545,30,-7.00405246912438,No Response,0.0,Regular Price,2.7529122807017545,2.7529122807017545,0.0
14085,5607.43,3363,16,2.954761904761905,4,-7.361934685193782,No Response,0.0,Regular Price,2.954761904761905,2.954761904761905,0.0
17230,5750.08,2102,10,3.9992567567567567,199,-12.160561624319564,No Response,0.0,Regular Price,3.9992567567567567,3.9992567567567567,0.0
13410,1198.9,726,4,2.405,29,-6.4631061986401885,No Response,0.0,Regular Price,2.405,2.405,0.0
14063,22710.2,3850,9,336.08875,74,-1595.8705838404603,No Response,0.0,Regular Price,336.08875,336.08875,0.0
12785,788.45,322,2,5.525,171,-18.253461968900563,No Response,0.0,Regular Price,5.525,5.525,0.0
13081,30867.77,22355,19,2.034458646616541,7,-7.015627888965451,No Response,0.0,Regular Price,2.034458646616541,2.034458646616541,0.0
14605,921.56,416,4,3.381203703703704,10,-11.667569714327575,No Response,0.0,Regular Price,3.381203703703704,3.381203703703704,0.0
14285,1374.41,413,4,4.3685294117647056,149,-13.449700622093715,No Response,0.0,Regular Price,4.3685294117647056,4.3685294117647056,0.0
16892,236.56,131,2,3.9115,190,-9.656491139419126,No Response,0.0,Regular Price,3.9115,3.9115,0.0
16805,630.75,581,3,2.332384105960265,213,-1.0687776808936675,No Response,0.0,Regular Price,2.332384105960265,2.332384105960265,0.0
13204,966.66,428,1,4.161052631578947,367,-7.256357258941707,No Response,0.0,Regular Price,4.161052631578947,4.161052631578947,0.0
15924,102.82,103,1,3.564,367,-3.652619996758301,No Response,0.0,Regular Price,3.564,3.564,0.0
15823,3882.17,1774,3,3.644903225806452,8,-15.626546146444811,No Response,0.0,Regular Price,3.644903225806452,3.644903225806452,0.0
13576,4834.400000000001,1968,11,3.759738562091503,9,-14.318602914134136,No Response,0.0,Regular Price,3.759738562091503,3.759738562091503,0.0
17178,432.96,100,1,5.310967741935484,367,-12.389842824052868,No Response,0.0,Regular Price,5.310967741935484,5.310967741935484,0.0
13798,38683.02,24399,54,2.4644235924932976,8,-4.798733644921324,No Response,0.0,Regular Price,2.4644235924932976,2.4644235924932976,0.0
18275,741.85,417,2,2.488947368421053,214,-2.6585568230181646,No Response,0.0,Regular Price,2.488947368421053,2.488947368421053,0.0
13855,1310.34,575,4,3.15054794520548,136,-7.660988806796997,No Response,0.0,Regular Price,3.15054794520548,3.15054794520548,0.0
15298,4659.47,3170,12,2.2028000000000003,2,-4.2025350398105,No Response,0.0,Regular Price,2.2028000000000003,2.2028000000000003,0.0
15674,4501.63,2373,8,3.47379746835443,53,-11.633786861922736,No Response,0.0,Regular Price,3.47379746835443,3.47379746835443,0.0
14679,1289.44,794,3,3.1695238095238096,17,-10.751828417520445,No Response,0.0,Regular Price,3.1695238095238096,3.1695238095238096,0.0
16253,3588.34,2797,5,2.150747126436782,56,-4.150349002625193,No Response,0.0,Regular Price,2.150747126436782,2.150747126436782,0.0
13883,3885.54,2148,10,3.068735632183908,39,-8.753076014853983,No Response,0.0,Regular Price,3.068735632183908,3.068735632183908,0.0
13557,2448.2,1852,11,2.203287671232877,51,-2.190908803080576,No Response,0.0,Regular Price,2.203287671232877,2.203287671232877,0.0
16204,534.53,453,2,2.406862745098039,16,-6.9896769705790245,No Response,0.0,Regular Price,2.406862745098039,2.406862745098039,0.0
15633,4335.96,2048,13,3.376590909090909,145,-7.256750606451537,No Response,0.0,Regular Price,3.376590909090909,3.376590909090909,0.0
15203,2572.38,2429,9,1.4293034825870647,26,0.9430565241468108,High Response,0.15,High Discount,1.4293034825870647,1.214907960199005,0.2143955223880598
13136,3666.95,1781,8,2.942712765957447,11,-9.994829149786714,No Response,0.0,Regular Price,2.942712765957447,2.942712765957447,0.0
15181,510.72,144,2,3.535,56,-11.797223713663207,No Response,0.0,Regular Price,3.535,3.535,0.0
17188,2118.7000000000003,1241,6,2.6913636363636364,82,-6.205073032737435,No Response,0.0,Regular Price,2.6913636363636364,2.6913636363636364,0.0
13455,1847.59,631,5,4.535204081632653,2,-18.0256205726116,No Response,0.0,Regular Price,4.535204081632653,4.535204081632653,0.0
13114,234.38,74,1,5.59625,366,-13.471457958128404,No Response,0.0,Regular Price,5.59625,5.59625,0.0
13768,875.97,373,2,3.4466666666666668,362,-3.617458182885716,No Response,0.0,Regular Price,3.4466666666666668,3.4466666666666668,0.0
14291,4020.85,3397,12,2.1691439688715954,16,-2.1769810356166914,No Response,0.0,Regular Price,2.1691439688715954,2.1691439688715954,0.0
12712,2797.53,1287,10,4.333216783216783,1,-15.520104664973347,No Response,0.0,Regular Price,4.333216783216783,4.333216783216783,0.0
14732,2814.58,868,11,4.655846153846154,28,-16.795382267394853,No Response,0.0,Regular Price,4.655846153846154,4.655846153846154,0.0
13202,1580.3,572,7,4.971014492753623,30,-18.25301493398472,No Response,0.0,Regular Price,4.971014492753623,4.971014492753623,0.0
16945,4202.66,3164,14,1.9749333333333328,29,-0.9289730218198072,No Response,0.0,Regular Price,1.9749333333333328,1.9749333333333328,0.0
12487,285.29999999999995,174,1,2.0,366,3.479898428514783,High Response,0.15,High Discount,2.0,1.7,0.30000000000000004
13672,233.53000000000003,81,1,3.4075,366,-3.206146289661808,No Response,0.0,Regular Price,3.4075,3.4075,0.0
17929,2239.1,326,8,6.955,23,-28.92278297545519,No Response,0.0,Regular Price,6.955,6.955,0.0
16771,1706.99,821,5,3.1355844155844155,93,-8.509320989592148,No Response,0.0,Regular Price,3.1355844155844155,3.1355844155844155,0.0
16782,7732.37,3407,26,2.9485446313065977,1,-7.078756125556307,No Response,0.0,Regular Price,2.9485446313065977,2.9485446313065977,0.0
18051,2282.28,1661,7,1.962,270,3.004780410092857,High Response,0.15,High Discount,1.962,1.6677,0.2943
16912,1904.93,664,4,4.757777777777778,57,-18.052783783155107,No Response,0.0,Regular Price,4.757777777777778,4.757777777777778,0.0
12924,1535.7,942,8,2.069318181818182,29,-3.517765739359482,No Response,0.0,Regular Price,2.069318181818182,2.069318181818182,0.0
15403,170.88,492,2,0.415,127,5.896643798290224,High Response,0.15,High Discount,0.415,0.35274999999999995,0.06225000000000003
14173,135.16,44,2,5.12,277,-13.061744783881466,No Response,0.0,Regular Price,5.12,5.12,0.0
14211,2161.19,1333,9,2.6903125,47,-5.863140375934443,No Response,0.0,Regular Price,2.6903125,2.6903125,0.0
14593,3048.38,1518,9,2.6621739130434783,33,-7.212767777804513,No Response,0.0,Regular Price,2.6621739130434783,2.6621739130434783,0.0
16802,582.61,369,2,1.8016981132075471,315,3.3492587605668245,High Response,0.15,High Discount,1.8016981132075471,1.5314433962264151,0.270254716981132
15302,308.0,102,1,4.966666666666667,366,-10.591254131652091,No Response,0.0,Regular Price,4.966666666666667,4.966666666666667,0.0
16709,6026.14,2410,9,4.288026905829597,15,-18.521085895658462,No Response,0.0,Regular Price,4.288026905829597,4.288026905829597,0.0
17954,1618.93,1021,9,2.652740213523132,3,-6.530265555544254,No Response,0.0,Regular Price,2.652740213523132,2.652740213523132,0.0
13727,740.6700000000001,206,6,6.9025396825396825,247,-21.36644748533476,No Response,0.0,Regular Price,6.9025396825396825,6.9025396825396825,0.0
15911,1700.24,810,8,2.80484496124031,259,-1.532878021234711,No Response,0.0,Regular Price,2.80484496124031,2.80484496124031,0.0
14990,304.17,129,2,2.347857142857143,248,-0.9472200161737744,No Response,0.0,Regular Price,2.347857142857143,2.347857142857143,0.0
16705,29480.061,16826,22,3.4770570071258904,36,-20.31696536421561,No Response,0.0,Regular Price,3.4770570071258904,3.4770570071258904,0.0
13141,5267.33,3611,12,2.2773702422145328,21,-4.215119774728273,No Response,0.0,Regular Price,2.2773702422145328,2.2773702422145328,0.0
12709,21107.94,9999,20,4.1272413793103455,2,-24.319018416517245,No Response,0.0,Regular Price,4.1272413793103455,4.1272413793103455,0.0
14171,135.0,44,1,3.2566666666666664,366,-2.407513044905801,No Response,0.0,Regular Price,3.2566666666666664,3.2566666666666664,0.0
13983,4479.82,2962,10,2.293175965665236,2,-5.488017950667954,No Response,0.0,Regular Price,2.293175965665236,2.293175965665236,0.0
17296,338.13,216,1,3.890909090909091,366,-5.381950983310125,No Response,0.0,Regular Price,3.890909090909091,3.890909090909091,0.0
17631,470.16,257,4,3.344666666666667,10,-11.053384575563054,No Response,0.0,Regular Price,3.344666666666667,3.344666666666667,0.0
17449,2348.94,1362,6,2.6400974025974024,23,-7.642344379984117,No Response,0.0,Regular Price,2.6400974025974024,2.6400974025974024,0.0
17184,198.41000000000005,73,2,3.952142857142857,205,-9.507277762857456,No Response,0.0,Regular Price,3.952142857142857,3.952142857142857,0.0
14107,2174.07,1696,4,2.846371681415929,84,-6.844516424732113,No Response,0.0,Regular Price,2.846371681415929,2.846371681415929,0.0
12917,3765.2,984,5,3.61875,36,-15.361541627428483,No Response,0.0,Regular Price,3.61875,3.61875,0.0
16755,1389.25,927,4,2.3118181818181816,103,-4.0356274340380205,No Response,0.0,Regular Price,2.3118181818181816,2.3118181818181816,0.0
13825,255.59,182,2,2.7575,257,-2.4484868436441856,No Response,0.0,Regular Price,2.7575,2.7575,0.0
13770,785.37,468,4,3.45125,58,-10.423790631332896,No Response,0.0,Regular Price,3.45125,3.45125,0.0
14505,6019.65,2586,11,3.0991898734177217,40,-11.195540992483746,No Response,0.0,Regular Price,3.0991898734177217,3.0991898734177217,0.0
15441,1254.21,587,3,3.518771929824561,32,-12.342294777016448,No Response,0.0,Regular Price,3.518771929824561,3.518771929824561,0.0
16933,2536.07,1245,7,3.0666386554621847,25,-9.748569962570013,No Response,0.0,Regular Price,3.0666386554621847,3.0666386554621847,0.0
13426,4526.06,2623,12,2.1516129032258062,18,-4.388952723122922,No Response,0.0,Regular Price,2.1516129032258062,2.1516129032258062,0.0
17043,858.47,618,4,3.712268041237113,11,-12.694411108038162,No Response,0.0,Regular Price,3.712268041237113,3.712268041237113,0.0
13498,327.38,362,1,2.2652941176470587,366,2.5327265778119665,High Response,0.15,High Discount,2.2652941176470587,1.9254999999999998,0.3397941176470589
16186,5019.17,3805,15,1.9708143322475569,8,-1.1898808612596596,No Response,0.0,Regular Price,1.9708143322475569,1.9708143322475569,0.0
18065,3473.8,1238,15,4.847919075144509,24,-16.663163122543317,No Response,0.0,Regular Price,4.847919075144509,4.847919075144509,0.0
17880,366.0,152,2,2.981578947368421,275,-3.273694816669047,No Response,0.0,Regular Price,2.981578947368421,2.981578947368421,0.0
13848,2080.0,6500,6,0.32,2,13.112037594477789,High Response,0.15,High Discount,0.32,0.272,0.04799999999999999
15077,2428.08,528,2,5.1396875,130,-19.842874318332008,No Response,0.0,Regular Price,5.1396875,5.1396875,0.0
13728,1839.03,811,10,4.68,23,-15.902149338769195,No Response,0.0,Regular Price,4.68,4.68,0.0
15209,178.98000000000002,94,1,3.483846153846154,366,-3.447539300057462,No Response,0.0,Regular Price,3.483846153846154,3.483846153846154,0.0
15841,1518.35,1449,5,2.164222222222222,22,-4.265404885620821,No Response,0.0,Regular Price,2.164222222222222,2.164222222222222,0.0
14134,11123.35,5814,15,3.354111111111111,18,-13.67482697306159,No Response,0.0,Regular Price,3.354111111111111,3.354111111111111,0.0
15465,5281.53,1506,15,4.502606060606061,5,-18.02937889344195,No Response,0.0,Regular Price,4.502606060606061,4.502606060606061,0.0
17603,1393.66,564,3,3.3053684210526315,253,-5.892996529242371,No Response,0.0,Regular Price,3.3053684210526315,3.3053684210526315,0.0
16143,2485.89,1092,7,3.17827868852459,5,-11.003405789139457,No Response,0.0,Regular Price,3.17827868852459,3.17827868852459,0.0
14942,746.56,354,4,2.4968421052631578,37,-6.655206467425115,No Response,0.0,Regular Price,2.4968421052631578,2.4968421052631578,0.0
14293,2221.37,1021,6,3.5278082191780817,4,-12.74215555193427,No Response,0.0,Regular Price,3.5278082191780817,3.5278082191780817,0.0
17861,2990.41,2556,10,2.091002949852508,21,-2.3563671270429367,No Response,0.0,Regular Price,2.091002949852508,2.091002949852508,0.0
15039,19960.3,8905,47,3.3463993710691824,4,-10.60044117963063,No Response,0.0,Regular Price,3.3463993710691824,3.3463993710691824,0.0
16843,9374.86,8343,19,2.3255963302752294,58,1.521031677366155,High Response,0.15,High Discount,2.3255963302752294,1.9767568807339448,0.34883944954128454
15858,2508.77,1751,9,2.8934364261168386,3,-7.721374736142416,No Response,0.0,Regular Price,2.8934364261168386,2.8934364261168386,0.0
17388,1415.81,1487,7,1.905,56,-1.1683406308768154,No Response,0.0,Regular Price,1.905,1.905,0.0
15085,347.54,169,1,2.3233333333333333,365,1.826344910709778,High Response,0.15,High Discount,2.3233333333333333,1.9748333333333332,0.34850000000000003
13091,1976.0,873,2,52.00541666666666,365,-231.80973610336824,No Response,0.0,Regular Price,52.00541666666666,52.00541666666666,0.0
15642,105.78000000000002,270,1,0.4166666666666667,365,11.354667228748305,High Response,0.15,High Discount,0.4166666666666667,0.3541666666666667,0.0625
14099,2646.74,1487,9,2.493948339483395,11,-6.386116185024021,No Response,0.0,Regular Price,2.493948339483395,2.493948339483395,0.0
15854,2609.16,765,9,3.841949152542373,12,-14.0136289950055,No Response,0.0,Regular Price,3.841949152542373,3.841949152542373,0.0
12978,2502.82,1394,5,2.5976073619631905,21,-8.06803704585246,No Response,0.0,Regular Price,2.5976073619631905,2.5976073619631905,0.0
17027,433.07,229,3,7.289666666666666,82,-28.033993285774088,No Response,0.0,Regular Price,7.289666666666666,7.289666666666666,0.0
15889,1279.6,735,7,2.790436363636364,5,-7.87107185365962,No Response,0.0,Regular Price,2.790436363636364,2.790436363636364,0.0
16748,2121.43,1247,9,1.815416666666667,24,-2.462754858772654,No Response,0.0,Regular Price,1.815416666666667,1.815416666666667,0.0
16459,71.78999999999999,59,1,2.568,365,0.9261816608504008,High Response,0.15,High Discount,2.568,2.1828,0.3852000000000002
13173,2212.11,1318,10,2.9815816326530613,3,-8.102730749546948,No Response,0.0,Regular Price,2.9815816326530613,2.9815816326530613,0.0
15805,4660.75,2838,13,2.689608695652174,21,-6.258654026173998,No Response,0.0,Regular Price,2.689608695652174,2.689608695652174,0.0
15912,810.08,574,7,2.916447368421053,72,-6.2556066192381286,No Response,0.0,Regular Price,2.916447368421053,2.916447368421053,0.0
16596,329.48,130,3,3.641111111111112,2,-13.04008141777788,No Response,0.0,Regular Price,3.641111111111112,3.641111111111112,0.0
16663,165.0,100,1,1.65,365,5.1497154422652365,High Response,0.15,High Discount,1.65,1.4024999999999999,0.24750000000000005
12989,6627.64,3992,18,2.9887878787878788,60,-5.790166846084906,No Response,0.0,Regular Price,2.9887878787878788,2.9887878787878788,0.0
16985,5459.04,1271,13,12.026829268292683,12,-54.59498016587579,No Response,0.0,Regular Price,12.026829268292683,12.026829268292683,0.0
14648,4466.65,3265,15,2.116287703016241,52,-0.8598311024663934,No Response,0.0,Regular Price,2.116287703016241,2.116287703016241,0.0
15573,597.23,415,3,2.755438596491228,254,-2.254306334172213,No Response,0.0,Regular Price,2.755438596491228,2.755438596491228,0.0
15367,3203.74,1887,7,2.766521739130435,54,-7.456323303801988,No Response,0.0,Regular Price,2.766521739130435,2.766521739130435,0.0
14895,13980.83,5863,18,4.8356467661691545,19,-24.116801726333264,No Response,0.0,Regular Price,4.8356467661691545,4.8356467661691545,0.0
14062,15120.8,7201,12,3.0029694323144107,10,-17.338316761004165,No Response,0.0,Regular Price,3.0029694323144107,3.0029694323144107,0.0
15157,718.04,1074,2,1.3829629629629632,205,3.604203734125352,High Response,0.15,High Discount,1.3829629629629632,1.1755185185185186,0.20744444444444454
15623,2136.02,962,7,3.78314606741573,29,-12.883899034801882,No Response,0.0,Regular Price,3.78314606741573,3.78314606741573,0.0
13831,4795.09,1810,13,4.772142857142858,5,-18.64775332277318,No Response,0.0,Regular Price,4.772142857142858,4.772142857142858,0.0
14626,2619.65,1732,7,2.4916363636363634,31,-6.093080013965461,No Response,0.0,Regular Price,2.4916363636363634,2.4916363636363634,0.0
15032,8821.55,5291,7,2.0979452054794523,2,-8.417294996821438,No Response,0.0,Regular Price,2.0979452054794523,2.0979452054794523,0.0
16670,3934.25,1978,9,3.172103004291845,29,-10.286493246748789,No Response,0.0,Regular Price,3.172103004291845,3.172103004291845,0.0
15882,979.62,538,6,1.979423076923077,4,-4.360586547440278,No Response,0.0,Regular Price,1.979423076923077,1.979423076923077,0.0
17032,2984.32,1667,8,3.2261181434599155,183,-5.949131399262915,No Response,0.0,Regular Price,3.2261181434599155,3.2261181434599155,0.0
12979,517.7,520,1,2.350892857142857,365,2.0959027862481063,High Response,0.15,High Discount,2.350892857142857,1.9982589285714285,0.3526339285714286
15738,8560.550000000001,6303,26,1.9627244582043344,8,1.9676055213010883,High Response,0.15,High Discount,1.9627244582043344,1.6683157894736842,0.2944086687306502
14043,302.6,152,2,2.6529268292682926,127,-5.464157539882317,No Response,0.0,Regular Price,2.6529268292682926,2.6529268292682926,0.0
17675,17885.32,8056,40,3.325342789598109,3,-11.371212913504856,No Response,0.0,Regular Price,3.325342789598109,3.325342789598109,0.0
15916,1874.83,931,7,3.703095238095238,2,-12.833755732775144,No Response,0.0,Regular Price,3.703095238095238,3.703095238095238,0.0
16901,204.26,42,1,6.1256521739130445,365,-15.988658350793806,No Response,0.0,Regular Price,6.1256521739130445,6.1256521739130445,0.0
12933,1029.1,450,5,3.3950273224043714,16,-11.311258793521056,No Response,0.0,Regular Price,3.3950273224043714,3.3950273224043714,0.0
14507,1848.86,897,5,3.5706134969325154,14,-12.682490318402674,No Response,0.0,Regular Price,3.5706134969325154,3.5706134969325154,0.0
17696,5393.88,4135,19,2.07944,18,0.0922120012087308,High Response,0.15,High Discount,2.07944,1.7675239999999999,0.3119160000000001
18276,1320.66,1060,5,2.287125,28,-5.112102270727764,No Response,0.0,Regular Price,2.287125,2.287125,0.0
14030,5839.46,2834,14,3.920279146141215,2,-14.107402111700347,No Response,0.0,Regular Price,3.920279146141215,3.920279146141215,0.0
14081,4369.47,3041,9,2.683971166448231,5,-7.281721520050309,No Response,0.0,Regular Price,2.683971166448231,2.683971166448231,0.0
17351,1401.08,270,9,5.517857142857143,63,-19.489797289589625,No Response,0.0,Regular Price,5.517857142857143,5.517857142857143,0.0
16798,841.16,205,3,4.208934911242603,190,-11.534274349455792,No Response,0.0,Regular Price,4.208934911242603,4.208934911242603,0.0
17512,2542.83,2681,8,1.866739130434783,88,0.6614201855705488,High Response,0.15,High Discount,1.866739130434783,1.5867282608695654,0.2800108695652175
13542,3959.49,804,17,5.561480362537765,12,-21.211159677062398,No Response,0.0,Regular Price,5.561480362537765,5.561480362537765,0.0
16905,1923.57,640,11,4.0995419847328245,7,-13.692889326343831,No Response,0.0,Regular Price,4.0995419847328245,4.0995419847328245,0.0
15494,2422.02,1913,3,2.077479674796748,114,-2.836309869338016,No Response,0.0,Regular Price,2.077479674796748,2.077479674796748,0.0
14702,3427.44,1601,13,3.637568306010929,1,-11.565538754515648,No Response,0.0,Regular Price,3.637568306010929,3.637568306010929,0.0
17165,1635.64,688,5,4.442555555555556,17,-16.73912583201221,No Response,0.0,Regular Price,4.442555555555556,4.442555555555556,0.0
16293,2408.96,1040,6,3.874308943089431,3,-14.66640924858666,No Response,0.0,Regular Price,3.874308943089431,3.874308943089431,0.0
15769,32451.6,19432,21,1.7265957446808509,7,-13.13582375020316,No Response,0.0,Regular Price,1.7265957446808509,1.7265957446808509,0.0
18172,9905.56,4223,32,4.257727272727273,23,-12.402733918849696,No Response,0.0,Regular Price,4.257727272727273,4.257727272727273,0.0
18268,1464.73,709,5,3.0954545454545457,227,-4.662981951358891,No Response,0.0,Regular Price,3.0954545454545457,3.0954545454545457,0.0
14519,203.14,81,2,2.8023684210526314,319,-1.1608589405349656,No Response,0.0,Regular Price,2.8023684210526314,2.8023684210526314,0.0
14191,132.9,62,2,2.95,30,-9.261199301180271,No Response,0.0,Regular Price,2.95,2.95,0.0
13077,2326.35,1909,8,2.1534763948497853,2,-4.049610313232861,No Response,0.0,Regular Price,2.1534763948497853,2.1534763948497853,0.0
14643,986.08,562,3,3.956774193548387,253,-8.268463312980986,No Response,0.0,Regular Price,3.956774193548387,3.956774193548387,0.0
12957,4689.43,2137,5,3.8642857142857134,177,-12.15673167007215,No Response,0.0,Regular Price,3.8642857142857134,3.8642857142857134,0.0
14577,504.44,216,3,2.696440677966102,30,-8.014812760599181,No Response,0.0,Regular Price,2.696440677966102,2.696440677966102,0.0
17409,7021.66,3984,8,2.945604395604396,57,-10.124327976208232,No Response,0.0,Regular Price,2.945604395604396,2.945604395604396,0.0
16470,1664.08,813,7,2.5227302631578947,32,-6.406683247125871,No Response,0.0,Regular Price,2.5227302631578947,2.5227302631578947,0.0
16191,10497.3,5997,11,3.198469387755102,11,-13.243286408123083,No Response,0.0,Regular Price,3.198469387755102,3.198469387755102,0.0
17344,299.74,135,1,2.656111111111111,364,0.2555400223225121,High Response,0.15,High Discount,2.656111111111111,2.2576944444444442,0.39841666666666686
16365,1766.78,631,7,4.430759493670886,3,-16.618611035564058,No Response,0.0,Regular Price,4.430759493670886,4.430759493670886,0.0
13418,6055.47,3670,15,2.84953125,8,-7.293988163391088,No Response,0.0,Regular Price,2.84953125,2.84953125,0.0
12854,1654.72,1004,4,3.055263157894737,197,-5.3740771611323055,No Response,0.0,Regular Price,3.055263157894737,3.055263157894737,0.0
15197,797.9,589,3,2.1203703703703702,30,-5.081027385198312,No Response,0.0,Regular Price,2.1203703703703702,2.1203703703703702,0.0
13953,3125.0,2500,5,1.25,45,-0.0222634505406063,No Response,0.0,Regular Price,1.25,1.25,0.0
14298,39667.19,41929,38,1.6852241238793806,11,25.29721845452582,High Response,0.15,High Discount,1.6852241238793806,1.4324405052974734,0.25278361858190723
16952,628.22,251,3,3.170985915492958,77,-9.157456191729905,No Response,0.0,Regular Price,3.170985915492958,3.170985915492958,0.0
13415,784.17,496,4,2.5163366336633666,108,-4.693332175410647,No Response,0.0,Regular Price,2.5163366336633666,2.5163366336633666,0.0
13668,6638.650000000001,2374,14,4.066860068259385,19,-16.578809359958427,No Response,0.0,Regular Price,4.066860068259385,4.066860068259385,0.0
14790,1781.56,1943,6,1.9124242424242424,10,-2.496995255829097,No Response,0.0,Regular Price,1.9124242424242424,1.9124242424242424,0.0
17487,160.55,37,1,6.0625,364,-15.65571167413451,No Response,0.0,Regular Price,6.0625,6.0625,0.0
17958,465.42,200,1,3.2506896551724136,364,-2.67869155080371,No Response,0.0,Regular Price,3.2506896551724136,3.2506896551724136,0.0
17754,2786.57,2550,8,1.4304477611940298,10,0.0227038668399899,High Response,0.15,High Discount,1.4304477611940298,1.2158805970149253,0.21456716417910449
15898,4129.26,1820,22,3.617353433835846,3,-8.754764870249275,No Response,0.0,Regular Price,3.617353433835846,3.617353433835846,0.0
14130,1377.86,958,3,2.0307142857142857,11,-5.402671837266155,No Response,0.0,Regular Price,2.0307142857142857,2.0307142857142857,0.0
17860,717.39,696,4,2.646543209876543,4,-7.498199234316831,No Response,0.0,Regular Price,2.646543209876543,2.646543209876543,0.0
12664,1188.16,292,2,12.7225,150,-53.229031410427964,No Response,0.0,Regular Price,12.7225,12.7225,0.0
16719,2174.13,1327,8,3.6022916666666664,4,-11.66026732738282,No Response,0.0,Regular Price,3.6022916666666664,3.6022916666666664,0.0
16442,282.68,137,2,2.599473684210526,240,-2.281541729413537,No Response,0.0,Regular Price,2.599473684210526,2.599473684210526,0.0
13317,4212.411,2114,13,3.55655,21,-10.978721570590393,No Response,0.0,Regular Price,3.55655,3.55655,0.0
15196,313.7,130,2,2.4428571428571426,68,-6.070521170134004,No Response,0.0,Regular Price,2.4428571428571426,2.4428571428571426,0.0
15956,617.6,278,2,2.05,187,-1.36567865722275,No Response,0.0,Regular Price,2.05,2.05,0.0
15169,569.22,356,2,2.35,18,-6.91785593168669,No Response,0.0,Regular Price,2.35,2.35,0.0
14685,4536.64,1969,8,3.2058823529411766,212,-7.102271235442741,No Response,0.0,Regular Price,3.2058823529411766,3.2058823529411766,0.0
15503,116.26,60,1,2.0354901960784315,362,3.270127715760195,High Response,0.15,High Discount,2.0354901960784315,1.7301666666666666,0.3053235294117649
13026,757.72,846,4,1.5095238095238095,124,1.1606146413963172,High Response,0.15,High Discount,1.5095238095238095,1.283095238095238,0.22642857142857142
15144,5579.87,2201,12,3.486060606060606,15,-13.291989359823951,No Response,0.0,Regular Price,3.486060606060606,3.486060606060606,0.0
12843,4881.1,2247,22,4.808448275862069,18,-14.366971632607832,No Response,0.0,Regular Price,4.808448275862069,4.808448275862069,0.0
14161,2182.46,1158,5,2.545276381909548,5,-8.162469869070787,No Response,0.0,Regular Price,2.545276381909548,2.545276381909548,0.0
17172,638.81,735,2,1.0979166666666669,66,0.8103197379614131,High Response,0.15,High Discount,1.0979166666666669,0.9332291666666668,0.1646875000000001
16830,881.59,435,3,3.223846153846154,78,-9.44365171709589,No Response,0.0,Regular Price,3.223846153846154,3.223846153846154,0.0
16127,145.06,68,1,2.806285714285714,362,-0.3720763347476632,No Response,0.0,Regular Price,2.806285714285714,2.806285714285714,0.0
17539,1176.84,708,4,2.900833333333333,253,-2.9787376023044354,No Response,0.0,Regular Price,2.900833333333333,2.900833333333333,0.0
15944,1839.14,809,3,3.5765625,29,-13.233795129506904,No Response,0.0,Regular Price,3.5765625,3.5765625,0.0
17211,1729.43,1022,6,2.6486746987951806,5,-7.777548994073117,No Response,0.0,Regular Price,2.6486746987951806,2.6486746987951806,0.0
14514,3389.84,1798,6,2.43004,72,-6.275758644745961,No Response,0.0,Regular Price,2.43004,2.43004,0.0
17066,228.34,93,1,2.717777777777778,362,-0.0477460059633552,No Response,0.0,Regular Price,2.717777777777778,2.717777777777778,0.0
15850,771.87,1036,4,2.196605504587156,12,-4.6137741837185935,No Response,0.0,Regular Price,2.196605504587156,2.196605504587156,0.0
17290,974.95,742,6,2.9068,17,-7.962543973603028,No Response,0.0,Regular Price,2.9068,2.9068,0.0
13735,6879.2300000000005,3007,9,3.1107079646017697,12,-13.346368353677615,No Response,0.0,Regular Price,3.1107079646017697,3.1107079646017697,0.0
12681,17080.74,10060,24,2.8506045949214025,3,-9.971517265076228,No Response,0.0,Regular Price,2.8506045949214025,2.8506045949214025,0.0
17802,3761.38,2028,8,2.135328282828283,8,-5.9687646311227045,No Response,0.0,Regular Price,2.135328282828283,2.135328282828283,0.0
15628,2782.02,1925,9,2.622944785276074,2,-6.597640968759419,No Response,0.0,Regular Price,2.622944785276074,2.622944785276074,0.0
15446,399.75,265,3,2.053035714285714,12,-5.198434945655904,No Response,0.0,Regular Price,2.053035714285714,2.053035714285714,0.0
14525,3810.64,2469,8,2.5468442622950818,64,-5.669839389999472,No Response,0.0,Regular Price,2.5468442622950818,2.5468442622950818,0.0
14751,126.45,65,2,2.635714285714286,320,-0.2577969337556602,No Response,0.0,Regular Price,2.635714285714286,2.635714285714286,0.0
12683,4220.21,2696,8,2.9263959390862944,1,-9.32114157256542,No Response,0.0,Regular Price,2.9263959390862944,2.9263959390862944,0.0
13087,313.64,86,1,5.718,362,-14.254022647491492,No Response,0.0,Regular Price,5.718,5.718,0.0
15562,536.88,521,2,2.1446875,60,-4.493428252251238,No Response,0.0,Regular Price,2.1446875,2.1446875,0.0
17819,2907.65,818,6,3.297735849056604,7,-13.124856130293464,No Response,0.0,Regular Price,3.297735849056604,3.297735849056604,0.0
16409,3629.76,2360,7,2.5394117647058825,16,-7.168018603749222,No Response,0.0,Regular Price,2.5394117647058825,2.5394117647058825,0.0
14277,13009.61,87830,6,3.831337579617834,47,137.67918998872204,High Response,0.15,High Discount,3.831337579617834,3.256636942675159,0.574700636942675
14466,2374.5,1638,7,2.5813888888888887,8,-6.883657083320893,No Response,0.0,Regular Price,2.5813888888888887,2.5813888888888887,0.0
16725,1052.14,476,8,3.319078947368421,7,-10.040670911275328,No Response,0.0,Regular Price,3.319078947368421,3.319078947368421,0.0
17799,3207.76,1921,10,2.52066,25,-5.861039853951771,No Response,0.0,Regular Price,2.52066,2.52066,0.0
17910,261.7,121,1,3.044230769230769,362,-1.5777475606090614,No Response,0.0,Regular Price,3.044230769230769,3.044230769230769,0.0
16551,1315.0,1106,4,4.01625,59,-12.686404893590844,No Response,0.0,Regular Price,4.01625,4.01625,0.0
15577,137.15,31,2,4.15,359,-6.422724642264575,No Response,0.0,Regular Price,4.15,4.15,0.0
12346,372.86,70,11,6.253333333333334,165,-18.209202780218448,No Response,0.0,Regular Price,6.253333333333334,6.253333333333334,0.0
12439,1142.88,478,2,3.706478873239437,318,-6.215047372180423,No Response,0.0,Regular Price,3.706478873239437,3.706478873239437,0.0
13462,1002.35,635,4,2.394838709677419,46,-5.824363701952936,No Response,0.0,Regular Price,2.394838709677419,2.394838709677419,0.0
13872,919.57,339,3,4.236666666666667,163,-12.234042173880418,No Response,0.0,Regular Price,4.236666666666667,4.236666666666667,0.0
13013,7814.83,4239,18,2.996865671641791,7,-8.699373509635207,No Response,0.0,Regular Price,2.996865671641791,2.996865671641791,0.0
14977,31.93,17,1,2.46,361,1.3130978739305066,High Response,0.15,High Discount,2.46,2.0909999999999997,0.3690000000000002
12472,11308.48,7202,13,2.3936713286713287,5,-7.882162232579059,No Response,0.0,Regular Price,2.3936713286713287,2.3936713286713287,0.0
16769,755.51,215,3,5.415084745762712,114,-18.99018755011763,No Response,0.0,Regular Price,5.415084745762712,5.415084745762712,0.0
17075,1402.51,493,6,3.966967213114754,65,-12.87988615547571,No Response,0.0,Regular Price,3.966967213114754,3.966967213114754,0.0
16190,2508.4700000000003,1143,7,4.217964601769912,30,-15.1630989445502,No Response,0.0,Regular Price,4.217964601769912,4.217964601769912,0.0
14032,1874.68,1884,6,1.8627722772277229,2,-2.741581774488936,No Response,0.0,Regular Price,1.8627722772277229,1.8627722772277229,0.0
17825,701.96,516,4,2.367777777777778,234,-0.5566429584885899,No Response,0.0,Regular Price,2.367777777777778,2.367777777777778,0.0
15329,1909.13,731,8,4.594329896907216,10,-16.86740994246772,No Response,0.0,Regular Price,4.594329896907216,4.594329896907216,0.0
17908,1142.47,670,5,3.0338942307692305,9,-9.562747862063986,No Response,0.0,Regular Price,3.0338942307692305,3.0338942307692305,0.0
15534,162.25,63,1,3.7375,361,-4.797383309011973,No Response,0.0,Regular Price,3.7375,3.7375,0.0
16327,6874.97,5956,11,2.148067092651757,5,-2.524104874748564,No Response,0.0,Regular Price,2.148067092651757,2.148067092651757,0.0
15920,401.64,139,5,4.184255319148936,60,-13.42613202621009,No Response,0.0,Regular Price,4.184255319148936,4.184255319148936,0.0
12613,3472.99,2513,5,2.9778612716763004,24,-9.212840684720804,No Response,0.0,Regular Price,2.9778612716763004,2.9778612716763004,0.0
17318,157.32999999999998,59,1,3.4776470588235293,361,-3.5800237436983764,No Response,0.0,Regular Price,3.4776470588235293,3.4776470588235293,0.0
17965,4558.01,2908,17,3.0857864077669905,1,-6.81043125587634,No Response,0.0,Regular Price,3.0857864077669905,3.0857864077669905,0.0
14401,2744.42,1894,9,2.5958333333333337,60,-4.965278720054939,No Response,0.0,Regular Price,2.5958333333333337,2.5958333333333337,0.0
15188,310.43,233,1,2.6047826086956523,361,0.5908196758956556,High Response,0.15,High Discount,2.6047826086956523,2.2140652173913042,0.390717391304348
16019,13542.92,5226,18,3.897448559670782,17,-20.28322032039419,No Response,0.0,Regular Price,3.897448559670782,3.897448559670782,0.0
12926,1523.97,754,4,2.5360305343511453,47,-7.097479444914689,No Response,0.0,Regular Price,2.5360305343511453,2.5360305343511453,0.0
17623,1838.72,534,6,4.765031055900621,45,-17.78271665454038,No Response,0.0,Regular Price,4.765031055900621,4.765031055900621,0.0
15015,2354.97,1584,13,2.119761904761905,137,0.8206660031710413,High Response,0.15,High Discount,2.119761904761905,1.8017976190476193,0.3179642857142857
14796,2865.05,1627,11,2.280559610705596,2,-4.954327422663349,No Response,0.0,Regular Price,2.280559610705596,2.280559610705596,0.0
14042,431.98,180,1,3.74,361,-5.031110464120252,No Response,0.0,Regular Price,3.74,3.74,0.0
15867,5224.81,3061,17,3.336621392190153,5,-8.695091738490174,No Response,0.0,Regular Price,3.336621392190153,3.336621392190153,0.0
16125,4292.35,1819,14,3.613554006968641,3,-12.039946205041907,No Response,0.0,Regular Price,3.613554006968641,3.613554006968641,0.0
13591,976.81,365,4,4.62046511627907,71,-16.081671838785354,No Response,0.0,Regular Price,4.62046511627907,4.62046511627907,0.0
16280,238.05,101,1,3.80625,361,-5.171792612759358,No Response,0.0,Regular Price,3.80625,3.80625,0.0
12920,323.86,292,3,2.421875,207,-1.6936909877710216,No Response,0.0,Regular Price,2.421875,2.421875,0.0
17866,805.3000000000001,361,2,3.911764705882353,120,-11.97228464785726,No Response,0.0,Regular Price,3.911764705882353,3.911764705882353,0.0
13577,1801.68,870,7,3.456,18,-11.258618765371413,No Response,0.0,Regular Price,3.456,3.456,0.0
16064,109.31,55,1,2.703529411764706,361,0.1175341700286165,High Response,0.15,High Discount,2.703529411764706,2.298,0.4055294117647059
17416,10405.03,4467,15,3.4682012195121947,29,-15.345024455637834,No Response,0.0,Regular Price,3.4682012195121947,3.4682012195121947,0.0
15640,11411.92,5748,15,2.923942652329749,8,-12.528457798073669,No Response,0.0,Regular Price,2.923942652329749,2.923942652329749,0.0
12992,93.35,21,1,4.55,361,-8.569288513991719,No Response,0.0,Regular Price,4.55,4.55,0.0
15672,45.3,10,1,6.883333333333333,361,-19.43801045191322,No Response,0.0,Regular Price,6.883333333333333,6.883333333333333,0.0
13000,497.65,169,1,4.106451612903226,361,-6.878055545706271,No Response,0.0,Regular Price,4.106451612903226,4.106451612903226,0.0
17012,360.61,251,1,2.201111111111111,361,2.432658977871984,High Response,0.15,High Discount,2.201111111111111,1.8709444444444443,0.3301666666666667
16098,2435.67,1529,8,3.189052631578947,9,-9.63861633364534,No Response,0.0,Regular Price,3.189052631578947,3.189052631578947,0.0
16554,2004.62,944,5,3.806434782608696,22,-13.747743707707937,No Response,0.0,Regular Price,3.806434782608696,3.806434782608696,0.0
13004,5994.94,3946,18,2.633090024330901,22,-4.144353439730288,No Response,0.0,Regular Price,2.633090024330901,2.633090024330901,0.0
15838,40519.92,46296,16,1.4942857142857142,3,24.71951482211357,High Response,0.15,High Discount,1.4942857142857142,1.270142857142857,0.2241428571428572
17572,496.2600000000001,256,7,2.4079166666666665,9,-5.601774841416932,No Response,0.0,Regular Price,2.4079166666666665,2.4079166666666665,0.0
13902,34095.26,220600,5,0.826984126984127,268,379.9890846906676,High Response,0.15,High Discount,0.826984126984127,0.702936507936508,0.12404761904761907
17213,2401.07,1003,7,3.7120967741935487,2,-13.612751477183965,No Response,0.0,Regular Price,3.7120967741935487,3.7120967741935487,0.0
17251,529.15,269,2,3.551951219512195,18,-12.64911342286262,No Response,0.0,Regular Price,3.551951219512195,3.551951219512195,0.0
16858,4292.59,1423,10,4.014444444444444,4,-16.176103188516347,No Response,0.0,Regular Price,4.014444444444444,4.014444444444444,0.0
17082,2728.18,1477,4,2.504044943820225,30,-7.989478171601831,No Response,0.0,Regular Price,2.504044943820225,2.504044943820225,0.0
14607,7553.63,3809,8,2.9491803278688526,103,-10.175445747973797,No Response,0.0,Regular Price,2.9491803278688526,2.9491803278688526,0.0
17262,1504.26,342,7,5.591111111111111,2,-22.20290480536537,No Response,0.0,Regular Price,5.591111111111111,5.591111111111111,0.0
18220,1616.48,1064,5,3.680869565217391,30,-12.07250909607166,No Response,0.0,Regular Price,3.680869565217391,3.680869565217391,0.0
17625,3958.5,2325,4,2.3968700265251988,82,-6.541886651081132,No Response,0.0,Regular Price,2.3968700265251988,2.3968700265251988,0.0
17233,369.98,167,2,3.118181818181818,84,-8.840425922296701,No Response,0.0,Regular Price,3.118181818181818,3.118181818181818,0.0
17095,1248.09,1077,4,2.767301587301587,66,-6.600849159070563,No Response,0.0,Regular Price,2.767301587301587,2.767301587301587,0.0
16713,7619.21,4400,18,3.6187128712871286,2,-11.102354714519398,No Response,0.0,Regular Price,3.6187128712871286,3.6187128712871286,0.0
12941,377.49,381,1,1.6459259259259258,360,5.231288337253528,High Response,0.15,High Discount,1.6459259259259258,1.3990370370370369,0.24688888888888894
17596,2075.74,3163,7,2.0082857142857145,4,-0.8419585706793544,No Response,0.0,Regular Price,2.0082857142857145,2.0082857142857145,0.0
15812,3400.33,2528,7,2.522261904761905,71,-4.9537109756918944,No Response,0.0,Regular Price,2.522261904761905,2.522261904761905,0.0
14966,881.24,881,5,2.4342608695652173,23,-5.546484677876636,No Response,0.0,Regular Price,2.4342608695652173,2.4342608695652173,0.0
15070,737.0500000000001,339,3,3.6171875,8,-13.045443150052062,No Response,0.0,Regular Price,3.6171875,3.6171875,0.0
18260,7318.91,3769,17,5.3946931407942245,10,-20.31687387653108,No Response,0.0,Regular Price,5.3946931407942245,5.3946931407942245,0.0
16749,4157.88,1910,2,2.956111111111112,227,-7.299436761530881,No Response,0.0,Regular Price,2.956111111111112,2.956111111111112,0.0
13405,641.36,690,3,4.10125,117,-11.646244074100927,No Response,0.0,Regular Price,4.10125,4.10125,0.0
17797,1191.44,588,5,2.7991875,31,-8.134420080878405,No Response,0.0,Regular Price,2.7991875,2.7991875,0.0
13823,2445.79,1125,5,4.955040650406504,16,-19.66562177305496,No Response,0.0,Regular Price,4.955040650406504,4.955040650406504,0.0
15566,227.87,153,2,2.1441666666666666,28,-5.520552070752813,No Response,0.0,Regular Price,2.1441666666666666,2.1441666666666666,0.0
13050,6477.67,3449,19,3.0625542570951585,2,-8.06534909421951,No Response,0.0,Regular Price,3.0625542570951585,3.0625542570951585,0.0
13756,3999.230000000001,2238,10,2.9117241379310346,3,-8.965171065445023,No Response,0.0,Regular Price,2.9117241379310346,2.9117241379310346,0.0
17816,75.76,66,3,1.2568421052631578,1,-1.6017100462627205,No Response,0.0,Regular Price,1.2568421052631578,1.2568421052631578,0.0
16308,2560.0,8000,3,0.32,42,15.12793873271755,High Response,0.15,High Discount,0.32,0.272,0.04799999999999999
15785,3640.96,2867,11,2.352605633802817,15,-3.8378002580507857,No Response,0.0,Regular Price,2.352605633802817,2.352605633802817,0.0
14897,1774.16,694,4,3.7877777777777775,45,-13.544895745431434,No Response,0.0,Regular Price,3.7877777777777775,3.7877777777777775,0.0
15527,3126.36,1220,15,3.9908383233532936,30,-11.949939180700207,No Response,0.0,Regular Price,3.9908383233532936,3.9908383233532936,0.0
17368,879.42,942,6,3.1685714285714286,11,-8.796109454858978,No Response,0.0,Regular Price,3.1685714285714286,3.1685714285714286,0.0
15637,574.23,523,4,3.094615384615385,49,-8.528168742054758,No Response,0.0,Regular Price,3.094615384615385,3.094615384615385,0.0
15393,659.48,228,3,4.0200000000000005,203,-9.965188741613847,No Response,0.0,Regular Price,4.0200000000000005,4.0200000000000005,0.0
18177,875.45,529,3,1.9280769230769232,196,-0.1246185095852197,No Response,0.0,Regular Price,1.9280769230769232,1.9280769230769232,0.0
13473,2235.12,734,6,4.485714285714286,210,-12.47063081178964,No Response,0.0,Regular Price,4.485714285714286,4.485714285714286,0.0
16605,60.48,144,1,0.42,360,11.040096403255854,High Response,0.15,High Discount,0.42,0.357,0.063
12956,413.82,306,3,1.838695652173913,320,3.843011523501122,High Response,0.15,High Discount,1.838695652173913,1.562891304347826,0.275804347826087
12971,4782.88,5298,33,2.846,2,4.667080898166761,High Response,0.15,High Discount,2.846,2.4191,0.4269000000000003
13711,1540.2,679,7,4.311772151898734,42,-14.579953888344216,No Response,0.0,Regular Price,4.311772151898734,4.311772151898734,0.0
15394,3103.26,1462,7,3.753098591549296,31,-13.331174020355157,No Response,0.0,Regular Price,3.753098591549296,3.753098591549296,0.0
14460,659.16,998,6,1.583076923076923,32,-0.3509768067775818,No Response,0.0,Regular Price,1.583076923076923,1.583076923076923,0.0
14769,5097.13,3819,9,2.5689285714285712,26,-5.899168551017585,No Response,0.0,Regular Price,2.5689285714285712,2.5689285714285712,0.0
15312,2005.34,1177,8,2.915344827586207,19,-8.064759333676392,No Response,0.0,Regular Price,2.915344827586207,2.915344827586207,0.0
17646,3141.4,1095,10,5.2641558441558445,1,-20.825899038653496,No Response,0.0,Regular Price,5.2641558441558445,5.2641558441558445,0.0
13952,9572.45,4516,12,3.608382352941177,16,-15.992006780517178,No Response,0.0,Regular Price,3.608382352941177,3.608382352941177,0.0
15713,654.09,360,3,4.261666666666667,2,-16.0401020880653,No Response,0.0,Regular Price,4.261666666666667,4.261666666666667,0.0
16366,1220.83,626,3,3.2625,218,-6.190775946250672,No Response,0.0,Regular Price,3.2625,3.2625,0.0
18286,1296.43,608,2,4.273134328358209,112,-14.210202577905768,No Response,0.0,Regular Price,4.273134328358209,4.273134328358209,0.0
17677,20329.68,12161,28,2.646887254901961,2,-8.858722453021121,No Response,0.0,Regular Price,2.646887254901961,2.646887254901961,0.0
13047,5557.62,2038,17,5.257892376681614,9,-20.13164597563061,No Response,0.0,Regular Price,5.257892376681614,5.257892376681614,0.0
14869,2056.69,1581,4,2.19896551724138,24,-5.395346897358891,No Response,0.0,Regular Price,2.19896551724138,2.19896551724138,0.0
16197,2016.71,1420,9,3.235698924731183,105,-6.504493594885141,No Response,0.0,Regular Price,3.235698924731183,3.235698924731183,0.0
13074,1378.74,826,4,3.955862068965517,147,-10.773535017356608,No Response,0.0,Regular Price,3.955862068965517,3.955862068965517,0.0
13289,307.95,119,1,4.390625,359,-8.041827299374884,No Response,0.0,Regular Price,4.390625,4.390625,0.0
16119,1297.45,571,6,3.314736842105263,30,-10.40573586564591,No Response,0.0,Regular Price,3.314736842105263,3.314736842105263,0.0
13769,3003.9100000000003,1411,11,3.1732666666666667,3,-9.760237012078246,No Response,0.0,Regular Price,3.1732666666666667,3.1732666666666667,0.0
15184,283.19,263,2,2.545909090909091,23,-7.4099457694054705,No Response,0.0,Regular Price,2.545909090909091,2.545909090909091,0.0
15499,158.65,59,1,2.8646341463414635,359,-0.76320571220282,No Response,0.0,Regular Price,2.8646341463414635,2.8646341463414635,0.0
12586,1865.73,608,3,5.244819277108434,10,-21.973808477571392,No Response,0.0,Regular Price,5.244819277108434,5.244819277108434,0.0
18012,115.3,63,1,6.810769230769231,359,-19.163634961743075,No Response,0.0,Regular Price,6.810769230769231,6.810769230769231,0.0
13403,154.5,70,2,4.008333333333334,23,-14.419392309977466,No Response,0.0,Regular Price,4.008333333333334,4.008333333333334,0.0
14625,3598.25,1820,9,3.7463380281690144,10,-13.215342130080284,No Response,0.0,Regular Price,3.7463380281690144,3.7463380281690144,0.0
17833,338.46000000000004,143,1,3.5280645161290325,359,-4.0064998675799925,No Response,0.0,Regular Price,3.5280645161290325,3.5280645161290325,0.0
15222,2965.91,4018,10,1.1075187969924811,108,7.385987635671994,High Response,0.15,High Discount,1.1075187969924811,0.9413909774436089,0.16612781954887224
13178,8333.72,5208,10,1.9011611374407584,33,-4.904937754381571,No Response,0.0,Regular Price,1.9011611374407584,1.9011611374407584,0.0
14415,6124.52,3267,10,3.250687022900763,15,-11.7828164699876,No Response,0.0,Regular Price,3.250687022900763,3.250687022900763,0.0
16195,323.25,123,1,3.3312500000000003,359,-3.098310048380833,No Response,0.0,Regular Price,3.3312500000000003,3.3312500000000003,0.0
17776,330.56,273,2,2.3741250000000003,22,-6.6908539942726994,No Response,0.0,Regular Price,2.3741250000000003,2.3741250000000003,0.0
16569,1331.03,895,4,1.9986666666666664,267,1.715572756477811,High Response,0.15,High Discount,1.9986666666666664,1.6988666666666663,0.29980000000000007
17469,3180.28,1517,12,3.569217877094972,36,-10.468579118929288,No Response,0.0,Regular Price,3.569217877094972,3.569217877094972,0.0
14055,795.3199999999999,504,2,4.1378260869565215,213,-10.326464444347176,No Response,0.0,Regular Price,4.1378260869565215,4.1378260869565215,0.0
17873,4621.32,3241,14,2.185563909774436,9,-2.9815512346867337,No Response,0.0,Regular Price,2.185563909774436,2.185563909774436,0.0
15044,8389.42,2456,18,4.937544247787611,15,-22.002956712102584,No Response,0.0,Regular Price,4.937544247787611,4.937544247787611,0.0
14329,4912.38,2826,8,3.507789115646258,11,-12.68534701676958,No Response,0.0,Regular Price,3.507789115646258,3.507789115646258,0.0
17091,3961.44,2087,11,2.9152747252747253,3,-8.833624049412684,No Response,0.0,Regular Price,2.9152747252747253,2.9152747252747253,0.0
16694,98.3,26,1,16.666666666666668,359,-65.36407541081974,No Response,0.0,Regular Price,16.666666666666668,16.666666666666668,0.0
15055,549.12,225,3,3.1872839506172843,110,-8.297370807124217,No Response,0.0,Regular Price,3.1872839506172843,3.1872839506172843,0.0
18144,2169.25,896,8,3.8775,9,-13.649012170283813,No Response,0.0,Regular Price,3.8775,3.8775,0.0
13008,382.66,204,2,2.8233333333333333,33,-8.730419428144922,No Response,0.0,Regular Price,2.8233333333333333,2.8233333333333333,0.0
13941,6009.34,3062,11,2.8266666666666667,8,-9.806280940875691,No Response,0.0,Regular Price,2.8266666666666667,2.8266666666666667,0.0
14092,3152.54,1540,10,3.4194968553459124,10,-11.1075781313542,No Response,0.0,Regular Price,3.4194968553459124,3.4194968553459124,0.0
12867,3819.92,3592,6,1.4178875968992248,33,0.2235590129297522,High Response,0.15,High Discount,1.4178875968992248,1.205204457364341,0.21268313953488382
16742,2334.97,2557,13,2.039417475728156,128,2.887938249134136,High Response,0.15,High Discount,2.039417475728156,1.7335048543689324,0.30591262135922337
15498,12633.18,6493,19,2.96562363238512,2,-11.95139722094287,No Response,0.0,Regular Price,2.96562363238512,2.96562363238512,0.0
17402,2461.68,869,12,3.3728671328671327,5,-10.414416223649791,No Response,0.0,Regular Price,3.3728671328671327,3.3728671328671327,0.0
18201,447.53,191,1,4.629259259259259,358,-9.277935804624864,No Response,0.0,Regular Price,4.629259259259259,4.629259259259259,0.0
13225,9796.23,3985,9,2.8603225806451613,57,-13.967015143808943,No Response,0.0,Regular Price,2.8603225806451613,2.8603225806451613,0.0
17662,412.92,184,2,4.554,297,-10.0834959557906,No Response,0.0,Regular Price,4.554,4.554,0.0
15863,286.26,143,3,2.949830508474576,253,-3.201085549781955,No Response,0.0,Regular Price,2.949830508474576,2.949830508474576,0.0
18186,329.58,338,1,2.183636363636364,358,2.657527805170096,High Response,0.15,High Discount,2.183636363636364,1.8560909090909095,0.3275454545454546
13875,3027.58,1756,9,4.220662650602409,23,-14.273396263003384,No Response,0.0,Regular Price,4.220662650602409,4.220662650602409,0.0
12557,6725.18,2398,4,2.1692,7,-11.886867543981126,No Response,0.0,Regular Price,2.1692,2.1692,0.0
13266,2300.78,2409,7,1.629,49,0.2601738105659361,High Response,0.15,High Discount,1.629,1.38465,0.24435000000000007
14484,749.0600000000001,534,3,2.0900000000000003,37,-4.782915813808808,No Response,0.0,Regular Price,2.0900000000000003,2.0900000000000003,0.0
18097,1965.52,1054,5,2.7974,21,-8.769258643718214,No Response,0.0,Regular Price,2.7974,2.7974,0.0
13520,3285.05,1640,6,4.385357142857143,7,-17.24969881626741,No Response,0.0,Regular Price,4.385357142857143,4.385357142857143,0.0
15862,2033.64,1059,10,2.819590361445784,9,-7.394603502823781,No Response,0.0,Regular Price,2.819590361445784,2.819590361445784,0.0
17612,3346.41,1713,12,3.6607317073170735,15,-11.33722713846845,No Response,0.0,Regular Price,3.6607317073170735,3.6607317073170735,0.0
14422,6007.88,3161,13,3.0422727272727275,10,-9.812019622937031,No Response,0.0,Regular Price,3.0422727272727275,3.0422727272727275,0.0
18006,524.83,175,3,3.789268292682927,17,-13.583240149812069,No Response,0.0,Regular Price,3.789268292682927,3.789268292682927,0.0
14095,2.95,1,1,2.95,358,-1.0422080618806977,No Response,0.0,Regular Price,2.95,2.95,0.0
16908,252.59,61,1,3.922,358,-5.8935708921765615,No Response,0.0,Regular Price,3.922,3.922,0.0
13427,423.93,335,3,1.7756521739130433,113,-1.1863664531624307,No Response,0.0,Regular Price,1.7756521739130433,1.7756521739130433,0.0
17103,424.3,471,1,1.686875,358,5.084603763198225,High Response,0.15,High Discount,1.686875,1.4338437499999999,0.25303125000000004
13203,1778.79,1613,6,1.710357142857143,22,-1.876415722722068,No Response,0.0,Regular Price,1.710357142857143,1.710357142857143,0.0
16439,310.70000000000005,74,1,4.672222222222222,358,-9.478542876031335,No Response,0.0,Regular Price,4.672222222222222,4.672222222222222,0.0
15270,6145.37,2489,14,5.201023622047244,36,-20.40442166824209,No Response,0.0,Regular Price,5.201023622047244,5.201023622047244,0.0
16150,2342.57,1117,6,3.215289256198348,8,-11.190286643541487,No Response,0.0,Regular Price,3.215289256198348,3.215289256198348,0.0
16661,932.76,364,4,3.3351612903225805,176,-7.269987426439238,No Response,0.0,Regular Price,3.3351612903225805,3.3351612903225805,0.0
17400,2525.44,1097,3,3.623764258555133,217,-9.16681879574241,No Response,0.0,Regular Price,3.623764258555133,3.623764258555133,0.0
17526,2970.14,1172,9,6.161538461538462,1,-24.972184712030906,No Response,0.0,Regular Price,6.161538461538462,6.161538461538462,0.0
13039,1010.73,290,4,5.494363636363636,220,-16.515414913196462,No Response,0.0,Regular Price,5.494363636363636,5.494363636363636,0.0
15428,668.97,245,3,5.201578947368421,23,-20.145964871189754,No Response,0.0,Regular Price,5.201578947368421,5.201578947368421,0.0
16720,605.79,280,2,2.7089565217391307,12,-8.963018755533493,No Response,0.0,Regular Price,2.7089565217391307,2.7089565217391307,0.0
15879,1137.8,639,4,3.328659217877095,40,-10.570985953742344,No Response,0.0,Regular Price,3.328659217877095,3.328659217877095,0.0
17638,842.4,432,2,1.95,283,1.5150965715123264,High Response,0.15,High Discount,1.95,1.6575,0.2925
12708,2601.19,1214,9,3.885228758169935,4,-13.537768848910682,No Response,0.0,Regular Price,3.885228758169935,3.885228758169935,0.0
12826,1481.03,937,6,2.1054666666666666,1,-5.088597723608591,No Response,0.0,Regular Price,2.1054666666666666,2.1054666666666666,0.0
16772,3698.05,687,3,5.805882352941176,59,-26.23087527582616,No Response,0.0,Regular Price,5.805882352941176,5.805882352941176,0.0
17927,294.0,108,1,3.015,357,-1.6495019606714156,No Response,0.0,Regular Price,3.015,3.015,0.0
14083,373.3,207,3,2.946428571428572,7,-9.580563339152288,No Response,0.0,Regular Price,2.946428571428572,2.946428571428572,0.0
14555,1991.49,720,4,3.9715306122448975,17,-15.442588827880378,No Response,0.0,Regular Price,3.9715306122448975,3.9715306122448975,0.0
16296,1313.67,645,4,3.219864864864865,262,-4.589997669932325,No Response,0.0,Regular Price,3.219864864864865,3.219864864864865,0.0
18036,1142.37,509,8,2.8262500000000004,21,-7.456076454035864,No Response,0.0,Regular Price,2.8262500000000004,2.8262500000000004,0.0
13921,730.7,210,4,5.389772727272727,38,-20.430805576438065,No Response,0.0,Regular Price,5.389772727272727,5.389772727272727,0.0
12455,3413.09,1213,4,4.402262773722628,81,-17.211733063927582,No Response,0.0,Regular Price,4.402262773722628,4.402262773722628,0.0
13995,2508.32,1480,9,2.495694444444444,15,-6.073622168391845,No Response,0.0,Regular Price,2.495694444444444,2.495694444444444,0.0
12422,4428.24,2226,14,12.206165413533837,30,-51.01640018651091,No Response,0.0,Regular Price,12.206165413533837,12.206165413533837,0.0
16600,1339.89,1275,7,2.0146913580246912,10,-3.159580744159072,No Response,0.0,Regular Price,2.0146913580246912,2.0146913580246912,0.0
17028,1593.83,856,3,3.4441052631578946,217,-7.241652867112677,No Response,0.0,Regular Price,3.4441052631578946,3.4441052631578946,0.0
16222,498.5,138,1,4.897826086956522,357,-10.749513695937502,No Response,0.0,Regular Price,4.897826086956522,4.897826086956522,0.0
15497,7395.19,2313,7,3.775,18,-19.26754722745481,No Response,0.0,Regular Price,3.775,3.775,0.0
14949,515.0,250,4,2.853703703703704,105,-6.3806307163696445,No Response,0.0,Regular Price,2.853703703703704,2.853703703703704,0.0
17324,1311.64,693,9,2.0804901960784314,2,-4.001689447395804,No Response,0.0,Regular Price,2.0804901960784314,2.0804901960784314,0.0
15409,131.25,59,1,3.183333333333333,357,-2.2619052199267897,No Response,0.0,Regular Price,3.183333333333333,3.183333333333333,0.0
13327,6251.71,2879,14,3.0673076923076925,1,-10.738097728731548,No Response,0.0,Regular Price,3.0673076923076925,3.0673076923076925,0.0
13781,650.99,270,2,3.5335,228,-7.321879940534278,No Response,0.0,Regular Price,3.5335,3.5335,0.0
16592,3694.23,2577,12,2.1673113207547168,11,-3.3473586814383878,No Response,0.0,Regular Price,2.1673113207547168,2.1673113207547168,0.0
18252,1015.42,698,5,3.919,184,-8.906861825624485,No Response,0.0,Regular Price,3.919,3.919,0.0
14105,4722.6,2734,4,2.732390243902439,44,-9.576123619796212,No Response,0.0,Regular Price,2.732390243902439,2.732390243902439,0.0
13847,310.72,96,1,5.931052631578948,355,-15.408881793100951,No Response,0.0,Regular Price,5.931052631578948,5.931052631578948,0.0
15518,2268.44,1547,7,2.6606302521008405,15,-7.073504010867543,No Response,0.0,Regular Price,2.6606302521008405,2.6606302521008405,0.0
17624,725.15,404,2,3.297872340425532,73,-10.098162716020015,No Response,0.0,Regular Price,3.297872340425532,3.297872340425532,0.0
13871,1482.6,696,4,3.34,64,-10.465863361394208,No Response,0.0,Regular Price,3.34,3.34,0.0
12609,2309.01,905,6,4.169130434782609,10,-15.961543361927172,No Response,0.0,Regular Price,4.169130434782609,4.169130434782609,0.0
14404,1404.04,806,8,3.426603773584905,5,-10.541037812189078,No Response,0.0,Regular Price,3.426603773584905,3.426603773584905,0.0
13111,321.88000000000005,180,1,1.971666666666667,354,3.252338625686657,High Response,0.15,High Discount,1.971666666666667,1.6759166666666667,0.2957500000000002
16282,1139.28,676,2,3.859090909090909,123,-11.59213976237722,No Response,0.0,Regular Price,3.859090909090909,3.859090909090909,0.0
13510,2766.73,1658,7,3.6267241379310335,11,-12.316023288706845,No Response,0.0,Regular Price,3.6267241379310335,3.6267241379310335,0.0
14119,183.37,177,2,3.2954545454545454,11,-11.23198152932714,No Response,0.0,Regular Price,3.2954545454545454,3.2954545454545454,0.0
17182,321.3,54,2,5.95,58,-22.914568996245112,No Response,0.0,Regular Price,5.95,5.95,0.0
14819,184.34,61,2,3.605365853658536,130,-9.826667445219243,No Response,0.0,Regular Price,3.605365853658536,3.605365853658536,0.0
14480,1020.47,527,3,2.7417307692307693,38,-8.274966299343328,No Response,0.0,Regular Price,2.7417307692307693,2.7417307692307693,0.0
17888,1091.44,563,17,2.7485263157894737,10,-3.7793650944381056,No Response,0.0,Regular Price,2.7485263157894737,2.7485263157894737,0.0
18251,21964.14,31815,8,1.0592391304347826,81,28.522413568341666,High Response,0.15,High Discount,1.0592391304347826,0.9003532608695651,0.15888586956521744
12440,859.2,331,2,5.448125,98,-19.88552847361884,No Response,0.0,Regular Price,5.448125,5.448125,0.0
18190,461.16,350,3,2.2762962962962963,239,-0.2987208762785718,No Response,0.0,Regular Price,2.2762962962962963,2.2762962962962963,0.0
13082,3722.12,4142,12,2.0867857142857145,60,1.2944472809175238,High Response,0.15,High Discount,2.0867857142857145,1.7737678571428572,0.31301785714285724
15064,1254.41,810,4,3.950617283950617,46,-13.190205220999822,No Response,0.0,Regular Price,3.950617283950617,3.950617283950617,0.0
14151,679.45,405,2,2.928181818181818,309,-2.173122464185008,No Response,0.0,Regular Price,2.928181818181818,2.928181818181818,0.0
12539,5646.400000000001,2468,3,3.305108225108225,86,-13.604621129938527,No Response,0.0,Regular Price,3.305108225108225,3.305108225108225,0.0
13287,781.59,429,3,3.0541509433962264,239,-4.321886033364672,No Response,0.0,Regular Price,3.0541509433962264,3.0541509433962264,0.0
13821,993.44,324,4,3.595862068965517,29,-12.479040784943976,No Response,0.0,Regular Price,3.595862068965517,3.595862068965517,0.0
16792,513.08,280,3,2.4664444444444444,19,-7.112770408785167,No Response,0.0,Regular Price,2.4664444444444444,2.4664444444444444,0.0
17807,437.87,262,3,2.325730337078652,31,-6.052491911197713,No Response,0.0,Regular Price,2.325730337078652,2.325730337078652,0.0
14477,660.0,400,3,1.65,72,-1.927371621695098,No Response,0.0,Regular Price,1.65,1.65,0.0
14839,915.28,927,3,2.332297297297297,54,-4.99029266021676,No Response,0.0,Regular Price,2.332297297297297,2.332297297297297,0.0
17950,947.26,479,6,2.720676691729324,1,-7.970490154283115,No Response,0.0,Regular Price,2.720676691729324,2.720676691729324,0.0
16875,2139.0,1030,6,3.740254237288136,73,-11.794305402099283,No Response,0.0,Regular Price,3.740254237288136,3.740254237288136,0.0
13901,2809.14,1605,10,3.671428571428572,10,-11.588962680646066,No Response,0.0,Regular Price,3.671428571428572,3.671428571428572,0.0
14198,868.33,333,5,5.676346153846154,36,-21.43631037565945,No Response,0.0,Regular Price,5.676346153846154,5.676346153846154,0.0
15521,4098.04,2671,8,3.281376146788991,36,-9.921633650364804,No Response,0.0,Regular Price,3.281376146788991,3.281376146788991,0.0
18171,1206.0,510,4,6.316578947368421,106,-23.21794593121333,No Response,0.0,Regular Price,6.316578947368421,6.316578947368421,0.0
16017,1333.7,533,4,3.276938775510204,53,-10.52427732083811,No Response,0.0,Regular Price,3.276938775510204,3.276938775510204,0.0
13253,1920.71,1443,2,2.081025641025641,66,-4.553597395855872,No Response,0.0,Regular Price,2.081025641025641,2.081025641025641,0.0
13338,1958.6,895,3,5.129266055045872,177,-16.702045821392044,No Response,0.0,Regular Price,5.129266055045872,5.129266055045872,0.0
14969,906.23,665,1,3.2392307692307694,339,-3.1036283457408747,No Response,0.0,Regular Price,3.2392307692307694,3.2392307692307694,0.0
15865,1346.29,773,2,3.60953488372093,49,-12.497429241915675,No Response,0.0,Regular Price,3.60953488372093,3.60953488372093,0.0
13610,1021.38,381,7,3.472391304347826,23,-10.856075425308124,No Response,0.0,Regular Price,3.472391304347826,3.472391304347826,0.0
13965,996.61,425,3,3.52125,112,-10.166446739598015,No Response,0.0,Regular Price,3.52125,3.52125,0.0
14954,167.27,92,1,2.9502439024390243,339,-1.6326350397632776,No Response,0.0,Regular Price,2.9502439024390243,2.9502439024390243,0.0
14210,3955.68,1844,11,3.4457268722466963,7,-11.676811912191528,No Response,0.0,Regular Price,3.4457268722466963,3.4457268722466963,0.0
17362,711.8100000000001,358,5,2.976238532110092,36,-8.481882167099327,No Response,0.0,Regular Price,2.976238532110092,2.976238532110092,0.0
14194,7321.07,4197,15,3.016836461126005,28,-8.643676529663216,No Response,0.0,Regular Price,3.016836461126005,3.016836461126005,0.0
18008,17642.89,6244,14,4.382686567164179,51,-28.0418221333956,No Response,0.0,Regular Price,4.382686567164179,4.382686567164179,0.0
17753,382.06,124,4,2.865797101449276,100,-6.590210293608295,No Response,0.0,Regular Price,2.865797101449276,2.865797101449276,0.0
17941,1128.72,856,3,2.184,226,-0.3322252637975529,No Response,0.0,Regular Price,2.184,2.184,0.0
18094,3374.2200000000003,1646,6,2.93625,82,-8.656659131431834,No Response,0.0,Regular Price,2.93625,2.93625,0.0
17404,15874.3,17931,8,1.9120212765957445,45,6.7601546672210775,High Response,0.15,High Discount,1.9120212765957445,1.6252180851063829,0.2868031914893616
14541,1038.03,482,6,2.932857142857143,52,-7.787969950471644,No Response,0.0,Regular Price,2.932857142857143,2.932857142857143,0.0
15266,732.91,218,4,5.648717948717949,15,-22.227640539966774,No Response,0.0,Regular Price,5.648717948717949,5.648717948717949,0.0
16641,323.40000000000003,198,1,1.98125,337,2.79937373890553,High Response,0.15,High Discount,1.98125,1.6840625,0.29718749999999994
16862,662.33,513,4,2.358857142857143,183,-1.7762676072986077,No Response,0.0,Regular Price,2.358857142857143,2.358857142857143,0.0
16888,434.2,145,3,4.224615384615385,36,-15.036988655005803,No Response,0.0,Regular Price,4.224615384615385,4.224615384615385,0.0
15874,6878.88,2568,14,7.150135135135135,23,-30.93789025859023,No Response,0.0,Regular Price,7.150135135135135,7.150135135135135,0.0
15100,2018.7,254,6,5.79,2,-24.541119840544887,No Response,0.0,Regular Price,5.79,5.79,0.0
15324,140.22000000000003,74,1,2.30875,337,1.3298505230220656,High Response,0.15,High Discount,2.30875,1.9624374999999998,0.3463125
14465,2887.4100000000003,2141,8,2.134571428571429,64,-2.838338675495514,No Response,0.0,Regular Price,2.134571428571429,2.134571428571429,0.0
15152,518.14,290,1,1.956551724137931,337,2.76937641637696,High Response,0.15,High Discount,1.956551724137931,1.6630689655172415,0.2934827586206896
12678,16652.72,11449,9,3.433364928909953,11,-14.76085598847132,No Response,0.0,Regular Price,3.433364928909953,3.433364928909953,0.0
16057,1591.73,828,3,3.3029896907216494,155,-8.238349415882535,No Response,0.0,Regular Price,3.3029896907216494,3.3029896907216494,0.0
12648,793.95,358,3,3.943636363636364,73,-12.947745256799232,No Response,0.0,Regular Price,3.943636363636364,3.943636363636364,0.0
15586,1139.1,1338,3,1.58,228,3.467652043529453,High Response,0.15,High Discount,1.58,1.343,0.2370000000000001
14045,9653.28,4052,13,3.3753125,9,-15.739630486919614,No Response,0.0,Regular Price,3.3753125,3.3753125,0.0
13360,1553.65,942,4,3.477424242424242,67,-10.672008248685984,No Response,0.0,Regular Price,3.477424242424242,3.477424242424242,0.0
15827,1957.98,942,16,5.165258620689655,8,-16.235021530021903,No Response,0.0,Regular Price,5.165258620689655,5.165258620689655,0.0
13854,4144.44,1414,15,3.9864788732394367,1,-14.00021793505216,No Response,0.0,Regular Price,3.9864788732394367,3.9864788732394367,0.0
16103,4762.07,2081,16,3.1805921052631576,25,-8.958313564624003,No Response,0.0,Regular Price,3.1805921052631576,3.1805921052631576,0.0
15607,1604.21,1268,8,2.4934375,179,-1.0975373379418487,No Response,0.0,Regular Price,2.4934375,2.4934375,0.0
16027,1113.74,952,9,3.693157894736842,93,-8.362888454124576,No Response,0.0,Regular Price,3.693157894736842,3.693157894736842,0.0
14327,1583.28,1157,5,2.16063829787234,18,-5.027921194731531,No Response,0.0,Regular Price,2.16063829787234,2.16063829787234,0.0
18170,1897.69,775,6,4.717045454545455,10,-18.09486642112619,No Response,0.0,Regular Price,4.717045454545455,4.717045454545455,0.0
14016,7062.2,3597,7,3.261672473867596,32,-13.450665672775727,No Response,0.0,Regular Price,3.261672473867596,3.261672473867596,0.0
13044,4287.58,2119,10,3.3058224543080943,128,-8.28326810449037,No Response,0.0,Regular Price,3.3058224543080943,3.3058224543080943,0.0
14573,925.3,275,5,4.313986928104575,8,-15.989364927953716,No Response,0.0,Regular Price,4.313986928104575,4.313986928104575,0.0
13259,1119.36,377,8,3.386853448275862,33,-9.988703430702635,No Response,0.0,Regular Price,3.386853448275862,3.386853448275862,0.0
16109,327.6,480,1,0.6792307692307692,334,9.360247203849028,High Response,0.15,High Discount,0.6792307692307692,0.5773461538461538,0.10188461538461535
16787,1017.53,472,4,3.3854464285714285,33,-11.14248958616573,No Response,0.0,Regular Price,3.3854464285714285,3.3854464285714285,0.0
14849,7832.91,6332,21,2.2530517711171663,9,0.009220396317664,High Response,0.15,High Discount,2.2530517711171663,1.9150940054495913,0.33795776566757496
14532,2912.93,827,7,4.367640000000001,47,-16.711495967360744,No Response,0.0,Regular Price,4.367640000000001,4.367640000000001,0.0
17323,644.52,666,5,1.1884558823529412,43,0.782678324530421,High Response,0.15,High Discount,1.1884558823529412,1.0101875,0.17826838235294118
14160,8421.47,4661,7,2.5198130841121498,246,-4.627791629432474,No Response,0.0,Regular Price,2.5198130841121498,2.5198130841121498,0.0
13762,2165.76,2336,4,1.1910714285714286,229,5.922631964126008,High Response,0.15,High Discount,1.1910714285714286,1.0124107142857142,0.1786607142857144
18231,4782.400000000001,2096,23,4.226038461538462,42,-10.76786123874234,No Response,0.0,Regular Price,4.226038461538462,4.226038461538462,0.0
12951,2149.65,1159,9,2.790839694656489,22,-7.300690018112574,No Response,0.0,Regular Price,2.790839694656489,2.790839694656489,0.0
14091,9530.08,3316,2,3.141538461538462,290,-12.753441297853431,No Response,0.0,Regular Price,3.141538461538462,3.141538461538462,0.0
13634,3486.41,1390,11,3.785461538461538,10,-13.290554171672364,No Response,0.0,Regular Price,3.785461538461538,3.785461538461538,0.0
17222,1250.86,735,5,3.082235294117647,113,-7.148380829158635,No Response,0.0,Regular Price,3.082235294117647,3.082235294117647,0.0
18242,1372.72,1004,4,1.8133870967741936,81,-2.0943098681222088,No Response,0.0,Regular Price,1.8133870967741936,1.8133870967741936,0.0
17147,1485.36,426,5,5.274727272727273,88,-19.05524139369773,No Response,0.0,Regular Price,5.274727272727273,5.274727272727273,0.0
17113,2305.59,913,6,4.1256329113924055,210,-10.553852618173618,No Response,0.0,Regular Price,4.1256329113924055,4.1256329113924055,0.0
13709,1263.7,614,5,3.640972222222222,82,-10.82490769505161,No Response,0.0,Regular Price,3.640972222222222,3.640972222222222,0.0
17139,8915.99,4677,13,3.4043202416918428,25,-13.017856670031028,No Response,0.0,Regular Price,3.4043202416918428,3.4043202416918428,0.0
18115,9.7,3,1,3.233333333333334,333,-3.0243084496259405,No Response,0.0,Regular Price,3.233333333333334,3.233333333333334,0.0
17529,1240.25,790,2,3.725121951219512,246,-7.724035460565517,No Response,0.0,Regular Price,3.725121951219512,3.725121951219512,0.0
12549,1575.68,1366,6,1.6487755102040815,211,3.168055434867431,High Response,0.15,High Discount,1.6487755102040815,1.4014591836734693,0.2473163265306122
12875,1013.76,3168,3,0.445,107,9.412704312871073,High Response,0.15,High Discount,0.445,0.37825,0.06675000000000003
17740,426.9,222,6,2.192222222222222,25,-4.50620003672832,No Response,0.0,Regular Price,2.192222222222222,2.192222222222222,0.0
15549,652.7,242,5,3.9217021276595743,57,-12.492412084670452,No Response,0.0,Regular Price,3.9217021276595743,3.9217021276595743,0.0
14984,1058.14,290,4,4.938,24,-19.067942398218904,No Response,0.0,Regular Price,4.938,4.938,0.0
12406,2975.06,1598,3,2.603606557377049,35,-8.88101295227317,No Response,0.0,Regular Price,2.603606557377049,2.603606557377049,0.0
17023,800.18,530,3,2.5904081632653058,53,-6.804738004423951,No Response,0.0,Regular Price,2.5904081632653058,2.5904081632653058,0.0
13433,658.3199999999999,190,4,4.62375,137,-14.196209692676035,No Response,0.0,Regular Price,4.62375,4.62375,0.0
15186,991.79,501,3,3.323636363636364,110,-9.137088267254292,No Response,0.0,Regular Price,3.323636363636364,3.323636363636364,0.0
12939,13683.0,5452,12,2.831538461538462,15,-17.40937176169608,No Response,0.0,Regular Price,2.831538461538462,2.831538461538462,0.0
16841,2136.24,1228,6,2.2350485436893206,64,-4.589004824160591,No Response,0.0,Regular Price,2.2350485436893206,2.2350485436893206,0.0
17945,360.35,244,3,2.0306944444444444,332,3.223408980026081,High Response,0.15,High Discount,2.0306944444444444,1.7260902777777776,0.3046041666666668
15299,3484.53,2505,6,3.6666666666666665,8,-12.509363813733035,No Response,0.0,Regular Price,3.6666666666666665,3.6666666666666665,0.0
15002,3127.9700000000003,1631,6,2.7934782608695654,3,-9.654092604671051,No Response,0.0,Regular Price,2.7934782608695654,2.7934782608695654,0.0
12623,3442.74,1780,6,3.0063870967741937,52,-9.616281905390505,No Response,0.0,Regular Price,3.0063870967741937,3.0063870967741937,0.0
16422,28904.67,32569,59,1.98187134502924,5,31.44572965512303,High Response,0.15,High Discount,1.98187134502924,1.6845906432748539,0.29728070175438615
13622,658.95,379,1,3.4603125,332,-4.464203313082475,No Response,0.0,Regular Price,3.4603125,3.4603125,0.0
14225,2031.07,1167,4,2.8493023255813954,70,-8.010829063313622,No Response,0.0,Regular Price,2.8493023255813954,2.8493023255813954,0.0
14241,120.0,96,1,1.25,332,6.2350326348899365,High Response,0.15,High Discount,1.25,1.0625,0.1875
17352,36.25,15,1,3.45,332,-4.085823479818941,No Response,0.0,Regular Price,3.45,3.45,0.0
12649,1671.14,1373,5,2.720229885057471,18,-7.375197611574562,No Response,0.0,Regular Price,2.720229885057471,2.720229885057471,0.0
14137,332.7,462,1,0.8772727272727273,331,8.31156377350879,High Response,0.15,High Discount,0.8772727272727273,0.7456818181818182,0.1315909090909091
14154,5115.08,2757,6,2.9962083333333336,17,-11.363180969065096,No Response,0.0,Regular Price,2.9962083333333336,2.9962083333333336,0.0
14826,385.2,152,2,3.0450000000000004,217,-5.105689822522938,No Response,0.0,Regular Price,3.0450000000000004,3.0450000000000004,0.0
16585,341.59,151,2,3.082222222222222,229,-4.898328707688184,No Response,0.0,Regular Price,3.082222222222222,3.082222222222222,0.0
15513,12992.33,5122,18,6.049566929133858,1,-30.061357901547744,No Response,0.0,Regular Price,6.049566929133858,6.049566929133858,0.0
12647,14201.53,5447,27,4.737132867132867,3,-21.83824249303588,No Response,0.0,Regular Price,4.737132867132867,4.737132867132867,0.0
17962,564.55,506,3,2.164295302013423,185,-1.0426306739919733,No Response,0.0,Regular Price,2.164295302013423,2.164295302013423,0.0
17757,3773.11,1833,28,2.895080500894454,4,-2.455699670438936,No Response,0.0,Regular Price,2.895080500894454,2.895080500894454,0.0
14146,5259.3,3343,7,3.0508536585365853,19,-10.290067321436045,No Response,0.0,Regular Price,3.0508536585365853,3.0508536585365853,0.0
13929,2651.45,1423,9,3.296875,52,-9.216121446414688,No Response,0.0,Regular Price,3.296875,3.296875,0.0
16304,381.66,228,1,2.7604,330,-1.069680353205536,No Response,0.0,Regular Price,2.7604,2.7604,0.0
13152,2146.38,977,7,4.020370370370371,53,-13.361042455315248,No Response,0.0,Regular Price,4.020370370370371,4.020370370370371,0.0
18041,4536.29,4026,20,2.131263157894737,1,1.0046399603993788,High Response,0.15,High Discount,2.131263157894737,1.8115736842105263,0.31968947368421063
13787,913.46,661,4,3.212181818181818,94,-8.209637721012697,No Response,0.0,Regular Price,3.212181818181818,3.212181818181818,0.0
16414,424.96,174,3,2.945535714285714,67,-8.171761831228174,No Response,0.0,Regular Price,2.945535714285714,2.945535714285714,0.0
14256,1491.73,733,3,4.084875,127,-12.643647918412642,No Response,0.0,Regular Price,4.084875,4.084875,0.0
15903,3813.08,1516,5,2.8945238095238097,14,-11.58586262642696,No Response,0.0,Regular Price,2.8945238095238097,2.8945238095238097,0.0
16660,611.9000000000001,420,3,3.265,58,-9.734479016620996,No Response,0.0,Regular Price,3.265,3.265,0.0
14423,651.41,299,2,2.6391666666666667,73,-7.094528237632567,No Response,0.0,Regular Price,2.6391666666666667,2.6391666666666667,0.0
18134,445.0,128,2,4.917857142857143,234,-13.582341628718382,No Response,0.0,Regular Price,4.917857142857143,4.917857142857143,0.0
12644,1440.58,707,3,3.629625,66,-12.057676866114576,No Response,0.0,Regular Price,3.629625,3.629625,0.0
17496,1141.84,596,3,4.182741935483871,199,-10.919483972795977,No Response,0.0,Regular Price,4.182741935483871,4.182741935483871,0.0
15605,738.57,271,5,5.000454545454546,9,-18.874961398044164,No Response,0.0,Regular Price,5.000454545454546,5.000454545454546,0.0
13233,571.34,600,2,2.3045454545454547,56,-5.249611859500444,No Response,0.0,Regular Price,2.3045454545454547,2.3045454545454547,0.0
15046,2533.37,1213,10,3.32860103626943,61,-8.964190564334311,No Response,0.0,Regular Price,3.32860103626943,3.32860103626943,0.0
13562,3038.85,846,5,4.541052631578947,37,-18.71295109472589,No Response,0.0,Regular Price,4.541052631578947,4.541052631578947,0.0
12431,4370.52,1811,13,3.8692941176470574,9,-13.606587721920295,No Response,0.0,Regular Price,3.8692941176470574,3.8692941176470574,0.0
15359,181.35,145,8,1.291875,298,7.801515153413604,High Response,0.15,High Discount,1.291875,1.09809375,0.19378125000000002
18106,1019.16,380,5,2.997987012987013,112,-7.0836115530707655,No Response,0.0,Regular Price,2.997987012987013,2.997987012987013,0.0
17681,731.2,450,5,2.762142857142857,233,-2.227751841834027,No Response,0.0,Regular Price,2.762142857142857,2.762142857142857,0.0
12755,5218.709999999999,2290,10,1.9468333333333327,1,-6.428957088371396,No Response,0.0,Regular Price,1.9468333333333327,1.9468333333333327,0.0
12789,181.5,32,2,10.725,148,-42.75431563077526,No Response,0.0,Regular Price,10.725,10.725,0.0
15771,1006.54,512,3,3.3353571428571427,240,-5.826395795542566,No Response,0.0,Regular Price,3.3353571428571427,3.3353571428571427,0.0
16452,332.17,199,2,1.860555555555556,266,1.89072942901523,High Response,0.15,High Discount,1.860555555555556,1.5814722222222226,0.27908333333333335
14324,701.61,402,2,3.0782926829268296,45,-9.760084001190506,No Response,0.0,Regular Price,3.0782926829268296,3.0782926829268296,0.0
17871,913.05,483,4,3.274246575342466,33,-10.42627134158484,No Response,0.0,Regular Price,3.274246575342466,3.274246575342466,0.0
12631,2841.07,1371,5,2.844868421052632,92,-7.994383218086326,No Response,0.0,Regular Price,2.844868421052632,2.844868421052632,0.0
17227,1081.86,1032,7,1.1641558441558442,4,0.6258011635864991,High Response,0.15,High Discount,1.1641558441558442,0.9895324675324675,0.17462337662337668
12860,54.22,26,1,2.6325,329,-0.3436342632399047,No Response,0.0,Regular Price,2.6325,2.6325,0.0
17454,1030.41,484,6,3.302769230769231,98,-8.311719328795554,No Response,0.0,Regular Price,3.302769230769231,3.302769230769231,0.0
15224,549.28,291,3,2.535238095238096,148,-4.1310113169659255,No Response,0.0,Regular Price,2.535238095238096,2.535238095238096,0.0
12813,1687.8,1141,3,2.3455555555555554,137,-3.772751505204175,No Response,0.0,Regular Price,2.3455555555555554,2.3455555555555554,0.0
15489,1285.3300000000002,656,5,3.6128125,36,-11.839476572784026,No Response,0.0,Regular Price,3.6128125,3.6128125,0.0
14451,2614.78,1359,10,2.2172972972972973,25,-4.54456070896792,No Response,0.0,Regular Price,2.2172972972972973,2.2172972972972973,0.0
14421,1656.26,977,4,2.504782608695652,148,-4.120890409316575,No Response,0.0,Regular Price,2.504782608695652,2.504782608695652,0.0
17801,770.03,820,3,1.5719753086419752,87,-0.5403642090370022,No Response,0.0,Regular Price,1.5719753086419752,1.5719753086419752,0.0
16595,1397.59,996,4,2.104059945504088,12,-5.300608450942148,No Response,0.0,Regular Price,2.104059945504088,2.104059945504088,0.0
13907,136.8,68,1,2.1125,327,1.983823742742537,High Response,0.15,High Discount,2.1125,1.7956249999999998,0.316875
16510,1777.5,930,6,3.7929464285714287,8,-13.317508516077249,No Response,0.0,Regular Price,3.7929464285714287,3.7929464285714287,0.0
14420,1251.65,786,3,3.39765625,32,-11.384091816958133,No Response,0.0,Regular Price,3.39765625,3.39765625,0.0
16524,306.19,259,2,3.4075471698113207,82,-9.96233023561514,No Response,0.0,Regular Price,3.4075471698113207,3.4075471698113207,0.0
16166,435.83,173,2,3.5700000000000003,64,-11.572693694827024,No Response,0.0,Regular Price,3.5700000000000003,3.5700000000000003,0.0
16434,1161.89,550,5,4.224657534246575,82,-13.513157747002795,No Response,0.0,Regular Price,4.224657534246575,4.224657534246575,0.0
13869,4913.22,2593,6,3.0201685393258426,17,-11.457787806146705,No Response,0.0,Regular Price,3.0201685393258426,3.0201685393258426,0.0
13616,283.85,172,2,3.0828571428571427,204,-5.412133583515736,No Response,0.0,Regular Price,3.0828571428571427,3.0828571428571427,0.0
17591,519.95,152,2,4.251666666666666,3,-16.526753602092146,No Response,0.0,Regular Price,4.251666666666666,4.251666666666666,0.0
14892,202.35,79,1,3.511538461538461,326,-4.681862191275281,No Response,0.0,Regular Price,3.511538461538461,3.511538461538461,0.0
12877,1406.37,1059,8,2.0900000000000003,37,-2.964461995451364,No Response,0.0,Regular Price,2.0900000000000003,2.0900000000000003,0.0
14441,2898.8,814,7,5.577281553398058,10,-23.336983777919063,No Response,0.0,Regular Price,5.577281553398058,5.577281553398058,0.0
14754,909.88,524,4,2.81221052631579,61,-7.451933721412075,No Response,0.0,Regular Price,2.81221052631579,2.81221052631579,0.0
15747,1553.17,878,6,2.3387301587301588,11,-6.15672476889055,No Response,0.0,Regular Price,2.3387301587301588,2.3387301587301588,0.0
15795,1369.86,830,7,2.653258426966292,66,-5.613668904686206,No Response,0.0,Regular Price,2.653258426966292,2.653258426966292,0.0
18057,1188.46,970,3,3.0322388059701493,29,-9.28765849433942,No Response,0.0,Regular Price,3.0322388059701493,3.0322388059701493,0.0
14461,4573.85,2239,10,3.3736622807017547,18,-11.695226502391122,No Response,0.0,Regular Price,3.3736622807017547,3.3736622807017547,0.0
14442,3777.2,949,5,8.911249999999999,50,-39.87244689720497,No Response,0.0,Regular Price,8.911249999999999,8.911249999999999,0.0
17966,865.49,1347,5,1.3871111111111112,227,5.575746593615594,High Response,0.15,High Discount,1.3871111111111112,1.1790444444444446,0.20806666666666662
15164,1203.53,561,6,2.6288446215139443,25,-7.186107982014247,No Response,0.0,Regular Price,2.6288446215139443,2.6288446215139443,0.0
17048,1146.33,583,4,2.299137931034483,73,-5.017450036837385,No Response,0.0,Regular Price,2.299137931034483,2.299137931034483,0.0
17773,575.37,254,2,3.1116363636363635,150,-7.2725927952513025,No Response,0.0,Regular Price,3.1116363636363635,3.1116363636363635,0.0
16954,3996.8,3032,11,2.437105263157895,15,-4.505730611630346,No Response,0.0,Regular Price,2.437105263157895,2.437105263157895,0.0
15375,60.96,84,1,1.1466666666666667,326,6.638523606629837,High Response,0.15,High Discount,1.1466666666666667,0.9746666666666667,0.17200000000000004
14343,1079.66,626,4,2.4174358974358974,57,-5.791435373516084,No Response,0.0,Regular Price,2.4174358974358974,2.4174358974358974,0.0
15697,246.75,127,1,3.446428571428572,325,-4.383547345832136,No Response,0.0,Regular Price,3.446428571428572,3.446428571428572,0.0
16867,76.74000000000001,58,1,1.528333333333333,325,4.748380681317585,High Response,0.15,High Discount,1.528333333333333,1.2990833333333331,0.22924999999999995
16287,864.48,1128,4,2.1217647058823528,12,-4.238787689038406,No Response,0.0,Regular Price,2.1217647058823528,2.1217647058823528,0.0
15198,377.71,207,3,3.6347619047619046,44,-11.852687141017366,No Response,0.0,Regular Price,3.6347619047619046,3.6347619047619046,0.0
13877,332.44,370,2,2.634,106,-5.545767264542995,No Response,0.0,Regular Price,2.634,2.634,0.0
12470,211.95,95,1,3.928260869565217,325,-6.6442588490173575,No Response,0.0,Regular Price,3.928260869565217,3.928260869565217,0.0
17769,3095.95,1307,7,3.142652329749104,19,-11.072358280771727,No Response,0.0,Regular Price,3.142652329749104,3.142652329749104,0.0
17706,10245.49,4150,17,3.6663446475195824,2,-16.565549638852165,No Response,0.0,Regular Price,3.6663446475195824,3.6663446475195824,0.0
14715,958.07,509,4,3.3577272727272724,78,-9.67558896707738,No Response,0.0,Regular Price,3.3577272727272724,3.3577272727272724,0.0
12589,4048.98,1458,6,10.707793103448276,57,-47.189537543842334,No Response,0.0,Regular Price,10.707793103448276,10.707793103448276,0.0
16087,1739.92,664,5,2.41,25,-7.233390749079323,No Response,0.0,Regular Price,2.41,2.41,0.0
14472,266.05,136,1,3.0320454545454543,325,-2.4575852349771905,No Response,0.0,Regular Price,3.0320454545454543,3.0320454545454543,0.0
13555,4792.96,2126,9,2.941221374045801,14,-10.737008629860416,No Response,0.0,Regular Price,2.941221374045801,2.941221374045801,0.0
12733,2040.92,759,3,3.424888888888889,25,-13.060488929397293,No Response,0.0,Regular Price,3.424888888888889,3.424888888888889,0.0
14413,643.47,210,3,7.051351351351352,46,-28.23828438166757,No Response,0.0,Regular Price,7.051351351351352,7.051351351351352,0.0
13315,310.26,232,1,1.968181818181818,325,2.6375771988855616,High Response,0.15,High Discount,1.968181818181818,1.6729545454545454,0.29522727272727267
17245,200.18,232,1,1.318125,325,5.865308023882131,High Response,0.15,High Discount,1.318125,1.12040625,0.19771874999999994
17307,3999.89,3667,11,2.107083333333333,31,-1.3166652119600455,No Response,0.0,Regular Price,2.107083333333333,2.107083333333333,0.0
17963,643.16,341,4,3.052110091743119,107,-7.294653173761516,No Response,0.0,Regular Price,3.052110091743119,3.052110091743119,0.0
14983,183.2,90,1,2.57,325,-0.2451069176299576,No Response,0.0,Regular Price,2.57,2.57,0.0
13397,1647.74,906,5,5.022156862745098,73,-17.598834451082567,No Response,0.0,Regular Price,5.022156862745098,5.022156862745098,0.0
12987,753.51,366,3,4.07578947368421,56,-13.924250083909495,No Response,0.0,Regular Price,4.07578947368421,4.07578947368421,0.0
13027,10327.2,25560,13,0.4040677966101695,21,39.16154909771782,High Response,0.15,High Discount,0.4040677966101695,0.3434576271186441,0.06061016949152542
16727,1121.45,899,3,1.627391304347826,28,-2.760765421106832,No Response,0.0,Regular Price,1.627391304347826,1.627391304347826,0.0
14556,815.69,323,3,2.759642857142857,232,-3.38686176137174,No Response,0.0,Regular Price,2.759642857142857,2.759642857142857,0.0
14388,3488.16,2419,9,2.72609649122807,8,-7.14169994712523,No Response,0.0,Regular Price,2.72609649122807,2.72609649122807,0.0
17220,1269.76,766,7,2.227317073170732,53,-3.913391096347814,No Response,0.0,Regular Price,2.227317073170732,2.227317073170732,0.0
17356,768.25,759,4,1.5110447761194028,190,2.67717784102188,High Response,0.15,High Discount,1.5110447761194028,1.2843880597014923,0.22665671641791052
17794,147.3,46,2,4.421428571428572,322,-8.640438136484585,No Response,0.0,Regular Price,4.421428571428572,4.421428571428572,0.0
15191,588.05,287,3,3.322857142857143,99,-9.16170543309878,No Response,0.0,Regular Price,3.322857142857143,3.322857142857143,0.0
14649,2248.6,1411,5,3.2453958944281527,18,-10.72289215040644,No Response,0.0,Regular Price,3.2453958944281527,3.2453958944281527,0.0
14595,423.85,250,2,1.725,89,-2.1147997944069807,No Response,0.0,Regular Price,1.725,1.725,0.0
16085,1359.52,746,7,3.058894230769231,16,-8.955032208540475,No Response,0.0,Regular Price,3.058894230769231,3.058894230769231,0.0
13982,2511.08,1550,6,2.305839416058394,1,-6.551842940860574,No Response,0.0,Regular Price,2.305839416058394,2.305839416058394,0.0
17875,167.1,98,1,2.7838461538461536,324,-1.230127773786147,No Response,0.0,Regular Price,2.7838461538461536,2.7838461538461536,0.0
16634,1596.71,1239,5,4.554634146341464,8,-16.36157011373214,No Response,0.0,Regular Price,4.554634146341464,4.554634146341464,0.0
14207,157.8,36,1,4.45,323,-9.163920657245445,No Response,0.0,Regular Price,4.45,4.45,0.0
15095,1771.04,1154,6,2.5554545454545456,56,-5.832184579780244,No Response,0.0,Regular Price,2.5554545454545456,2.5554545454545456,0.0
12986,2729.84,1164,10,3.879607843137255,64,-11.889471150488868,No Response,0.0,Regular Price,3.879607843137255,3.879607843137255,0.0
14431,2143.84,1072,3,3.03953125,15,-11.078126564437804,No Response,0.0,Regular Price,3.03953125,3.03953125,0.0
14530,3226.76,1594,10,3.308038461538461,32,-10.034212803948217,No Response,0.0,Regular Price,3.308038461538461,3.308038461538461,0.0
14320,868.96,388,3,4.7138,182,-13.796632866553582,No Response,0.0,Regular Price,4.7138,4.7138,0.0
14714,746.05,413,3,2.6209638554216865,43,-7.344162311958283,No Response,0.0,Regular Price,2.6209638554216865,2.6209638554216865,0.0
15910,1432.29,1145,7,1.7586158192090393,36,-1.6931648253974467,No Response,0.0,Regular Price,1.7586158192090393,1.7586158192090393,0.0
13527,2298.93,1053,5,3.0455752212389378,54,-9.63378826994142,No Response,0.0,Regular Price,3.0455752212389378,3.0455752212389378,0.0
15885,1572.47,511,12,3.959484536082474,19,-12.013079877227316,No Response,0.0,Regular Price,3.959484536082474,3.959484536082474,0.0
14064,1925.9,2139,10,1.4636477987421384,66,2.710941882740782,High Response,0.15,High Discount,1.4636477987421384,1.2441006289308176,0.21954716981132072
15296,6650.17,3686,6,3.0973529411764704,56,-11.578424225226424,No Response,0.0,Regular Price,3.0973529411764704,3.0973529411764704,0.0
14439,6781.8,1718,4,4.928350515463918,79,-24.35848790747021,No Response,0.0,Regular Price,4.928350515463918,4.928350515463918,0.0
13543,1439.61,329,2,4.599787234042553,270,-12.426363410193956,No Response,0.0,Regular Price,4.599787234042553,4.599787234042553,0.0
15682,318.24,222,2,2.1412,235,-0.1589949261474172,No Response,0.0,Regular Price,2.1412,2.1412,0.0
17320,1695.15,758,4,4.507029702970297,4,-17.719723518661887,No Response,0.0,Regular Price,4.507029702970297,4.507029702970297,0.0
15126,449.49,273,2,2.8027999999999995,172,-5.00950617913234,No Response,0.0,Regular Price,2.8027999999999995,2.8027999999999995,0.0
17180,1452.8,1139,7,2.038290909090909,58,-2.4786617148369867,No Response,0.0,Regular Price,2.038290909090909,2.038290909090909,0.0
13413,429.44,455,6,1.8832558139534883,275,3.867742073957555,High Response,0.15,High Discount,1.8832558139534883,1.600767441860465,0.28248837209302335
13192,1646.64,1034,4,3.166262626262626,171,-6.495899478383016,No Response,0.0,Regular Price,3.166262626262626,3.166262626262626,0.0
14854,1563.03,1167,4,2.448068181818182,26,-6.49218657341661,No Response,0.0,Regular Price,2.448068181818182,2.448068181818182,0.0
14209,2919.84,1048,9,5.078055555555555,21,-19.53694896639749,No Response,0.0,Regular Price,5.078055555555555,5.078055555555555,0.0
14274,256.6,178,1,1.6666666666666667,322,3.956343275542803,High Response,0.15,High Discount,1.6666666666666667,1.4166666666666667,0.25
17460,1605.84,744,12,3.537,8,-9.922353268494202,No Response,0.0,Regular Price,3.537,3.537,0.0
12531,1807.98,1074,1,2.371363636363637,322,-0.1873455173326959,No Response,0.0,Regular Price,2.371363636363637,2.371363636363637,0.0
16822,181.39,171,1,2.5436363636363635,322,-0.0389533190187925,No Response,0.0,Regular Price,2.5436363636363635,2.5436363636363635,0.0
13889,1574.3300000000002,833,5,2.728235294117648,18,-8.300818352283365,No Response,0.0,Regular Price,2.728235294117648,2.728235294117648,0.0
14640,1541.98,765,4,2.8879591836734693,45,-8.806078216816672,No Response,0.0,Regular Price,2.8879591836734693,2.8879591836734693,0.0
14837,1810.82,1594,5,1.502970297029703,78,0.0770268379764971,High Response,0.15,High Discount,1.502970297029703,1.2775247524752475,0.22544554455445542
17242,1754.24,848,3,2.145,92,-4.679736600175153,No Response,0.0,Regular Price,2.145,2.145,0.0
17618,3071.36,1479,8,3.4443103448275862,19,-11.731180742558475,No Response,0.0,Regular Price,3.4443103448275862,3.4443103448275862,0.0
17335,497.04,210,2,3.215,19,-11.10636050412812,No Response,0.0,Regular Price,3.215,3.215,0.0
17780,346.56,156,3,3.158481012658228,303,-2.957748149310361,No Response,0.0,Regular Price,3.158481012658228,3.158481012658228,0.0
16950,2535.21,1820,8,2.3781904761904764,3,-5.597011449327796,No Response,0.0,Regular Price,2.3781904761904764,2.3781904761904764,0.0
12916,1534.78,598,3,4.838260869565218,78,-17.77573559382876,No Response,0.0,Regular Price,4.838260869565218,4.838260869565218,0.0
13036,307.1,38,1,9.658333333333331,320,-33.87804099951558,No Response,0.0,Regular Price,9.658333333333331,9.658333333333331,0.0
14879,185.06,104,1,3.095925925925926,320,-2.813568395019552,No Response,0.0,Regular Price,3.095925925925926,3.095925925925926,0.0
12703,722.98,431,3,3.031509433962264,269,-3.336904765786484,No Response,0.0,Regular Price,3.031509433962264,3.031509433962264,0.0
13249,897.52,700,6,1.3191666666666666,37,0.0382727706145358,High Response,0.15,High Discount,1.3191666666666666,1.1212916666666666,0.19787500000000002
15727,4212.65,2845,8,3.843541666666667,23,-12.744032084369485,No Response,0.0,Regular Price,3.843541666666667,3.843541666666667,0.0
15711,420.25,199,2,3.378,192,-7.280086064029477,No Response,0.0,Regular Price,3.378,3.378,0.0
14701,1961.02,823,6,3.025858208955224,78,-8.424846299362446,No Response,0.0,Regular Price,3.025858208955224,3.025858208955224,0.0
16255,2284.34,1282,8,3.330416666666667,1,-10.735842941668231,No Response,0.0,Regular Price,3.330416666666667,3.330416666666667,0.0
14070,321.6,85,1,4.763414634146342,320,-10.887116283214592,No Response,0.0,Regular Price,4.763414634146342,4.763414634146342,0.0
17071,1364.68,737,4,3.602957746478873,17,-12.639139507968755,No Response,0.0,Regular Price,3.602957746478873,3.602957746478873,0.0
16523,2497.86,714,7,5.346913580246913,51,-20.72200513423644,No Response,0.0,Regular Price,5.346913580246913,5.346913580246913,0.0
14522,773.8800000000001,431,4,2.7017857142857147,231,-2.483612873926843,No Response,0.0,Regular Price,2.7017857142857147,2.7017857142857147,0.0
17141,727.58,423,4,2.999444444444445,54,-8.402731143435158,No Response,0.0,Regular Price,2.999444444444445,2.999444444444445,0.0
13209,2617.9,1528,5,3.4533333333333336,150,-8.664002719210067,No Response,0.0,Regular Price,3.4533333333333336,3.4533333333333336,0.0
15696,1170.11,371,5,6.034528301886792,59,-22.946668106156544,No Response,0.0,Regular Price,6.034528301886792,6.034528301886792,0.0
13729,724.73,419,3,3.603076923076924,71,-11.17080152614335,No Response,0.0,Regular Price,3.603076923076924,3.603076923076924,0.0
14044,2431.28,1796,6,2.5036774193548386,54,-5.493901320415818,No Response,0.0,Regular Price,2.5036774193548386,2.5036774193548386,0.0
17142,696.25,241,3,3.9912162162162166,40,-14.090320107187832,No Response,0.0,Regular Price,3.9912162162162166,3.9912162162162166,0.0
16206,2052.81,1107,9,3.29954802259887,23,-9.596856220255392,No Response,0.0,Regular Price,3.29954802259887,3.29954802259887,0.0
15434,1525.5800000000002,776,6,3.23493670886076,10,-10.531984680102418,No Response,0.0,Regular Price,3.23493670886076,3.23493670886076,0.0
15483,592.56,614,6,1.5503783783783784,21,-1.1181901952236082,No Response,0.0,Regular Price,1.5503783783783784,1.5503783783783784,0.0
14986,563.1,338,2,2.3331632653061227,12,-7.019273129603494,No Response,0.0,Regular Price,2.3331632653061227,2.3331632653061227,0.0
17584,4067.12,2006,4,4.193033707865169,103,-15.210350108713609,No Response,0.0,Regular Price,4.193033707865169,4.193033707865169,0.0
14870,1511.7,364,5,5.272115384615384,49,-20.218017900860247,No Response,0.0,Regular Price,5.272115384615384,5.272115384615384,0.0
14621,1212.21,713,4,2.259850746268657,147,-2.772970709332615,No Response,0.0,Regular Price,2.259850746268657,2.259850746268657,0.0
15303,650.16,266,2,5.220526315789473,201,-15.928574141777467,No Response,0.0,Regular Price,5.220526315789473,5.220526315789473,0.0
13488,6619.57,3373,11,3.497913907284768,3,-13.491722965789013,No Response,0.0,Regular Price,3.497913907284768,3.497913907284768,0.0
17810,373.16,118,2,4.421454545454545,304,-9.343386189439927,No Response,0.0,Regular Price,4.421454545454545,4.421454545454545,0.0
18199,344.75,99,1,5.035,319,-12.196273543310689,No Response,0.0,Regular Price,5.035,5.035,0.0
13477,1364.59,1070,5,2.4747435897435897,91,-4.411946989940627,No Response,0.0,Regular Price,2.4747435897435897,2.4747435897435897,0.0
16795,2062.41,1214,3,2.113005952380953,1,-6.6902119395094735,No Response,0.0,Regular Price,2.113005952380953,2.113005952380953,0.0
17419,2273.95,1211,8,3.1566964285714287,3,-9.991123037404812,No Response,0.0,Regular Price,3.1566964285714287,3.1566964285714287,0.0
16004,2146.39,1076,5,3.0701111111111112,110,-7.998683965595512,No Response,0.0,Regular Price,3.0701111111111112,3.0701111111111112,0.0
14628,1326.04,875,3,3.1430645161290323,78,-8.950744776263985,No Response,0.0,Regular Price,3.1430645161290323,3.1430645161290323,0.0
15611,1405.83,243,13,6.411568627450981,19,-23.361134976693297,No Response,0.0,Regular Price,6.411568627450981,6.411568627450981,0.0
14376,215.46,50,1,3.93,319,-6.901185669071113,No Response,0.0,Regular Price,3.93,3.93,0.0
12857,2581.6,1077,4,3.338,72,-11.339793339471855,No Response,0.0,Regular Price,3.338,3.338,0.0
14538,982.59,129,3,10.20969696969697,166,-40.6421333921082,No Response,0.0,Regular Price,10.20969696969697,10.20969696969697,0.0
17218,2226.96,1240,9,2.6397991967871484,4,-7.031179777331767,No Response,0.0,Regular Price,2.6397991967871484,2.6397991967871484,0.0
13650,1451.66,824,4,3.2157894736842105,10,-10.983202536159643,No Response,0.0,Regular Price,3.2157894736842105,3.2157894736842105,0.0
15259,1182.38,631,4,8.15719298245614,148,-30.474980246547467,No Response,0.0,Regular Price,8.15719298245614,8.15719298245614,0.0
13971,1909.31,1240,6,2.568490566037736,59,-5.878733161183571,No Response,0.0,Regular Price,2.568490566037736,2.568490566037736,0.0
12468,2941.2,1835,3,2.5244642857142856,162,-4.702342204935792,No Response,0.0,Regular Price,2.5244642857142856,2.5244642857142856,0.0
15218,5711.9400000000005,3201,11,2.8840000000000003,25,-8.868625185511355,No Response,0.0,Regular Price,2.8840000000000003,2.8840000000000003,0.0
15950,5376.2,2635,6,2.905439189189189,11,-11.765717245420577,No Response,0.0,Regular Price,2.905439189189189,2.905439189189189,0.0
17536,288.33,195,2,2.637692307692308,56,-7.125343754289739,No Response,0.0,Regular Price,2.637692307692308,2.637692307692308,0.0
15003,1027.03,525,6,2.2212462006079026,109,-2.8764008341656604,No Response,0.0,Regular Price,2.2212462006079026,2.2212462006079026,0.0
16481,453.38,201,1,2.63125,318,-0.947776290305538,No Response,0.0,Regular Price,2.63125,2.63125,0.0
13459,1160.41,986,2,2.282191780821918,260,-0.0898313564211448,No Response,0.0,Regular Price,2.282191780821918,2.282191780821918,0.0
16281,1361.96,636,2,2.565,59,-7.638906612077238,No Response,0.0,Regular Price,2.565,2.565,0.0
12905,1018.42,532,2,3.648703703703704,212,-8.379024189805286,No Response,0.0,Regular Price,3.648703703703704,3.648703703703704,0.0
12361,321.35,144,3,4.152631578947369,98,-12.907152064565716,No Response,0.0,Regular Price,4.152631578947369,4.152631578947369,0.0
17059,2506.54,1728,5,2.5683024691358023,5,-7.702525893928931,No Response,0.0,Regular Price,2.5683024691358023,2.5683024691358023,0.0
15845,714.51,202,3,5.085555555555556,172,-15.900905624128088,No Response,0.0,Regular Price,5.085555555555556,5.085555555555556,0.0
17050,1462.95,837,5,9.082926829268292,11,-38.04898254387919,No Response,0.0,Regular Price,9.082926829268292,9.082926829268292,0.0
17726,1092.06,444,7,3.47,31,-10.632893384279573,No Response,0.0,Regular Price,3.47,3.47,0.0
13514,663.7,248,3,5.06764705882353,64,-18.44166686351994,No Response,0.0,Regular Price,5.06764705882353,5.06764705882353,0.0
15766,516.0,164,2,3.4566666666666666,92,-10.467411585158352,No Response,0.0,Regular Price,3.4566666666666666,3.4566666666666666,0.0
15959,542.89,269,3,3.819859154929577,318,-5.773891762485232,No Response,0.0,Regular Price,3.819859154929577,3.819859154929577,0.0
12745,925.41,468,3,11.71913043478261,122,-48.09719975105892,No Response,0.0,Regular Price,11.71913043478261,11.71913043478261,0.0
12606,21.0,1,1,21.0,318,-86.6400762750155,No Response,0.0,Regular Price,21.0,21.0,0.0
12404,63.24,1,1,63.24,318,-284.52762040319146,No Response,0.0,Regular Price,63.24,63.24,0.0
12466,56.73,1,1,56.73,318,-254.02932702548253,No Response,0.0,Regular Price,56.73,56.73,0.0
16291,117.72,1,1,117.72,318,-539.7575778866911,No Response,0.0,Regular Price,117.72,117.72,0.0
12555,129.23,1,1,129.23,318,-593.680059726542,No Response,0.0,Regular Price,129.23,129.23,0.0
14912,1021.4,848,4,3.447777777777778,37,-10.606480778373864,No Response,0.0,Regular Price,3.447777777777778,3.447777777777778,0.0
12846,15.58,1,1,15.58,318,-61.24825598205355,No Response,0.0,Regular Price,15.58,15.58,0.0
16047,107.14,1,1,107.14,318,-490.1919951007985,No Response,0.0,Regular Price,107.14,107.14,0.0
14380,48.96,1,1,48.96,318,-217.6281381553138,No Response,0.0,Regular Price,48.96,48.96,0.0
14079,243.63,1,1,243.63,318,-1129.625491740352,No Response,0.0,Regular Price,243.63,243.63,0.0
17672,2600.46,1068,5,5.326979166666667,53,-20.81713360143833,No Response,0.0,Regular Price,5.326979166666667,5.326979166666667,0.0
15702,140.39,103,2,3.416,112,-9.251434654371955,No Response,0.0,Regular Price,3.416,3.416,0.0
12570,77.52,1,1,77.52,318,-351.42710265106905,No Response,0.0,Regular Price,77.52,77.52,0.0
15073,1744.61,919,5,4.124761904761905,36,-14.491116870824252,No Response,0.0,Regular Price,4.124761904761905,4.124761904761905,0.0
13698,451.73,227,2,3.432105263157895,232,-6.494956357433944,No Response,0.0,Regular Price,3.432105263157895,3.432105263157895,0.0
16051,188.44,80,1,2.6366666666666667,317,-0.7927920244453999,No Response,0.0,Regular Price,2.6366666666666667,2.6366666666666667,0.0
14365,634.68,557,2,1.9623529411764704,30,-4.509917116670319,No Response,0.0,Regular Price,1.9623529411764704,1.9623529411764704,0.0
12873,1653.3,658,2,3.3606451612903228,33,-12.481449908257837,No Response,0.0,Regular Price,3.3606451612903228,3.3606451612903228,0.0
15695,721.06,272,2,4.533513513513514,233,-11.98840252028134,No Response,0.0,Regular Price,4.533513513513514,4.533513513513514,0.0
15798,1535.37,915,3,2.4274698795180725,128,-4.57483497015884,No Response,0.0,Regular Price,2.4274698795180725,2.4274698795180725,0.0
14551,691.86,380,5,2.9295652173913043,47,-7.902259545552534,No Response,0.0,Regular Price,2.9295652173913043,2.9295652173913043,0.0
12869,337.67,144,1,2.576216216216216,317,-0.6339466083843472,No Response,0.0,Regular Price,2.576216216216216,2.576216216216216,0.0
17604,633.02,445,4,2.2240689655172416,58,-4.467560136606037,No Response,0.0,Regular Price,2.2240689655172416,2.2240689655172416,0.0
15389,2233.8,3540,4,0.918,36,4.426595432865767,High Response,0.15,High Discount,0.918,0.7803,0.13770000000000004
16430,817.09,204,6,5.450909090909091,17,-20.65957190308518,No Response,0.0,Regular Price,5.450909090909091,5.450909090909091,0.0
13048,2229.72,1433,5,2.011,72,-3.468454633782347,No Response,0.0,Regular Price,2.011,2.011,0.0
15797,613.6800000000001,408,2,1.5525,217,2.0007803495597574,High Response,0.15,High Discount,1.5525,1.319625,0.23287499999999994
16320,4590.53,2587,4,3.0657297297297297,89,-10.036729363170856,No Response,0.0,Regular Price,3.0657297297297297,3.0657297297297297,0.0
13101,594.21,365,3,2.5032558139534884,134,-4.2750719996305335,No Response,0.0,Regular Price,2.5032558139534884,2.5032558139534884,0.0
18016,476.9,180,2,3.436170212765957,46,-11.46721504652488,No Response,0.0,Regular Price,3.436170212765957,3.436170212765957,0.0
14167,711.7,193,4,4.041538461538462,100,-12.511525677172582,No Response,0.0,Regular Price,4.041538461538462,4.041538461538462,0.0
14279,191.86,46,2,4.53,156,-13.52481137974591,No Response,0.0,Regular Price,4.53,4.53,0.0
12484,1826.78,1079,6,2.92390625,119,-6.163765475657441,No Response,0.0,Regular Price,2.92390625,2.92390625,0.0
17695,980.7,1030,3,1.3184615384615386,30,-0.7730822036060294,No Response,0.0,Regular Price,1.3184615384615386,1.3184615384615386,0.0
17982,138.18,117,1,1.9738461538461536,316,2.44103916115384,High Response,0.15,High Discount,1.9738461538461536,1.6777692307692305,0.2960769230769231
14672,347.59,192,2,2.702888888888889,151,-5.073431984694505,No Response,0.0,Regular Price,2.702888888888889,2.702888888888889,0.0
15563,1459.02,1504,3,1.9163888888888887,150,-0.3393979403547718,No Response,0.0,Regular Price,1.9163888888888887,1.9163888888888887,0.0
13820,652.75,285,3,2.8431460674157303,54,-8.192935278599911,No Response,0.0,Regular Price,2.8431460674157303,2.8431460674157303,0.0
14613,76.32000000000001,72,1,1.06,316,6.7363498311435865,High Response,0.15,High Discount,1.06,0.901,0.15900000000000003
16326,1682.03,401,10,5.634011976047904,19,-21.00881483226214,No Response,0.0,Regular Price,5.634011976047904,5.634011976047904,0.0
15544,4615.72,3910,12,1.561979865771812,8,0.4650090856931639,High Response,0.15,High Discount,1.561979865771812,1.3276828859060401,0.23429697986577191
16137,422.7,210,1,2.696428571428572,316,-1.2362400716125634,No Response,0.0,Regular Price,2.696428571428572,2.696428571428572,0.0
16535,378.29,308,2,2.25775,21,-6.183267838206345,No Response,0.0,Regular Price,2.25775,2.25775,0.0
18194,3188.2000000000003,1142,5,3.9180952380952383,74,-14.510318555815733,No Response,0.0,Regular Price,3.9180952380952383,3.9180952380952383,0.0
13615,5854.84,2721,7,4.682063953488372,35,-19.715690408430014,No Response,0.0,Regular Price,4.682063953488372,4.682063953488372,0.0
15137,823.4,596,2,2.1173529411764704,156,-2.2093157087619177,No Response,0.0,Regular Price,2.1173529411764704,2.1173529411764704,0.0
17905,1580.38,964,10,3.9289629629629625,9,-12.019434711393636,No Response,0.0,Regular Price,3.9289629629629625,3.9289629629629625,0.0
15861,1222.28,1309,4,1.563548387096774,92,0.204155278007069,High Response,0.15,High Discount,1.563548387096774,1.3290161290322577,0.23453225806451616
15192,937.07,726,3,2.613090909090909,1,-8.105646365929315,No Response,0.0,Regular Price,2.613090909090909,2.613090909090909,0.0
14469,2093.46,973,4,3.9252413793103447,52,-13.997045550078273,No Response,0.0,Regular Price,3.9252413793103447,3.9252413793103447,0.0
13851,1955.0,820,5,3.2508474576271187,15,-11.48553630601841,No Response,0.0,Regular Price,3.2508474576271187,3.2508474576271187,0.0
15487,231.32,144,1,2.462142857142857,315,0.0256397924019831,High Response,0.15,High Discount,2.462142857142857,2.0928214285714284,0.3693214285714288
13480,627.82,362,2,3.589756097560976,52,-11.928753405209038,No Response,0.0,Regular Price,3.589756097560976,3.589756097560976,0.0
15251,9839.55,5937,10,4.1505882352941175,50,-16.090983727324634,No Response,0.0,Regular Price,4.1505882352941175,4.1505882352941175,0.0
12823,4742.0,700,13,6.619230769230769,30,-28.718837618787173,No Response,0.0,Regular Price,6.619230769230769,6.619230769230769,0.0
13583,664.001,372,1,2.839093023255814,315,-2.017477811444476,No Response,0.0,Regular Price,2.839093023255814,2.839093023255814,0.0
14249,5400.461,2383,12,4.038533088235294,46,-14.423381823912813,No Response,0.0,Regular Price,4.038533088235294,4.038533088235294,0.0
16673,171.13,95,1,2.807368421052632,315,-1.5860543346559326,No Response,0.0,Regular Price,2.807368421052632,2.807368421052632,0.0
16390,467.5,122,3,5.692857142857143,172,-18.488932519451332,No Response,0.0,Regular Price,5.692857142857143,5.692857142857143,0.0
14068,1250.87,437,3,4.688214285714285,239,-12.740800794048326,No Response,0.0,Regular Price,4.688214285714285,4.688214285714285,0.0
15943,271.29,183,2,1.7325,285,3.0531333183249405,High Response,0.15,High Discount,1.7325,1.4726249999999999,0.2598750000000001
16923,6088.05,2846,13,2.800153172866521,11,-9.397953070741009,No Response,0.0,Regular Price,2.800153172866521,2.800153172866521,0.0
16955,790.74,557,4,2.9796875,4,-9.450708385998812,No Response,0.0,Regular Price,2.9796875,2.9796875,0.0
15013,1610.82,1715,10,1.6033823529411764,123,3.234581004248575,High Response,0.15,High Discount,1.6033823529411764,1.3628749999999998,0.24050735294117653
15588,579.6,96,1,6.0375,313,-17.443746640288374,No Response,0.0,Regular Price,6.0375,6.0375,0.0
17137,1099.81,680,6,2.131556886227545,52,-3.7534855087999457,No Response,0.0,Regular Price,2.131556886227545,2.131556886227545,0.0
14481,1648.18,1079,3,2.417333333333333,43,-6.5992655967008265,No Response,0.0,Regular Price,2.417333333333333,2.417333333333333,0.0
16014,453.45,204,2,2.494890510948905,44,-7.025157182111099,No Response,0.0,Regular Price,2.494890510948905,2.494890510948905,0.0
14820,767.47,471,5,4.699142857142857,16,-16.94194554705259,No Response,0.0,Regular Price,4.699142857142857,4.699142857142857,0.0
15385,625.2,267,2,2.268888888888889,28,-6.545090092751871,No Response,0.0,Regular Price,2.268888888888889,2.268888888888889,0.0
12483,2612.2000000000003,1050,11,7.412698412698413,14,-29.37810809550732,No Response,0.0,Regular Price,7.412698412698413,7.412698412698413,0.0
13443,1273.16,805,6,2.86315,84,-6.396317752256046,No Response,0.0,Regular Price,2.86315,2.86315,0.0
13392,91.14,82,1,1.44625,313,4.844476036898255,High Response,0.15,High Discount,1.44625,1.2293125,0.2169375
14306,1058.0800000000002,990,4,1.169230769230769,14,-0.3168216379986361,No Response,0.0,Regular Price,1.169230769230769,1.169230769230769,0.0
13897,849.56,620,2,2.35,74,-5.420708770679051,No Response,0.0,Regular Price,2.35,2.35,0.0
15338,277.93,148,1,2.466379310344828,313,-0.1159105833105269,No Response,0.0,Regular Price,2.466379310344828,2.466379310344828,0.0
18212,298.3,66,1,5.295833333333333,313,-13.560024579036863,No Response,0.0,Regular Price,5.295833333333333,5.295833333333333,0.0
16655,2633.74,1575,7,2.795722891566265,47,-7.431135843023278,No Response,0.0,Regular Price,2.795722891566265,2.795722891566265,0.0
12668,7575.88,3415,6,3.49808,14,-16.61244478376555,No Response,0.0,Regular Price,3.49808,3.49808,0.0
17107,5255.24,2704,4,2.9961811023622045,33,-12.042279696511372,No Response,0.0,Regular Price,2.9961811023622045,2.9961811023622045,0.0
17176,596.1899999999999,406,2,2.0677777777777777,162,-1.8123540619085403,No Response,0.0,Regular Price,2.0677777777777777,2.0677777777777777,0.0
13478,2215.78,1189,5,3.89024,105,-11.865065026954746,No Response,0.0,Regular Price,3.89024,3.89024,0.0
14637,106.68,100,1,1.4457142857142855,313,4.856074646423606,High Response,0.15,High Discount,1.4457142857142855,1.2288571428571426,0.21685714285714286
15317,129.75,45,1,3.35,313,-4.207344630980578,No Response,0.0,Regular Price,3.35,3.35,0.0
15022,281.05,113,1,2.744736842105263,313,-1.4927231085333703,No Response,0.0,Regular Price,2.744736842105263,2.744736842105263,0.0
14370,1175.78,266,6,6.598636363636363,86,-24.723651005040228,No Response,0.0,Regular Price,6.598636363636363,6.598636363636363,0.0
12810,534.99,389,2,1.9415625,170,-0.9450294014050956,No Response,0.0,Regular Price,1.9415625,1.9415625,0.0
14047,2946.42,1268,10,3.958484848484849,8,-13.868763168270943,No Response,0.0,Regular Price,3.958484848484849,3.958484848484849,0.0
12800,584.25,284,3,3.837058823529412,106,-11.387903257860598,No Response,0.0,Regular Price,3.837058823529412,3.837058823529412,0.0
12711,1339.05,770,2,2.579333333333333,247,-2.5356743081295066,No Response,0.0,Regular Price,2.579333333333333,2.579333333333333,0.0
15416,588.5,330,3,3.083055555555555,114,-7.56715247888035,No Response,0.0,Regular Price,3.083055555555555,3.083055555555555,0.0
17365,3417.13,3266,7,1.9173860182370823,22,-1.9845217540873945,No Response,0.0,Regular Price,1.9173860182370823,1.9173860182370823,0.0
13511,282.76,60,1,12.998,312,-49.64227571515014,No Response,0.0,Regular Price,12.998,12.998,0.0
16415,496.49,330,2,2.224795918367347,219,-1.052203813744479,No Response,0.0,Regular Price,2.224795918367347,2.224795918367347,0.0
15512,210.58,167,2,3.2004,26,-10.462887424465084,No Response,0.0,Regular Price,3.2004,3.2004,0.0
14821,1230.15,459,7,2.965072463768116,2,-9.220647991514442,No Response,0.0,Regular Price,2.965072463768116,2.965072463768116,0.0
13156,1586.54,914,3,3.3207692307692307,21,-11.61827186940857,No Response,0.0,Regular Price,3.3207692307692307,3.3207692307692307,0.0
17361,383.59,223,2,2.520714285714285,312,-0.0479064194099247,No Response,0.0,Regular Price,2.520714285714285,2.520714285714285,0.0
13628,310.14,106,1,4.135625,312,-8.094474935448362,No Response,0.0,Regular Price,4.135625,4.135625,0.0
15480,5373.5,1549,4,18.957823529411765,101,-87.4728924726523,No Response,0.0,Regular Price,18.957823529411765,18.957823529411765,0.0
18064,3667.83,2301,9,2.196315789473684,82,-3.271697485807364,No Response,0.0,Regular Price,2.196315789473684,2.196315789473684,0.0
17350,612.381,408,3,3.1282328767123286,30,-9.843680541503916,No Response,0.0,Regular Price,3.1282328767123286,3.1282328767123286,0.0
15564,70.74000000000001,42,2,2.2175,99,-3.9780344408637656,No Response,0.0,Regular Price,2.2175,2.2175,0.0
15803,1513.84,740,3,3.050697674418605,81,-9.015681684024848,No Response,0.0,Regular Price,3.050697674418605,3.050697674418605,0.0
13584,243.3,323,2,1.6725,134,-0.260137769568086,No Response,0.0,Regular Price,1.6725,1.6725,0.0
17146,5102.86,1976,10,4.145902255639098,71,-15.33081966717359,No Response,0.0,Regular Price,4.145902255639098,4.145902255639098,0.0
13916,1275.81,673,4,5.166486486486487,99,-17.812800559189633,No Response,0.0,Regular Price,5.166486486486487,5.166486486486487,0.0
15279,1290.03,613,4,3.898800000000001,16,-14.167138515733129,No Response,0.0,Regular Price,3.898800000000001,3.898800000000001,0.0
18175,176.1,70,1,4.45,311,-9.439299606839754,No Response,0.0,Regular Price,4.45,4.45,0.0
17163,406.68,465,2,1.0944,81,1.07753171943647,High Response,0.15,High Discount,1.0944,0.93024,0.16416000000000008
16300,1367.32,643,3,2.5734033613445377,66,-7.113528127426897,No Response,0.0,Regular Price,2.5734033613445377,2.5734033613445377,0.0
12848,208.0,58,1,3.971875,311,-7.276626995595947,No Response,0.0,Regular Price,3.971875,3.971875,0.0
13538,1822.28,784,5,3.6450427350427352,32,-12.7399257336181,No Response,0.0,Regular Price,3.6450427350427352,3.6450427350427352,0.0
17876,3424.02,1958,3,1.7475,35,-4.920110685396128,No Response,0.0,Regular Price,1.7475,1.7475,0.0
13975,2795.16,2187,6,1.8282107843137247,29,-2.824813557520817,No Response,0.0,Regular Price,1.8282107843137247,1.8282107843137247,0.0
17092,3737.38,2638,7,2.376865671641791,73,-4.56875212880993,No Response,0.0,Regular Price,2.376865671641791,2.376865671641791,0.0
16067,3269.11,1236,3,3.8464705882352943,198,-11.671042621147269,No Response,0.0,Regular Price,3.8464705882352943,3.8464705882352943,0.0
12805,1434.95,593,4,3.650862068965517,17,-13.260406276842556,No Response,0.0,Regular Price,3.650862068965517,3.650862068965517,0.0
15321,3961.42,2472,9,2.5936915887850467,73,-5.522729527665988,No Response,0.0,Regular Price,2.5936915887850467,2.5936915887850467,0.0
15091,565.9,236,2,3.184814814814815,310,-3.4883115147865538,No Response,0.0,Regular Price,3.184814814814815,3.184814814814815,0.0
13553,499.6,201,1,3.51067415730337,310,-5.350586785906858,No Response,0.0,Regular Price,3.51067415730337,3.51067415730337,0.0
16928,1199.08,588,13,4.44198347107438,9,-13.381437078609482,No Response,0.0,Regular Price,4.44198347107438,4.44198347107438,0.0
13757,195.55,54,1,3.47125,310,-4.9450586002007135,No Response,0.0,Regular Price,3.47125,3.47125,0.0
17311,2181.71,1750,4,2.4234722222222222,28,-6.222959204051049,No Response,0.0,Regular Price,2.4234722222222222,2.4234722222222222,0.0
16840,139.85,117,2,2.5055555555555555,239,-1.6685206327657038,No Response,0.0,Regular Price,2.5055555555555555,2.5055555555555555,0.0
16081,1637.14,757,4,3.194071856287425,2,-11.528037502821158,No Response,0.0,Regular Price,3.194071856287425,3.194071856287425,0.0
14399,2108.21,965,8,2.646770833333333,30,-7.105317426080988,No Response,0.0,Regular Price,2.646770833333333,2.646770833333333,0.0
12396,931.43,591,1,2.299384615384616,310,0.3605398159004522,High Response,0.15,High Discount,2.299384615384616,1.9544769230769237,0.34490769230769236
15448,294.17,255,1,2.4085714285714284,310,0.2579567194108696,High Response,0.15,High Discount,2.4085714285714284,2.047285714285714,0.3612857142857142
18101,399.61,160,3,3.0992753623188407,10,-10.353803603766044,No Response,0.0,Regular Price,3.0992753623188407,3.0992753623188407,0.0
13619,224.94,79,2,3.322,180,-7.236594144672837,No Response,0.0,Regular Price,3.322,3.322,0.0
16834,485.5,402,1,1.4258333333333333,310,4.827191439747148,High Response,0.15,High Discount,1.4258333333333333,1.2119583333333332,0.21387500000000004
17690,2685.2,1352,8,4.172936507936508,2,-15.187426630509504,No Response,0.0,Regular Price,4.172936507936508,4.172936507936508,0.0
12840,1315.2,747,3,2.3342857142857145,73,-5.523355332294123,No Response,0.0,Regular Price,2.3342857142857145,2.3342857142857145,0.0
14545,349.25,236,1,4.127826086956522,310,-7.922300300011696,No Response,0.0,Regular Price,4.127826086956522,4.127826086956522,0.0
15023,5287.64,2157,10,4.021799544419134,5,-16.416038023062004,No Response,0.0,Regular Price,4.021799544419134,4.021799544419134,0.0
14038,1509.5,743,2,2.8508695652173914,33,-9.68931241704366,No Response,0.0,Regular Price,2.8508695652173914,2.8508695652173914,0.0
15591,217.9,58,3,4.564285714285715,218,-11.72012893291453,No Response,0.0,Regular Price,4.564285714285715,4.564285714285715,0.0
14497,221.69,97,1,3.725454545454546,309,-6.121442137946,No Response,0.0,Regular Price,3.725454545454546,3.725454545454546,0.0
15732,1387.95,1146,9,2.2365555555555554,8,-3.82387714602506,No Response,0.0,Regular Price,2.2365555555555554,2.2365555555555554,0.0
13107,3721.45,3023,5,1.94425,49,-3.1472531808786286,No Response,0.0,Regular Price,1.94425,1.94425,0.0
12373,763.0500000000001,319,2,4.644594594594595,260,-11.787564823475572,No Response,0.0,Regular Price,4.644594594594595,4.644594594594595,0.0
16583,297.95,153,2,2.3833333333333333,9,-7.2497304397327,No Response,0.0,Regular Price,2.3833333333333333,2.3833333333333333,0.0
17281,797.8499999999999,295,6,2.8166666666666664,10,-8.295455477581346,No Response,0.0,Regular Price,2.8166666666666664,2.8166666666666664,0.0
16383,2252.93,1129,5,2.8761920529801324,32,-9.18630226774371,No Response,0.0,Regular Price,2.8761920529801324,2.8761920529801324,0.0
16412,457.2,225,4,2.49,29,-6.599069251391606,No Response,0.0,Regular Price,2.49,2.49,0.0
13783,1542.09,3437,4,0.5589999999999999,123,9.31462884952827,High Response,0.15,High Discount,0.5589999999999999,0.47514999999999996,0.08384999999999998
15167,1468.82,798,4,3.2830188679245285,43,-10.522015275725217,No Response,0.0,Regular Price,3.2830188679245285,3.2830188679245285,0.0
17138,4036.77,1898,6,3.8420689655172415,25,-14.989982165881692,No Response,0.0,Regular Price,3.8420689655172415,3.8420689655172415,0.0
16986,3015.55,1499,9,4.103801169590644,81,-12.70252461767764,No Response,0.0,Regular Price,4.103801169590644,4.103801169590644,0.0
12500,1697.39,699,8,4.068352941176471,71,-12.532844297724049,No Response,0.0,Regular Price,4.068352941176471,4.068352941176471,0.0
17309,237.64,140,2,3.616666666666666,17,-12.743114534269738,No Response,0.0,Regular Price,3.616666666666666,3.616666666666666,0.0
16266,896.06,393,7,4.748125,59,-15.665547217798114,No Response,0.0,Regular Price,4.748125,4.748125,0.0
15365,2242.81,1047,6,3.4507692307692306,39,-11.45958250580622,No Response,0.0,Regular Price,3.4507692307692306,3.4507692307692306,0.0
17328,104.7,86,1,1.8833333333333333,309,2.679066327332831,High Response,0.15,High Discount,1.8833333333333333,1.6008333333333333,0.2825
15810,1607.06,792,4,2.504805194805195,22,-7.663675289626113,No Response,0.0,Regular Price,2.504805194805195,2.504805194805195,0.0
13874,1508.7,684,6,3.161372549019608,140,-6.969357727153987,No Response,0.0,Regular Price,3.161372549019608,3.161372549019608,0.0
18267,269.37,135,1,2.9864705882352944,308,-2.692157955019346,No Response,0.0,Regular Price,2.9864705882352944,2.9864705882352944,0.0
12853,1950.4,868,5,3.725,63,-12.36127042311868,No Response,0.0,Regular Price,3.725,3.725,0.0
13009,234.0,120,1,1.95,308,2.191590603379576,High Response,0.15,High Discount,1.95,1.6575,0.2925
16147,2023.91,1149,4,2.9630701754385966,36,-9.447740714434389,No Response,0.0,Regular Price,2.9630701754385966,2.9630701754385966,0.0
13658,3386.33,1152,4,4.44984496124031,19,-19.115179302410976,No Response,0.0,Regular Price,4.44984496124031,4.44984496124031,0.0
16704,664.16,433,2,2.848703703703704,254,-3.146277023542726,No Response,0.0,Regular Price,2.848703703703704,2.848703703703704,0.0
15784,848.3299999999999,381,2,3.993953488372093,103,-12.830545954477378,No Response,0.0,Regular Price,3.993953488372093,3.993953488372093,0.0
14682,1462.81,869,4,3.104047619047619,64,-8.991681524506093,No Response,0.0,Regular Price,3.104047619047619,3.104047619047619,0.0
15660,1212.13,843,7,2.262394366197183,1,-5.179519413236937,No Response,0.0,Regular Price,2.262394366197183,2.262394366197183,0.0
13700,348.34,505,3,1.3921739130434785,53,-0.4889797110351823,No Response,0.0,Regular Price,1.3921739130434785,1.3921739130434785,0.0
16714,368.27,239,1,2.986521739130435,306,-2.7068898735703364,No Response,0.0,Regular Price,2.986521739130435,2.986521739130435,0.0
15580,1375.39,955,8,2.4452,12,-5.426262824318021,No Response,0.0,Regular Price,2.4452,2.4452,0.0
15422,1522.27,672,5,3.646315789473684,15,-12.904235184417455,No Response,0.0,Regular Price,3.646315789473684,3.646315789473684,0.0
15584,547.34,170,2,3.320102040816326,35,-11.34549170835439,No Response,0.0,Regular Price,3.320102040816326,3.320102040816326,0.0
16788,1334.54,661,3,2.3656666666666664,40,-6.724822410811406,No Response,0.0,Regular Price,2.3656666666666664,2.3656666666666664,0.0
16225,1762.99,788,10,3.0783132530120483,38,-7.930478209741071,No Response,0.0,Regular Price,3.0783132530120483,3.0783132530120483,0.0
12402,1031.3,490,5,3.307627118644068,28,-10.516914552864945,No Response,0.0,Regular Price,3.307627118644068,3.307627118644068,0.0
14562,1631.38,759,8,2.466483516483516,26,-5.970549949536318,No Response,0.0,Regular Price,2.466483516483516,2.466483516483516,0.0
17550,2239.48,882,6,3.115734767025089,33,-10.361150118332551,No Response,0.0,Regular Price,3.115734767025089,3.115734767025089,0.0
16082,106.75,39,1,4.14375,306,-8.079348164302822,No Response,0.0,Regular Price,4.14375,4.14375,0.0
16212,603.37,327,2,3.488648648648648,254,-6.24796548855869,No Response,0.0,Regular Price,3.488648648648648,3.488648648648648,0.0
17342,1227.54,521,4,6.774571428571429,15,-27.735460125724856,No Response,0.0,Regular Price,6.774571428571429,6.774571428571429,0.0
17504,6493.14,3756,9,2.650511627906977,16,-8.988684184888172,No Response,0.0,Regular Price,2.650511627906977,2.650511627906977,0.0
14227,3017.75,2228,5,2.3964356435643563,50,-5.611560522067243,No Response,0.0,Regular Price,2.3964356435643563,2.3964356435643563,0.0
13497,972.28,416,5,3.2245833333333334,4,-10.795412324159892,No Response,0.0,Regular Price,3.2245833333333334,3.2245833333333334,0.0
16161,7210.59,3760,25,2.637300884955752,4,-4.366725778855296,No Response,0.0,Regular Price,2.637300884955752,2.637300884955752,0.0
13870,2941.14,2124,7,1.5846825396825397,23,-1.826796243144079,No Response,0.0,Regular Price,1.5846825396825397,1.5846825396825397,0.0
16246,821.35,336,2,2.8926136363636363,95,-7.922592915998424,No Response,0.0,Regular Price,2.8926136363636363,2.8926136363636363,0.0
13417,1028.66,370,4,3.749183673469388,183,-9.17564718560264,No Response,0.0,Regular Price,3.749183673469388,3.749183673469388,0.0
13304,917.57,478,3,3.666491228070176,91,-11.156137161450811,No Response,0.0,Regular Price,3.666491228070176,3.666491228070176,0.0
13834,324.19,221,2,5.724375,212,-17.54748996876632,No Response,0.0,Regular Price,5.724375,5.724375,0.0
14884,120.6,72,1,1.875,305,2.5607398443942837,High Response,0.15,High Discount,1.875,1.59375,0.28125
18070,314.1,86,1,3.822222222222222,305,-6.853617102979728,No Response,0.0,Regular Price,3.822222222222222,3.822222222222222,0.0
16078,283.79,184,1,2.0589473684210526,305,1.6450518706294062,High Response,0.15,High Discount,2.0589473684210526,1.7501052631578946,0.30884210526315803
15339,1246.95,722,5,2.892089552238806,57,-7.727812205352163,No Response,0.0,Regular Price,2.892089552238806,2.892089552238806,0.0
16781,623.0,192,2,5.803846153846154,8,-23.760263469079995,No Response,0.0,Regular Price,5.803846153846154,5.803846153846154,0.0
17514,313.35,149,1,2.444186046511628,305,-0.2763548251875729,No Response,0.0,Regular Price,2.444186046511628,2.444186046511628,0.0
17294,467.79,297,2,2.698823529411765,305,-1.0598932462120834,No Response,0.0,Regular Price,2.698823529411765,2.698823529411765,0.0
17647,198.6,52,2,5.17,305,-12.660469586838785,No Response,0.0,Regular Price,5.17,5.17,0.0
12524,6640.39,3479,9,3.486666666666667,24,-13.480879661351302,No Response,0.0,Regular Price,3.486666666666667,3.486666666666667,0.0
12665,250.6,128,2,4.510714285714285,53,-16.04211294197276,No Response,0.0,Regular Price,4.510714285714285,4.510714285714285,0.0
17319,29.1,14,1,2.0500000000000003,305,1.7809161205265966,High Response,0.15,High Discount,2.0500000000000003,1.7425000000000002,0.3075000000000001
17774,2060.1,1077,5,3.180204918032787,33,-10.363916505776064,No Response,0.0,Regular Price,3.180204918032787,3.180204918032787,0.0
15892,128.2,46,1,2.7626315789473685,305,-1.6593812765666107,No Response,0.0,Regular Price,2.7626315789473685,2.7626315789473685,0.0
13119,134.9,110,1,1.5136363636363634,304,4.277177350525515,High Response,0.15,High Discount,1.5136363636363634,1.286590909090909,0.22704545454545455
12370,774.62,252,3,6.410285714285715,260,-19.827418746598504,No Response,0.0,Regular Price,6.410285714285715,6.410285714285715,0.0
13131,2240.47,1076,4,3.167333333333333,54,-10.440568666725913,No Response,0.0,Regular Price,3.167333333333333,3.167333333333333,0.0
14609,884.64,5694,6,0.3233333333333333,26,14.143570349040116,High Response,0.15,High Discount,0.3233333333333333,0.2748333333333333,0.04849999999999999
17577,348.75,179,2,2.4714285714285715,281,-0.6478796190522487,No Response,0.0,Regular Price,2.4714285714285715,2.4714285714285715,0.0
15082,93.35,43,1,2.2416666666666667,304,0.8067062140098127,High Response,0.15,High Discount,2.2416666666666667,1.9054166666666665,0.33625000000000016
12645,1764.12,1041,4,2.6298850574712644,45,-7.431205667595787,No Response,0.0,Regular Price,2.6298850574712644,2.6298850574712644,0.0
17083,2644.01,1183,6,2.737936507936508,45,-8.369918262643047,No Response,0.0,Regular Price,2.737936507936508,2.737936507936508,0.0
12621,11086.14,6493,16,3.231551155115512,1,-11.781177929914106,No Response,0.0,Regular Price,3.231551155115512,3.231551155115512,0.0
13293,1192.94,555,6,3.375694444444445,28,-10.600009149423254,No Response,0.0,Regular Price,3.375694444444445,3.375694444444445,0.0
16344,741.3199999999999,688,3,1.8413636363636363,145,-0.5076540450620479,No Response,0.0,Regular Price,1.8413636363636363,1.8413636363636363,0.0
17731,468.88,214,2,2.9771875,257,-3.770493352980665,No Response,0.0,Regular Price,2.9771875,2.9771875,0.0
13976,834.38,298,3,4.893913043478261,142,-15.793971663293911,No Response,0.0,Regular Price,4.893913043478261,4.893913043478261,0.0
13242,429.0,220,4,1.95,87,-2.529895333250451,No Response,0.0,Regular Price,1.95,1.95,0.0
16419,504.99,273,2,3.3305,213,-6.510822270789236,No Response,0.0,Regular Price,3.3305,3.3305,0.0
13985,2960.73,1491,7,2.743969465648855,10,-8.855611000002288,No Response,0.0,Regular Price,2.743969465648855,2.743969465648855,0.0
16873,7493.77,4761,6,2.3647210300429187,65,-7.230542031973592,No Response,0.0,Regular Price,2.3647210300429187,2.3647210300429187,0.0
12663,239.4,181,2,5.84,260,-16.781591598127008,No Response,0.0,Regular Price,5.84,5.84,0.0
16530,48.35,17,1,5.883333333333333,304,-16.223397484347842,No Response,0.0,Regular Price,5.883333333333333,5.883333333333333,0.0
13092,1662.45,385,7,5.313125,50,-19.83718423170924,No Response,0.0,Regular Price,5.313125,5.313125,0.0
12932,1698.56,1609,8,2.076105263157895,175,1.2587427166560667,High Response,0.15,High Discount,2.076105263157895,1.7646894736842107,0.3114157894736844
18058,603.9,306,2,1.9961538461538464,177,-1.2954048220232748,No Response,0.0,Regular Price,1.9961538461538464,1.9961538461538464,0.0
15176,988.04,448,1,4.427307692307692,303,-10.15850542403662,No Response,0.0,Regular Price,4.427307692307692,4.427307692307692,0.0
13164,372.2,120,2,5.17,205,-15.408922767817902,No Response,0.0,Regular Price,5.17,5.17,0.0
12776,55.5,46,1,7.53,303,-23.916488329693784,No Response,0.0,Regular Price,7.53,7.53,0.0
17201,853.3199999999999,773,3,2.69624060150376,159,-4.1698127611168445,No Response,0.0,Regular Price,2.69624060150376,2.69624060150376,0.0
17575,171.7,72,1,6.159999999999999,303,-17.643615067213048,No Response,0.0,Regular Price,6.159999999999999,6.159999999999999,0.0
12474,5048.66,3107,13,3.0755594405594406,14,-8.371047737912907,No Response,0.0,Regular Price,3.0755594405594406,3.0755594405594406,0.0
16577,380.0,142,1,4.243478260869566,302,-8.905138667637898,No Response,0.0,Regular Price,4.243478260869566,4.243478260869566,0.0
12670,764.24,230,2,5.530869565217392,21,-22.306459394867098,No Response,0.0,Regular Price,5.530869565217392,5.530869565217392,0.0
15765,370.63,335,1,2.6956,302,-1.265475900441139,No Response,0.0,Regular Price,2.6956,2.6956,0.0
12567,4308.58,1781,7,4.186683937823834,3,-17.47554614330814,No Response,0.0,Regular Price,4.186683937823834,4.186683937823834,0.0
14115,622.6700000000001,509,2,2.192272727272728,137,-2.8871778022091075,No Response,0.0,Regular Price,2.192272727272728,2.192272727272728,0.0
14072,390.85,65,1,6.426315789473684,302,-19.295458590957203,No Response,0.0,Regular Price,6.426315789473684,6.426315789473684,0.0
16992,3862.19,1201,8,5.88578125,23,-24.91920630500139,No Response,0.0,Regular Price,5.88578125,5.88578125,0.0
14301,1352.04,1080,3,2.9925,52,-8.564307237570386,No Response,0.0,Regular Price,2.9925,2.9925,0.0
17685,2751.64,1898,6,1.8656626506024097,8,-4.033522756681254,No Response,0.0,Regular Price,1.8656626506024097,1.8656626506024097,0.0
12677,395.1,176,2,4.0547619047619055,191,-10.478187427563553,No Response,0.0,Regular Price,4.0547619047619055,4.0547619047619055,0.0
13696,2020.4,552,3,4.635833333333333,57,-18.270402386275148,No Response,0.0,Regular Price,4.635833333333333,4.635833333333333,0.0
14190,79.9,2,1,39.95,302,-175.8969866123053,No Response,0.0,Regular Price,39.95,39.95,0.0
15244,280.51,67,1,8.412857142857144,302,-28.411049510113397,No Response,0.0,Regular Price,8.412857142857144,8.412857142857144,0.0
13288,927.61,379,5,4.788,79,-16.171114363061655,No Response,0.0,Regular Price,4.788,4.788,0.0
13551,152.39999999999998,24,1,6.35,302,-18.62045798253775,No Response,0.0,Regular Price,6.35,6.35,0.0
16839,5716.14,2552,11,3.3640449438202245,5,-12.90328198154096,No Response,0.0,Regular Price,3.3640449438202245,3.3640449438202245,0.0
15807,913.62,1102,2,2.6305,44,-6.681770752081448,No Response,0.0,Regular Price,2.6305,2.6305,0.0
16978,424.55,119,2,3.789285714285714,302,-6.5183354548241255,No Response,0.0,Regular Price,3.789285714285714,3.789285714285714,0.0
13629,5578.5,3350,8,1.6835714285714285,49,-3.2489878249734945,No Response,0.0,Regular Price,1.6835714285714285,1.6835714285714285,0.0
13291,2909.68,1367,10,3.363369565217391,50,-9.739754327090845,No Response,0.0,Regular Price,3.363369565217391,3.363369565217391,0.0
16553,10864.19,11827,21,1.9619230769230769,32,7.597118645250413,High Response,0.15,High Discount,1.9619230769230769,1.6676346153846153,0.29428846153846155
13815,3448.38,2821,4,2.838888888888889,42,-7.834663261157294,No Response,0.0,Regular Price,2.838888888888889,2.838888888888889,0.0
16895,900.63,330,4,3.3968316831683167,74,-10.21454089843777,No Response,0.0,Regular Price,3.3968316831683167,3.3968316831683167,0.0
15293,247.5,178,1,1.5342105263157897,301,4.047631901147506,High Response,0.15,High Discount,1.5342105263157897,1.3040789473684211,0.23013157894736858
15504,349.87,108,3,3.503333333333334,156,-8.480861058238872,No Response,0.0,Regular Price,3.503333333333334,3.503333333333334,0.0
12695,825.02,234,3,5.8909375,164,-20.001888559608396,No Response,0.0,Regular Price,5.8909375,5.8909375,0.0
13223,805.9200000000001,480,4,1.4675,59,-1.1185528812019276,No Response,0.0,Regular Price,1.4675,1.4675,0.0
17226,501.98,447,2,2.606842105263158,80,-6.225167084980586,No Response,0.0,Regular Price,2.606842105263158,2.606842105263158,0.0
17547,727.85,223,2,4.633870967741935,11,-18.31777263184328,No Response,0.0,Regular Price,4.633870967741935,4.633870967741935,0.0
15278,496.16,458,4,1.262758620689655,197,3.889710003890881,High Response,0.15,High Discount,1.262758620689655,1.0733448275862068,0.1894137931034483
15288,1574.51,627,6,3.073736263736264,1,-10.381363737894,No Response,0.0,Regular Price,3.073736263736264,3.073736263736264,0.0
12976,2417.78,2123,7,1.5421969696969695,14,-0.9910307805267812,No Response,0.0,Regular Price,1.5421969696969695,1.5421969696969695,0.0
17258,417.3,188,2,2.597272727272727,32,-7.786459924665198,No Response,0.0,Regular Price,2.597272727272727,2.597272727272727,0.0
17955,392.6,408,2,1.0533333333333337,291,6.624416248809636,High Response,0.15,High Discount,1.0533333333333337,0.8953333333333336,0.15800000000000003
17029,1421.3,865,5,2.3362962962962963,18,-6.148150903795526,No Response,0.0,Regular Price,2.3362962962962963,2.3362962962962963,0.0
15372,4009.66,3486,7,2.805,86,-5.042558909992594,No Response,0.0,Regular Price,2.805,2.805,0.0
13446,3881.89,2403,11,2.701927083333333,66,-5.455272575844101,No Response,0.0,Regular Price,2.701927083333333,2.701927083333333,0.0
16608,1286.62,612,2,3.415454545454545,89,-10.76543814072288,No Response,0.0,Regular Price,3.415454545454545,3.415454545454545,0.0
15561,1133.8,1067,4,2.627076923076923,19,-6.99111308320076,No Response,0.0,Regular Price,2.627076923076923,2.627076923076923,0.0
17108,174.95,31,1,5.25,299,-13.57067699348664,No Response,0.0,Regular Price,5.25,5.25,0.0
15425,1941.12,1041,4,3.1372027972027974,36,-10.335182910460016,No Response,0.0,Regular Price,3.1372027972027974,3.1372027972027974,0.0
15538,3358.4,1016,6,7.457142857142856,173,-28.66860049136313,No Response,0.0,Regular Price,7.457142857142856,7.457142857142856,0.0
16136,237.42,234,1,1.3322222222222222,299,5.067373763374832,High Response,0.15,High Discount,1.3322222222222222,1.132388888888889,0.1998333333333333
13587,961.1,484,3,2.868181818181818,85,-7.633864014275261,No Response,0.0,Regular Price,2.868181818181818,2.868181818181818,0.0
14970,3327.29,732,8,4.127848101265824,45,-16.13665516833373,No Response,0.0,Regular Price,4.127848101265824,4.127848101265824,0.0
15272,1309.01,355,4,4.405336322869955,86,-15.258390234120702,No Response,0.0,Regular Price,4.405336322869955,4.405336322869955,0.0
17285,407.94,134,2,4.66,264,-11.523935914417326,No Response,0.0,Regular Price,4.66,4.66,0.0
13421,2225.04,1223,6,2.4374233128834355,42,-6.264527610427208,No Response,0.0,Regular Price,2.4374233128834355,2.4374233128834355,0.0
17340,9935.93,5195,8,2.8162464985994395,2,-13.445781377324812,No Response,0.0,Regular Price,2.8162464985994395,2.8162464985994395,0.0
16838,570.76,324,2,3.8752941176470586,166,-10.29059680928659,No Response,0.0,Regular Price,3.8752941176470586,3.8752941176470586,0.0
15964,269.21000000000004,93,1,3.5005,299,-5.414024477563277,No Response,0.0,Regular Price,3.5005,3.5005,0.0
14909,1404.68,888,3,2.862125,73,-7.870382701725669,No Response,0.0,Regular Price,2.862125,2.862125,0.0
18179,754.38,451,2,2.7205263157894737,158,-5.14904903425113,No Response,0.0,Regular Price,2.7205263157894737,2.7205263157894737,0.0
14943,107.62,46,1,3.184,299,-3.753915946392158,No Response,0.0,Regular Price,3.184,3.184,0.0
12426,762.48,326,1,3.31531914893617,298,-4.941729601538736,No Response,0.0,Regular Price,3.31531914893617,3.31531914893617,0.0
12391,2285.18,911,5,4.521896551724137,100,-15.60867531901882,No Response,0.0,Regular Price,4.521896551724137,4.521896551724137,0.0
14282,4120.32,2810,11,1.6198979591836735,3,-1.6267983316696937,No Response,0.0,Regular Price,1.6198979591836735,1.6198979591836735,0.0
12380,6951.49,2228,7,13.81179190751445,101,-63.54667223205208,No Response,0.0,Regular Price,13.81179190751445,13.81179190751445,0.0
16330,373.47,179,4,2.3615384615384616,60,-5.144030902377061,No Response,0.0,Regular Price,2.3615384615384616,2.3615384615384616,0.0
17136,231.68,256,1,2.8042857142857143,298,-1.800148199307411,No Response,0.0,Regular Price,2.8042857142857143,2.8042857142857143,0.0
15371,59.400000000000006,12,1,4.95,298,-12.036046687942637,No Response,0.0,Regular Price,4.95,4.95,0.0
16544,376.7000000000001,150,4,2.7809090909090908,155,-4.707953783832059,No Response,0.0,Regular Price,2.7809090909090908,2.7809090909090908,0.0
16860,1610.62,625,3,5.241860465116279,88,-19.4806098518688,No Response,0.0,Regular Price,5.241860465116279,5.241860465116279,0.0
17241,2736.64,859,12,4.664882352941176,21,-16.52806797176306,No Response,0.0,Regular Price,4.664882352941176,4.664882352941176,0.0
17442,2371.74,1638,9,2.6442567567567568,17,-6.182929244613682,No Response,0.0,Regular Price,2.6442567567567568,2.6442567567567568,0.0
17644,3132.96,1676,9,3.403764705882353,30,-10.597369954912883,No Response,0.0,Regular Price,3.403764705882353,3.403764705882353,0.0
15323,434.6,188,3,4.0,198,-9.70415858630443,No Response,0.0,Regular Price,4.0,4.0,0.0
13802,21659.69,11557,16,2.919381443298969,10,-17.86122983297901,No Response,0.0,Regular Price,2.919381443298969,2.919381443298969,0.0
14369,469.13,255,2,2.9269230769230767,278,-2.911646822472215,No Response,0.0,Regular Price,2.9269230769230767,2.9269230769230767,0.0
16359,946.83,581,7,3.2664406779661017,12,-9.663741313635049,No Response,0.0,Regular Price,3.2664406779661017,3.2664406779661017,0.0
14989,342.4,200,1,3.094444444444445,297,-3.4782236908781607,No Response,0.0,Regular Price,3.094444444444445,3.094444444444445,0.0
16584,2220.09,1267,3,2.51,68,-6.9728955538992246,No Response,0.0,Regular Price,2.51,2.51,0.0
13407,2244.7,1690,3,2.510117647058824,214,-2.4090003164971687,No Response,0.0,Regular Price,2.510117647058824,2.510117647058824,0.0
17171,159.68,40,1,7.071111111111112,297,-22.10814862817868,No Response,0.0,Regular Price,7.071111111111112,7.071111111111112,0.0
14639,1994.47,979,3,4.0815,44,-15.138218120681714,No Response,0.0,Regular Price,4.0815,4.0815,0.0
17778,197.7,214,1,2.35,297,0.2764279175084696,High Response,0.15,High Discount,2.35,1.9975,0.35250000000000004
17789,171.25,125,1,2.773333333333333,297,-1.8350073030358072,No Response,0.0,Regular Price,2.773333333333333,2.773333333333333,0.0
15325,1439.72,1151,7,2.3051704545454546,31,-4.383061235956738,No Response,0.0,Regular Price,2.3051704545454546,2.3051704545454546,0.0
12960,1322.07,1379,4,2.0588571428571427,49,-3.259972231086511,No Response,0.0,Regular Price,2.0588571428571427,2.0588571428571427,0.0
13503,1642.39,857,5,3.1865697674418607,115,-8.000401783462681,No Response,0.0,Regular Price,3.1865697674418607,3.1865697674418607,0.0
12972,1161.2,844,4,3.2216883116883115,49,-9.477393555299225,No Response,0.0,Regular Price,3.2216883116883115,3.2216883116883115,0.0
17931,2993.88,1670,12,2.691258741258741,33,-5.826790866994712,No Response,0.0,Regular Price,2.691258741258741,2.691258741258741,0.0
13842,2244.29,1111,10,4.270402684563758,2,-14.620308657794787,No Response,0.0,Regular Price,4.270402684563758,4.270402684563758,0.0
16911,255.25,161,2,2.318571428571429,271,-0.0703617408693002,No Response,0.0,Regular Price,2.318571428571429,2.318571428571429,0.0
16774,905.96,452,4,3.5363855421686745,59,-11.028589139703032,No Response,0.0,Regular Price,3.5363855421686745,3.5363855421686745,0.0
14944,3884.42,2049,7,3.7904511278195487,25,-13.822304461371989,No Response,0.0,Regular Price,3.7904511278195487,3.7904511278195487,0.0
13659,3321.68,1645,10,3.972573099415204,52,-12.687101598238227,No Response,0.0,Regular Price,3.972573099415204,3.972573099415204,0.0
18285,427.0,145,1,8.35,296,-28.36464293899244,No Response,0.0,Regular Price,8.35,8.35,0.0
14244,366.42,814,1,1.2475,296,6.2986351029750764,High Response,0.15,High Discount,1.2475,1.060375,0.18712499999999999
17560,1040.85,953,4,1.326551724137931,31,-0.6562480846797065,No Response,0.0,Regular Price,1.326551724137931,1.326551724137931,0.0
13613,1039.85,445,5,3.9720338983050847,88,-12.1753208065765,No Response,0.0,Regular Price,3.9720338983050847,3.9720338983050847,0.0
14276,982.94,662,4,1.9775438596491228,43,-3.863031381451625,No Response,0.0,Regular Price,1.9775438596491228,1.9775438596491228,0.0
17426,3040.51,2093,7,2.9061538461538463,88,-6.556886951707852,No Response,0.0,Regular Price,2.9061538461538463,2.9061538461538463,0.0
14584,705.1,579,4,2.1146666666666665,57,-3.8408031901127,No Response,0.0,Regular Price,2.1146666666666665,2.1146666666666665,0.0
16447,471.19,94,2,6.801176470588236,226,-22.71926855225521,No Response,0.0,Regular Price,6.801176470588236,6.801176470588236,0.0
16938,4283.68,2508,5,2.573718166383701,17,-8.861964491330188,No Response,0.0,Regular Price,2.573718166383701,2.573718166383701,0.0
18218,479.92,492,2,1.6738888888888888,232,2.2071007752683727,High Response,0.15,High Discount,1.6738888888888888,1.4228055555555554,0.2510833333333333
14322,474.1,158,4,4.073076923076924,65,-13.238360323483626,No Response,0.0,Regular Price,4.073076923076924,4.073076923076924,0.0
14495,51.0,6,1,8.5,295,-28.736712078727205,No Response,0.0,Regular Price,8.5,8.5,0.0
14890,691.6,585,2,2.1434,254,0.4064572241908148,High Response,0.15,High Discount,2.1434,1.82189,0.3215100000000002
13773,301.54,174,2,2.6378947368421053,32,-7.811040475060786,No Response,0.0,Regular Price,2.6378947368421053,2.6378947368421053,0.0
13020,618.96,278,2,3.445128205128205,198,-7.616518668803286,No Response,0.0,Regular Price,3.445128205128205,3.445128205128205,0.0
12993,844.87,511,4,2.414081632653061,81,-4.986105261411815,No Response,0.0,Regular Price,2.414081632653061,2.414081632653061,0.0
13431,2047.14,898,6,3.7906024096385535,42,-12.936898014401798,No Response,0.0,Regular Price,3.7906024096385535,3.7906024096385535,0.0
12898,296.21000000000004,235,2,2.374814814814815,99,-4.715348052717706,No Response,0.0,Regular Price,2.374814814814815,2.374814814814815,0.0
16170,4983.95,4286,14,1.8286031746031743,31,0.6869144239614853,High Response,0.15,High Discount,1.8286031746031743,1.5543126984126983,0.2742904761904761
13579,1072.0,588,4,3.472537313432836,5,-12.141254707596625,No Response,0.0,Regular Price,3.472537313432836,3.472537313432836,0.0
14152,1376.05,1133,5,1.6763095238095238,23,-2.331535183160735,No Response,0.0,Regular Price,1.6763095238095238,1.6763095238095238,0.0
18178,4512.93,2867,7,2.65498023715415,38,-7.625292292045994,No Response,0.0,Regular Price,2.65498023715415,2.65498023715415,0.0
17763,71.15,29,3,3.1884615384615387,289,-3.248895013161314,No Response,0.0,Regular Price,3.1884615384615387,3.1884615384615387,0.0
12891,509.5,1375,8,0.39,94,8.582384134749635,High Response,0.15,High Discount,0.39,0.3315,0.058499999999999996
15693,37.5,30,1,1.25,295,5.285415330512214,High Response,0.15,High Discount,1.25,1.0625,0.1875
17721,307.21000000000004,107,1,4.173636363636364,295,-8.706196494676291,No Response,0.0,Regular Price,4.173636363636364,4.173636363636364,0.0
18153,246.22,200,1,1.396470588235294,295,4.582096403123199,High Response,0.15,High Discount,1.396470588235294,1.1869999999999998,0.20947058823529408
14783,307.3,262,1,2.518823529411765,295,-0.6553503529409568,No Response,0.0,Regular Price,2.518823529411765,2.518823529411765,0.0
18257,2262.52,1328,4,2.714873417721519,82,-7.143043718757616,No Response,0.0,Regular Price,2.714873417721519,2.714873417721519,0.0
15306,2310.38,2264,6,2.665673076923077,136,-3.016700385510765,No Response,0.0,Regular Price,2.665673076923077,2.665673076923077,0.0
16487,209.4,163,2,2.0085714285714285,213,-0.0412959623454525,No Response,0.0,Regular Price,2.0085714285714285,2.0085714285714285,0.0
14686,852.53,457,5,2.2678995433789955,50,-4.843875131764878,No Response,0.0,Regular Price,2.2678995433789955,2.2678995433789955,0.0
13333,1015.74,685,3,2.490545454545454,47,-6.550464739197462,No Response,0.0,Regular Price,2.490545454545454,2.490545454545454,0.0
13957,458.25,157,3,5.2407407407407405,53,-19.37189415261672,No Response,0.0,Regular Price,5.2407407407407405,5.2407407407407405,0.0
16574,850.34,586,2,1.986206896551724,59,-4.173083097027875,No Response,0.0,Regular Price,1.986206896551724,1.986206896551724,0.0
13604,717.62,242,1,5.5147619047619045,294,-15.434255209725247,No Response,0.0,Regular Price,5.5147619047619045,5.5147619047619045,0.0
17145,3120.91,2591,4,2.8254444444444444,148,-4.9262312465994,No Response,0.0,Regular Price,2.8254444444444444,2.8254444444444444,0.0
13662,1352.35,636,8,4.368928571428572,21,-14.78374149438411,No Response,0.0,Regular Price,4.368928571428572,4.368928571428572,0.0
13552,3208.85,1213,10,3.366836734693877,64,-10.190924327462833,No Response,0.0,Regular Price,3.366836734693877,3.366836734693877,0.0
13191,164.69,115,1,1.8784745762711863,294,2.2695244953543696,High Response,0.15,High Discount,1.8784745762711863,1.5967033898305083,0.281771186440678
18283,619.37,322,6,2.1994009216589863,18,-4.847549531229744,No Response,0.0,Regular Price,2.1994009216589863,2.1994009216589863,0.0
12416,202.56,132,1,1.5345454545454544,292,3.798318796512934,High Response,0.15,High Discount,1.5345454545454544,1.3043636363636362,0.23018181818181827
13761,881.52,437,4,2.739038461538461,138,-5.235725332985536,No Response,0.0,Regular Price,2.739038461538461,2.739038461538461,0.0
14878,2600.41,1617,16,2.745425101214575,12,-4.557437092828354,No Response,0.0,Regular Price,2.745425101214575,2.745425101214575,0.0
15988,582.11,296,2,2.8327659574468087,187,-4.937395616912154,No Response,0.0,Regular Price,2.8327659574468087,2.8327659574468087,0.0
15182,2376.1020000000003,933,9,3.521895833333333,21,-11.566757958032726,No Response,0.0,Regular Price,3.521895833333333,3.521895833333333,0.0
16693,701.62,455,3,2.3941284403669725,47,-6.022552086355838,No Response,0.0,Regular Price,2.3941284403669725,2.3941284403669725,0.0
15774,1017.54,378,5,4.869058823529412,54,-17.35034401660255,No Response,0.0,Regular Price,4.869058823529412,4.869058823529412,0.0
16948,433.75,477,4,2.410833333333333,65,-4.766623975399114,No Response,0.0,Regular Price,2.410833333333333,2.410833333333333,0.0
13980,568.68,291,4,3.629807692307693,75,-10.802426984239426,No Response,0.0,Regular Price,3.629807692307693,3.629807692307693,0.0
17332,838.27,794,5,2.573368421052632,164,-2.6416000005945968,No Response,0.0,Regular Price,2.573368421052632,2.573368421052632,0.0
15928,293.53,164,1,2.2363636363636363,292,0.4222077059945315,High Response,0.15,High Discount,2.2363636363636363,1.9009090909090909,0.33545454545454545
12945,437.16,281,1,2.6992857142857143,292,-1.757661092563318,No Response,0.0,Regular Price,2.6992857142857143,2.6992857142857143,0.0
16450,1193.81,481,2,4.3025,220,-11.624882688592272,No Response,0.0,Regular Price,4.3025,4.3025,0.0
14602,205.36,80,1,3.558709677419355,292,-5.786910327933294,No Response,0.0,Regular Price,3.558709677419355,3.558709677419355,0.0
16273,318.34000000000003,40,2,8.065999999999999,284,-26.989940338603105,No Response,0.0,Regular Price,8.065999999999999,8.065999999999999,0.0
13540,632.39,189,3,5.5475,103,-19.74076039530495,No Response,0.0,Regular Price,5.5475,5.5475,0.0
12360,1590.83,1294,5,2.7070454545454545,15,-7.410916933837473,No Response,0.0,Regular Price,2.7070454545454545,2.7070454545454545,0.0
13434,1132.62,564,3,2.1168,21,-5.903788118039316,No Response,0.0,Regular Price,2.1168,2.1168,0.0
12389,1433.33,614,3,2.6542857142857144,38,-8.384234143411735,No Response,0.0,Regular Price,2.6542857142857144,2.6542857142857144,0.0
16619,1712.12,922,3,3.6666666666666665,19,-13.483676876505928,No Response,0.0,Regular Price,3.6666666666666665,3.6666666666666665,0.0
14997,230.4,288,1,0.9133333333333332,291,6.938431113184943,High Response,0.15,High Discount,0.9133333333333332,0.7763333333333332,0.137
17439,325.74,370,1,2.21375,291,0.8488686924582218,High Response,0.15,High Discount,2.21375,1.8816875,0.33206250000000015
13217,132.5,250,1,0.53,291,8.822908740574402,High Response,0.15,High Discount,0.53,0.4505,0.07950000000000002
17195,562.98,486,1,1.5964516129032258,291,3.5699516309720027,High Response,0.15,High Discount,1.5964516129032258,1.356983870967742,0.2394677419354838
17081,660.48,304,4,3.3065277777777777,31,-10.556337471691773,No Response,0.0,Regular Price,3.3065277777777777,3.3065277777777777,0.0
15754,2579.04,1563,6,3.8541747572815535,129,-10.57397343885214,No Response,0.0,Regular Price,3.8541747572815535,3.8541747572815535,0.0
17259,1239.11,712,5,2.771173469387755,4,-8.54133899640753,No Response,0.0,Regular Price,2.771173469387755,2.771173469387755,0.0
15673,3478.09,1823,5,2.675,87,-7.511354491854648,No Response,0.0,Regular Price,2.675,2.675,0.0
16071,750.5600000000001,517,3,2.3390384615384616,163,-2.719616454752821,No Response,0.0,Regular Price,2.3390384615384616,2.3390384615384616,0.0
13340,11364.08,3866,5,9.478271604938271,53,-49.421756523558855,No Response,0.0,Regular Price,9.478271604938271,9.478271604938271,0.0
17829,3867.5,2513,4,2.441134751773049,45,-7.191023437335248,No Response,0.0,Regular Price,2.441134751773049,2.441134751773049,0.0
13513,619.49,255,2,2.5603333333333333,77,-6.65401046811649,No Response,0.0,Regular Price,2.5603333333333333,2.5603333333333333,0.0
12727,1698.8300000000002,734,3,3.423125,78,-11.157434118854535,No Response,0.0,Regular Price,3.423125,3.423125,0.0
17667,1895.19,1159,4,2.889473684210526,71,-7.962203440270903,No Response,0.0,Regular Price,2.889473684210526,2.889473684210526,0.0
13330,1655.17,1200,3,2.4784375,91,-5.418066667233022,No Response,0.0,Regular Price,2.4784375,2.4784375,0.0
15493,2168.27,655,4,4.225975232198143,25,-16.847738056320825,No Response,0.0,Regular Price,4.225975232198143,4.225975232198143,0.0
16416,1906.48,1526,6,2.438347826086957,26,-5.563883172270848,No Response,0.0,Regular Price,2.438347826086957,2.438347826086957,0.0
13052,2771.18,1202,6,3.6577391304347824,56,-12.56741360927698,No Response,0.0,Regular Price,3.6577391304347824,3.6577391304347824,0.0
14726,116.5,82,1,2.256666666666667,290,0.410888651216049,High Response,0.15,High Discount,2.256666666666667,1.9181666666666668,0.3385
15295,207.04,139,1,1.999423076923077,290,1.575529287331626,High Response,0.15,High Discount,1.999423076923077,1.6995096153846154,0.29991346153846155
13772,1977.39,906,5,3.129187817258884,36,-10.24176893740075,No Response,0.0,Regular Price,3.129187817258884,3.129187817258884,0.0
15241,1293.72,1510,3,1.3491891891891892,66,0.4272100265809406,High Response,0.15,High Discount,1.3491891891891892,1.1468108108108108,0.20237837837837835
14112,2919.44,1888,6,2.319939759036145,87,-4.412802071899469,No Response,0.0,Regular Price,2.319939759036145,2.319939759036145,0.0
13490,154.25,25,1,9.40625,290,-33.24550444014729,No Response,0.0,Regular Price,9.40625,9.40625,0.0
15955,4242.1,2078,9,2.899832402234637,8,-9.8741589323725,No Response,0.0,Regular Price,2.899832402234637,2.899832402234637,0.0
14681,376.2000000000001,96,3,5.550000000000001,23,-21.57946261103106,No Response,0.0,Regular Price,5.550000000000001,5.550000000000001,0.0
15290,2553.06,2066,8,1.7073863636363635,29,-1.3334332427320374,No Response,0.0,Regular Price,1.7073863636363635,1.7073863636363635,0.0
16388,186.05,83,1,2.869230769230769,289,-2.5977010408836265,No Response,0.0,Regular Price,2.869230769230769,2.869230769230769,0.0
12482,23691.4,27042,29,9.930196078431372,212,-13.828685271061374,No Response,0.0,Regular Price,9.930196078431372,9.930196078431372,0.0
16406,374.01,141,2,3.16,86,-9.041682426156251,No Response,0.0,Regular Price,3.16,3.16,0.0
12998,920.08,1124,3,1.5932758620689655,128,0.7631333571515206,High Response,0.15,High Discount,1.5932758620689655,1.3542844827586207,0.23899137931034486
15439,1269.05,572,4,2.730701754385965,40,-8.11952919993257,No Response,0.0,Regular Price,2.730701754385965,2.730701754385965,0.0
14284,704.4,349,1,3.4937142857142858,289,-5.868943700742886,No Response,0.0,Regular Price,3.4937142857142858,3.4937142857142858,0.0
12909,924.52,668,3,2.517910447761194,60,-6.222798335695085,No Response,0.0,Regular Price,2.517910447761194,2.517910447761194,0.0
15659,226.04,50,2,5.863,22,-23.28908791844142,No Response,0.0,Regular Price,5.863,5.863,0.0
13765,352.821,297,1,3.981235294117647,289,-7.667381629685652,No Response,0.0,Regular Price,3.981235294117647,3.981235294117647,0.0
15058,1285.04,591,5,3.044567901234568,12,-9.92605473888943,No Response,0.0,Regular Price,3.044567901234568,3.044567901234568,0.0
16208,2776.19,1208,8,3.489304812834225,30,-11.691722576452854,No Response,0.0,Regular Price,3.489304812834225,3.489304812834225,0.0
13944,200.43,153,1,1.819428571428572,289,2.4307808972155662,High Response,0.15,High Discount,1.819428571428572,1.5465142857142862,0.2729142857142859
14535,3118.39,1390,6,3.0327565392354123,31,-10.501483335366837,No Response,0.0,Regular Price,3.0327565392354123,3.0327565392354123,0.0
13469,82.4,52,1,2.7,289,-1.6927187965930068,No Response,0.0,Regular Price,2.7,2.7,0.0
13104,610.62,330,3,2.195,51,-5.077652719042515,No Response,0.0,Regular Price,2.195,2.195,0.0
17358,500.2,240,3,3.321022727272727,12,-11.352578918313611,No Response,0.0,Regular Price,3.321022727272727,3.321022727272727,0.0
16118,4376.25,2851,1,2.763170731707317,288,-3.728897171905986,No Response,0.0,Regular Price,2.763170731707317,2.763170731707317,0.0
14006,1234.48,1540,4,1.5399999999999998,164,2.608816632403745,High Response,0.15,High Discount,1.5399999999999998,1.3089999999999997,0.2310000000000001
16471,966.03,529,3,2.7671428571428573,29,-8.532610037993454,No Response,0.0,Regular Price,2.7671428571428573,2.7671428571428573,0.0
14740,2712.85,1346,8,3.696901408450704,45,-11.901511275514958,No Response,0.0,Regular Price,3.696901408450704,3.696901408450704,0.0
18009,1896.84,526,7,3.9825,178,-10.405184377974194,No Response,0.0,Regular Price,3.9825,3.9825,0.0
17863,2585.2,2314,7,1.60765625,5,-1.4385626593964664,No Response,0.0,Regular Price,1.60765625,1.60765625,0.0
13334,2699.48,1434,2,3.024114832535885,172,-7.538385436462789,No Response,0.0,Regular Price,3.024114832535885,3.024114832535885,0.0
13771,3094.37,1663,5,3.1172164948453607,169,-7.129035528947579,No Response,0.0,Regular Price,3.1172164948453607,3.1172164948453607,0.0
13240,1036.21,542,5,2.2970967741935486,1,-6.391222186175465,No Response,0.0,Regular Price,2.2970967741935486,2.2970967741935486,0.0
14402,285.6,240,1,1.15,288,5.567089086796916,High Response,0.15,High Discount,1.15,0.9774999999999999,0.1725
17200,356.71,367,4,2.1492,23,-4.715141457493528,No Response,0.0,Regular Price,2.1492,2.1492,0.0
13935,6116.92,2252,3,3.93925,232,-13.994714558165406,No Response,0.0,Regular Price,3.93925,3.93925,0.0
16677,880.62,457,2,3.332340425531915,47,-11.089366764275349,No Response,0.0,Regular Price,3.332340425531915,3.332340425531915,0.0
17534,1445.47,757,4,2.781686746987952,87,-7.074763574582246,No Response,0.0,Regular Price,2.781686746987952,2.781686746987952,0.0
13652,1475.77,992,3,2.5504166666666666,4,-8.11497516585406,No Response,0.0,Regular Price,2.5504166666666666,2.5504166666666666,0.0
14770,2761.2200000000003,1108,6,4.094896551724138,103,-13.562836380849172,No Response,0.0,Regular Price,4.094896551724138,4.094896551724138,0.0
17207,292.62,233,1,2.0286666666666666,288,1.426842706038546,High Response,0.15,High Discount,2.0286666666666666,1.7243666666666666,0.3043
17883,324.08,102,3,4.799354838709678,175,-14.026683738818974,No Response,0.0,Regular Price,4.799354838709678,4.799354838709678,0.0
17011,400.8,606,2,1.456153846153846,283,4.901756029803555,High Response,0.15,High Discount,1.456153846153846,1.237730769230769,0.21842307692307683
15366,1786.57,1826,5,1.7379787234042554,45,-1.3874435181967648,No Response,0.0,Regular Price,1.7379787234042554,1.7379787234042554,0.0
16631,1892.52,775,7,4.076124999999999,117,-11.933283138025292,No Response,0.0,Regular Price,4.076124999999999,4.076124999999999,0.0
15124,266.63,229,2,4.030625,112,-12.09529055981157,No Response,0.0,Regular Price,4.030625,4.030625,0.0
13598,601.92,341,4,2.4936842105263155,131,-3.988810671731178,No Response,0.0,Regular Price,2.4936842105263155,2.4936842105263155,0.0
14177,1660.23,839,9,3.96890243902439,17,-12.753791709188222,No Response,0.0,Regular Price,3.96890243902439,3.96890243902439,0.0
16913,310.47,147,2,5.053,287,-12.580749617124084,No Response,0.0,Regular Price,5.053,5.053,0.0
14459,3537.821,1543,1,3.71725,287,-9.367968233526778,No Response,0.0,Regular Price,3.71725,3.71725,0.0
15477,368.4,216,1,1.6,285,3.197327442396445,High Response,0.15,High Discount,1.6,1.36,0.24
15569,2207.74,1068,5,2.499357798165138,26,-7.620260425329108,No Response,0.0,Regular Price,2.499357798165138,2.499357798165138,0.0
15149,1033.81,252,4,8.139565217391304,212,-29.222959142327383,No Response,0.0,Regular Price,8.139565217391304,8.139565217391304,0.0
14807,504.14,234,2,3.2221052631578946,26,-10.923427957647196,No Response,0.0,Regular Price,3.2221052631578946,3.2221052631578946,0.0
18046,189.63,44,1,6.181923076923078,285,-18.29701872143529,No Response,0.0,Regular Price,6.181923076923078,6.181923076923078,0.0
17760,631.34,457,5,2.719411764705882,9,-7.652323445133445,No Response,0.0,Regular Price,2.719411764705882,2.719411764705882,0.0
15990,1205.64,643,5,2.71328,130,-5.0834172302491245,No Response,0.0,Regular Price,2.71328,2.71328,0.0
15664,867.6,373,3,2.5267924528301884,85,-6.09501458979743,No Response,0.0,Regular Price,2.5267924528301884,2.5267924528301884,0.0
16939,433.85,229,3,3.1726829268292684,124,-7.666376240175703,No Response,0.0,Regular Price,3.1726829268292684,3.1726829268292684,0.0
13561,1661.54,1042,10,2.274,33,-3.6306668131585385,No Response,0.0,Regular Price,2.274,2.274,0.0
16283,2779.51,1631,3,2.283774038461538,54,-6.500886754696338,No Response,0.0,Regular Price,2.283774038461538,2.283774038461538,0.0
17373,520.58,330,3,1.4982352941176469,54,-1.5868281957679118,No Response,0.0,Regular Price,1.4982352941176469,1.4982352941176469,0.0
18069,2455.68,1872,6,2.1640155945419104,19,-4.703141945869104,No Response,0.0,Regular Price,2.1640155945419104,2.1640155945419104,0.0
14798,550.5699999999999,451,5,1.575945945945946,17,-1.9670573961313185,No Response,0.0,Regular Price,1.575945945945946,1.575945945945946,0.0
12598,1511.01,942,3,2.743513513513513,99,-6.713361579267205,No Response,0.0,Regular Price,2.743513513513513,2.743513513513513,0.0
13010,330.12,323,2,1.784166666666667,10,-4.1410402520107885,No Response,0.0,Regular Price,1.784166666666667,1.784166666666667,0.0
15219,379.7,226,1,2.486470588235294,284,-0.9794731753280268,No Response,0.0,Regular Price,2.486470588235294,2.486470588235294,0.0
14131,168.22,105,1,2.179782608695652,284,0.5739952284499013,High Response,0.15,High Discount,2.179782608695652,1.8528152173913042,0.3269673913043478
16511,842.16,364,3,3.172551724137931,33,-10.441833367772492,No Response,0.0,Regular Price,3.172551724137931,3.172551724137931,0.0
16037,654.32,338,2,2.9009375,180,-5.476737005478375,No Response,0.0,Regular Price,2.9009375,2.9009375,0.0
13018,2485.46,1311,7,4.410620689655172,49,-15.208155962553992,No Response,0.0,Regular Price,4.410620689655172,4.410620689655172,0.0
17305,2135.46,1006,1,3.07,284,-5.121660857380348,No Response,0.0,Regular Price,3.07,3.07,0.0
16521,1140.11,1014,3,2.5254852320675103,51,-6.17827912767196,No Response,0.0,Regular Price,2.5254852320675103,2.5254852320675103,0.0
16519,327.68,120,3,3.945357142857143,1,-14.507266310055234,No Response,0.0,Regular Price,3.945357142857143,3.945357142857143,0.0
17359,156.6,76,1,3.039130434782609,284,-3.487476107820708,No Response,0.0,Regular Price,3.039130434782609,3.039130434782609,0.0
16731,170.3,124,1,1.811428571428572,284,2.33251911341922,High Response,0.15,High Discount,1.811428571428572,1.5397142857142863,0.2717142857142858
14257,2854.73,1650,4,2.003731343283582,16,-5.883854750928239,No Response,0.0,Regular Price,2.003731343283582,2.003731343283582,0.0
15603,40.0,32,1,1.25,284,5.000086198886672,High Response,0.15,High Discount,1.25,1.0625,0.1875
17116,389.78,392,1,1.5346808510638297,284,3.783728082691765,High Response,0.15,High Discount,1.5346808510638297,1.3044787234042552,0.23020212765957448
13911,1654.08,1756,11,2.0803333333333334,15,-1.411474481680198,No Response,0.0,Regular Price,2.0803333333333334,2.0803333333333334,0.0
17330,59.900000000000006,2,2,29.950000000000003,180,-131.8147561880088,No Response,0.0,Regular Price,29.950000000000003,29.950000000000003,0.0
12731,6879.8,3204,5,3.441428571428572,78,-14.31764424961525,No Response,0.0,Regular Price,3.441428571428572,3.441428571428572,0.0
16946,1222.04,509,5,3.5776,19,-12.295332987131214,No Response,0.0,Regular Price,3.5776,3.5776,0.0
17477,1144.3,225,2,6.013181818181818,248,-19.32573238899661,No Response,0.0,Regular Price,6.013181818181818,6.013181818181818,0.0
13797,1179.45,573,3,3.702564102564103,72,-12.069127597668125,No Response,0.0,Regular Price,3.702564102564103,3.702564102564103,0.0
13126,1898.61,1266,7,2.503963963963964,2,-6.606606134803258,No Response,0.0,Regular Price,2.503963963963964,2.503963963963964,0.0
14818,495.76,219,3,3.399642857142857,94,-9.629260856878902,No Response,0.0,Regular Price,3.399642857142857,3.399642857142857,0.0
15927,106.54,66,1,3.0013333333333336,283,-3.272408805480885,No Response,0.0,Regular Price,3.0013333333333336,3.0013333333333336,0.0
16960,1483.83,1188,5,1.9528160919540232,26,-3.621407188408191,No Response,0.0,Regular Price,1.9528160919540232,1.9528160919540232,0.0
12525,973.73,509,3,3.006,134,-6.981977338357538,No Response,0.0,Regular Price,3.006,3.006,0.0
16177,1915.36,926,7,3.740388349514563,72,-11.271690530881218,No Response,0.0,Regular Price,3.740388349514563,3.740388349514563,0.0
12809,1266.63,298,2,7.442678571428571,201,-27.300200921165107,No Response,0.0,Regular Price,7.442678571428571,7.442678571428571,0.0
15606,2310.83,723,8,4.101911764705882,26,-14.831527587156064,No Response,0.0,Regular Price,4.101911764705882,4.101911764705882,0.0
13593,3481.41,1451,9,3.705978647686833,23,-13.211894753625783,No Response,0.0,Regular Price,3.705978647686833,3.705978647686833,0.0
16520,1427.57,704,4,2.602421875,1,-8.536989357337838,No Response,0.0,Regular Price,2.602421875,2.602421875,0.0
13793,96.0,52,1,1.9357142857142853,282,1.6825076554425216,High Response,0.15,High Discount,1.9357142857142853,1.6453571428571425,0.29035714285714276
13663,1858.04,802,4,3.732325581395349,16,-13.966567587460784,No Response,0.0,Regular Price,3.732325581395349,3.732325581395349,0.0
16947,548.73,343,4,2.384375,98,-4.239542782761121,No Response,0.0,Regular Price,2.384375,2.384375,0.0
16099,841.3,526,4,1.828,53,-2.931869293889996,No Response,0.0,Regular Price,1.828,1.828,0.0
18148,112.85,63,1,2.711,282,-1.954984843043184,No Response,0.0,Regular Price,2.711,2.711,0.0
17020,935.62,860,2,1.6201449275362318,178,1.015379278547551,High Response,0.15,High Discount,1.6201449275362318,1.377123188405797,0.2430217391304348
13873,649.32,332,5,4.602972972972973,19,-16.487105412216756,No Response,0.0,Regular Price,4.602972972972973,4.602972972972973,0.0
13294,815.79,543,1,3.4029166666666666,282,-5.433689151885671,No Response,0.0,Regular Price,3.4029166666666666,3.4029166666666666,0.0
12594,1751.89,991,5,3.1276543209876544,14,-10.263798182577144,No Response,0.0,Regular Price,3.1276543209876544,3.1276543209876544,0.0
16461,1402.91,885,2,2.445590909090909,226,-2.3364312350392447,No Response,0.0,Regular Price,2.445590909090909,2.445590909090909,0.0
16636,3802.04,2186,4,2.620821917808219,74,-7.807454476842138,No Response,0.0,Regular Price,2.620821917808219,2.620821917808219,0.0
13214,3264.23,2966,7,1.9063755458515284,53,-1.4579015095648638,No Response,0.0,Regular Price,1.9063755458515284,1.9063755458515284,0.0
13722,3260.0,1658,7,3.686057692307693,56,-12.24960840323283,No Response,0.0,Regular Price,3.686057692307693,3.686057692307693,0.0
13595,784.48,341,3,3.0486713286713285,152,-6.726547943060092,No Response,0.0,Regular Price,3.0486713286713285,3.0486713286713285,0.0
14142,671.34,518,2,2.400227272727273,9,-7.24161599122074,No Response,0.0,Regular Price,2.400227272727273,2.400227272727273,0.0
18152,426.69,75,1,7.158,282,-23.2806141260954,No Response,0.0,Regular Price,7.158,7.158,0.0
16285,176.9,60,1,2.987096774193548,282,-3.360536618532581,No Response,0.0,Regular Price,2.987096774193548,2.987096774193548,0.0
14157,553.8000000000001,250,3,2.92948717948718,25,-9.251941349172036,No Response,0.0,Regular Price,2.92948717948718,2.92948717948718,0.0
15875,108.52,74,1,1.7682608695652176,282,2.4886156109637745,High Response,0.15,High Discount,1.7682608695652176,1.5030217391304348,0.26523913043478275
13835,260.7,78,3,5.6625,155,-18.528258867322407,No Response,0.0,Regular Price,5.6625,5.6625,0.0
13377,1552.88,748,2,5.465128205128205,32,-22.02080603339304,No Response,0.0,Regular Price,5.465128205128205,5.465128205128205,0.0
17049,4287.5,1600,10,4.93655601659751,11,-19.9606557054176,No Response,0.0,Regular Price,4.93655601659751,4.93655601659751,0.0
15622,4143.05,2417,8,3.268215767634855,63,-9.728940298292857,No Response,0.0,Regular Price,3.268215767634855,3.268215767634855,0.0
17930,2534.74,2201,8,1.6347916666666666,29,-0.7005809956030697,No Response,0.0,Regular Price,1.6347916666666666,1.6347916666666666,0.0
15084,965.2,600,2,5.959354838709677,15,-24.084379173213584,No Response,0.0,Regular Price,5.959354838709677,5.959354838709677,0.0
14097,422.86,352,2,2.175,117,-3.296769506935342,No Response,0.0,Regular Price,2.175,2.175,0.0
18151,1226.09,631,4,3.9280882352941178,56,-13.126241876920467,No Response,0.0,Regular Price,3.9280882352941178,3.9280882352941178,0.0
13879,395.5,204,1,3.2724,281,-4.806935110712621,No Response,0.0,Regular Price,3.2724,3.2724,0.0
17663,3372.92,1500,10,4.761776315789473,53,-16.724322283483954,No Response,0.0,Regular Price,4.761776315789473,4.761776315789473,0.0
16859,1184.6,1072,5,2.019655172413793,52,-2.987557698679133,No Response,0.0,Regular Price,2.019655172413793,2.019655172413793,0.0
18272,1307.4,830,3,2.580833333333333,184,-3.6272639244728015,No Response,0.0,Regular Price,2.580833333333333,2.580833333333333,0.0
17847,129.69,29,2,4.625555555555556,151,-14.031339536841294,No Response,0.0,Regular Price,4.625555555555556,4.625555555555556,0.0
14018,367.15,224,1,2.628461538461538,281,-1.7051595771398356,No Response,0.0,Regular Price,2.628461538461538,2.628461538461538,0.0
14426,7246.27,4324,7,3.3418157894736846,39,-12.53843595976658,No Response,0.0,Regular Price,3.3418157894736846,3.3418157894736846,0.0
13881,28019.58,19642,23,2.8546236559139784,11,-9.76533617098119,No Response,0.0,Regular Price,2.8546236559139784,2.8546236559139784,0.0
17159,560.71,237,2,4.134827586206897,113,-13.031792196199396,No Response,0.0,Regular Price,4.134827586206897,4.134827586206897,0.0
16096,1264.35,545,3,5.699259259259259,52,-22.13413322179913,No Response,0.0,Regular Price,5.699259259259259,5.699259259259259,0.0
14748,1736.57,1529,7,2.0310784313725487,4,-3.559092949868697,No Response,0.0,Regular Price,2.0310784313725487,2.0310784313725487,0.0
15030,1461.63,853,6,3.73,16,-12.43878226767616,No Response,0.0,Regular Price,3.73,3.73,0.0
17448,14523.67,11534,46,2.1187354260089686,133,12.280179468950935,High Response,0.15,High Discount,2.1187354260089686,1.8009251121076233,0.3178103139013453
12371,2179.42,845,3,4.05625,45,-15.56261037396451,No Response,0.0,Regular Price,4.05625,4.05625,0.0
17718,299.83,191,1,2.6411764705882352,280,-1.742589779590363,No Response,0.0,Regular Price,2.6411764705882352,2.6411764705882352,0.0
12399,853.65,1020,3,1.9568627450980391,21,-3.803804914250916,No Response,0.0,Regular Price,1.9568627450980391,1.9568627450980391,0.0
13280,1494.87,971,4,3.2260162601626017,15,-10.687843008753587,No Response,0.0,Regular Price,3.2260162601626017,3.2260162601626017,0.0
12568,70.0,48,1,6.234,280,-18.46338450485383,No Response,0.0,Regular Price,6.234,6.234,0.0
13476,823.0,296,3,4.814583333333333,42,-17.99875333095775,No Response,0.0,Regular Price,4.814583333333333,4.814583333333333,0.0
12497,5205.400000000001,4449,2,1.816046511627907,36,-3.720860131510348,No Response,0.0,Regular Price,1.816046511627907,1.816046511627907,0.0
18226,6650.83,4417,15,3.369020979020979,14,-9.111585412493948,No Response,0.0,Regular Price,3.369020979020979,3.369020979020979,0.0
14957,203.2,63,1,2.95,280,-3.2766214864640784,No Response,0.0,Regular Price,2.95,2.95,0.0
14186,1550.63,1550,5,1.4717307692307693,63,0.1826127919247131,High Response,0.15,High Discount,1.4717307692307693,1.2509711538461539,0.22075961538461542
13544,514.14,219,4,2.4533125,47,-6.067336291330442,No Response,0.0,Regular Price,2.4533125,2.4533125,0.0
13515,374.7,138,2,4.132941176470588,85,-13.631026347868511,No Response,0.0,Regular Price,4.132941176470588,4.132941176470588,0.0
15094,83.0,28,2,3.05,99,-7.924408358480536,No Response,0.0,Regular Price,3.05,3.05,0.0
17190,1281.83,2057,5,3.1143859649122803,39,-6.699014347315845,No Response,0.0,Regular Price,3.1143859649122803,3.1143859649122803,0.0
17006,853.49,300,4,3.059764705882353,28,-9.807790306555,No Response,0.0,Regular Price,3.059764705882353,3.059764705882353,0.0
15630,295.05,187,1,2.25,280,0.0895471567779191,High Response,0.15,High Discount,2.25,1.9124999999999999,0.33750000000000013
15978,2180.64,1556,2,2.4533750000000003,68,-6.459011002912122,No Response,0.0,Regular Price,2.4533750000000003,2.4533750000000003,0.0
14852,3295.74,2619,12,1.818855421686747,60,0.2998333368609094,High Response,0.15,High Discount,1.818855421686747,1.546027108433735,0.27282831325301204
15929,594.0,120,1,4.95,280,-13.183300131850824,No Response,0.0,Regular Price,4.95,4.95,0.0
14233,1441.55,581,3,3.4078947368421053,101,-10.358778370218108,No Response,0.0,Regular Price,3.4078947368421053,3.4078947368421053,0.0
13799,2114.71,1137,7,2.865373134328358,80,-6.888616809374296,No Response,0.0,Regular Price,2.865373134328358,2.865373134328358,0.0
16331,2037.7,756,6,4.917647058823529,68,-17.801517208819327,No Response,0.0,Regular Price,4.917647058823529,4.917647058823529,0.0
14172,369.02,78,3,5.856590909090909,241,-17.389112867382064,No Response,0.0,Regular Price,5.856590909090909,5.856590909090909,0.0
13201,1233.06,1036,4,2.235232558139535,138,-2.297929606146419,No Response,0.0,Regular Price,2.235232558139535,2.235232558139535,0.0
13508,176.07999999999998,156,1,2.82625,278,-2.522987860973286,No Response,0.0,Regular Price,2.82625,2.82625,0.0
16271,1993.18,1335,5,2.144556213017752,93,-3.346087786627507,No Response,0.0,Regular Price,2.144556213017752,2.144556213017752,0.0
15443,1900.64,1060,7,2.8086561264822136,110,-5.638570650011758,No Response,0.0,Regular Price,2.8086561264822136,2.8086561264822136,0.0
14205,1947.5,1138,7,3.683131313131313,30,-11.733473223294457,No Response,0.0,Regular Price,3.683131313131313,3.683131313131313,0.0
14877,425.85,168,2,3.1015873015873017,54,-9.631262925685563,No Response,0.0,Regular Price,3.1015873015873017,3.1015873015873017,0.0
18253,317.88,128,1,4.604285714285715,278,-11.140500386021852,No Response,0.0,Regular Price,4.604285714285715,4.604285714285715,0.0
13764,1400.2,1158,3,2.352269938650307,205,-1.5298598120819271,No Response,0.0,Regular Price,2.352269938650307,2.352269938650307,0.0
17236,1013.13,330,6,5.258679245283019,46,-19.08958399269209,No Response,0.0,Regular Price,5.258679245283019,5.258679245283019,0.0
17589,11433.77,7073,14,2.4695042897998096,21,-7.903458478517862,No Response,0.0,Regular Price,2.4695042897998096,2.4695042897998096,0.0
17734,741.69,319,3,3.607906976744186,161,-9.083783505642735,No Response,0.0,Regular Price,3.607906976744186,3.607906976744186,0.0
13276,1300.98,679,3,3.25354066985646,33,-10.973389815666904,No Response,0.0,Regular Price,3.25354066985646,3.25354066985646,0.0
16466,2171.13,992,8,3.473315789473684,19,-11.313579131588645,No Response,0.0,Regular Price,3.473315789473684,3.473315789473684,0.0
12530,2096.98,1800,5,2.8434782608695657,51,-6.976904227889531,No Response,0.0,Regular Price,2.8434782608695657,2.8434782608695657,0.0
15631,596.67,525,1,2.244102564102564,278,0.2196742066654931,High Response,0.15,High Discount,2.244102564102564,1.9074871794871793,0.33661538461538476
18029,433.77,253,1,1.738888888888889,278,2.3284837508260248,High Response,0.15,High Discount,1.738888888888889,1.4780555555555555,0.2608333333333335
16984,5891.01,2747,7,3.901130952380952,40,-15.938613316190535,No Response,0.0,Regular Price,3.901130952380952,3.901130952380952,0.0
16310,460.08,270,2,3.1278571428571427,50,-9.716749575652823,No Response,0.0,Regular Price,3.1278571428571427,3.1278571428571427,0.0
16534,635.9,168,1,5.134444444444444,278,-14.075439530701564,No Response,0.0,Regular Price,5.134444444444444,5.134444444444444,0.0
17158,713.03,369,2,4.001956521739131,183,-10.592828356030552,No Response,0.0,Regular Price,4.001956521739131,4.001956521739131,0.0
12369,1791.15,1241,3,3.148924731182796,49,-9.793325107660882,No Response,0.0,Regular Price,3.148924731182796,3.148924731182796,0.0
14493,2704.62,1863,5,2.7725106382978724,26,-8.182343229589868,No Response,0.0,Regular Price,2.7725106382978724,2.7725106382978724,0.0
15847,433.3,194,3,3.793846153846154,64,-12.19731390922352,No Response,0.0,Regular Price,3.793846153846154,3.793846153846154,0.0
17298,455.84,465,3,1.5551282051282052,10,-2.623251387736013,No Response,0.0,Regular Price,1.5551282051282052,1.5551282051282052,0.0
15791,1995.65,1239,3,2.1833695652173915,165,-2.6100779402585577,No Response,0.0,Regular Price,2.1833695652173915,2.1833695652173915,0.0
12765,1404.58,1009,6,2.6519117647058823,108,-4.607632536601496,No Response,0.0,Regular Price,2.6519117647058823,2.6519117647058823,0.0
17682,1982.45,1124,6,2.440833333333333,4,-7.053435443959547,No Response,0.0,Regular Price,2.440833333333333,2.440833333333333,0.0
12825,518.63,139,2,6.155833333333334,157,-21.47664825951999,No Response,0.0,Regular Price,6.155833333333334,6.155833333333334,0.0
17325,512.77,405,2,3.37,46,-10.779831146013915,No Response,0.0,Regular Price,3.37,3.37,0.0
16754,65500.07,63551,29,1.6819285714285714,8,20.806756979867306,High Response,0.15,High Discount,1.6819285714285714,1.4296392857142857,0.25228928571428577
13157,3946.14,3323,5,1.847317073170732,45,-2.588294760435568,No Response,0.0,Regular Price,1.847317073170732,1.847317073170732,0.0
17542,170.1,189,2,2.12025641025641,277,1.210145858777437,High Response,0.15,High Discount,2.12025641025641,1.8022179487179486,0.3180384615384615
17857,1803.2,2804,2,0.8099999999999999,1,2.555163453438744,High Response,0.15,High Discount,0.8099999999999999,0.6884999999999999,0.12150000000000005
12514,580.08,400,1,1.7969696969696969,277,2.0724786179622834,High Response,0.15,High Discount,1.7969696969696969,1.5274242424242424,0.26954545454545453
17960,61.3,19,2,3.290909090909091,158,-7.505055120411106,No Response,0.0,Regular Price,3.290909090909091,3.290909090909091,0.0
16628,130.05,55,2,4.2,43,-14.78714103863186,No Response,0.0,Regular Price,4.2,4.2,0.0
17289,1110.78,724,6,2.3721604938271605,12,-5.849589724363257,No Response,0.0,Regular Price,2.3721604938271605,2.3721604938271605,0.0
17025,1152.87,789,4,1.638787878787879,9,-3.193954332855814,No Response,0.0,Regular Price,1.638787878787879,1.638787878787879,0.0
16537,23.35,59,1,0.5125,277,8.352740989611736,High Response,0.15,High Discount,0.5125,0.43562499999999993,0.07687500000000003
17488,336.5,136,1,3.094444444444445,277,-4.111043895207533,No Response,0.0,Regular Price,3.094444444444445,3.094444444444445,0.0
16681,151.5,85,1,2.104,277,0.7364917754321287,High Response,0.15,High Discount,2.104,1.7884,0.3156000000000001
13454,219.87,198,1,1.4865217391304346,277,3.73393958814357,High Response,0.15,High Discount,1.4865217391304346,1.2635434782608694,0.22297826086956518
16275,1591.24,932,2,3.435769230769231,110,-10.202031007640832,No Response,0.0,Regular Price,3.435769230769231,3.435769230769231,0.0
16568,1020.9,366,2,12.29,63,-53.03557108930124,No Response,0.0,Regular Price,12.29,12.29,0.0
18245,3757.92,3310,13,2.143886925795053,15,-1.436956919345057,No Response,0.0,Regular Price,2.143886925795053,2.143886925795053,0.0
17002,1077.82,586,4,3.2382857142857144,79,-9.140184121299736,No Response,0.0,Regular Price,3.2382857142857144,3.2382857142857144,0.0
17438,1034.32,450,4,4.828888888888889,80,-16.75516255687717,No Response,0.0,Regular Price,4.828888888888889,4.828888888888889,0.0
15250,60.0,48,1,1.25,276,4.79054887548646,High Response,0.15,High Discount,1.25,1.0625,0.1875
16182,3354.0,2096,5,1.52,74,-1.7018819890253851,No Response,0.0,Regular Price,1.52,1.52,0.0
17266,205.14,90,2,3.0730434782608693,135,-7.182438636547852,No Response,0.0,Regular Price,3.0730434782608693,3.0730434782608693,0.0
15437,193.29,98,1,3.4091666666666662,276,-5.4461033783228245,No Response,0.0,Regular Price,3.4091666666666662,3.4091666666666662,0.0
12495,357.4,130,1,5.705882352941177,276,-16.413250997620967,No Response,0.0,Regular Price,5.705882352941177,5.705882352941177,0.0
15921,452.23,173,3,4.35,32,-15.703466126524848,No Response,0.0,Regular Price,4.35,4.35,0.0
18039,548.22,555,4,2.104493670886076,10,-4.796369913418377,No Response,0.0,Regular Price,2.104493670886076,2.104493670886076,0.0
17907,291.76,1046,1,3.3361538461538465,276,-3.425909187813205,No Response,0.0,Regular Price,3.3361538461538465,3.3361538461538465,0.0
14147,2106.8,887,7,2.9372,24,-9.1488271294439,No Response,0.0,Regular Price,2.9372,2.9372,0.0
13627,607.43,363,2,3.078108108108108,124,-7.630916959385984,No Response,0.0,Regular Price,3.078108108108108,3.078108108108108,0.0
16854,1408.96,997,2,2.5152,53,-6.937913557225024,No Response,0.0,Regular Price,2.5152,2.5152,0.0
13283,279.7,114,2,3.1346153846153846,203,-5.786241668605861,No Response,0.0,Regular Price,3.1346153846153846,3.1346153846153846,0.0
15722,3022.79,1256,6,3.9231531531531534,81,-13.476813107120952,No Response,0.0,Regular Price,3.9231531531531534,3.9231531531531534,0.0
16707,533.41,396,4,2.4858461538461536,36,-6.192875256227587,No Response,0.0,Regular Price,2.4858461538461536,2.4858461538461536,0.0
16756,1072.97,601,6,3.2609090909090908,40,-9.462209060926142,No Response,0.0,Regular Price,3.2609090909090908,3.2609090909090908,0.0
12542,481.88,522,2,2.465128205128205,120,-4.34570693389055,No Response,0.0,Regular Price,2.465128205128205,2.465128205128205,0.0
14676,5808.55,6292,6,1.627142857142857,30,1.0997240249360454,High Response,0.15,High Discount,1.627142857142857,1.3830714285714285,0.2440714285714285
13316,7207.89,14423,6,2.513333333333333,28,10.367896044022194,High Response,0.15,High Discount,2.513333333333333,2.136333333333333,0.3770000000000002
12638,249.8,86,1,6.888888888888889,275,-21.885624657766797,No Response,0.0,Regular Price,6.888888888888889,6.888888888888889,0.0
13484,476.92,180,2,4.448387096774193,19,-16.907303543689444,No Response,0.0,Regular Price,4.448387096774193,4.448387096774193,0.0
16846,628.09,382,2,2.730833333333333,213,-3.695747832110216,No Response,0.0,Regular Price,2.730833333333333,2.730833333333333,0.0
17348,1285.69,1368,4,1.796391304347826,73,-1.3696357541485549,No Response,0.0,Regular Price,1.796391304347826,1.796391304347826,0.0
13566,831.76,690,3,1.6871065989847716,70,-1.8755635436162672,No Response,0.0,Regular Price,1.6871065989847716,1.6871065989847716,0.0
14924,620.96,248,2,7.221904761904763,246,-24.121587475639345,No Response,0.0,Regular Price,7.221904761904763,7.221904761904763,0.0
14403,404.7,218,2,4.384,225,-11.073372821708276,No Response,0.0,Regular Price,4.384,4.384,0.0
16258,6739.01,4206,10,2.410956937799043,23,-6.841870383984331,No Response,0.0,Regular Price,2.410956937799043,2.410956937799043,0.0
13305,1751.75,1128,7,3.6212096774193534,8,-11.706881554880114,No Response,0.0,Regular Price,3.6212096774193534,3.6212096774193534,0.0
15558,202.68,73,1,4.565652173913043,275,-10.95226620113465,No Response,0.0,Regular Price,4.565652173913043,4.565652173913043,0.0
16611,1655.64,827,5,4.0351,39,-14.02403245408697,No Response,0.0,Regular Price,4.0351,4.0351,0.0
17338,5395.79,2721,9,2.6911130136986303,11,-9.49150840679414,No Response,0.0,Regular Price,2.6911130136986303,2.6911130136986303,0.0
14060,3378.66,2733,13,1.7819117647058824,2,-0.5680910707302411,No Response,0.0,Regular Price,1.7819117647058824,1.7819117647058824,0.0
12954,162.45,83,1,3.115,274,-4.098066246965059,No Response,0.0,Regular Price,3.115,3.115,0.0
16387,788.1,404,4,3.281204819277108,31,-10.456034307768066,No Response,0.0,Regular Price,3.281204819277108,3.281204819277108,0.0
13715,7348.3,4345,13,2.3496690307328603,8,-6.552565734364007,No Response,0.0,Regular Price,2.3496690307328603,2.3496690307328603,0.0
14745,1331.15,931,7,2.437605633802817,137,-2.503081865564555,No Response,0.0,Regular Price,2.437605633802817,2.437605633802817,0.0
15221,2062.2000000000003,244,4,9.944827586206896,2,-44.84812627856222,No Response,0.0,Regular Price,9.944827586206896,9.944827586206896,0.0
15008,360.0,1500,2,0.3,116,7.793992118977778,High Response,0.15,High Discount,0.3,0.255,0.044999999999999984
17065,194.7,82,2,3.3833333333333333,273,-5.057642185910376,No Response,0.0,Regular Price,3.3833333333333333,3.3833333333333333,0.0
17228,1269.89,1033,7,1.9553020134228187,3,-3.4165173426827646,No Response,0.0,Regular Price,1.9553020134228187,1.9553020134228187,0.0
17588,1699.35,703,4,4.304375,32,-16.15895664124219,No Response,0.0,Regular Price,4.304375,4.304375,0.0
16347,2595.51,1374,9,3.2758365758754864,24,-9.845202853871708,No Response,0.0,Regular Price,3.2758365758754864,3.2758365758754864,0.0
13795,836.3,1250,4,1.826206896551724,24,-2.2596328345570456,No Response,0.0,Regular Price,1.826206896551724,1.826206896551724,0.0
14824,2895.2000000000003,1429,6,2.572868217054264,15,-8.31472016048371,No Response,0.0,Regular Price,2.572868217054264,2.572868217054264,0.0
12692,110.95,36,1,3.123076923076923,273,-4.16734069641516,No Response,0.0,Regular Price,3.123076923076923,3.123076923076923,0.0
15941,405.0,60,1,6.75,273,-21.59611656108758,No Response,0.0,Regular Price,6.75,6.75,0.0
13824,1615.82,674,7,2.958333333333333,15,-9.076944077908124,No Response,0.0,Regular Price,2.958333333333333,2.958333333333333,0.0
13724,213.01,130,1,2.147142857142857,273,0.4157624036909118,High Response,0.15,High Discount,2.147142857142857,1.8250714285714282,0.32207142857142856
13573,614.27,345,4,2.7564516129032257,15,-8.23818701607086,No Response,0.0,Regular Price,2.7564516129032257,2.7564516129032257,0.0
16586,998.83,253,2,5.0395,80,-18.822533670070065,No Response,0.0,Regular Price,5.0395,5.0395,0.0
15994,761.4100000000001,289,2,3.485394736842105,47,-11.934019305848224,No Response,0.0,Regular Price,3.485394736842105,3.485394736842105,0.0
13183,3078.4,1819,6,1.6496774193548387,30,-3.1498639945523705,No Response,0.0,Regular Price,1.6496774193548387,1.6496774193548387,0.0
18149,941.88,559,4,2.3882666666666665,40,-5.9960161517710695,No Response,0.0,Regular Price,2.3882666666666665,2.3882666666666665,0.0
13688,375.5,130,1,4.55,271,-11.159780299897095,No Response,0.0,Regular Price,4.55,4.55,0.0
15665,1764.86,1123,3,2.2235087719298248,47,-5.696787877226146,No Response,0.0,Regular Price,2.2235087719298248,2.2235087719298248,0.0
17849,457.96,110,4,7.238333333333333,116,-26.806592189433232,No Response,0.0,Regular Price,7.238333333333333,7.238333333333333,0.0
14857,2478.731,1617,5,2.7578496732026143,78,-6.867890803090561,No Response,0.0,Regular Price,2.7578496732026143,2.7578496732026143,0.0
14645,279.8,206,1,3.080555555555556,270,-3.9968919425671183,No Response,0.0,Regular Price,3.080555555555556,3.080555555555556,0.0
14315,716.69,323,2,3.493125,200,-7.864843466247276,No Response,0.0,Regular Price,3.493125,3.493125,0.0
15117,934.19,1145,3,1.8288461538461536,84,-1.4629829840268087,No Response,0.0,Regular Price,1.8288461538461536,1.8288461538461536,0.0
18135,567.71,404,5,2.656470588235294,28,-6.862184611719853,No Response,0.0,Regular Price,2.656470588235294,2.656470588235294,0.0
13530,402.98,272,1,2.0072222222222225,270,0.9527462296338878,High Response,0.15,High Discount,2.0072222222222225,1.706138888888889,0.30108333333333337
14534,1790.36,795,8,3.173140096618358,33,-9.29346148580782,No Response,0.0,Regular Price,3.173140096618358,3.173140096618358,0.0
16242,3824.79,1952,7,2.9776315789473684,17,-10.312199337863724,No Response,0.0,Regular Price,2.9776315789473684,2.9776315789473684,0.0
14195,1603.6,1384,4,1.4944444444444445,75,-0.4023120423711246,No Response,0.0,Regular Price,1.4944444444444445,1.4944444444444445,0.0
13600,298.9,275,1,2.565909090909091,270,-1.484443460100923,No Response,0.0,Regular Price,2.565909090909091,2.565909090909091,0.0
15227,1269.09,467,4,4.335483870967742,32,-16.046430161396376,No Response,0.0,Regular Price,4.335483870967742,4.335483870967742,0.0
15123,2456.86,1329,3,2.933766233766234,57,-9.516506906064665,No Response,0.0,Regular Price,2.933766233766234,2.933766233766234,0.0
12366,500.24,296,1,1.6900000000000002,269,2.2970357924495604,High Response,0.15,High Discount,1.6900000000000002,1.4365,0.25350000000000006
15946,2304.18,1614,3,2.5384615384615383,138,-4.757976345322107,No Response,0.0,Regular Price,2.5384615384615383,2.5384615384615383,0.0
14873,334.45,143,1,3.88809523809524,269,-8.018137195322115,No Response,0.0,Regular Price,3.88809523809524,3.88809523809524,0.0
14604,143.86,88,1,2.028695652173913,269,0.9004044483585423,High Response,0.15,High Discount,2.028695652173913,1.724391304347826,0.30430434782608695
18063,186.6,48,2,3.766666666666667,26,-13.306120560461284,No Response,0.0,Regular Price,3.766666666666667,3.766666666666667,0.0
14496,2129.42,832,6,5.171304347826087,9,-20.523462961173635,No Response,0.0,Regular Price,5.171304347826087,5.171304347826087,0.0
12701,1648.7,1049,4,2.916914893617021,165,-5.457924910344801,No Response,0.0,Regular Price,2.916914893617021,2.916914893617021,0.0
17478,1272.8,516,2,3.45075,44,-12.260388099323157,No Response,0.0,Regular Price,3.45075,3.45075,0.0
14872,816.6,662,3,1.7832558139534884,119,-1.085232345950364,No Response,0.0,Regular Price,1.7832558139534884,1.7832558139534884,0.0
17568,374.45,275,1,1.562741935483871,269,3.0617736737125645,High Response,0.15,High Discount,1.562741935483871,1.3283306451612902,0.2344112903225808
17479,389.2600000000001,266,1,1.9966666666666664,268,0.9615508010271538,High Response,0.15,High Discount,1.9966666666666664,1.6971666666666663,0.2995000000000001
16652,10776.42,4194,9,4.148025477707006,40,-21.665000406353062,No Response,0.0,Regular Price,4.148025477707006,4.148025477707006,0.0
13612,818.29,444,1,3.3996,268,-5.977508050058821,No Response,0.0,Regular Price,3.3996,3.3996,0.0
16777,1069.56,408,3,4.016595744680851,49,-14.273377450619815,No Response,0.0,Regular Price,4.016595744680851,4.016595744680851,0.0
13275,238.86,138,2,2.14125,19,-5.787577092270409,No Response,0.0,Regular Price,2.14125,2.14125,0.0
18196,770.56,607,2,2.044057971014493,107,-3.026420561400561,No Response,0.0,Regular Price,2.044057971014493,2.044057971014493,0.0
17933,114.69,63,1,2.0957142857142856,268,0.5606463830435109,High Response,0.15,High Discount,2.0957142857142856,1.7813571428571426,0.314357142857143
16917,1460.36,560,1,5.515365853658537,268,-16.730317191599426,No Response,0.0,Regular Price,5.515365853658537,5.515365853658537,0.0
13371,2297.66,1019,2,4.004130434782609,141,-13.068324904065635,No Response,0.0,Regular Price,4.004130434782609,4.004130434782609,0.0
16254,967.44,543,3,3.154864864864865,14,-10.712226075986909,No Response,0.0,Regular Price,3.154864864864865,3.154864864864865,0.0
13406,568.92,292,2,2.4655555555555555,63,-6.416782456340277,No Response,0.0,Regular Price,2.4655555555555555,2.4655555555555555,0.0
15775,45.6,192,1,0.285,267,9.38042435652785,High Response,0.15,High Discount,0.285,0.24224999999999997,0.04275000000000001
16336,3517.69,1473,4,3.6788235294117646,56,-14.14058004914005,No Response,0.0,Regular Price,3.6788235294117646,3.6788235294117646,0.0
18131,222.96,552,1,1.0075,267,6.40095128377064,High Response,0.15,High Discount,1.0075,0.856375,0.15112500000000006
16571,2827.05,2464,7,1.903273809523809,31,-2.2606714625088253,No Response,0.0,Regular Price,1.903273809523809,1.903273809523809,0.0
18187,724.89,310,1,4.726041666666666,267,-12.320175555960311,No Response,0.0,Regular Price,4.726041666666666,4.726041666666666,0.0
14427,900.1800000000001,310,2,14.311851851851852,130,-60.67573137799194,No Response,0.0,Regular Price,14.311851851851852,14.311851851851852,0.0
16977,496.0,142,4,5.271428571428571,31,-19.79909384098406,No Response,0.0,Regular Price,5.271428571428571,5.271428571428571,0.0
15819,2029.34,1571,6,1.8237226277372265,67,-1.740270143064908,No Response,0.0,Regular Price,1.8237226277372265,1.8237226277372265,0.0
14651,1371.77,537,7,3.261043956043956,30,-9.9655179508739,No Response,0.0,Regular Price,3.261043956043956,3.261043956043956,0.0
15918,248.65,87,1,3.473809523809524,267,-6.095672146614984,No Response,0.0,Regular Price,3.473809523809524,3.473809523809524,0.0
14400,1157.77,1252,2,1.6052083333333331,44,-1.995423097063284,No Response,0.0,Regular Price,1.6052083333333331,1.6052083333333331,0.0
13057,709.59,456,3,1.996,166,-1.085653742176775,No Response,0.0,Regular Price,1.996,1.996,0.0
15461,429.7,230,2,1.895,96,-2.7781572808705084,No Response,0.0,Regular Price,1.895,1.895,0.0
16385,473.69,285,3,2.069210526315789,2,-5.617644467974944,No Response,0.0,Regular Price,2.069210526315789,2.069210526315789,0.0
13243,635.26,322,4,2.707635135135136,85,-6.275281238745576,No Response,0.0,Regular Price,2.707635135135136,2.707635135135136,0.0
15496,146.14,98,1,2.640454545454545,267,-2.0007597249661098,No Response,0.0,Regular Price,2.640454545454545,2.640454545454545,0.0
12615,3449.79,1941,4,3.0444242424242423,49,-10.32834669816164,No Response,0.0,Regular Price,3.0444242424242423,3.0444242424242423,0.0
16303,2567.64,1200,4,3.3070967741935484,28,-12.072976748232543,No Response,0.0,Regular Price,3.3070967741935484,3.3070967741935484,0.0
16108,1393.42,858,3,3.2011494252873565,70,-9.575374523785046,No Response,0.0,Regular Price,3.2011494252873565,3.2011494252873565,0.0
17349,674.16,670,4,2.128311688311688,16,-4.73877048878975,No Response,0.0,Regular Price,2.128311688311688,2.128311688311688,0.0
13128,263.5,31,1,8.5,267,-29.767755268116662,No Response,0.0,Regular Price,8.5,8.5,0.0
18247,839.73,335,3,4.495675675675676,50,-16.25002640974965,No Response,0.0,Regular Price,4.495675675675676,4.495675675675676,0.0
16668,555.7,455,7,2.57939393939394,23,-5.754340719042925,No Response,0.0,Regular Price,2.57939393939394,2.57939393939394,0.0
16199,942.75,321,7,3.34,28,-10.092093774207155,No Response,0.0,Regular Price,3.34,3.34,0.0
13230,3457.83,1915,17,2.669970457902511,1,-4.959869371214401,No Response,0.0,Regular Price,2.669970457902511,2.669970457902511,0.0
13150,449.97,171,3,6.93375,120,-25.52332684438148,No Response,0.0,Regular Price,6.93375,6.93375,0.0
17838,3786.7,2192,10,2.934213483146068,1,-8.857621196530364,No Response,0.0,Regular Price,2.934213483146068,2.934213483146068,0.0
17738,2304.51,1747,9,2.29187969924812,31,-3.846055806682576,No Response,0.0,Regular Price,2.29187969924812,2.29187969924812,0.0
16716,1248.48,792,1,1.5333333333333332,266,2.6702719336136718,High Response,0.15,High Discount,1.5333333333333332,1.3033333333333332,0.22999999999999998
16008,4860.35,2914,12,2.568636363636364,18,-6.333379348297949,No Response,0.0,Regular Price,2.568636363636364,2.568636363636364,0.0
14292,4354.32,1766,7,2.7832258064516124,46,-9.893979554837394,No Response,0.0,Regular Price,2.7832258064516124,2.7832258064516124,0.0
15760,13916.34,2,2,6958.17,266,-32598.715414213104,No Response,0.0,Regular Price,6958.17,6958.17,0.0
14851,318.06,306,1,1.855,266,1.7695334576896926,High Response,0.15,High Discount,1.855,1.5767499999999999,0.2782500000000001
16508,240.95,103,1,3.643488372093024,266,-6.872298062725854,No Response,0.0,Regular Price,3.643488372093024,3.643488372093024,0.0
17673,2578.91,1822,7,1.7155017301038062,11,-2.733801725924696,No Response,0.0,Regular Price,1.7155017301038062,1.7155017301038062,0.0
12418,1352.62,681,3,3.2358823529411764,49,-10.55822387593642,No Response,0.0,Regular Price,3.2358823529411764,3.2358823529411764,0.0
14832,322.69,1,1,322.69,266,-1501.3562719279844,No Response,0.0,Regular Price,322.69,322.69,0.0
14316,1370.34,4494,5,0.8483870967741935,58,8.993954423564672,High Response,0.15,High Discount,0.8483870967741935,0.7211290322580645,0.1272580645161291
12908,1026.0,1800,3,0.57,16,3.79022718220527,High Response,0.15,High Discount,0.57,0.48449999999999993,0.08550000000000002
15650,553.88,210,2,4.862777777777778,157,-15.34179702565394,No Response,0.0,Regular Price,4.862777777777778,4.862777777777778,0.0
18085,955.8,320,3,3.3892857142857142,9,-12.353607669139787,No Response,0.0,Regular Price,3.3892857142857142,3.3892857142857142,0.0
17133,9730.09,7377,5,1.916896551724138,110,-2.9878836117080487,No Response,0.0,Regular Price,1.916896551724138,1.916896551724138,0.0
17472,224.81,96,1,3.0902040816326526,264,-4.319713132462293,No Response,0.0,Regular Price,3.0902040816326526,3.0902040816326526,0.0
13466,705.45,401,4,2.701842105263158,44,-7.274029032769405,No Response,0.0,Regular Price,2.701842105263158,2.701842105263158,0.0
17587,176.71,67,1,3.361428571428572,264,-5.56612299601875,No Response,0.0,Regular Price,3.361428571428572,3.361428571428572,0.0
17051,465.6,328,3,1.728849557522124,82,-1.8535359845578272,No Response,0.0,Regular Price,1.728849557522124,1.728849557522124,0.0
16039,456.4,409,2,1.7359375,59,-2.6886669838911468,No Response,0.0,Regular Price,1.7359375,1.7359375,0.0
16397,123.13,43,1,5.632222222222222,264,-16.158011306895283,No Response,0.0,Regular Price,5.632222222222222,5.632222222222222,0.0
12796,381.0,182,1,3.814285714285714,264,-7.803807756091353,No Response,0.0,Regular Price,3.814285714285714,3.814285714285714,0.0
18078,389.4,225,2,2.810227272727273,61,-7.9138764972523425,No Response,0.0,Regular Price,2.810227272727273,2.810227272727273,0.0
12368,917.7,330,1,4.391666666666667,264,-11.114352402844997,No Response,0.0,Regular Price,4.391666666666667,4.391666666666667,0.0
13451,4191.8,3101,6,2.0468421052631576,17,-4.710346283169889,No Response,0.0,Regular Price,2.0468421052631576,2.0468421052631576,0.0
12639,826.27,430,2,4.237857142857143,70,-14.695961133888265,No Response,0.0,Regular Price,4.237857142857143,4.237857142857143,0.0
14928,223.91000000000005,268,1,1.3942857142857144,263,3.93241043623622,High Response,0.15,High Discount,1.3942857142857144,1.1851428571428573,0.20914285714285707
17552,2154.88,1376,10,2.6896261682242995,8,-6.397818457716177,No Response,0.0,Regular Price,2.6896261682242995,2.6896261682242995,0.0
16132,664.1999999999999,280,2,4.526470588235294,180,-13.218564307073883,No Response,0.0,Regular Price,4.526470588235294,4.526470588235294,0.0
13151,1207.34,450,2,4.501666666666667,261,-11.577939726671326,No Response,0.0,Regular Price,4.501666666666667,4.501666666666667,0.0
13482,151.45,71,1,3.061111111111111,263,-4.135739543081356,No Response,0.0,Regular Price,3.061111111111111,3.061111111111111,0.0
14175,4456.58,1494,5,4.778626373626373,54,-20.487773661365964,No Response,0.0,Regular Price,4.778626373626373,4.778626373626373,0.0
14817,2849.52,1807,5,4.274431137724551,31,-15.436771806469933,No Response,0.0,Regular Price,4.274431137724551,4.274431137724551,0.0
13357,3196.11,1791,4,3.214622950819672,130,-8.895260029094505,No Response,0.0,Regular Price,3.214622950819672,3.214622950819672,0.0
14355,840.0500000000001,617,3,2.173833333333333,1,-6.09871192432821,No Response,0.0,Regular Price,2.173833333333333,2.173833333333333,0.0
14464,111.0,62,2,3.6875,204,-8.169567773650225,No Response,0.0,Regular Price,3.6875,3.6875,0.0
16441,637.93,305,3,3.181311475409836,53,-9.738976592570928,No Response,0.0,Regular Price,3.181311475409836,3.181311475409836,0.0
17640,2547.28,1442,5,2.311639344262295,15,-6.865074137627628,No Response,0.0,Regular Price,2.311639344262295,2.311639344262295,0.0
13706,300.38,112,1,6.205,262,-19.05347669301837,No Response,0.0,Regular Price,6.205,6.205,0.0
15614,3147.36,1632,4,3.404197530864198,73,-11.4879262657257,No Response,0.0,Regular Price,3.404197530864198,3.404197530864198,0.0
14596,222.22000000000003,75,1,3.500566037735849,262,-6.329831753660386,No Response,0.0,Regular Price,3.500566037735849,3.500566037735849,0.0
15105,795.98,536,2,2.6516,66,-7.114437560156652,No Response,0.0,Regular Price,2.6516,2.6516,0.0
16970,71.4,12,1,5.95,262,-17.672104449388755,No Response,0.0,Regular Price,5.95,5.95,0.0
14166,251.15,82,2,3.303921568627451,141,-8.200402002463889,No Response,0.0,Regular Price,3.303921568627451,3.303921568627451,0.0
16578,156.6,108,1,1.4500000000000002,262,3.4467811928170424,High Response,0.15,High Discount,1.4500000000000002,1.2325000000000002,0.21750000000000003
16615,291.5,211,1,3.3084210526315787,262,-5.28111110344998,No Response,0.0,Regular Price,3.3084210526315787,3.3084210526315787,0.0
12918,10953.5,1,1,10953.5,262,-51305.0793157593,No Response,0.0,Regular Price,10953.5,10953.5,0.0
13445,241.9,198,1,1.97,262,1.0443185130839492,High Response,0.15,High Discount,1.97,1.6744999999999999,0.2955000000000001
14762,117.05,87,1,3.112222222222222,262,-4.312607794820763,No Response,0.0,Regular Price,3.112222222222222,3.112222222222222,0.0
14344,2443.77,1192,14,3.3177906976744183,3,-8.793433221513055,No Response,0.0,Regular Price,3.3177906976744183,3.3177906976744183,0.0
15869,171.47,98,1,2.3389473684210524,262,-0.7605204199762019,No Response,0.0,Regular Price,2.3389473684210524,2.3389473684210524,0.0
13896,388.55,149,1,3.245238095238096,261,-5.29331165583919,No Response,0.0,Regular Price,3.245238095238096,3.245238095238096,0.0
18189,313.49,270,1,1.8694444444444445,261,1.5099715797872322,High Response,0.15,High Discount,1.8694444444444445,1.5890277777777777,0.28041666666666676
13252,399.3,134,2,4.681578947368421,30,-17.674403818887527,No Response,0.0,Regular Price,4.681578947368421,4.681578947368421,0.0
16077,2300.4,840,1,2.025,261,-1.4211672275174791,No Response,0.0,Regular Price,2.025,2.025,0.0
13988,609.84,341,2,2.937377049180328,19,-9.739557002687404,No Response,0.0,Regular Price,2.937377049180328,2.937377049180328,0.0
12742,1201.52,1359,1,1.7086567164179105,261,2.899768977116711,High Response,0.15,High Discount,1.7086567164179105,1.4523582089552238,0.2562985074626867
16002,169.21,70,1,2.8233333333333333,261,-3.10554593745916,No Response,0.0,Regular Price,2.8233333333333333,2.8233333333333333,0.0
14729,586.24,372,3,2.044848484848485,9,-5.340601506116069,No Response,0.0,Regular Price,2.044848484848485,2.044848484848485,0.0
15086,218.53,95,2,2.8854545454545457,200,-4.6321292482720615,No Response,0.0,Regular Price,2.8854545454545457,2.8854545454545457,0.0
16444,2971.21,1538,13,2.479163763066202,26,-4.855001635008822,No Response,0.0,Regular Price,2.479163763066202,2.479163763066202,0.0
14026,713.11,427,2,2.3936,106,-4.943390759650045,No Response,0.0,Regular Price,2.3936,2.3936,0.0
15447,337.71000000000004,143,4,4.294,163,-11.535351383792667,No Response,0.0,Regular Price,4.294,4.294,0.0
16741,173.06,81,1,3.243636363636364,261,-5.058934440163423,No Response,0.0,Regular Price,3.243636363636364,3.243636363636364,0.0
17072,273.35,212,1,1.7557142857142856,261,1.9967503503819877,High Response,0.15,High Discount,1.7557142857142856,1.4923571428571427,0.26335714285714285
14202,847.76,166,3,8.454482758620689,17,-35.98676092335264,No Response,0.0,Regular Price,8.454482758620689,8.454482758620689,0.0
14947,758.97,237,4,5.85475,24,-22.96579484382085,No Response,0.0,Regular Price,5.85475,5.85475,0.0
15374,139.32,164,1,0.9942857142857144,260,5.666761215408207,High Response,0.15,High Discount,0.9942857142857144,0.8451428571428573,0.14914285714285713
13849,1931.35,867,3,4.19126050420168,33,-16.04979081082567,No Response,0.0,Regular Price,4.19126050420168,4.19126050420168,0.0
17001,2651.23,1618,8,2.7391509433962264,12,-7.640090150151754,No Response,0.0,Regular Price,2.7391509433962264,2.7391509433962264,0.0
17353,1502.0,968,2,1.6666666666666667,127,-1.2578437836210226,No Response,0.0,Regular Price,1.6666666666666667,1.6666666666666667,0.0
16090,180.56,58,1,4.415555555555556,260,-10.630340190182096,No Response,0.0,Regular Price,4.415555555555556,4.415555555555556,0.0
13969,4266.88,2245,18,2.37463829787234,1,-3.904749966476412,No Response,0.0,Regular Price,2.37463829787234,2.37463829787234,0.0
17301,131.15,79,1,1.7462962962962962,260,1.9933914238650905,High Response,0.15,High Discount,1.7462962962962962,1.4843518518518517,0.26194444444444454
16943,482.76,2,2,241.38,175,-1122.8118194033225,No Response,0.0,Regular Price,241.38,241.38,0.0
13900,869.64,508,3,2.7451923076923075,25,-8.413683155141253,No Response,0.0,Regular Price,2.7451923076923075,2.7451923076923075,0.0
13285,655.47,406,2,3.183636363636363,236,-5.21926357252303,No Response,0.0,Regular Price,3.183636363636363,3.183636363636363,0.0
12870,1676.95,906,3,4.554193548387097,11,-17.819924801575702,No Response,0.0,Regular Price,4.554193548387097,4.554193548387097,0.0
15027,2129.45,2217,6,3.701785714285714,31,-10.379824909918533,No Response,0.0,Regular Price,3.701785714285714,3.701785714285714,0.0
16794,856.1999999999999,653,5,1.912455357142857,16,-3.685547125560844,No Response,0.0,Regular Price,1.912455357142857,1.912455357142857,0.0
17484,209.57,339,2,2.343571428571429,212,-1.2943208219892517,No Response,0.0,Regular Price,2.343571428571429,2.343571428571429,0.0
12726,1405.5,1475,4,2.3640000000000003,23,-5.315202295469244,No Response,0.0,Regular Price,2.3640000000000003,2.3640000000000003,0.0
13187,105.34,201,3,0.8473684210526314,260,7.240646017909218,High Response,0.15,High Discount,0.8473684210526314,0.7202631578947367,0.12710526315789472
13705,1323.47,646,5,5.202678571428572,9,-20.06774047558214,No Response,0.0,Regular Price,5.202678571428572,5.202678571428572,0.0
14704,258.96,121,2,2.4533870967741938,60,-6.253432957779407,No Response,0.0,Regular Price,2.4533870967741938,2.4533870967741938,0.0
12791,863.51,353,6,9.510714285714286,9,-39.66742242791682,No Response,0.0,Regular Price,9.510714285714286,9.510714285714286,0.0
15698,46.2,60,1,0.95,260,5.827193791267211,High Response,0.15,High Discount,0.95,0.8075,0.14249999999999996
14330,200.63,103,1,2.614615384615385,259,-2.168128430319709,No Response,0.0,Regular Price,2.614615384615385,2.614615384615385,0.0
16286,328.95,101,2,4.167647058823529,113,-13.063657817316976,No Response,0.0,Regular Price,4.167647058823529,4.167647058823529,0.0
14013,611.5500000000001,313,2,4.051470588235294,16,-15.09205291998088,No Response,0.0,Regular Price,4.051470588235294,4.051470588235294,0.0
15789,1610.71,2061,5,2.022566371681416,67,-1.4004225153282777,No Response,0.0,Regular Price,2.022566371681416,2.022566371681416,0.0
18188,1279.55,720,3,2.456935483870968,66,-6.272216226605412,No Response,0.0,Regular Price,2.456935483870968,2.456935483870968,0.0
17582,1271.68,480,4,3.401720430107527,82,-10.356822157798684,No Response,0.0,Regular Price,3.401720430107527,3.401720430107527,0.0
18166,175.5,90,1,2.38,259,-1.0527793966168757,No Response,0.0,Regular Price,2.38,2.38,0.0
18215,1933.15,1013,4,2.9532894736842104,73,-8.556214332659529,No Response,0.0,Regular Price,2.9532894736842104,2.9532894736842104,0.0
16493,780.46,824,3,2.4614545454545453,80,-4.896947794764866,No Response,0.0,Regular Price,2.4614545454545453,2.4614545454545453,0.0
16601,434.3,258,2,3.137179487179487,26,-10.362705169020142,No Response,0.0,Regular Price,3.137179487179487,3.137179487179487,0.0
14537,285.84000000000003,108,1,4.722307692307693,259,-12.17106383563522,No Response,0.0,Regular Price,4.722307692307693,4.722307692307693,0.0
13117,1658.9,1122,12,2.7704464285714288,1,-5.867653015435331,No Response,0.0,Regular Price,2.7704464285714288,2.7704464285714288,0.0
14074,219.4,228,1,0.9833333333333334,259,5.683095109278366,High Response,0.15,High Discount,0.9833333333333334,0.8358333333333333,0.14750000000000008
12477,7056.63,2466,3,3.955378787878788,35,-20.325005237246245,No Response,0.0,Regular Price,3.955378787878788,3.955378787878788,0.0
14994,946.72,568,5,2.184271523178808,18,-5.222683099700256,No Response,0.0,Regular Price,2.184271523178808,2.184271523178808,0.0
16807,1002.29,655,3,2.5369333333333333,106,-5.274691469194546,No Response,0.0,Regular Price,2.5369333333333333,2.5369333333333333,0.0
15249,2577.54,1403,5,3.534473684210526,66,-11.396426299448628,No Response,0.0,Regular Price,3.534473684210526,3.534473684210526,0.0
14253,363.4,88,2,5.895833333333333,129,-20.825092274752617,No Response,0.0,Regular Price,5.895833333333333,5.895833333333333,0.0
16833,1302.51,438,2,10.530222222222225,75,-44.81252980849881,No Response,0.0,Regular Price,10.530222222222225,10.530222222222225,0.0
15552,162.4,106,1,2.776923076923077,259,-2.85871844813233,No Response,0.0,Regular Price,2.776923076923077,2.776923076923077,0.0
15848,137.99,45,1,3.31735294117647,257,-5.51934844504162,No Response,0.0,Regular Price,3.31735294117647,3.31735294117647,0.0
13053,127.65,47,1,3.1029411764705883,257,-4.494107229750757,No Response,0.0,Regular Price,3.1029411764705883,3.1029411764705883,0.0
15289,653.3100000000001,619,2,1.6276923076923078,94,-1.1947171687545928,No Response,0.0,Regular Price,1.6276923076923078,1.6276923076923078,0.0
17827,388.84,342,1,1.6328787878787878,257,2.528577700677825,High Response,0.15,High Discount,1.6328787878787878,1.3879469696969695,0.2449318181818183
14378,131.25,57,1,3.6944444444444446,257,-7.250782679493966,No Response,0.0,Regular Price,3.6944444444444446,3.6944444444444446,0.0
14805,536.15,302,3,4.172469135802469,40,-14.553871545140243,No Response,0.0,Regular Price,4.172469135802469,4.172469135802469,0.0
16934,1152.11,539,4,3.695875,19,-13.05308767200568,No Response,0.0,Regular Price,3.695875,3.695875,0.0
16784,784.73,470,4,2.047483870967742,12,-5.036789950015685,No Response,0.0,Regular Price,2.047483870967742,2.047483870967742,0.0
12910,2721.48,1940,5,1.7306451612903226,15,-3.4666092358734115,No Response,0.0,Regular Price,1.7306451612903226,1.7306451612903226,0.0
15068,621.54,468,2,2.1252631578947367,54,-4.801993132744241,No Response,0.0,Regular Price,2.1252631578947367,2.1252631578947367,0.0
17518,329.42,267,2,2.3902597402597405,61,-5.765542509874052,No Response,0.0,Regular Price,2.3902597402597405,2.3902597402597405,0.0
14101,3985.14,3600,7,1.5385454545454549,24,-0.4557864969947358,No Response,0.0,Regular Price,1.5385454545454549,1.5385454545454549,0.0
15423,223.39,97,2,5.439166666666666,217,-16.15527893376172,No Response,0.0,Regular Price,5.439166666666666,5.439166666666666,0.0
14572,2722.34,1458,4,3.33065306122449,53,-11.291805030438535,No Response,0.0,Regular Price,3.33065306122449,3.33065306122449,0.0
15570,5105.32,2181,14,3.7964615384615374,5,-13.495684507951804,No Response,0.0,Regular Price,3.7964615384615374,3.7964615384615374,0.0
17068,4601.69,2267,27,2.473439226519337,4,-1.3968075909033963,No Response,0.0,Regular Price,2.473439226519337,2.473439226519337,0.0
13684,529.75,196,3,2.425696202531645,26,-6.931561011260339,No Response,0.0,Regular Price,2.425696202531645,2.425696202531645,0.0
14078,640.34,305,4,2.8484375,9,-8.945624985073817,No Response,0.0,Regular Price,2.8484375,2.8484375,0.0
15231,250.26,190,1,1.862142857142857,257,1.3903880001829556,High Response,0.15,High Discount,1.862142857142857,1.5828214285714286,0.2793214285714285
16666,98.73,121,1,2.219375,257,-0.1642218935964239,No Response,0.0,Regular Price,2.219375,2.219375,0.0
14583,673.33,320,3,2.737716049382716,19,-8.57243769113399,No Response,0.0,Regular Price,2.737716049382716,2.737716049382716,0.0
14809,686.76,232,2,3.875555555555556,257,-8.305732015034911,No Response,0.0,Regular Price,3.875555555555556,3.875555555555556,0.0
16549,8746.9,4793,24,2.065069188191882,33,-1.8661541003142328,No Response,0.0,Regular Price,2.065069188191882,2.065069188191882,0.0
15141,1388.47,1197,7,1.88425,93,-0.6303868140665756,No Response,0.0,Regular Price,1.88425,1.88425,0.0
13113,6357.08,1495,14,3.952941176470589,2,-17.72494892160913,No Response,0.0,Regular Price,3.952941176470589,3.952941176470589,0.0
15981,5954.29,2961,13,2.878952879581152,37,-8.646884810211187,No Response,0.0,Regular Price,2.878952879581152,2.878952879581152,0.0
16532,2007.84,528,2,3.785,67,-14.431045487131932,No Response,0.0,Regular Price,3.785,3.785,0.0
17994,1595.14,1686,7,2.6499118942731275,24,-5.398176826145939,No Response,0.0,Regular Price,2.6499118942731275,2.6499118942731275,0.0
16456,4630.16,2541,9,2.834848484848485,9,-9.290673213427924,No Response,0.0,Regular Price,2.834848484848485,2.834848484848485,0.0
16502,258.55,220,2,4.198536585365853,256,-9.15410541069578,No Response,0.0,Regular Price,4.198536585365853,4.198536585365853,0.0
17046,1264.05,1126,4,1.634126984126984,80,-0.8625715510380045,No Response,0.0,Regular Price,1.634126984126984,1.634126984126984,0.0
12496,45.34,30,2,1.927,256,1.4698754284591409,High Response,0.15,High Discount,1.927,1.63795,0.28905000000000003
16036,1797.92,653,2,4.015294117647059,60,-15.098280337275858,No Response,0.0,Regular Price,4.015294117647059,4.015294117647059,0.0
16176,2052.69,952,4,3.585,57,-12.246952751271486,No Response,0.0,Regular Price,3.585,3.585,0.0
13412,487.35,176,1,4.819117647058824,256,-12.905766649051678,No Response,0.0,Regular Price,4.819117647058824,4.819117647058824,0.0
17664,561.59,454,2,2.308648648648649,110,-4.136977039785673,No Response,0.0,Regular Price,2.308648648648649,2.308648648648649,0.0
16570,3695.91,2180,10,5.511217391304347,15,-20.435437186996197,No Response,0.0,Regular Price,5.511217391304347,5.511217391304347,0.0
16455,2535.69,2113,6,2.59816,7,-6.7122287816806665,No Response,0.0,Regular Price,2.59816,2.59816,0.0
17676,1378.16,1000,5,1.9665116279069768,2,-4.496773812557189,No Response,0.0,Regular Price,1.9665116279069768,1.9665116279069768,0.0
13051,155.8,72,2,5.3625,214,-15.8099502944795,No Response,0.0,Regular Price,5.3625,5.3625,0.0
12990,546.0,280,4,1.95,53,-3.489290865138365,No Response,0.0,Regular Price,1.95,1.95,0.0
12861,68.25,27,1,6.0,255,-18.053260049499293,No Response,0.0,Regular Price,6.0,6.0,0.0
14935,1065.12,996,1,1.1112499999999998,255,5.063853373314478,High Response,0.15,High Discount,1.1112499999999998,0.9445624999999999,0.1666875
15029,365.1,234,1,2.722,255,-2.794123089671469,No Response,0.0,Regular Price,2.722,2.722,0.0
15715,658.02,246,5,4.088421052631579,191,-9.801840159019488,No Response,0.0,Regular Price,4.088421052631579,4.088421052631579,0.0
15575,30.1,6,1,5.183333333333334,255,-14.20591951336273,No Response,0.0,Regular Price,5.183333333333334,5.183333333333334,0.0
17586,167.4,68,1,2.975,255,-3.972180276876858,No Response,0.0,Regular Price,2.975,2.975,0.0
17464,617.1800000000001,388,2,2.3673333333333333,158,-3.3888309571036306,No Response,0.0,Regular Price,2.3673333333333333,2.3673333333333333,0.0
17217,96.6,69,1,2.4833333333333334,255,-1.549718351058615,No Response,0.0,Regular Price,2.4833333333333334,2.4833333333333334,0.0
14235,1573.13,1055,4,2.283478260869565,134,-3.1571903600456457,No Response,0.0,Regular Price,2.283478260869565,2.283478260869565,0.0
15122,2853.49,1233,8,3.720344827586207,58,-12.12834341466322,No Response,0.0,Regular Price,3.720344827586207,3.720344827586207,0.0
14492,1921.91,751,7,4.3673913043478265,66,-14.7145392140928,No Response,0.0,Regular Price,4.3673913043478265,4.3673913043478265,0.0
14882,2956.9500000000003,1456,12,3.8635185185185184,26,-11.852434666546417,No Response,0.0,Regular Price,3.8635185185185184,3.8635185185185184,0.0
15742,156.87,51,1,3.540731707317073,255,-6.637092443777581,No Response,0.0,Regular Price,3.540731707317073,3.540731707317073,0.0
13856,753.53,611,8,4.46325,99,-12.255092996533786,No Response,0.0,Regular Price,4.46325,4.46325,0.0
16658,690.83,277,6,3.66171875,4,-12.265137425096334,No Response,0.0,Regular Price,3.66171875,3.66171875,0.0
13676,243.9,104,2,3.8346153846153848,175,-9.749833053124078,No Response,0.0,Regular Price,3.8346153846153848,3.8346153846153848,0.0
17602,2300.01,1764,8,1.945474860335196,108,-0.566556615159179,No Response,0.0,Regular Price,1.945474860335196,1.945474860335196,0.0
18025,1177.72,1053,6,1.9142857142857144,15,-3.099699118252847,No Response,0.0,Regular Price,1.9142857142857144,1.9142857142857144,0.0
15792,933.84,606,2,2.437017543859649,35,-7.006486394175882,No Response,0.0,Regular Price,2.437017543859649,2.437017543859649,0.0
15216,389.49,189,1,3.8277272727272726,254,-8.126435304477873,No Response,0.0,Regular Price,3.8277272727272726,3.8277272727272726,0.0
13803,1061.84,710,2,2.6931147540983607,67,-7.387743482501296,No Response,0.0,Regular Price,2.6931147540983607,2.6931147540983607,0.0
18093,2346.19,2037,4,2.0492,80,-2.8389548940676272,No Response,0.0,Regular Price,2.0492,2.0492,0.0
17889,545.05,326,5,2.8779166666666662,10,-8.479531033786037,No Response,0.0,Regular Price,2.8779166666666662,2.8779166666666662,0.0
14706,367.54,246,1,2.6276,254,-2.35869010866356,No Response,0.0,Regular Price,2.6276,2.6276,0.0
13179,572.3100000000001,368,1,2.083529411764706,254,0.085212695131998,High Response,0.15,High Discount,2.083529411764706,1.771,0.31252941176470594
15741,208.62,70,2,4.036666666666666,94,-12.80237850624444,No Response,0.0,Regular Price,4.036666666666666,4.036666666666666,0.0
16133,8403.22,4766,23,5.908349514563106,12,-20.26761597857852,No Response,0.0,Regular Price,5.908349514563106,5.908349514563106,0.0
13059,2108.37,825,9,4.386684210526316,49,-14.654946041051652,No Response,0.0,Regular Price,4.386684210526316,4.386684210526316,0.0
18056,190.95,123,1,1.9,254,1.1039648777681488,High Response,0.15,High Discount,1.9,1.615,0.2849999999999999
17531,970.12,336,2,4.315909090909091,163,-13.07386261904875,No Response,0.0,Regular Price,4.315909090909091,4.315909090909091,0.0
16845,253.88,167,1,3.443,254,-6.141507312592378,No Response,0.0,Regular Price,3.443,3.443,0.0
15796,2463.02,873,9,4.2622981366459625,10,-15.580655568766383,No Response,0.0,Regular Price,4.2622981366459625,4.2622981366459625,0.0
15454,126.89,60,1,3.1873333333333336,254,-4.940541127349154,No Response,0.0,Regular Price,3.1873333333333336,3.1873333333333336,0.0
15800,530.18,243,5,2.5830434782608696,89,-5.187932887977134,No Response,0.0,Regular Price,2.5830434782608696,2.5830434782608696,0.0
15125,5496.39,2240,9,4.550442477876107,115,-16.606416467687886,No Response,0.0,Regular Price,4.550442477876107,4.550442477876107,0.0
16847,421.4500000000001,177,1,5.634,254,-16.66208922350899,No Response,0.0,Regular Price,5.634,5.634,0.0
13219,76.23,11,1,6.930000000000001,254,-22.478912785849143,No Response,0.0,Regular Price,6.930000000000001,6.930000000000001,0.0
13464,2422.96,1037,5,3.936727272727273,30,-14.666874171113774,No Response,0.0,Regular Price,3.936727272727273,3.936727272727273,0.0
13361,1450.5,324,2,4.438235294117647,108,-15.895667416950808,No Response,0.0,Regular Price,4.438235294117647,4.438235294117647,0.0
14893,571.76,248,1,3.073636363636364,253,-4.80983079345338,No Response,0.0,Regular Price,3.073636363636364,3.073636363636364,0.0
12662,3138.24,1523,10,3.559090909090909,9,-11.79644707742922,No Response,0.0,Regular Price,3.559090909090909,3.559090909090909,0.0
15689,266.93,123,1,3.606,253,-7.038029095493322,No Response,0.0,Regular Price,3.606,3.606,0.0
16377,632.28,1428,1,0.526,253,9.313541955625569,High Response,0.15,High Discount,0.526,0.4471,0.07890000000000003
14916,1773.97,1279,4,2.274561403508772,67,-4.750949677164263,No Response,0.0,Regular Price,2.274561403508772,2.274561403508772,0.0
13582,241.68,106,2,2.862727272727273,25,-9.0777832635675,No Response,0.0,Regular Price,2.862727272727273,2.862727272727273,0.0
18241,913.9,420,4,3.1063636363636364,51,-9.29744919175542,No Response,0.0,Regular Price,3.1063636363636364,3.1063636363636364,0.0
15173,1494.6,840,7,2.7454651162790698,16,-7.529567777351636,No Response,0.0,Regular Price,2.7454651162790698,2.7454651162790698,0.0
13196,1271.06,782,3,3.212820512820513,79,-9.340642921188737,No Response,0.0,Regular Price,3.212820512820513,3.212820512820513,0.0
14200,379.2,140,1,3.9642857142857135,253,-8.869957080569481,No Response,0.0,Regular Price,3.9642857142857135,3.9642857142857135,0.0
16130,987.48,296,4,5.916727272727273,58,-22.64103829030435,No Response,0.0,Regular Price,5.916727272727273,5.916727272727273,0.0
14692,1123.59,625,8,2.9657142857142857,16,-7.982059079665278,No Response,0.0,Regular Price,2.9657142857142857,2.9657142857142857,0.0
17993,225.99,108,1,2.3315,253,-1.0302678337378937,No Response,0.0,Regular Price,2.3315,2.3315,0.0
13750,1954.92,854,6,3.613333333333333,16,-12.712334436529046,No Response,0.0,Regular Price,3.613333333333333,3.613333333333333,0.0
14049,7444.68,4672,9,3.2258147512864497,23,-11.306748487750928,No Response,0.0,Regular Price,3.2258147512864497,3.2258147512864497,0.0
16054,1327.98,411,3,10.633653846153845,54,-45.55734841915595,No Response,0.0,Regular Price,10.633653846153845,10.633653846153845,0.0
17669,2735.63,1589,3,2.3360526315789474,98,-5.614027577553947,No Response,0.0,Regular Price,2.3360526315789474,2.3360526315789474,0.0
14835,297.0,180,2,1.65,164,0.2552723744376681,High Response,0.15,High Discount,1.65,1.4024999999999999,0.24750000000000005
14694,244.31,193,1,2.7386666666666666,253,-2.802434829449916,No Response,0.0,Regular Price,2.7386666666666666,2.7386666666666666,0.0
14489,1111.55,712,3,2.322142857142857,73,-5.195207243348816,No Response,0.0,Regular Price,2.322142857142857,2.322142857142857,0.0
18173,589.52,510,1,2.902142857142857,248,-3.656690434210892,No Response,0.0,Regular Price,2.902142857142857,2.902142857142857,0.0
12997,884.02,522,4,2.5425,30,-6.9529593062498805,No Response,0.0,Regular Price,2.5425,2.5425,0.0
15215,1687.49,551,4,4.621025641025641,29,-17.995260675715326,No Response,0.0,Regular Price,4.621025641025641,4.621025641025641,0.0
15770,321.45,67,1,6.027777777777778,248,-18.70886290285924,No Response,0.0,Regular Price,6.027777777777778,6.027777777777778,0.0
14035,1366.73,666,4,2.90126582278481,42,-8.84654873698183,No Response,0.0,Regular Price,2.90126582278481,2.90126582278481,0.0
13939,992.41,761,4,2.2069230769230765,67,-4.13870833249746,No Response,0.0,Regular Price,2.2069230769230765,2.2069230769230765,0.0
13710,329.04,160,2,2.198571428571429,59,-5.126968995980917,No Response,0.0,Regular Price,2.198571428571429,2.198571428571429,0.0
16654,1110.2,421,5,4.137037037037037,4,-15.288659848459831,No Response,0.0,Regular Price,4.137037037037037,4.137037037037037,0.0
13071,129.22,30,1,4.105833333333334,248,-9.45969975898686,No Response,0.0,Regular Price,4.105833333333334,4.105833333333334,0.0
14221,3084.69,1617,8,3.4040909090909093,85,-9.586545038504156,No Response,0.0,Regular Price,3.4040909090909093,3.4040909090909093,0.0
14825,2698.17,1857,13,2.409047619047619,4,-4.021890156911046,No Response,0.0,Regular Price,2.409047619047619,2.409047619047619,0.0
14265,843.17,385,2,4.071666666666666,100,-13.255860656623447,No Response,0.0,Regular Price,4.071666666666666,4.071666666666666,0.0
13432,439.1,217,2,2.2845045045045045,207,-1.7667785534238725,No Response,0.0,Regular Price,2.2845045045045045,2.2845045045045045,0.0
13207,285.6,48,2,5.95,87,-22.115252648064768,No Response,0.0,Regular Price,5.95,5.95,0.0
17563,392.38,256,2,2.476551724137931,214,-2.331141285741565,No Response,0.0,Regular Price,2.476551724137931,2.476551724137931,0.0
15252,1362.63,908,3,2.8164864864864865,57,-7.962342206494032,No Response,0.0,Regular Price,2.8164864864864865,2.8164864864864865,0.0
13632,1526.88,602,3,3.692533333333333,30,-13.633018745656178,No Response,0.0,Regular Price,3.692533333333333,3.692533333333333,0.0
16941,33.0,12,1,2.75,247,-3.010682912691878,No Response,0.0,Regular Price,2.75,2.75,0.0
14264,1183.39,483,4,5.416612903225806,15,-21.37619781705397,No Response,0.0,Regular Price,5.416612903225806,5.416612903225806,0.0
12643,4960.18,2857,6,8.987407407407407,21,-38.8649243819473,No Response,0.0,Regular Price,8.987407407407407,8.987407407407407,0.0
15112,209.4,72,1,4.357142857142857,247,-10.714504298771088,No Response,0.0,Regular Price,4.357142857142857,4.357142857142857,0.0
13723,994.23,550,5,3.188653846153846,28,-9.78137765245802,No Response,0.0,Regular Price,3.188653846153846,3.188653846153846,0.0
15201,606.4100000000001,450,2,2.0245161290322584,75,-3.795762743653188,No Response,0.0,Regular Price,2.0245161290322584,2.0245161290322584,0.0
12821,128.07999999999998,92,1,2.327142857142857,247,-1.033311938493812,No Response,0.0,Regular Price,2.327142857142857,2.327142857142857,0.0
13640,405.0,108,1,3.75,247,-8.127075713637295,No Response,0.0,Regular Price,3.75,3.75,0.0
16454,24.05,6,2,3.025,242,-4.046208762409802,No Response,0.0,Regular Price,3.025,3.025,0.0
16369,1111.15,559,4,3.6490384615384617,72,-11.353207591743931,No Response,0.0,Regular Price,3.6490384615384617,3.6490384615384617,0.0
17497,287.25,59,2,7.192857142857143,26,-29.497873307775087,No Response,0.0,Regular Price,7.192857142857143,7.192857142857143,0.0
14758,1380.91,421,3,5.380615384615385,32,-21.59532156087073,No Response,0.0,Regular Price,5.380615384615385,5.380615384615385,0.0
13852,187.35,85,1,3.7409090909090894,246,-7.792488318756131,No Response,0.0,Regular Price,3.7409090909090894,3.7409090909090894,0.0
17553,2270.0,1240,3,2.75,108,-7.195934639489949,No Response,0.0,Regular Price,2.75,2.75,0.0
14145,3857.85,899,3,4.65,95,-19.739031805207624,No Response,0.0,Regular Price,4.65,4.65,0.0
14855,5874.65,3243,5,2.821283422459893,110,-8.833697630806533,No Response,0.0,Regular Price,2.821283422459893,2.821283422459893,0.0
16053,2122.89,1274,4,3.7104545454545454,49,-12.532979238472038,No Response,0.0,Regular Price,3.7104545454545454,3.7104545454545454,0.0
13712,537.58,776,1,3.453913043478261,246,-5.689076982270797,No Response,0.0,Regular Price,3.453913043478261,3.453913043478261,0.0
14918,4345.66,1876,7,4.187708333333333,40,-16.39869448109581,No Response,0.0,Regular Price,4.187708333333333,4.187708333333333,0.0
14813,888.91,392,4,3.2078985507246376,5,-10.977763662125382,No Response,0.0,Regular Price,3.2078985507246376,3.2078985507246376,0.0
13278,893.12,821,3,1.8993548387096773,35,-3.624186599398445,No Response,0.0,Regular Price,1.8993548387096773,1.8993548387096773,0.0
14450,645.19,281,4,3.1341666666666668,15,-10.1829831376992,No Response,0.0,Regular Price,3.1341666666666668,3.1341666666666668,0.0
14533,1516.65,2019,4,3.873333333333333,43,-10.99338355070594,No Response,0.0,Regular Price,3.873333333333333,3.873333333333333,0.0
15613,433.72,700,1,1.7103703703703703,246,2.501575924489433,High Response,0.15,High Discount,1.7103703703703703,1.4538148148148147,0.25655555555555565
17746,793.9300000000001,659,3,2.539,107,-4.903536288932231,No Response,0.0,Regular Price,2.539,2.539,0.0
17110,336.6,86,2,3.9770270270270274,156,-11.09855880453619,No Response,0.0,Regular Price,3.9770270270270274,3.9770270270270274,0.0
17805,414.72,648,1,0.64,246,7.444904093040422,High Response,0.15,High Discount,0.64,0.544,0.09599999999999997
15638,2265.2,1134,6,3.3760000000000003,14,-11.625497638191668,No Response,0.0,Regular Price,3.3760000000000003,3.3760000000000003,0.0
15062,1597.76,1109,4,2.8504901960784315,59,-7.692225176444159,No Response,0.0,Regular Price,2.8504901960784315,2.8504901960784315,0.0
13163,17.65,3,1,5.35,246,-15.20475869657956,No Response,0.0,Regular Price,5.35,5.35,0.0
15129,3412.78,2208,12,2.150081300813008,21,-3.2557160739948614,No Response,0.0,Regular Price,2.150081300813008,2.150081300813008,0.0
13197,373.0100000000001,204,1,4.588947368421053,245,-11.8679750724698,No Response,0.0,Regular Price,4.588947368421053,4.588947368421053,0.0
16040,1103.35,501,4,4.178333333333334,66,-14.087188916080112,No Response,0.0,Regular Price,4.178333333333334,4.178333333333334,0.0
18246,162.72,48,1,3.39,245,-6.205903720094597,No Response,0.0,Regular Price,3.39,3.39,0.0
16341,1878.92,1624,3,1.602469135802469,73,-1.3309983433952537,No Response,0.0,Regular Price,1.602469135802469,1.602469135802469,0.0
16944,101.36,27,1,5.897142857142858,245,-17.88586360716536,No Response,0.0,Regular Price,5.897142857142858,5.897142857142858,0.0
12786,728.5,324,1,3.1,245,-5.254052014661768,No Response,0.0,Regular Price,3.1,3.1,0.0
13080,222.65,73,3,3.6769230769230767,37,-12.233599771998971,No Response,0.0,Regular Price,3.6769230769230767,3.6769230769230767,0.0
15331,767.91,701,3,1.7877272727272726,135,-0.534640134713058,No Response,0.0,Regular Price,1.7877272727272726,1.7877272727272726,0.0
17609,782.12,602,6,1.9339473684210524,38,-2.81312132490903,No Response,0.0,Regular Price,1.9339473684210524,1.9339473684210524,0.0
16276,1818.79,1047,2,2.8435,115,-7.454394385634702,No Response,0.0,Regular Price,2.8435,2.8435,0.0
14275,1189.38,538,6,1.945217391304348,31,-3.850204694839194,No Response,0.0,Regular Price,1.945217391304348,1.945217391304348,0.0
16814,5781.4400000000005,2254,16,3.5007775377969765,5,-12.338228625393953,No Response,0.0,Regular Price,3.5007775377969765,3.5007775377969765,0.0
12481,6765.07,3949,6,4.633333333333334,1,-19.877262581494094,No Response,0.0,Regular Price,4.633333333333334,4.633333333333334,0.0
17608,296.07,299,2,1.2097087378640776,85,0.5028613438307619,High Response,0.15,High Discount,1.2097087378640776,1.028252427184466,0.18145631067961165
13180,86.10000000000001,42,1,3.7625,243,-7.886216983628277,No Response,0.0,Regular Price,3.7625,3.7625,0.0
14011,457.82,644,2,1.283125,116,1.3633403882558983,High Response,0.15,High Discount,1.283125,1.09065625,0.19246874999999997
16372,934.58,564,3,2.2035874439461884,45,-5.358347415960763,No Response,0.0,Regular Price,2.2035874439461884,2.2035874439461884,0.0
17221,642.14,426,3,2.6274193548387097,227,-2.4078870106487456,No Response,0.0,Regular Price,2.6274193548387097,2.6274193548387097,0.0
15067,2118.12,1197,2,4.630105263157895,49,-17.73888140776274,No Response,0.0,Regular Price,4.630105263157895,4.630105263157895,0.0
14430,1220.9,446,3,3.9128571428571424,147,-11.426307207188335,No Response,0.0,Regular Price,3.9128571428571424,3.9128571428571424,0.0
12935,2083.16,1348,8,3.1868000000000003,11,-9.340677521926697,No Response,0.0,Regular Price,3.1868000000000003,3.1868000000000003,0.0
15524,151.4,24,1,10.275,242,-38.55506222896078,No Response,0.0,Regular Price,10.275,10.275,0.0
15590,1496.6,832,5,2.528275862068966,18,-7.236812216047318,No Response,0.0,Regular Price,2.528275862068966,2.528275862068966,0.0
14791,303.63,127,1,3.4626315789473687,242,-6.705032832779561,No Response,0.0,Regular Price,3.4626315789473687,3.4626315789473687,0.0
14114,977.56,549,5,3.1098305084745763,31,-9.308663002796717,No Response,0.0,Regular Price,3.1098305084745763,3.1098305084745763,0.0
14930,2873.77,1033,3,5.174635761589404,106,-20.010961857532426,No Response,0.0,Regular Price,5.174635761589404,5.174635761589404,0.0
15546,1079.1,198,2,5.45,242,-16.787579609482773,No Response,0.0,Regular Price,5.45,5.45,0.0
14844,3512.62,2536,6,2.712721088435374,66,-6.525434313998227,No Response,0.0,Regular Price,2.712721088435374,2.712721088435374,0.0
12982,2354.27,1441,7,3.0938,30,-9.062405420779603,No Response,0.0,Regular Price,3.0938,3.0938,0.0
12671,2622.481,1460,1,2.7264666666666666,242,-4.530337720818285,No Response,0.0,Regular Price,2.7264666666666666,2.7264666666666666,0.0
14853,901.07,263,3,5.795,59,-22.34388311130177,No Response,0.0,Regular Price,5.795,5.795,0.0
12943,496.5,222,2,5.11,194,-15.421853555347866,No Response,0.0,Regular Price,5.11,5.11,0.0
15268,961.9,428,3,3.859090909090909,114,-11.633126177304172,No Response,0.0,Regular Price,3.859090909090909,3.859090909090909,0.0
15639,639.76,526,2,2.323636363636364,87,-4.793497134792411,No Response,0.0,Regular Price,2.323636363636364,2.323636363636364,0.0
12459,454.36,258,1,4.148695652173913,241,-9.94044952863936,No Response,0.0,Regular Price,4.148695652173913,4.148695652173913,0.0
16809,812.74,441,4,2.088636363636364,68,-3.881372274117964,No Response,0.0,Regular Price,2.088636363636364,2.088636363636364,0.0
15982,324.51,131,1,3.4331111111111112,241,-6.6197115605548325,No Response,0.0,Regular Price,3.4331111111111112,3.4331111111111112,0.0
14998,338.31,94,2,4.913333333333334,64,-17.8548039869855,No Response,0.0,Regular Price,4.913333333333334,4.913333333333334,0.0
17505,1289.64,686,3,3.5444,186,-8.338241279456732,No Response,0.0,Regular Price,3.5444,3.5444,0.0
16259,340.94,143,3,2.868235294117647,46,-8.274198164026384,No Response,0.0,Regular Price,2.868235294117647,2.868235294117647,0.0
15890,535.65,119,5,12.553,30,-53.65795065452691,No Response,0.0,Regular Price,12.553,12.553,0.0
17594,1504.7,818,2,2.4222222222222225,85,-6.180620533109055,No Response,0.0,Regular Price,2.4222222222222225,2.4222222222222225,0.0
14624,588.22,483,4,2.445,51,-5.535124754172858,No Response,0.0,Regular Price,2.445,2.445,0.0
17039,1954.99,689,1,3.930454545454545,240,-10.606891409322976,No Response,0.0,Regular Price,3.930454545454545,3.930454545454545,0.0
16105,2049.23,1795,4,1.841958762886598,74,-1.999426210847892,No Response,0.0,Regular Price,1.841958762886598,1.841958762886598,0.0
16292,951.51,497,4,5.3020000000000005,16,-20.39999196844131,No Response,0.0,Regular Price,5.3020000000000005,5.3020000000000005,0.0
13878,1145.33,464,3,4.373731343283582,183,-12.49087986330722,No Response,0.0,Regular Price,4.373731343283582,4.373731343283582,0.0
15572,1431.78,876,3,3.363435114503817,16,-11.763656280124684,No Response,0.0,Regular Price,3.363435114503817,3.363435114503817,0.0
13388,508.55,419,1,3.714705882352941,239,-7.737229890234419,No Response,0.0,Regular Price,3.714705882352941,3.714705882352941,0.0
14569,369.94,178,3,2.316818181818182,88,-4.583740320259157,No Response,0.0,Regular Price,2.316818181818182,2.316818181818182,0.0
14656,498.95,189,3,3.145826771653544,51,-9.61850170035349,No Response,0.0,Regular Price,3.145826771653544,3.145826771653544,0.0
18174,58.5,30,1,1.95,239,0.5210403068052734,High Response,0.15,High Discount,1.95,1.6575,0.2925
13647,1393.56,908,4,3.2481967213114755,130,-7.765284044043582,No Response,0.0,Regular Price,3.2481967213114755,3.2481967213114755,0.0
18236,913.11,293,6,4.751428571428571,24,-17.18940603166397,No Response,0.0,Regular Price,4.751428571428571,4.751428571428571,0.0
17678,301.65,161,1,4.245833333333333,239,-10.381268421373406,No Response,0.0,Regular Price,4.245833333333333,4.245833333333333,0.0
15814,689.11,457,2,2.9796153846153848,29,-9.584868500358018,No Response,0.0,Regular Price,2.9796153846153848,2.9796153846153848,0.0
17709,533.56,278,4,4.566363636363636,106,-14.351905423520858,No Response,0.0,Regular Price,4.566363636363636,4.566363636363636,0.0
13661,325.24,118,1,4.0452941176470585,239,-9.564977187496412,No Response,0.0,Regular Price,4.0452941176470585,4.0452941176470585,0.0
16174,1237.2,780,4,1.7476190476190474,127,-0.8038049496360573,No Response,0.0,Regular Price,1.7476190476190474,1.7476190476190474,0.0
15354,284.4,3,3,94.8,239,-433.9829567548047,No Response,0.0,Regular Price,94.8,94.8,0.0
13015,3240.14,1918,6,5.026127167630058,74,-17.899233888555074,No Response,0.0,Regular Price,5.026127167630058,5.026127167630058,0.0
13414,1103.64,1128,3,2.148387096774193,99,-2.886098994660961,No Response,0.0,Regular Price,2.148387096774193,2.148387096774193,0.0
13450,2076.32,2336,7,1.465,10,0.2496837538802383,High Response,0.15,High Discount,1.465,1.24525,0.2197500000000001
13734,6695.6900000000005,302,4,7.573333333333334,144,-37.66936253125672,No Response,0.0,Regular Price,7.573333333333334,7.573333333333334,0.0
18262,428.06,370,2,1.7810344827586206,29,-3.7058495479943305,No Response,0.0,Regular Price,1.7810344827586206,1.7810344827586206,0.0
12778,953.45,910,3,2.6121875,32,-6.967799921652021,No Response,0.0,Regular Price,2.6121875,2.6121875,0.0
12395,2048.64,1615,4,2.965816326530612,7,-9.347686790200628,No Response,0.0,Regular Price,2.965816326530612,2.965816326530612,0.0
12969,122.45,55,1,4.59,238,-11.926408425189551,No Response,0.0,Regular Price,4.59,4.59,0.0
15979,329.22,450,1,1.2840909090909092,238,3.9788680867283737,High Response,0.15,High Discount,1.2840909090909092,1.0914772727272728,0.19261363636363638
17626,254.0,202,1,1.8783333333333327,238,0.8392943473604255,High Response,0.15,High Discount,1.8783333333333327,1.5965833333333328,0.28174999999999994
14988,1704.11,1119,6,2.115846153846154,16,-4.76647773708704,No Response,0.0,Regular Price,2.115846153846154,2.115846153846154,0.0
14907,2664.69,1126,10,3.7597709923664127,3,-12.874292710954064,No Response,0.0,Regular Price,3.7597709923664127,3.7597709923664127,0.0
16094,2617.33,1373,7,4.650676691729323,11,-17.416317735700584,No Response,0.0,Regular Price,4.650676691729323,4.650676691729323,0.0
17842,430.69,89,1,5.782777777777778,238,-17.959872185105876,No Response,0.0,Regular Price,5.782777777777778,5.782777777777778,0.0
14623,1130.28,607,5,2.7992617449664428,16,-8.384650978473516,No Response,0.0,Regular Price,2.7992617449664428,2.7992617449664428,0.0
13262,373.16,122,2,4.075641025641025,25,-14.946029978023322,No Response,0.0,Regular Price,4.075641025641025,4.075641025641025,0.0
17346,2509.84,1906,12,2.1383014861995755,9,-2.594034387766266,No Response,0.0,Regular Price,2.1383014861995755,2.1383014861995755,0.0
14395,4630.7,2357,12,2.9882532751091704,8,-9.2574983795115,No Response,0.0,Regular Price,2.9882532751091704,2.9882532751091704,0.0
17256,258.93,158,3,1.879333333333333,117,-1.637341404997677,No Response,0.0,Regular Price,1.879333333333333,1.879333333333333,0.0
15972,1769.33,468,5,5.210863309352519,92,-19.043998419373608,No Response,0.0,Regular Price,5.210863309352519,5.210863309352519,0.0
17041,583.71,376,3,2.455964912280702,33,-6.63201284488481,No Response,0.0,Regular Price,2.455964912280702,2.455964912280702,0.0
16921,255.03,121,2,4.675454545454545,78,-16.186761858869666,No Response,0.0,Regular Price,4.675454545454545,4.675454545454545,0.0
13286,734.91,274,1,4.138979591836735,236,-10.46084355030381,No Response,0.0,Regular Price,4.138979591836735,4.138979591836735,0.0
14506,1256.6,338,3,3.998783783783784,5,-15.7778255902397,No Response,0.0,Regular Price,3.998783783783784,3.998783783783784,0.0
15410,1234.88,702,2,2.89925,204,-5.106781025366525,No Response,0.0,Regular Price,2.89925,2.89925,0.0
17540,1011.7,394,4,2.8217948717948715,19,-9.007474567226565,No Response,0.0,Regular Price,2.8217948717948715,2.8217948717948715,0.0
14845,150.0,600,1,0.25,235,9.334055564212209,High Response,0.15,High Discount,0.25,0.2125,0.037500000000000006
17474,1047.0,200,1,6.008333333333333,235,-19.905041636785956,No Response,0.0,Regular Price,6.008333333333333,6.008333333333333,0.0
13145,805.0,121,4,76.9375,8,-356.5752522018588,No Response,0.0,Regular Price,76.9375,76.9375,0.0
15273,228.96,216,1,1.06,235,4.662874875091993,High Response,0.15,High Discount,1.06,0.901,0.15900000000000003
13115,3199.92,2367,6,2.5144845360824744,15,-6.726101598152875,No Response,0.0,Regular Price,2.5144845360824744,2.5144845360824744,0.0
15451,226.86,76,2,3.072666666666667,70,-8.928459014140008,No Response,0.0,Regular Price,3.072666666666667,3.072666666666667,0.0
18095,1723.04,1204,3,2.1555555555555554,63,-4.736842639342892,No Response,0.0,Regular Price,2.1555555555555554,2.1555555555555554,0.0
12516,1336.56,1077,2,1.9652083333333328,66,-3.7492349715865623,No Response,0.0,Regular Price,1.9652083333333328,1.9652083333333328,0.0
14372,860.08,378,2,4.201842105263157,79,-14.451459433210877,No Response,0.0,Regular Price,4.201842105263157,4.201842105263157,0.0
16548,30.15,6,1,5.025,235,-13.98277457989244,No Response,0.0,Regular Price,5.025,5.025,0.0
12780,337.4,285,1,3.037,234,-4.668246791679332,No Response,0.0,Regular Price,3.037,3.037,0.0
14926,359.4,204,2,3.216666666666667,17,-10.948332816124616,No Response,0.0,Regular Price,3.216666666666667,3.216666666666667,0.0
14611,604.3299999999999,582,2,2.1657894736842103,79,-4.093723886377068,No Response,0.0,Regular Price,2.1657894736842103,2.1657894736842103,0.0
15970,703.22,382,1,3.153076923076924,234,-5.632836325335842,No Response,0.0,Regular Price,3.153076923076924,3.153076923076924,0.0
16864,409.25,283,2,2.235294117647059,70,-4.908498556055678,No Response,0.0,Regular Price,2.235294117647059,2.235294117647059,0.0
14812,178.85,135,1,2.013055555555556,234,0.0997126059842141,High Response,0.15,High Discount,2.013055555555556,1.7110972222222225,0.30195833333333333
12983,490.08,638,1,1.0796666666666668,234,4.929914956826801,High Response,0.15,High Discount,1.0796666666666668,0.9177166666666667,0.16195000000000004
17622,1130.21,379,2,4.117894736842105,233,-10.51572775245197,No Response,0.0,Regular Price,4.117894736842105,4.117894736842105,0.0
17185,229.46,119,3,1.9956818181818183,227,0.6415932282647132,High Response,0.15,High Discount,1.9956818181818183,1.6963295454545455,0.29935227272727283
15886,871.78,520,3,3.4234,52,-10.87042124613718,No Response,0.0,Regular Price,3.4234,3.4234,0.0
18062,912.15,435,3,2.9277777777777776,22,-9.559195428990204,No Response,0.0,Regular Price,2.9277777777777776,2.9277777777777776,0.0
16256,876.9399999999999,1009,2,5.403125,129,-17.583407190286977,No Response,0.0,Regular Price,5.403125,5.403125,0.0
16472,789.6,252,2,7.023333333333334,70,-28.02564992100339,No Response,0.0,Regular Price,7.023333333333334,7.023333333333334,0.0
16231,1074.47,563,4,2.226,15,-6.097069290709836,No Response,0.0,Regular Price,2.226,2.226,0.0
12588,743.88,385,3,6.514444444444444,35,-25.836108787297167,No Response,0.0,Regular Price,6.514444444444444,6.514444444444444,0.0
15455,38.25,3,1,12.75,233,-50.23142806544547,No Response,0.0,Regular Price,12.75,12.75,0.0
13461,2715.0,1962,3,1.999428571428572,43,-4.703561154615638,No Response,0.0,Regular Price,1.999428571428572,1.999428571428572,0.0
13963,2347.33,1601,14,3.622043795620438,3,-9.262783289820574,No Response,0.0,Regular Price,3.622043795620438,3.622043795620438,0.0
13308,284.86,230,1,2.5647058823529414,232,-2.5275892129792505,No Response,0.0,Regular Price,2.5647058823529414,2.5647058823529414,0.0
14917,1123.75,891,2,2.2327586206896552,232,-0.7074529550926769,No Response,0.0,Regular Price,2.2327586206896552,2.2327586206896552,0.0
12504,297.0,368,2,4.054545454545455,53,-13.516691842513136,No Response,0.0,Regular Price,4.054545454545455,4.054545454545455,0.0
13625,301.26,144,1,5.414761904761905,232,-16.06934504249863,No Response,0.0,Regular Price,5.414761904761905,5.414761904761905,0.0
12625,2481.06,1697,2,2.43,145,-4.580697680868587,No Response,0.0,Regular Price,2.43,2.43,0.0
13346,299.4,180,6,1.8916666666666664,98,-1.0761423411047426,No Response,0.0,Regular Price,1.8916666666666664,1.8916666666666664,0.0
16743,1999.02,1672,7,1.470220994475138,92,1.1885417162985217,High Response,0.15,High Discount,1.470220994475138,1.2496878453038673,0.22053314917127076
15651,612.76,392,2,1.9707142857142856,56,-4.159455320796289,No Response,0.0,Regular Price,1.9707142857142856,1.9707142857142856,0.0
16279,4195.5,2637,6,2.662479338842976,21,-8.39771831351981,No Response,0.0,Regular Price,2.662479338842976,2.662479338842976,0.0
14655,1946.28,1252,3,3.077962962962963,24,-10.345924776952456,No Response,0.0,Regular Price,3.077962962962963,3.077962962962963,0.0
17729,438.65,247,1,3.067391304347826,232,-5.10494186801537,No Response,0.0,Regular Price,3.067391304347826,3.067391304347826,0.0
14182,678.77,174,4,4.9318,79,-17.20702070136666,No Response,0.0,Regular Price,4.9318,4.9318,0.0
17240,130.6,108,1,1.6214285714285714,232,1.9098592183119425,High Response,0.15,High Discount,1.6214285714285714,1.3782142857142856,0.24321428571428583
14788,476.88,298,1,2.981785714285714,232,-4.668618535745256,No Response,0.0,Regular Price,2.981785714285714,2.981785714285714,0.0
17057,294.74,129,1,2.9414,232,-4.504454573182255,No Response,0.0,Regular Price,2.9414,2.9414,0.0
12672,211.15,60,1,5.141666666666667,231,-14.82941926656289,No Response,0.0,Regular Price,5.141666666666667,5.141666666666667,0.0
15474,150.35,55,1,3.940526315789474,231,-9.112691499916654,No Response,0.0,Regular Price,3.940526315789474,3.940526315789474,0.0
17181,225.45,243,2,8.9,9,-37.47270314966641,No Response,0.0,Regular Price,8.9,8.9,0.0
16028,82.2,18,1,5.3,231,-15.437701006696685,No Response,0.0,Regular Price,5.3,5.3,0.0
15548,158.09,64,1,3.245217391304348,231,-5.851845623397207,No Response,0.0,Regular Price,3.245217391304348,3.245217391304348,0.0
13656,699.2,372,2,2.892368421052632,135,-6.611422150231088,No Response,0.0,Regular Price,2.892368421052632,2.892368421052632,0.0
15042,179.52,208,1,0.74,231,6.1246594686835,High Response,0.15,High Discount,0.74,0.629,0.11099999999999999
15245,2095.0,1237,5,1.847627118644068,38,-3.740863549590146,No Response,0.0,Regular Price,1.847627118644068,1.847627118644068,0.0
16538,395.07,254,3,1.9609756097560973,177,-0.505121594549947,No Response,0.0,Regular Price,1.9609756097560973,1.9609756097560973,0.0
16868,384.56,112,3,4.3806,30,-15.904400324988355,No Response,0.0,Regular Price,4.3806,4.3806,0.0
15600,1199.31,657,4,3.564647887323944,64,-11.121733062707069,No Response,0.0,Regular Price,3.564647887323944,3.564647887323944,0.0
12844,322.64,98,2,4.004117647058823,78,-13.200118007921423,No Response,0.0,Regular Price,4.004117647058823,4.004117647058823,0.0
16068,115.73,48,1,2.584,229,-2.767596982436534,No Response,0.0,Regular Price,2.584,2.584,0.0
13863,933.77,329,3,5.1068,101,-17.958767341925757,No Response,0.0,Regular Price,5.1068,5.1068,0.0
13760,1076.85,426,3,3.360806451612904,40,-11.412591915151946,No Response,0.0,Regular Price,3.360806451612904,3.360806451612904,0.0
18091,360.85,539,1,1.678,229,2.0211631777043326,High Response,0.15,High Discount,1.678,1.4263,0.25170000000000003
13609,167.35,19,1,13.19285714285714,229,-52.593057023600245,No Response,0.0,Regular Price,13.19285714285714,13.19285714285714,0.0
14677,184.91,139,1,2.37,228,-1.7297246526573264,No Response,0.0,Regular Price,2.37,2.37,0.0
12838,2694.75,1479,9,2.4155593220338982,9,-6.166370367157135,No Response,0.0,Regular Price,2.4155593220338982,2.4155593220338982,0.0
17093,235.88,114,1,3.053076923076923,228,-5.0621961659811605,No Response,0.0,Regular Price,3.053076923076923,3.053076923076923,0.0
14743,50.48,40,1,1.3299999999999998,228,3.172351861524314,High Response,0.15,High Discount,1.3299999999999998,1.1304999999999998,0.1995
14773,140.55,53,1,5.0,228,-14.139688734857955,No Response,0.0,Regular Price,5.0,5.0,0.0
12925,35.28,108,1,0.378,228,7.788205511945407,High Response,0.15,High Discount,0.378,0.3213,0.05670000000000003
15717,456.7000000000001,154,4,3.767647058823529,57,-11.994072975263924,No Response,0.0,Regular Price,3.767647058823529,3.767647058823529,0.0
14999,129.48000000000002,88,1,3.2355555555555555,228,-5.790030765503948,No Response,0.0,Regular Price,3.2355555555555555,3.2355555555555555,0.0
14665,913.95,404,2,2.769047619047619,63,-8.19528056837827,No Response,0.0,Regular Price,2.769047619047619,2.769047619047619,0.0
14021,1084.68,686,4,3.6044117647058815,10,-12.459951870472375,No Response,0.0,Regular Price,3.6044117647058815,3.6044117647058815,0.0
17715,163.2,192,1,0.85,228,5.527866041570185,High Response,0.15,High Discount,0.85,0.7224999999999999,0.12750000000000006
15384,1385.38,1171,2,2.057922077922078,17,-5.351861450065185,No Response,0.0,Regular Price,2.057922077922078,2.057922077922078,0.0
14563,640.54,279,2,4.323207547169811,145,-13.136151674327294,No Response,0.0,Regular Price,4.323207547169811,4.323207547169811,0.0
15111,1163.39,454,3,4.254626865671642,8,-16.517513432857797,No Response,0.0,Regular Price,4.254626865671642,4.254626865671642,0.0
13307,258.34,136,2,3.1992857142857143,123,-8.083857646001514,No Response,0.0,Regular Price,3.1992857142857143,3.1992857142857143,0.0
14552,343.71,168,2,2.1322680412371136,16,-5.9396423257537725,No Response,0.0,Regular Price,2.1322680412371136,2.1322680412371136,0.0
16623,885.79,403,3,3.3108695652173914,37,-10.982844527309195,No Response,0.0,Regular Price,3.3108695652173914,3.3108695652173914,0.0
17959,140.75,49,1,21.025,228,-89.19562039347845,No Response,0.0,Regular Price,21.025,21.025,0.0
13012,1310.99,739,3,2.847230769230769,65,-8.141407406393219,No Response,0.0,Regular Price,2.847230769230769,2.847230769230769,0.0
13655,1347.54,620,4,3.3944444444444444,10,-12.042850272482514,No Response,0.0,Regular Price,3.3944444444444444,3.3944444444444444,0.0
13064,561.25,154,2,8.542,186,-31.94183711522945,No Response,0.0,Regular Price,8.542,8.542,0.0
16088,1437.43,373,2,4.359999999999999,211,-12.74316602959148,No Response,0.0,Regular Price,4.359999999999999,4.359999999999999,0.0
16543,292.21,317,1,1.3544444444444443,227,3.167532440769296,High Response,0.15,High Discount,1.3544444444444443,1.1512777777777776,0.20316666666666672
16117,422.19,191,2,2.5176271186440675,38,-7.260300738241641,No Response,0.0,Regular Price,2.5176271186440675,2.5176271186440675,0.0
15402,1203.77,1340,4,3.224269662921348,23,-9.270248456616606,No Response,0.0,Regular Price,3.224269662921348,3.224269662921348,0.0
17991,206.95,68,1,4.450909090909091,227,-11.67559318645824,No Response,0.0,Regular Price,4.450909090909091,4.450909090909091,0.0
16354,723.66,442,3,2.5883168316831684,15,-7.823192479208342,No Response,0.0,Regular Price,2.5883168316831684,2.5883168316831684,0.0
12849,2032.18,1258,4,3.931770833333333,17,-14.278642706035592,No Response,0.0,Regular Price,3.931770833333333,3.931770833333333,0.0
12392,234.75000000000003,73,1,5.035714285714286,227,-14.450936680561233,No Response,0.0,Regular Price,5.035714285714286,5.035714285714286,0.0
16408,231.93,227,1,1.4766666666666668,227,2.5206726736006795,High Response,0.15,High Discount,1.4766666666666668,1.2551666666666668,0.22150000000000003
16267,186.66,198,1,1.2457142857142858,227,3.621328235618231,High Response,0.15,High Discount,1.2457142857142858,1.058857142857143,0.18685714285714283
12744,4037.77,1753,4,3.183846153846153,95,-11.134236122551687,No Response,0.0,Regular Price,3.183846153846153,3.183846153846153,0.0
16138,910.35,774,3,4.008108108108108,14,-14.16407316215048,No Response,0.0,Regular Price,4.008108108108108,4.008108108108108,0.0
14237,471.14,238,2,4.460769230769231,9,-17.102082233384508,No Response,0.0,Regular Price,4.460769230769231,4.460769230769231,0.0
14978,1190.82,213,5,7.222499999999999,66,-28.67030602794434,No Response,0.0,Regular Price,7.222499999999999,7.222499999999999,0.0
17635,1265.58,770,3,2.7762162162162163,60,-7.802500678214241,No Response,0.0,Regular Price,2.7762162162162163,2.7762162162162163,0.0
17491,2422.2000000000003,1617,8,2.218767123287672,3,-5.056625462057744,No Response,0.0,Regular Price,2.218767123287672,2.218767123287672,0.0
13539,938.02,390,4,3.977551020408163,56,-13.346288163574709,No Response,0.0,Regular Price,3.977551020408163,3.977551020408163,0.0
13775,1049.66,455,1,3.125079365079365,226,-6.144362164371369,No Response,0.0,Regular Price,3.125079365079365,3.125079365079365,0.0
18273,153.0,60,1,2.55,226,-2.724884876354918,No Response,0.0,Regular Price,2.55,2.55,0.0
18049,500.92,402,2,2.242758620689655,73,-4.7871834879555335,No Response,0.0,Regular Price,2.242758620689655,2.242758620689655,0.0
14724,341.9,184,1,2.5709756097560974,226,-2.896862775359934,No Response,0.0,Regular Price,2.5709756097560974,2.5709756097560974,0.0
12876,1863.77,1106,2,2.785058823529412,30,-9.343649958909992,No Response,0.0,Regular Price,2.785058823529412,2.785058823529412,0.0
16384,774.4499999999999,601,2,1.9577083333333327,65,-3.7285470077854,No Response,0.0,Regular Price,1.9577083333333327,1.9577083333333327,0.0
12717,277.93,94,1,5.961875,226,-18.845350760773588,No Response,0.0,Regular Price,5.961875,5.961875,0.0
17605,160.75,71,1,2.2115384615384617,226,-1.131346448986828,No Response,0.0,Regular Price,2.2115384615384617,2.2115384615384617,0.0
14389,854.55,659,3,1.9664285714285712,60,-3.541028155098096,No Response,0.0,Regular Price,1.9664285714285712,1.9664285714285712,0.0
16648,382.14,222,2,2.538333333333333,91,-5.856873943496405,No Response,0.0,Regular Price,2.538333333333333,2.538333333333333,0.0
15445,171.0,60,1,4.577777777777778,226,-12.251305802289592,No Response,0.0,Regular Price,4.577777777777778,4.577777777777778,0.0
15101,1160.41,435,4,4.4618,151,-13.43537780559053,No Response,0.0,Regular Price,4.4618,4.4618,0.0
13238,305.9,144,2,2.734375,66,-7.447373916562231,No Response,0.0,Regular Price,2.734375,2.734375,0.0
12698,339.75,111,1,5.1,226,-14.879002494693864,No Response,0.0,Regular Price,5.1,5.1,0.0
16767,2481.2,2679,4,1.1733,54,1.6119889702508967,High Response,0.15,High Discount,1.1733,0.997305,0.175995
13041,799.13,335,4,3.824857142857143,86,-11.72926818459735,No Response,0.0,Regular Price,3.824857142857143,3.824857142857143,0.0
17886,703.27,242,3,4.8009375,73,-17.036984414840493,No Response,0.0,Regular Price,4.8009375,4.8009375,0.0
17730,2475.32,1724,7,1.811770833333333,18,-3.021111371666475,No Response,0.0,Regular Price,1.811770833333333,1.811770833333333,0.0
18111,405.85,232,1,4.8351851851851855,225,-13.53972276450202,No Response,0.0,Regular Price,4.8351851851851855,4.8351851851851855,0.0
12349,2671.14,993,3,8.581764705882353,43,-37.33982955964991,No Response,0.0,Regular Price,8.581764705882353,8.581764705882353,0.0
17771,141.6,86,2,3.746,72,-11.86848254593304,No Response,0.0,Regular Price,3.746,3.746,0.0
15954,190.75,119,1,1.7,225,1.2816617015659897,High Response,0.15,High Discount,1.7,1.4449999999999998,0.2550000000000001
16332,417.21,331,4,3.118913043478261,67,-8.287031457056086,No Response,0.0,Regular Price,3.118913043478261,3.118913043478261,0.0
12863,2271.35,707,5,4.142325581395349,15,-16.40715066484612,No Response,0.0,Regular Price,4.142325581395349,4.142325581395349,0.0
16607,2359.16,1577,11,2.6817460317460315,35,-5.232310895199601,No Response,0.0,Regular Price,2.6817460317460315,2.6817460317460315,0.0
15180,816.9300000000001,654,3,2.1601923076923075,3,-5.8725762723826325,No Response,0.0,Regular Price,2.1601923076923075,2.1601923076923075,0.0
18141,882.47,433,2,2.971190476190476,37,-9.706899886379546,No Response,0.0,Regular Price,2.971190476190476,2.971190476190476,0.0
12377,1798.2,1161,2,2.762266666666667,17,-9.35765710803417,No Response,0.0,Regular Price,2.762266666666667,2.762266666666667,0.0
17463,659.4,394,2,2.693611111111111,196,-3.9908073623246754,No Response,0.0,Regular Price,2.693611111111111,2.693611111111111,0.0
15709,194.6,48,1,5.248095238095238,225,-15.479071457249873,No Response,0.0,Regular Price,5.248095238095238,5.248095238095238,0.0
16827,392.13,125,5,6.29,29,-24.10238309059547,No Response,0.0,Regular Price,6.29,6.29,0.0
12915,811.1,359,3,5.038627450980392,8,-19.78679676860338,No Response,0.0,Regular Price,5.038627450980392,5.038627450980392,0.0
17021,1182.22,992,6,2.906041666666667,78,-6.237743017913165,No Response,0.0,Regular Price,2.906041666666667,2.906041666666667,0.0
14650,62.5,22,1,6.85,224,-22.83741737975046,No Response,0.0,Regular Price,6.85,6.85,0.0
12806,2878.96,2087,4,6.652985074626866,71,-25.42296758270669,No Response,0.0,Regular Price,6.652985074626866,6.652985074626866,0.0
17005,622.36,691,2,1.7838888888888889,106,-1.423759486588164,No Response,0.0,Regular Price,1.7838888888888889,1.7838888888888889,0.0
15818,340.5,284,1,1.833636363636364,224,0.7010663938845001,High Response,0.15,High Discount,1.833636363636364,1.5585909090909094,0.2750454545454546
14201,446.1,216,3,3.327777777777777,45,-10.485567594365444,No Response,0.0,Regular Price,3.327777777777777,3.327777777777777,0.0
16374,1256.67,534,3,3.227805907172996,38,-10.931266407675931,No Response,0.0,Regular Price,3.227805907172996,3.227805907172996,0.0
12374,2246.29,1020,3,2.9894,57,-10.026724652168069,No Response,0.0,Regular Price,2.9894,2.9894,0.0
14683,146.56,386,1,1.1690476190476191,224,4.334795610674499,High Response,0.15,High Discount,1.1690476190476191,0.9936904761904762,0.17535714285714288
15253,1136.89,722,3,2.5642857142857145,39,-7.233054421154687,No Response,0.0,Regular Price,2.5642857142857145,2.5642857142857145,0.0
15418,449.42,264,2,2.1467647058823527,61,-4.830974421681877,No Response,0.0,Regular Price,2.1467647058823527,2.1467647058823527,0.0
16651,136.2,60,1,2.9333333333333336,222,-4.595765130679002,No Response,0.0,Regular Price,2.9333333333333336,2.9333333333333336,0.0
17565,131.83,67,1,2.8463333333333334,222,-4.167444740460678,No Response,0.0,Regular Price,2.8463333333333334,2.8463333333333334,0.0
15373,1002.93,268,6,5.274264705882352,7,-20.27670287566583,No Response,0.0,Regular Price,5.274264705882352,5.274264705882352,0.0
15229,160.5,114,1,1.6055555555555556,222,1.6869024854598818,High Response,0.15,High Discount,1.6055555555555556,1.3647222222222222,0.24083333333333345
15426,1134.85,534,5,2.455782608695652,5,-7.210610542785764,No Response,0.0,Regular Price,2.455782608695652,2.455782608695652,0.0
13465,931.12,584,2,2.315588235294118,82,-5.258090918377382,No Response,0.0,Regular Price,2.315588235294118,2.315588235294118,0.0
17555,565.43,391,3,1.8649056603773584,61,-3.078790636689247,No Response,0.0,Regular Price,1.8649056603773584,1.8649056603773584,0.0
12507,539.25,362,1,3.539285714285714,220,-7.56998889744838,No Response,0.0,Regular Price,3.539285714285714,3.539285714285714,0.0
16317,850.86,346,2,4.728958333333334,186,-14.194096396576985,No Response,0.0,Regular Price,4.728958333333334,4.728958333333334,0.0
15183,639.93,297,3,3.783157894736842,183,-9.207625297480837,No Response,0.0,Regular Price,3.783157894736842,3.783157894736842,0.0
13143,405.1,198,1,2.7282608695652173,220,-3.867028414814736,No Response,0.0,Regular Price,2.7282608695652173,2.7282608695652173,0.0
16145,3005.9500000000003,2147,8,3.4405232558139534,24,-10.176721098735928,No Response,0.0,Regular Price,3.4405232558139534,3.4405232558139534,0.0
12725,2266.76,1142,4,5.955943396226416,7,-24.633590412587253,No Response,0.0,Regular Price,5.955943396226416,5.955943396226416,0.0
12503,1126.0,561,1,115.8,220,-533.8970241890098,No Response,0.0,Regular Price,115.8,115.8,0.0
18163,728.84,452,1,3.770606060606061,220,-8.794271753585676,No Response,0.0,Regular Price,3.770606060606061,3.770606060606061,0.0
14962,240.21000000000004,79,3,4.321111111111112,175,-11.691949019176022,No Response,0.0,Regular Price,4.321111111111112,4.321111111111112,0.0
15391,289.87,109,1,6.4925,220,-21.47658331470541,No Response,0.0,Regular Price,6.4925,6.4925,0.0
16526,426.85,173,1,5.6530000000000005,220,-17.648905568083624,No Response,0.0,Regular Price,5.6530000000000005,5.6530000000000005,0.0
15396,508.2000000000001,156,1,3.35,219,-7.058048920104903,No Response,0.0,Regular Price,3.35,3.35,0.0
16135,301.9,186,1,3.522222222222222,219,-7.46257941516413,No Response,0.0,Regular Price,3.522222222222222,3.522222222222222,0.0
14025,4057.9,1914,8,4.155656565656566,100,-13.761822721363242,No Response,0.0,Regular Price,4.155656565656566,4.155656565656566,0.0
17759,441.92,268,2,2.506744186046512,29,-7.325789204281685,No Response,0.0,Regular Price,2.506744186046512,2.506744186046512,0.0
14437,873.34,420,5,3.3011904761904765,1,-11.05930134642168,No Response,0.0,Regular Price,3.3011904761904765,3.3011904761904765,0.0
14936,4273.79,2189,4,4.305766871165645,26,-17.722346124529608,No Response,0.0,Regular Price,4.305766871165645,4.305766871165645,0.0
15488,340.6,178,4,2.1533333333333333,92,-3.286911264455602,No Response,0.0,Regular Price,2.1533333333333333,2.1533333333333333,0.0
13512,462.18,276,3,2.4858333333333333,23,-7.0228866446372455,No Response,0.0,Regular Price,2.4858333333333333,2.4858333333333333,0.0
18028,192.05,133,1,2.75,219,-3.766109283247743,No Response,0.0,Regular Price,2.75,2.75,0.0
15868,94.53,57,1,2.5175,219,-2.662491524149376,No Response,0.0,Regular Price,2.5175,2.5175,0.0
15097,660.27,254,2,3.6407317073170735,219,-8.103843063307634,No Response,0.0,Regular Price,3.6407317073170735,3.6407317073170735,0.0
15381,1293.72,631,3,3.965,59,-13.71270617332844,No Response,0.0,Regular Price,3.965,3.965,0.0
15704,1441.04,681,2,3.1104597701149426,138,-8.190508668984256,No Response,0.0,Regular Price,3.1104597701149426,3.1104597701149426,0.0
17597,1439.72,1039,4,2.687945205479452,54,-6.933295174228093,No Response,0.0,Regular Price,2.687945205479452,2.687945205479452,0.0
12958,467.34,118,2,4.318163265306122,36,-15.961438455808484,No Response,0.0,Regular Price,4.318163265306122,4.318163265306122,0.0
13713,740.76,284,3,2.891375,44,-8.826512576935539,No Response,0.0,Regular Price,2.891375,2.891375,0.0
13400,310.83,284,1,1.9695652173913043,218,-0.0415610415060734,No Response,0.0,Regular Price,1.9695652173913043,1.9695652173913043,0.0
16844,614.34,281,2,3.2328125,198,-6.608680317188723,No Response,0.0,Regular Price,3.2328125,3.2328125,0.0
12388,1120.45,539,2,2.9269565217391307,81,-8.550040062286751,No Response,0.0,Regular Price,2.9269565217391307,2.9269565217391307,0.0
13102,5272.83,2372,14,3.731648936170212,1,-13.203712270674387,No Response,0.0,Regular Price,3.731648936170212,3.731648936170212,0.0
17199,135.04000000000002,232,1,0.88125,218,5.24703218604064,High Response,0.15,High Discount,0.88125,0.7490625,0.1321875
14272,482.85,498,2,2.36741935483871,198,-1.9151084681504773,No Response,0.0,Regular Price,2.36741935483871,2.36741935483871,0.0
13024,555.87,181,2,5.245806451612904,106,-18.516858047819724,No Response,0.0,Regular Price,5.245806451612904,5.245806451612904,0.0
13891,859.21,476,3,2.578787878787879,14,-7.9642441042998,No Response,0.0,Regular Price,2.578787878787879,2.578787878787879,0.0
16890,285.41,243,3,1.9442105263157887,112,-1.949671835779751,No Response,0.0,Regular Price,1.9442105263157887,1.9442105263157887,0.0
13974,264.13,107,1,3.609333333333333,218,-7.987048047851271,No Response,0.0,Regular Price,3.609333333333333,3.609333333333333,0.0
17225,131.15,36,1,3.26,217,-6.293396991970502,No Response,0.0,Regular Price,3.26,3.26,0.0
17798,178.07,138,1,1.8191111111111111,217,0.5745845628811503,High Response,0.15,High Discount,1.8191111111111111,1.5462444444444443,0.2728666666666668
13830,156.85000000000002,47,1,7.177272727272728,217,-24.66009874173693,No Response,0.0,Regular Price,7.177272727272728,7.177272727272728,0.0
14814,154.21,93,1,2.549,217,-2.8913094634821865,No Response,0.0,Regular Price,2.549,2.549,0.0
18254,267.9,188,1,1.546875,217,1.797017026021761,High Response,0.15,High Discount,1.546875,1.3148437499999999,0.23203125000000013
17031,2393.5,1360,4,1.9553571428571428,14,-5.504266413777083,No Response,0.0,Regular Price,1.9553571428571428,1.9553571428571428,0.0
17808,262.64,143,4,2.7081818181818185,184,-3.43943169811744,No Response,0.0,Regular Price,2.7081818181818185,2.7081818181818185,0.0
16632,406.4,256,2,1.612962962962963,121,-0.720139291636944,No Response,0.0,Regular Price,1.612962962962963,1.612962962962963,0.0
13007,175.25,59,1,5.995454545454546,215,-19.18460430577225,No Response,0.0,Regular Price,5.995454545454546,5.995454545454546,0.0
13838,1245.91,520,7,3.157700348432056,5,-9.952727851561278,No Response,0.0,Regular Price,3.157700348432056,3.157700348432056,0.0
14474,711.23,308,1,3.4316326530612247,215,-7.586876211929549,No Response,0.0,Regular Price,3.4316326530612247,3.4316326530612247,0.0
17926,638.2,266,3,3.1739130434782608,80,-9.080900250709533,No Response,0.0,Regular Price,3.1739130434782608,3.1739130434782608,0.0
14678,403.39,179,1,3.478333333333333,215,-7.543390131296874,No Response,0.0,Regular Price,3.478333333333333,3.478333333333333,0.0
13425,1766.22,1235,2,2.527171717171717,144,-4.76853610066292,No Response,0.0,Regular Price,2.527171717171717,2.527171717171717,0.0
17292,271.75,131,2,4.784666666666666,108,-15.929233309054622,No Response,0.0,Regular Price,4.784666666666666,4.784666666666666,0.0
14129,1467.48,822,4,2.1496491228070176,35,-5.372686206448618,No Response,0.0,Regular Price,2.1496491228070176,2.1496491228070176,0.0
17135,798.03,684,4,1.8113,7,-3.6665449037148505,No Response,0.0,Regular Price,1.8113,1.8113,0.0
16092,770.08,560,3,2.0384615384615383,140,-1.856934982975448,No Response,0.0,Regular Price,2.0384615384615383,2.0384615384615383,0.0
15661,906.15,543,6,2.9253846153846155,15,-8.373511570641803,No Response,0.0,Regular Price,2.9253846153846155,2.9253846153846155,0.0
17720,1572.97,1037,7,3.6022891566265063,3,-11.626825824861196,No Response,0.0,Regular Price,3.6022891566265063,3.6022891566265063,0.0
17003,828.21,494,4,2.0905405405405406,38,-4.590476129842539,No Response,0.0,Regular Price,2.0905405405405406,2.0905405405405406,0.0
14941,182.1,80,1,2.3428571428571425,214,-2.0753793469004425,No Response,0.0,Regular Price,2.3428571428571425,2.3428571428571425,0.0
14361,214.71,251,1,2.71,214,-3.516785878249581,No Response,0.0,Regular Price,2.71,2.71,0.0
17169,320.95,145,1,3.5857142857142854,214,-8.000909647931152,No Response,0.0,Regular Price,3.5857142857142854,3.5857142857142854,0.0
17482,775.64,240,2,4.37433962264151,123,-14.24659380022077,No Response,0.0,Regular Price,4.37433962264151,4.37433962264151,0.0
17579,304.38,117,1,4.519318181818182,214,-12.39994437861861,No Response,0.0,Regular Price,4.519318181818182,4.519318181818182,0.0
14588,135.39,62,1,2.799375,214,-4.170488551768166,No Response,0.0,Regular Price,2.799375,2.799375,0.0
16614,673.6,126,2,6.754347826086956,38,-27.64678212677285,No Response,0.0,Regular Price,6.754347826086956,6.754347826086956,0.0
17077,306.0,36,1,8.5,214,-31.202273125785,No Response,0.0,Regular Price,8.5,8.5,0.0
12675,957.25,336,2,3.8019642857142855,189,-9.971772210941854,No Response,0.0,Regular Price,3.8019642857142855,3.8019642857142855,0.0
16323,146.16,96,1,1.7299999999999998,213,0.8597954519136679,High Response,0.15,High Discount,1.7299999999999998,1.4704999999999997,0.25950000000000006
16737,417.6,288,1,1.45,213,2.0919686237094046,High Response,0.15,High Discount,1.45,1.2325,0.21750000000000003
12582,1469.04,685,2,3.481728395061728,58,-12.04119608885324,No Response,0.0,Regular Price,3.481728395061728,3.481728395061728,0.0
17545,767.54,345,3,2.7113445378151257,26,-8.375917391153873,No Response,0.0,Regular Price,2.7113445378151257,2.7113445378151257,0.0
12599,1264.14,1233,6,2.5822535211267605,17,-5.970255020786088,No Response,0.0,Regular Price,2.5822535211267605,2.5822535211267605,0.0
18281,120.32,92,1,1.901,213,0.09425136243751,High Response,0.15,High Discount,1.901,1.61585,0.28515
13695,266.6,188,1,1.24,213,3.1326764420995983,High Response,0.15,High Discount,1.24,1.054,0.18599999999999994
13943,246.54,94,1,4.405333333333333,213,-11.84037851851708,No Response,0.0,Regular Price,4.405333333333333,4.405333333333333,0.0
17321,1008.05,426,4,3.2551162790697674,30,-10.683473083271007,No Response,0.0,Regular Price,3.2551162790697674,3.2551162790697674,0.0
15034,3957.04,2335,6,3.1639226519337016,22,-10.909754073806528,No Response,0.0,Regular Price,3.1639226519337016,3.1639226519337016,0.0
13222,88.5,30,1,2.95,213,-4.885870109579006,No Response,0.0,Regular Price,2.95,2.95,0.0
13296,705.11,575,5,1.819375,59,-2.0352008357050746,No Response,0.0,Regular Price,1.819375,1.819375,0.0
16307,1194.92,1123,3,1.8333333333333333,65,-2.4535114334354957,No Response,0.0,Regular Price,1.8333333333333333,1.8333333333333333,0.0
13103,465.7000000000001,344,2,1.7728,73,-2.6403228634690903,No Response,0.0,Regular Price,1.7728,1.7728,0.0
14014,1443.03,928,2,3.7035135135135135,12,-13.756308002480145,No Response,0.0,Regular Price,3.7035135135135135,3.7035135135135135,0.0
13295,900.77,651,3,2.1721052631578948,12,-5.840658542972308,No Response,0.0,Regular Price,2.1721052631578948,2.1721052631578948,0.0
14391,135.6,168,1,0.8071428571428572,212,5.313297259544319,High Response,0.15,High Discount,0.8071428571428572,0.6860714285714286,0.12107142857142861
17705,260.38,338,2,1.7529411764705882,91,-1.75045270316987,No Response,0.0,Regular Price,1.7529411764705882,1.7529411764705882,0.0
14707,139.2,96,2,1.45,71,-1.118401845605015,No Response,0.0,Regular Price,1.45,1.45,0.0
12580,637.2,331,1,2.606176470588235,212,-3.630826003590831,No Response,0.0,Regular Price,2.606176470588235,2.606176470588235,0.0
15012,429.78,242,2,2.76801652892562,9,-9.097947852560855,No Response,0.0,Regular Price,2.76801652892562,2.76801652892562,0.0
16898,496.26,377,3,2.262276422764228,4,-6.328790658849099,No Response,0.0,Regular Price,2.262276422764228,2.262276422764228,0.0
17016,552.4,309,1,3.768536585365853,212,-8.975827767359753,No Response,0.0,Regular Price,3.768536585365853,3.768536585365853,0.0
17845,596.09,195,4,4.586595744680851,191,-12.509472646256,No Response,0.0,Regular Price,4.586595744680851,4.586595744680851,0.0
13998,566.7,204,3,4.801612903225807,82,-16.6532346252382,No Response,0.0,Regular Price,4.801612903225807,4.801612903225807,0.0
12494,626.77,281,3,4.4202941176470585,1,-16.916904653894417,No Response,0.0,Regular Price,4.4202941176470585,4.4202941176470585,0.0
16993,1950.95,285,2,7.960714285714286,99,-33.53485079094972,No Response,0.0,Regular Price,7.960714285714286,7.960714285714286,0.0
15405,310.74,155,1,4.6440909090909095,212,-12.97285182706402,No Response,0.0,Regular Price,4.6440909090909095,4.6440909090909095,0.0
17897,1968.75,793,8,3.107882882882884,3,-10.066362216932,No Response,0.0,Regular Price,3.107882882882884,3.107882882882884,0.0
15470,63.42,232,1,0.315,211,7.836807599870209,High Response,0.15,High Discount,0.315,0.26775,0.047250000000000014
15199,1853.7,498,6,4.189473684210526,10,-16.08918174111598,No Response,0.0,Regular Price,4.189473684210526,4.189473684210526,0.0
14039,115.08,100,1,4.3125,211,-11.226767012561968,No Response,0.0,Regular Price,4.3125,4.3125,0.0
13892,634.68,2142,2,0.5477777777777777,113,7.34587234732433,High Response,0.15,High Discount,0.5477777777777777,0.46561111111111103,0.08216666666666667
13220,516.8,200,1,4.046875,211,-10.457763438237729,No Response,0.0,Regular Price,4.046875,4.046875,0.0
18197,230.1,166,1,1.9166666666666667,211,-0.070039101316857,No Response,0.0,Regular Price,1.9166666666666667,1.9166666666666667,0.0
13888,1405.92,541,5,4.196666666666667,40,-14.894513330595736,No Response,0.0,Regular Price,4.196666666666667,4.196666666666667,0.0
15597,238.8,114,1,3.2333333333333334,211,-6.351765693163857,No Response,0.0,Regular Price,3.2333333333333334,3.2333333333333334,0.0
16906,851.33,327,3,3.438740157480315,64,-10.972297922871835,No Response,0.0,Regular Price,3.438740157480315,3.438740157480315,0.0
15210,845.01,613,2,4.061914893617021,14,-14.998744720783602,No Response,0.0,Regular Price,4.061914893617021,4.061914893617021,0.0
12894,157.35,33,1,5.633333333333333,211,-17.61308813549126,No Response,0.0,Regular Price,5.633333333333333,5.633333333333333,0.0
12923,597.6,162,2,4.1734375,26,-15.674316079667191,No Response,0.0,Regular Price,4.1734375,4.1734375,0.0
15478,583.56,319,1,2.8404,211,-4.687600148883589,No Response,0.0,Regular Price,2.8404,2.8404,0.0
12880,640.13,279,2,4.122777777777778,17,-15.513774740482583,No Response,0.0,Regular Price,4.122777777777778,4.122777777777778,0.0
16115,892.92,595,4,2.3937142857142857,33,-6.051390779081408,No Response,0.0,Regular Price,2.3937142857142857,2.3937142857142857,0.0
16836,530.5,374,2,2.556451612903226,42,-7.163283729188338,No Response,0.0,Regular Price,2.556451612903226,2.556451612903226,0.0
15723,740.0,354,3,2.838117647058824,47,-8.362055463354956,No Response,0.0,Regular Price,2.838117647058824,2.838117647058824,0.0
16588,1361.28,882,4,3.074225352112676,22,-9.745971948501982,No Response,0.0,Regular Price,3.074225352112676,3.074225352112676,0.0
14296,456.4,314,2,3.4496296296296296,57,-10.95062962058516,No Response,0.0,Regular Price,3.4496296296296296,3.4496296296296296,0.0
13300,913.62,252,2,4.961428571428572,24,-19.768054627437376,No Response,0.0,Regular Price,4.961428571428572,4.961428571428572,0.0
16922,611.08,281,1,3.028196721311476,208,-5.764524680258149,No Response,0.0,Regular Price,3.028196721311476,3.028196721311476,0.0
18258,2059.67,1981,6,2.9538,100,-5.43121187207761,No Response,0.0,Regular Price,2.9538,2.9538,0.0
17123,631.87,430,2,2.012941176470588,75,-3.8228414710599856,No Response,0.0,Regular Price,2.012941176470588,2.012941176470588,0.0
16507,142.71,111,1,1.9602631578947367,208,-0.3132362299430911,No Response,0.0,Regular Price,1.9602631578947367,1.9602631578947367,0.0
14982,237.78,125,1,2.505897435897436,208,-2.999723073804229,No Response,0.0,Regular Price,2.505897435897436,2.505897435897436,0.0
18287,2345.71,1427,4,2.8445882352941174,18,-9.355204645383331,No Response,0.0,Regular Price,2.8445882352941174,2.8445882352941174,0.0
18157,213.9,145,1,3.6612,207,-8.357463136526663,No Response,0.0,Regular Price,3.6612,3.6612,0.0
16932,262.32,135,2,2.3698823529411763,59,-5.866670377558229,No Response,0.0,Regular Price,2.3698823529411763,2.3698823529411763,0.0
15280,284.4,353,2,1.9927272727272725,124,-2.029128962010164,No Response,0.0,Regular Price,1.9927272727272725,1.9927272727272725,0.0
13857,1001.01,782,6,2.147578125,29,-4.061696469253051,No Response,0.0,Regular Price,2.147578125,2.147578125,0.0
13719,1741.4,979,6,3.04,29,-9.091772172731744,No Response,0.0,Regular Price,3.04,3.04,0.0
14017,229.75,73,1,4.653571428571429,207,-13.171239586027854,No Response,0.0,Regular Price,4.653571428571429,4.653571428571429,0.0
17928,128.7,82,1,1.525,207,1.6662460887105095,High Response,0.15,High Discount,1.525,1.29625,0.22875
13605,522.67,425,2,1.9281132075471696,23,-4.600869616129164,No Response,0.0,Regular Price,1.9281132075471696,1.9281132075471696,0.0
14304,1341.56,636,2,3.439295774647887,15,-12.839598169967829,No Response,0.0,Regular Price,3.439295774647887,3.439295774647887,0.0
16884,641.13,200,2,5.808333333333334,192,-19.02781670997381,No Response,0.0,Regular Price,5.808333333333334,5.808333333333334,0.0
15071,473.49,147,2,4.7371428571428575,22,-18.24027202171757,No Response,0.0,Regular Price,4.7371428571428575,4.7371428571428575,0.0
13501,1544.79,693,2,3.651290322580645,122,-11.287466405848065,No Response,0.0,Regular Price,3.651290322580645,3.651290322580645,0.0
14744,2785.1,1920,8,4.190526315789474,2,-14.33240631215574,No Response,0.0,Regular Price,4.190526315789474,4.190526315789474,0.0
13541,785.25,279,2,3.502,63,-11.656318825672235,No Response,0.0,Regular Price,3.502,3.502,0.0
15282,348.59,395,1,1.3085185185185184,206,2.8960731438640472,High Response,0.15,High Discount,1.3085185185185184,1.1122407407407406,0.19627777777777777
16835,1357.56,454,5,4.129350649350649,9,-15.471087251042476,No Response,0.0,Regular Price,4.129350649350649,4.129350649350649,0.0
14325,245.48,320,1,1.1527777777777777,205,3.625557244791026,High Response,0.15,High Discount,1.1527777777777777,0.979861111111111,0.17291666666666672
17413,560.14,302,2,3.742,40,-12.956543800299151,No Response,0.0,Regular Price,3.742,3.742,0.0
17382,836.88,432,7,2.188125,71,-3.191272597472108,No Response,0.0,Regular Price,2.188125,2.188125,0.0
15636,719.82,276,2,3.9734375,73,-13.501822433452418,No Response,0.0,Regular Price,3.9734375,3.9734375,0.0
14283,628.4399999999999,550,4,1.930487804878049,99,-1.818522219657682,No Response,0.0,Regular Price,1.930487804878049,1.930487804878049,0.0
17490,658.18,397,2,2.84125,24,-9.131518668415778,No Response,0.0,Regular Price,2.84125,2.84125,0.0
16059,1718.66,841,7,2.7236796536796537,3,-8.135781535019728,No Response,0.0,Regular Price,2.7236796536796537,2.7236796536796537,0.0
14598,162.07,165,1,1.35225,205,2.529139553024738,High Response,0.15,High Discount,1.35225,1.1494125,0.2028375
14220,882.5999999999999,196,2,4.514705882352941,203,-13.094570984963536,No Response,0.0,Regular Price,4.514705882352941,4.514705882352941,0.0
16915,921.5,58,5,30.16176470588235,22,-137.0915339704858,No Response,0.0,Regular Price,30.16176470588235,30.16176470588235,0.0
16564,87.8,40,1,3.29,205,-6.664857982533414,No Response,0.0,Regular Price,3.29,3.29,0.0
12837,528.5600000000001,170,1,3.7292105263157898,205,-9.20346294016142,No Response,0.0,Regular Price,3.7292105263157898,3.7292105263157898,0.0
16664,109.2,24,1,5.25,205,-15.910622701348256,No Response,0.0,Regular Price,5.25,5.25,0.0
14334,1766.27,1255,4,2.801979166666667,61,-7.410231930639563,No Response,0.0,Regular Price,2.801979166666667,2.801979166666667,0.0
15777,715.5,221,3,5.276111111111111,32,-20.385952761193455,No Response,0.0,Regular Price,5.276111111111111,5.276111111111111,0.0
15401,216.95,93,2,4.628571428571428,88,-15.69903309038728,No Response,0.0,Regular Price,4.628571428571428,4.628571428571428,0.0
17758,1555.83,1145,4,2.5166935483870967,63,-5.885522637821591,No Response,0.0,Regular Price,2.5166935483870967,2.5166935483870967,0.0
15025,617.83,319,1,3.385277777777778,204,-7.47784906734058,No Response,0.0,Regular Price,3.385277777777778,3.385277777777778,0.0
14850,1445.21,1100,6,1.9977586206896552,53,-2.86022024825047,No Response,0.0,Regular Price,1.9977586206896552,1.9977586206896552,0.0
15559,1109.4,526,1,3.719354838709677,204,-9.459109881941528,No Response,0.0,Regular Price,3.719354838709677,3.719354838709677,0.0
13213,2330.94,1602,6,2.5537719298245616,19,-6.845321780294226,No Response,0.0,Regular Price,2.5537719298245616,2.5537719298245616,0.0
16604,432.45,175,2,2.975,198,-5.304253103565874,No Response,0.0,Regular Price,2.975,2.975,0.0
15826,943.97,861,1,2.587647058823529,204,-3.2324751766812674,No Response,0.0,Regular Price,2.587647058823529,2.587647058823529,0.0
14513,332.42,232,3,1.977142857142857,72,-3.2401475109271285,No Response,0.0,Regular Price,1.977142857142857,1.977142857142857,0.0
14671,1127.45,571,2,3.213272727272728,185,-7.145358065645314,No Response,0.0,Regular Price,3.213272727272728,3.213272727272728,0.0
14311,206.19,89,1,2.7790909090909093,203,-4.426033301774424,No Response,0.0,Regular Price,2.7790909090909093,2.7790909090909093,0.0
12355,488.21,303,1,2.399090909090909,203,-2.700415882726543,No Response,0.0,Regular Price,2.399090909090909,2.399090909090909,0.0
18011,410.79,125,2,4.196190476190476,9,-15.982067721988756,No Response,0.0,Regular Price,4.196190476190476,4.196190476190476,0.0
14409,1696.64,1171,5,1.9384615384615385,4,-4.511881732132978,No Response,0.0,Regular Price,1.9384615384615385,1.9384615384615385,0.0
17898,147.12,61,2,3.6145454545454543,88,-10.89602047730154,No Response,0.0,Regular Price,3.6145454545454543,3.6145454545454543,0.0
16889,947.98,686,3,2.4391463414634145,33,-6.557707984242549,No Response,0.0,Regular Price,2.4391463414634145,2.4391463414634145,0.0
16121,595.38,303,3,2.2273571428571426,26,-5.904109185309818,No Response,0.0,Regular Price,2.2273571428571426,2.2273571428571426,0.0
12974,264.15,80,1,4.665,201,-13.423953577858072,No Response,0.0,Regular Price,4.665,4.665,0.0
16290,1957.7,957,4,5.168467741935483,100,-18.380336172910813,No Response,0.0,Regular Price,5.168467741935483,5.168467741935483,0.0
18208,360.08,82,1,8.346470588235293,201,-30.820853355039446,No Response,0.0,Regular Price,8.346470588235293,8.346470588235293,0.0
14010,445.15,177,2,2.9145833333333333,201,-4.96084298351305,No Response,0.0,Regular Price,2.9145833333333333,2.9145833333333333,0.0
17785,271.44,160,2,2.9028947368421054,81,-7.759367798873129,No Response,0.0,Regular Price,2.9028947368421054,2.9028947368421054,0.0
13778,945.79,441,3,3.999428571428571,127,-11.901368849030806,No Response,0.0,Regular Price,3.999428571428571,3.999428571428571,0.0
17278,25.2,16,1,2.3,201,-2.074516720950153,No Response,0.0,Regular Price,2.3,2.3,0.0
12409,12346.62,7592,4,2.998322580645161,56,-13.771938810173204,No Response,0.0,Regular Price,2.998322580645161,2.998322580645161,0.0
14920,629.4,377,1,3.2082500000000005,201,-6.633099423271902,No Response,0.0,Regular Price,3.2082500000000005,3.2082500000000005,0.0
18060,1185.46,902,2,3.1578666666666666,44,-9.993104907562705,No Response,0.0,Regular Price,3.1578666666666666,3.1578666666666666,0.0
12632,804.88,694,2,2.2334285714285715,156,-2.531610754808085,No Response,0.0,Regular Price,2.2334285714285715,2.2334285714285715,0.0
16831,91.8,48,1,2.783333333333333,200,-4.412736855275672,No Response,0.0,Regular Price,2.783333333333333,2.783333333333333,0.0
14394,93.8,58,1,2.6,200,-3.538053793202711,No Response,0.0,Regular Price,2.6,2.6,0.0
16974,365.5,70,2,5.3125,158,-17.38022456770287,No Response,0.0,Regular Price,5.3125,5.3125,0.0
13402,913.9,628,3,2.739122807017544,8,-8.666327249490964,No Response,0.0,Regular Price,2.739122807017544,2.739122807017544,0.0
16185,115.31,61,1,2.852222222222222,200,-4.749261204530209,No Response,0.0,Regular Price,2.852222222222222,2.852222222222222,0.0
18052,10877.18,17766,1,0.65625,200,22.012119493545157,High Response,0.15,High Discount,0.65625,0.5578124999999999,0.09843750000000007
14168,370.45,147,2,3.023333333333333,56,-9.16146832274983,No Response,0.0,Regular Price,3.023333333333333,3.023333333333333,0.0
14847,1039.55,413,2,4.305102040816326,43,-16.098931456850067,No Response,0.0,Regular Price,4.305102040816326,4.305102040816326,0.0
16229,1857.26,974,4,2.44031007751938,17,-7.55436297665097,No Response,0.0,Regular Price,2.44031007751938,2.44031007751938,0.0
15681,1563.54,576,9,4.2451428571428576,15,-14.44931459621203,No Response,0.0,Regular Price,4.2451428571428576,4.2451428571428576,0.0
17205,615.27,1330,2,1.056818181818182,52,1.83552901758182,High Response,0.15,High Discount,1.056818181818182,0.8982954545454548,0.15852272727272732
16075,736.9300000000001,271,2,4.703414634146341,138,-15.274264030024424,No Response,0.0,Regular Price,4.703414634146341,4.703414634146341,0.0
12773,124.25,109,1,2.018333333333333,200,-0.7656291332472982,No Response,0.0,Regular Price,2.018333333333333,2.018333333333333,0.0
18000,124.25,109,1,2.018333333333333,200,-0.7656291332472982,No Response,0.0,Regular Price,2.018333333333333,2.018333333333333,0.0
12802,1988.84,1658,6,2.6453097345132743,78,-5.066302338642171,No Response,0.0,Regular Price,2.6453097345132743,2.6453097345132743,0.0
13324,3391.52,3243,8,3.3580701754385966,64,-7.266483173544053,No Response,0.0,Regular Price,3.3580701754385966,3.3580701754385966,0.0
16175,798.85,399,3,3.01125,107,-7.62863956717306,No Response,0.0,Regular Price,3.01125,3.01125,0.0
13989,759.98,894,3,1.1215555555555556,100,2.066461034025517,High Response,0.15,High Discount,1.1215555555555556,0.9533222222222223,0.16823333333333335
14993,36.13,21,1,1.714,199,0.6095009712872264,High Response,0.15,High Discount,1.714,1.4568999999999999,0.2571000000000001
15217,426.24,190,1,3.715,199,-9.083052887780475,No Response,0.0,Regular Price,3.715,3.715,0.0
16328,310.83,141,1,2.879375,199,-5.07261969400606,No Response,0.0,Regular Price,2.879375,2.879375,0.0
17862,923.99,340,3,3.981931818181818,21,-14.726240825273711,No Response,0.0,Regular Price,3.981931818181818,3.981931818181818,0.0
17694,1412.85,1309,2,1.464090909090909,147,1.0203510713422164,High Response,0.15,High Discount,1.464090909090909,1.2444772727272728,0.2196136363636363
12656,2356.66,1137,3,3.303884297520661,61,-11.35236491084766,No Response,0.0,Regular Price,3.303884297520661,3.303884297520661,0.0
17327,152.35,59,2,4.665,45,-16.942368736195895,No Response,0.0,Regular Price,4.665,4.665,0.0
17179,795.47,335,3,2.2730769230769234,18,-6.596712193768743,No Response,0.0,Regular Price,2.2730769230769234,2.2730769230769234,0.0
15900,549.29,440,3,2.096329113924051,49,-4.351434517627223,No Response,0.0,Regular Price,2.096329113924051,2.096329113924051,0.0
17074,203.05,19,1,10.3,198,-39.90811461295248,No Response,0.0,Regular Price,10.3,10.3,0.0
14181,308.35,120,2,2.714423076923077,46,-7.922932566289916,No Response,0.0,Regular Price,2.714423076923077,2.714423076923077,0.0
16715,323.8,532,1,1.2433333333333332,198,3.3015821619184527,High Response,0.15,High Discount,1.2433333333333332,1.056833333333333,0.1865000000000001
16153,3309.26,2620,6,2.4486861313868613,56,-5.045990425219623,No Response,0.0,Regular Price,2.4486861313868613,2.4486861313868613,0.0
16046,235.78,248,1,2.523181818181818,198,-3.097438072436649,No Response,0.0,Regular Price,2.523181818181818,2.523181818181818,0.0
14938,2322.43,1369,2,2.998169014084507,198,-6.241240927295905,No Response,0.0,Regular Price,2.998169014084507,2.998169014084507,0.0
12378,1407.7,787,1,4.402073170731708,198,-12.801652128382663,No Response,0.0,Regular Price,4.402073170731708,4.402073170731708,0.0
13880,1171.89,747,5,2.12234375,3,-5.348658966187432,No Response,0.0,Regular Price,2.12234375,2.12234375,0.0
16458,2208.15,1241,12,2.35927374301676,11,-4.366761768808535,No Response,0.0,Regular Price,2.35927374301676,2.35927374301676,0.0
13920,1774.68,1772,4,2.55453488372093,67,-5.10521101199665,No Response,0.0,Regular Price,2.55453488372093,2.55453488372093,0.0
13169,127.2,24,1,5.7700000000000005,198,-18.55725743205717,No Response,0.0,Regular Price,5.7700000000000005,5.7700000000000005,0.0
17499,718.51,375,1,4.252258064516129,197,-11.778375172024491,No Response,0.0,Regular Price,4.252258064516129,4.252258064516129,0.0
15340,105.5,76,1,1.5857142857142856,197,1.1497667242030714,High Response,0.15,High Discount,1.5857142857142856,1.3478571428571426,0.237857142857143
16234,333.18,170,3,3.058,112,-7.387194799163649,No Response,0.0,Regular Price,3.058,3.058,0.0
16392,538.81,403,2,2.2251485148514853,49,-5.387825833581132,No Response,0.0,Regular Price,2.2251485148514853,2.2251485148514853,0.0
16391,1052.26,715,4,2.343519736842105,36,-5.770849412838884,No Response,0.0,Regular Price,2.343519736842105,2.343519736842105,0.0
15256,71.95,37,1,2.0,197,-0.8102987954698802,No Response,0.0,Regular Price,2.0,2.0,0.0
17699,442.0,208,2,3.2868421052631582,112,-8.94502078495724,No Response,0.0,Regular Price,3.2868421052631582,3.2868421052631582,0.0
16695,191.9,184,2,2.197142857142857,197,-1.269059949754043,No Response,0.0,Regular Price,2.197142857142857,2.197142857142857,0.0
14069,225.81,58,2,4.188292682926829,150,-12.113262775357388,No Response,0.0,Regular Price,4.188292682926829,4.188292682926829,0.0
16101,1938.46,1087,3,3.00146551724138,70,-9.103272641815488,No Response,0.0,Regular Price,3.00146551724138,3.00146551724138,0.0
14876,256.7,162,2,2.4892307692307694,157,-3.8242225858244896,No Response,0.0,Regular Price,2.4892307692307694,2.4892307692307694,0.0
16691,178.83,92,2,6.487272727272727,54,-25.2231479397913,No Response,0.0,Regular Price,6.487272727272727,6.487272727272727,0.0
15985,1572.86,1664,5,1.8037313432835824,72,-0.954471668843218,No Response,0.0,Regular Price,1.8037313432835824,1.8037313432835824,0.0
16218,1355.29,1149,7,1.5295,9,-1.1837834883890863,No Response,0.0,Regular Price,1.5295,1.5295,0.0
15400,586.1,272,3,3.583333333333333,56,-11.521750883116797,No Response,0.0,Regular Price,3.583333333333333,3.583333333333333,0.0
15254,787.99,436,2,3.6957142857142857,182,-9.17924088276486,No Response,0.0,Regular Price,3.6957142857142857,3.6957142857142857,0.0
13602,596.28,271,3,3.4434285714285715,17,-11.896091218331335,No Response,0.0,Regular Price,3.4434285714285715,3.4434285714285715,0.0
17741,101.1,114,2,1.1333333333333333,42,-0.2884358682487793,No Response,0.0,Regular Price,1.1333333333333333,1.1333333333333333,0.0
17822,2162.93,1375,5,2.7139644970414203,56,-7.176614928635382,No Response,0.0,Regular Price,2.7139644970414203,2.7139644970414203,0.0
12619,140.14,140,1,2.548,196,-3.3160332594112423,No Response,0.0,Regular Price,2.548,2.548,0.0
17583,135.95,55,1,2.807142857142857,196,-4.6878499565832845,No Response,0.0,Regular Price,2.807142857142857,2.807142857142857,0.0
16035,217.73,33,1,7.772857142857142,196,-28.12214925015766,No Response,0.0,Regular Price,7.772857142857142,7.772857142857142,0.0
12499,393.72,302,1,2.329629629629629,196,-2.40102719572906,No Response,0.0,Regular Price,2.329629629629629,2.329629629629629,0.0
18044,1417.01,565,8,4.155068493150685,23,-13.976079889701476,No Response,0.0,Regular Price,4.155068493150685,4.155068493150685,0.0
14104,527.3199999999999,424,3,2.3230701754385965,25,-6.029720589019084,No Response,0.0,Regular Price,2.3230701754385965,2.3230701754385965,0.0
17617,385.19,249,1,2.567222222222222,194,-3.654328766650618,No Response,0.0,Regular Price,2.567222222222222,2.567222222222222,0.0
15938,330.23,209,4,2.152857142857143,92,-3.2071591053099864,No Response,0.0,Regular Price,2.152857142857143,2.152857142857143,0.0
16518,475.05,197,2,4.583928571428571,57,-16.521194039751293,No Response,0.0,Regular Price,4.583928571428571,4.583928571428571,0.0
15135,166.63,41,1,5.935454545454545,192,-19.52024814272479,No Response,0.0,Regular Price,5.935454545454545,5.935454545454545,0.0
15980,4144.82,3262,4,2.0175,126,-2.114509613911973,No Response,0.0,Regular Price,2.0175,2.0175,0.0
15670,152.15,41,1,5.235714285714286,192,-16.219119445161592,No Response,0.0,Regular Price,5.235714285714286,5.235714285714286,0.0
18038,141.48,80,1,2.6722222222222225,192,-4.120277280665249,No Response,0.0,Regular Price,2.6722222222222225,2.6722222222222225,0.0
17745,600.34,164,2,6.6207142857142856,113,-24.88151995012747,No Response,0.0,Regular Price,6.6207142857142856,6.6207142857142856,0.0
13472,592.24,310,2,2.626785714285714,99,-6.242830291924978,No Response,0.0,Regular Price,2.626785714285714,2.626785714285714,0.0
15246,266.25,112,1,3.0444444444444447,191,-6.035061473707794,No Response,0.0,Regular Price,3.0444444444444447,3.0444444444444447,0.0
15887,1027.15,605,3,2.7045945945945946,42,-7.856942418235297,No Response,0.0,Regular Price,2.7045945945945946,2.7045945945945946,0.0
15714,453.93,175,3,2.492142857142857,89,-5.524667203256463,No Response,0.0,Regular Price,2.492142857142857,2.492142857142857,0.0
16565,599.35,165,3,4.175,42,-14.88543632542991,No Response,0.0,Regular Price,4.175,4.175,0.0
16401,2750.83,2153,11,1.7374011299435028,15,-0.8612272660034943,No Response,0.0,Regular Price,1.7374011299435028,1.7374011299435028,0.0
15305,93.6,40,1,3.43,191,-7.692957081912162,No Response,0.0,Regular Price,3.43,3.43,0.0
17096,2675.8,1220,7,3.6796178343949046,19,-13.056126044863102,No Response,0.0,Regular Price,3.6796178343949046,3.6796178343949046,0.0
14033,109.44,576,1,0.19,191,8.495778745799576,High Response,0.15,High Discount,0.19,0.1615,0.028499999999999998
16896,103.95,18,1,5.775,191,-18.73499284149809,No Response,0.0,Regular Price,5.775,5.775,0.0
14859,351.9,217,1,2.79625,190,-4.83728390161738,No Response,0.0,Regular Price,2.79625,2.79625,0.0
15502,3548.34,1613,5,4.164344827586207,4,-17.162200958027356,No Response,0.0,Regular Price,4.164344827586207,4.164344827586207,0.0
12874,948.42,623,2,3.0775,21,-10.360021561386525,No Response,0.0,Regular Price,3.0775,3.0775,0.0
17216,63.6,21,1,3.1846153846153844,190,-6.556633999563051,No Response,0.0,Regular Price,3.1846153846153844,3.1846153846153844,0.0
13031,3292.84,2309,5,2.497223587223587,43,-6.565874717211862,No Response,0.0,Regular Price,2.497223587223587,2.497223587223587,0.0
17683,819.01,781,3,2.1032608695652173,21,-4.8961664778081255,No Response,0.0,Regular Price,2.1032608695652173,2.1032608695652173,0.0
18214,1780.34,989,4,3.1232758620689656,166,-6.734361827538207,No Response,0.0,Regular Price,3.1232758620689656,3.1232758620689656,0.0
15731,125.3,122,1,1.1125,189,3.2150076688037736,High Response,0.15,High Discount,1.1125,0.945625,0.166875
14486,175.5,90,2,1.95,147,-1.5626860420195308,No Response,0.0,Regular Price,1.95,1.95,0.0
14436,182.64,168,1,1.155,189,3.009834667598948,High Response,0.15,High Discount,1.155,0.98175,0.17325000000000002
14902,702.96,498,2,2.553589743589744,31,-7.481286765323302,No Response,0.0,Regular Price,2.553589743589744,2.553589743589744,0.0
18206,314.66,246,1,1.4352631578947368,189,1.6289404929793776,High Response,0.15,High Discount,1.4352631578947368,1.2199736842105262,0.21528947368421059
17235,1354.82,747,7,2.694571428571429,8,-7.446381578680136,No Response,0.0,Regular Price,2.694571428571429,2.694571428571429,0.0
14687,773.6800000000001,380,2,3.4128,36,-11.722691869615442,No Response,0.0,Regular Price,3.4128,3.4128,0.0
14766,4082.76,2714,6,2.7541951219512195,2,-8.982124186912882,No Response,0.0,Regular Price,2.7541951219512195,2.7541951219512195,0.0
18234,179.6,80,1,2.3583333333333334,187,-2.8433615862345736,No Response,0.0,Regular Price,2.3583333333333334,2.3583333333333334,0.0
16356,204.1,97,3,2.132142857142857,12,-5.569424283418581,No Response,0.0,Regular Price,2.132142857142857,2.132142857142857,0.0
12911,1651.72,807,1,3.1703389830508475,187,-7.685971955498825,No Response,0.0,Regular Price,3.1703389830508475,3.1703389830508475,0.0
18112,420.67,188,2,3.274166666666667,54,-10.391983797320028,No Response,0.0,Regular Price,3.274166666666667,3.274166666666667,0.0
13109,347.49,237,1,3.1586956521739133,187,-6.566205156428403,No Response,0.0,Regular Price,3.1586956521739133,3.1586956521739133,0.0
14208,415.31,415,1,2.3848,187,-2.7089919276314447,No Response,0.0,Regular Price,2.3848,2.3848,0.0
17915,225.78,184,1,2.806896551724138,187,-4.818888821224181,No Response,0.0,Regular Price,2.806896551724138,2.806896551724138,0.0
16340,961.93,833,2,1.6497685185185187,75,-1.888769873698292,No Response,0.0,Regular Price,1.6497685185185187,1.6497685185185187,0.0
13614,747.28,257,2,4.524492753623188,29,-17.305386418329192,No Response,0.0,Regular Price,4.524492753623188,4.524492753623188,0.0
18137,145.99,59,2,3.51448275862069,187,-7.863957810487181,No Response,0.0,Regular Price,3.51448275862069,3.51448275862069,0.0
15976,1266.77,778,4,2.5849290780141847,46,-6.877233972105998,No Response,0.0,Regular Price,2.5849290780141847,2.5849290780141847,0.0
14128,286.71,250,1,1.7815789473684212,187,0.0095975589999075,High Response,0.15,High Discount,1.7815789473684212,1.514342105263158,0.2672368421052631
13056,209.48,158,1,4.775789473684211,187,-14.062922806005464,No Response,0.0,Regular Price,4.775789473684211,4.775789473684211,0.0
14247,616.79,331,4,3.8541935483870966,40,-12.762664300984625,No Response,0.0,Regular Price,3.8541935483870966,3.8541935483870966,0.0
14734,1056.42,378,4,4.862380952380952,61,-17.581115692421104,No Response,0.0,Regular Price,4.862380952380952,4.862380952380952,0.0
17009,242.06,336,1,1.7272727272727273,187,0.505444351294893,High Response,0.15,High Discount,1.7272727272727273,1.4681818181818183,0.25909090909090904
14309,1428.28,950,2,2.7090277777777776,49,-8.072824722665432,No Response,0.0,Regular Price,2.7090277777777776,2.7090277777777776,0.0
15958,357.77,121,3,3.153793103448276,39,-9.863704879507123,No Response,0.0,Regular Price,3.153793103448276,3.153793103448276,0.0
17987,766.87,720,4,2.185033112582781,12,-5.165355739597498,No Response,0.0,Regular Price,2.185033112582781,2.185033112582781,0.0
14028,10396.5,7170,3,1.45,186,-1.101791531970101,No Response,0.0,Regular Price,1.45,1.45,0.0
15471,837.53,414,2,2.2753658536585366,16,-6.95447150084486,No Response,0.0,Regular Price,2.2753658536585366,2.2753658536585366,0.0
14515,1647.17,783,6,2.788666666666667,23,-8.294123679007722,No Response,0.0,Regular Price,2.788666666666667,2.788666666666667,0.0
16382,353.1,167,2,4.2275,44,-15.04397759390918,No Response,0.0,Regular Price,4.2275,4.2275,0.0
13699,455.57,153,1,5.324347826086957,186,-17.0775543953888,No Response,0.0,Regular Price,5.324347826086957,5.324347826086957,0.0
17515,963.49,284,5,6.071413043478262,30,-23.695729255012136,No Response,0.0,Regular Price,6.071413043478262,6.071413043478262,0.0
14786,90.96,112,1,1.0057142857142858,186,3.675142154631223,High Response,0.15,High Discount,1.0057142857142858,0.8548571428571429,0.1508571428571429
16232,1722.09,1299,3,2.020441176470588,56,-4.09927098014546,No Response,0.0,Regular Price,2.020441176470588,2.020441176470588,0.0
18100,451.56,440,1,2.0776666666666666,186,-1.308358829823569,No Response,0.0,Regular Price,2.0776666666666666,2.0776666666666666,0.0
15872,413.0,280,2,2.456125,14,-7.405932456206077,No Response,0.0,Regular Price,2.456125,2.456125,0.0
12829,92.3,174,1,4.391249999999999,186,-12.061645675041005,No Response,0.0,Regular Price,4.391249999999999,4.391249999999999,0.0
15551,1243.75,578,6,2.950701754385965,30,-8.597824396941228,No Response,0.0,Regular Price,2.950701754385965,2.950701754385965,0.0
17040,13.52,8,1,1.69,186,0.3974254137179915,High Response,0.15,High Discount,1.69,1.4364999999999999,0.25350000000000006
17101,885.3199999999999,360,3,4.275483870967742,30,-15.764476926838286,No Response,0.0,Regular Price,4.275483870967742,4.275483870967742,0.0
15720,140.49,46,1,4.1844,186,-11.421972915843416,No Response,0.0,Regular Price,4.1844,4.1844,0.0
14498,1943.51,1022,5,3.2626704545454546,37,-10.559098337302627,No Response,0.0,Regular Price,3.2626704545454546,3.2626704545454546,0.0
17784,112.86,72,1,3.0591304347826087,186,-6.055580541972419,No Response,0.0,Regular Price,3.0591304347826087,3.0591304347826087,0.0
13997,376.46,143,3,4.535,155,-13.314529889900497,No Response,0.0,Regular Price,4.535,4.535,0.0
12928,2242.19,1427,7,1.9147368421052635,14,-3.795741388434891,No Response,0.0,Regular Price,1.9147368421052635,1.9147368421052635,0.0
16048,818.7900000000001,425,4,2.222777777777777,9,-6.079661531817285,No Response,0.0,Regular Price,2.222777777777777,2.222777777777777,0.0
17543,120.05,62,1,3.476923076923077,185,-8.069501845262526,No Response,0.0,Regular Price,3.476923076923077,3.476923076923077,0.0
18103,105.8,23,1,4.855,185,-14.575322522776558,No Response,0.0,Regular Price,4.855,4.855,0.0
17440,137.16,36,1,3.81,185,-9.708392866393172,No Response,0.0,Regular Price,3.81,3.81,0.0
15532,2174.12,822,6,3.5838524590163936,12,-13.105320273112593,No Response,0.0,Regular Price,3.5838524590163936,3.5838524590163936,0.0
14308,1147.02,2,2,573.51,185,-2679.0811837160795,No Response,0.0,Regular Price,573.51,573.51,0.0
16072,3595.77,1440,3,3.701200787401575,64,-14.610950394329112,No Response,0.0,Regular Price,3.701200787401575,3.701200787401575,0.0
17713,1198.09,989,4,2.8776315789473683,18,-8.449113656974419,No Response,0.0,Regular Price,2.8776315789473683,2.8776315789473683,0.0
14616,121.7,66,2,2.9,21,-9.23383026922762,No Response,0.0,Regular Price,2.9,2.9,0.0
17417,164.18,76,1,2.7275,184,-4.632055929898743,No Response,0.0,Regular Price,2.7275,2.7275,0.0
13502,488.5,226,2,3.07,51,-9.552739869977891,No Response,0.0,Regular Price,3.07,3.07,0.0
14260,824.28,544,3,3.0609803921568624,107,-7.622114362200124,No Response,0.0,Regular Price,3.0609803921568624,3.0609803921568624,0.0
15352,111.15,40,1,2.916176470588236,184,-5.497269077294526,No Response,0.0,Regular Price,2.916176470588236,2.916176470588236,0.0
17282,623.08,466,2,2.720521739130435,92,-6.611423279940068,No Response,0.0,Regular Price,2.720521739130435,2.720521739130435,0.0
17381,19726.76,20118,12,1.6801538461538463,4,6.129845166752553,High Response,0.15,High Discount,1.6801538461538463,1.4281307692307694,0.2520230769230769
16453,251.71,139,2,3.134,166,-6.646948176507145,No Response,0.0,Regular Price,3.134,3.134,0.0
14230,979.8,246,3,5.499393939393939,71,-20.81275354302624,No Response,0.0,Regular Price,5.499393939393939,5.499393939393939,0.0
14615,951.76,495,5,3.408541666666667,30,-10.795449610675172,No Response,0.0,Regular Price,3.408541666666667,3.408541666666667,0.0
17971,161.94,62,1,3.13047619047619,184,-6.542737834296643,No Response,0.0,Regular Price,3.13047619047619,3.13047619047619,0.0
14180,1570.73,159,9,13.70967213114754,8,-59.77709308551641,No Response,0.0,Regular Price,13.70967213114754,13.70967213114754,0.0
12424,1579.07,1285,2,1.902903225806452,58,-3.664579874805785,No Response,0.0,Regular Price,1.902903225806452,1.902903225806452,0.0
12634,490.0,337,2,7.777500000000001,171,-28.275910751199373,No Response,0.0,Regular Price,7.777500000000001,7.777500000000001,0.0
17204,3940.13,2005,5,3.7126666666666654,10,-14.782385622342526,No Response,0.0,Regular Price,3.7126666666666654,3.7126666666666654,0.0
13065,1055.05,381,5,4.261612903225807,9,-15.728351784309572,No Response,0.0,Regular Price,4.261612903225807,4.261612903225807,0.0
17869,599.78,447,3,5.514642857142857,4,-21.59661795580424,No Response,0.0,Regular Price,5.514642857142857,5.514642857142857,0.0
15757,2225.94,1266,4,3.970878378378378,22,-14.63949615257302,No Response,0.0,Regular Price,3.970878378378378,3.970878378378378,0.0
15734,923.85,170,2,21.65294117647059,72,-96.86981613395488,No Response,0.0,Regular Price,21.65294117647059,21.65294117647059,0.0
15207,683.9200000000001,428,3,1.64,52,-2.38425212344121,No Response,0.0,Regular Price,1.64,1.64,0.0
16679,663.31,247,3,5.1883333333333335,2,-20.6148041905946,No Response,0.0,Regular Price,5.1883333333333335,5.1883333333333335,0.0
13438,46.5,10,1,4.65,183,-13.593564513076135,No Response,0.0,Regular Price,4.65,4.65,0.0
14618,788.88,440,4,4.617714285714285,12,-17.138835658952033,No Response,0.0,Regular Price,4.617714285714285,4.617714285714285,0.0
15102,554.67,339,2,3.295555555555556,166,-7.519623576737004,No Response,0.0,Regular Price,3.295555555555556,3.295555555555556,0.0
17996,482.33,587,3,3.205970149253732,15,-10.031901605589816,No Response,0.0,Regular Price,3.205970149253732,3.205970149253732,0.0
17691,489.65,239,3,3.3227272727272728,4,-11.552237298150889,No Response,0.0,Regular Price,3.3227272727272728,3.3227272727272728,0.0
16209,1884.16,716,4,4.0600000000000005,18,-15.659944521890331,No Response,0.0,Regular Price,4.0600000000000005,4.0600000000000005,0.0
16499,2212.89,1237,6,3.13736,10,-10.324239230085864,No Response,0.0,Regular Price,3.13736,3.13736,0.0
17902,216.4,526,1,1.3066666666666666,182,2.757639951582412,High Response,0.15,High Discount,1.3066666666666666,1.1106666666666667,0.19599999999999995
14228,745.5,260,3,4.74921052631579,73,-16.830116296799204,No Response,0.0,Regular Price,4.74921052631579,4.74921052631579,0.0
13794,126.03,63,1,3.665555555555556,182,-9.03866104273976,No Response,0.0,Regular Price,3.665555555555556,3.665555555555556,0.0
16547,104.26,108,1,2.2088,182,-2.092701994750732,No Response,0.0,Regular Price,2.2088,2.2088,0.0
14727,195.15,396,2,1.1002777777777777,182,3.885623372984593,High Response,0.15,High Discount,1.1002777777777777,0.935236111111111,0.16504166666666664
13337,1575.26,980,1,3.464137931034483,182,-8.727857657814386,No Response,0.0,Regular Price,3.464137931034483,3.464137931034483,0.0
12429,3735.51,1787,5,2.9568421052631577,1,-11.55869386333977,No Response,0.0,Regular Price,2.9568421052631577,2.9568421052631577,0.0
18022,894.53,608,4,2.1053639846743293,21,-4.989379685864476,No Response,0.0,Regular Price,2.1053639846743293,2.1053639846743293,0.0
17749,351.66,126,1,6.057272727272727,182,-20.492970058063012,No Response,0.0,Regular Price,6.057272727272727,6.057272727272727,0.0
13601,466.67,409,2,2.573604651162791,28,-7.432041338622116,No Response,0.0,Regular Price,2.573604651162791,2.573604651162791,0.0
14255,1000.63,1,1,1000.63,182,-4679.571887648983,No Response,0.0,Regular Price,1000.63,1000.63,0.0
13745,477.32,650,1,1.0906451612903227,182,3.5755684056521413,High Response,0.15,High Discount,1.0906451612903227,0.9270483870967743,0.16359677419354846
16021,487.03,276,2,2.4549206349206347,31,-7.090873525416107,No Response,0.0,Regular Price,2.4549206349206347,2.4549206349206347,0.0
13545,364.93,252,2,2.5207407407407407,26,-7.371900338471827,No Response,0.0,Regular Price,2.5207407407407407,2.5207407407407407,0.0
17790,815.11,552,6,1.899734513274336,14,-3.426958592147627,No Response,0.0,Regular Price,1.899734513274336,1.899734513274336,0.0
14224,831.98,343,5,4.380603448275862,26,-15.547265743596018,No Response,0.0,Regular Price,4.380603448275862,4.380603448275862,0.0
17923,289.5,90,2,3.15,163,-6.957807086148497,No Response,0.0,Regular Price,3.15,3.15,0.0
14581,271.05,87,1,3.2802325581395344,180,-7.480930021478773,No Response,0.0,Regular Price,3.2802325581395344,3.2802325581395344,0.0
16647,327.84,250,2,3.418421052631579,78,-10.170470534785483,No Response,0.0,Regular Price,3.418421052631579,3.418421052631579,0.0
16622,225.4,44,1,5.958333333333333,179,-20.05635746696395,No Response,0.0,Regular Price,5.958333333333333,5.958333333333333,0.0
13383,305.28000000000003,288,1,1.06,179,3.224475099455398,High Response,0.15,High Discount,1.06,0.901,0.15900000000000003
13559,990.0,360,2,2.75,148,-6.115627876138153,No Response,0.0,Regular Price,2.75,2.75,0.0
16625,1320.95,893,4,2.188684210526316,58,-4.577367170983145,No Response,0.0,Regular Price,2.188684210526316,2.188684210526316,0.0
12897,297.75,139,2,4.205,17,-15.600472545540368,No Response,0.0,Regular Price,4.205,4.205,0.0
15150,3686.61,2525,3,2.681896551724138,92,-7.154572538022078,No Response,0.0,Regular Price,2.681896551724138,2.681896551724138,0.0
18020,190.48,67,1,4.866666666666666,179,-14.84101757131146,No Response,0.0,Regular Price,4.866666666666666,4.866666666666666,0.0
15901,335.99,316,4,2.07,87,-2.7503485837981136,No Response,0.0,Regular Price,2.07,2.07,0.0
15016,450.85,167,4,3.008235294117647,29,-9.128190326487074,No Response,0.0,Regular Price,3.008235294117647,3.008235294117647,0.0
16007,1359.25,1243,3,1.9459057971014493,19,-4.213320842390007,No Response,0.0,Regular Price,1.9459057971014493,1.9459057971014493,0.0
15361,270.15000000000003,37,3,30.28333333333333,162,-133.74587354055183,No Response,0.0,Regular Price,30.28333333333333,30.28333333333333,0.0
15817,2766.4,1596,3,2.9944736842105266,56,-9.82356355569008,No Response,0.0,Regular Price,2.9944736842105266,2.9944736842105266,0.0
12637,2280.91,1263,4,2.324956896551724,14,-7.236088087427234,No Response,0.0,Regular Price,2.324956896551724,2.324956896551724,0.0
13069,5185.51,9481,16,1.9813394216133944,5,9.815227945461686,High Response,0.15,High Discount,1.9813394216133944,1.6841385083713851,0.29720091324200926
16500,443.05,263,3,2.4413043478260867,10,-7.144619433673722,No Response,0.0,Regular Price,2.4413043478260867,2.4413043478260867,0.0
15905,114.69,82,1,2.7677272727272726,179,-4.855900567985713,No Response,0.0,Regular Price,2.7677272727272726,2.7677272727272726,0.0
17922,170.4,49,1,4.63125,179,-13.740046641962977,No Response,0.0,Regular Price,4.63125,4.63125,0.0
14139,670.98,539,3,2.286046511627907,126,-3.254911067600529,No Response,0.0,Regular Price,2.286046511627907,2.286046511627907,0.0
16205,1062.48,936,3,2.2876,32,-5.578826926175269,No Response,0.0,Regular Price,2.2876,2.2876,0.0
13297,2278.77,1731,3,2.555625,21,-7.600547690375215,No Response,0.0,Regular Price,2.555625,2.555625,0.0
17571,205.24,115,1,2.359074074074074,178,-3.05475418485822,No Response,0.0,Regular Price,2.359074074074074,2.359074074074074,0.0
15816,144.14999999999998,54,2,3.695454545454545,178,-8.951354298163768,No Response,0.0,Regular Price,3.695454545454545,3.695454545454545,0.0
13168,541.14,228,1,3.3555319148936174,178,-8.061375166233006,No Response,0.0,Regular Price,3.3555319148936174,3.3555319148936174,0.0
15625,1702.14,1832,5,1.3097196261682242,12,-0.0846564109276029,No Response,0.0,Regular Price,1.3097196261682242,1.3097196261682242,0.0
15926,134.44,155,1,1.0371428571428571,178,3.331770854096334,High Response,0.15,High Discount,1.0371428571428571,0.8815714285714286,0.15557142857142858
14634,2124.46,1906,4,2.096238532110092,73,-3.125800679609237,No Response,0.0,Regular Price,2.096238532110092,2.096238532110092,0.0
18042,116.1,36,1,3.3833333333333333,177,-7.882461365612201,No Response,0.0,Regular Price,3.3833333333333333,3.3833333333333333,0.0
15040,7.49,1,1,7.49,177,-27.001750273734984,No Response,0.0,Regular Price,7.49,7.49,0.0
17952,788.46,477,4,2.4634693877551017,14,-6.925704984689184,No Response,0.0,Regular Price,2.4634693877551017,2.4634693877551017,0.0
13567,1079.29,643,4,2.583233830845771,64,-6.352845788326287,No Response,0.0,Regular Price,2.583233830845771,2.583233830845771,0.0
13586,127.28,38,1,3.8395,177,-10.033508275445174,No Response,0.0,Regular Price,3.8395,3.8395,0.0
14374,108.0,20,1,8.364285714285714,177,-31.22671483013445,No Response,0.0,Regular Price,8.364285714285714,8.364285714285714,0.0
15432,149.57,27,1,6.973333333333334,177,-24.76830185610967,No Response,0.0,Regular Price,6.973333333333334,6.973333333333334,0.0
14375,871.26,463,2,3.222589928057554,86,-9.53749731092433,No Response,0.0,Regular Price,3.222589928057554,3.222589928057554,0.0
14619,896.8000000000001,442,1,3.31875,177,-8.091711505651983,No Response,0.0,Regular Price,3.31875,3.31875,0.0
14075,792.61,740,3,2.8007894736842105,39,-7.732059816864683,No Response,0.0,Regular Price,2.8007894736842105,2.8007894736842105,0.0
17401,114.85,34,1,4.429166666666666,177,-12.782082476859848,No Response,0.0,Regular Price,4.429166666666666,4.429166666666666,0.0
13112,20.6,11,1,1.475,177,1.1651182555279167,High Response,0.15,High Discount,1.475,1.2537500000000001,0.22124999999999995
16492,385.56,235,1,2.554782608695652,176,-4.090342208795139,No Response,0.0,Regular Price,2.554782608695652,2.554782608695652,0.0
13919,975.87,659,2,2.9293877551020406,60,-8.631524891815182,No Response,0.0,Regular Price,2.9293877551020406,2.9293877551020406,0.0
16134,1527.25,1266,3,2.3130864197530863,59,-5.131548275094984,No Response,0.0,Regular Price,2.3130864197530863,2.3130864197530863,0.0
17098,591.0699999999999,125,3,6.132222222222222,17,-24.763226172900005,No Response,0.0,Regular Price,6.132222222222222,6.132222222222222,0.0
12746,254.55,97,1,3.476470588235294,176,-8.45667690999786,No Response,0.0,Regular Price,3.476470588235294,3.476470588235294,0.0
17692,2234.86,1666,8,2.003879310344828,32,-2.891420913704118,No Response,0.0,Regular Price,2.003879310344828,2.003879310344828,0.0
16515,1554.92,747,5,2.51376,15,-7.508926550381458,No Response,0.0,Regular Price,2.51376,2.51376,0.0
13608,232.05,110,1,2.2661764705882352,176,-2.725910925004595,No Response,0.0,Regular Price,2.2661764705882352,2.2661764705882352,0.0
14508,554.87,218,3,3.3764754098360656,12,-11.746112810212535,No Response,0.0,Regular Price,3.3764754098360656,3.3764754098360656,0.0
16925,125.65,123,1,2.3866666666666667,176,-3.0876512906160416,No Response,0.0,Regular Price,2.3866666666666667,2.3866666666666667,0.0
17953,159.17000000000002,98,1,3.597,176,-8.860281780013803,No Response,0.0,Regular Price,3.597,3.597,0.0
15718,293.79,95,1,5.051111111111111,176,-15.900252821098782,No Response,0.0,Regular Price,5.051111111111111,5.051111111111111,0.0
17341,1006.53,634,3,2.274040404040404,2,-6.786418380329216,No Response,0.0,Regular Price,2.274040404040404,2.274040404040404,0.0
13277,264.9,206,3,1.2633333333333332,16,-1.2864554617674244,No Response,0.0,Regular Price,1.2633333333333332,1.2633333333333332,0.0
16155,796.9,495,5,3.4614583333333333,17,-11.122134790164589,No Response,0.0,Regular Price,3.4614583333333333,3.4614583333333333,0.0
14919,359.35,129,1,3.2192307692307693,175,-7.390310528237206,No Response,0.0,Regular Price,3.2192307692307693,3.2192307692307693,0.0
12412,1370.05,1168,3,2.432878787878788,38,-6.165285824063525,No Response,0.0,Regular Price,2.432878787878788,2.432878787878788,0.0
14840,299.86,148,1,2.8294444444444444,175,-5.428834397789133,No Response,0.0,Regular Price,2.8294444444444444,2.8294444444444444,0.0
16486,134.36,24,1,6.841428571428572,173,-24.23471291208834,No Response,0.0,Regular Price,6.841428571428572,6.841428571428572,0.0
18128,399.29,216,1,2.498095238095238,173,-3.962406216370397,No Response,0.0,Regular Price,2.498095238095238,2.498095238095238,0.0
15247,620.06,354,2,2.6572727272727272,113,-5.983656438496028,No Response,0.0,Regular Price,2.6572727272727272,2.6572727272727272,0.0
16739,463.43,219,1,3.2536,172,-7.6275112415221935,No Response,0.0,Regular Price,3.2536,3.2536,0.0
15786,3582.62,2617,2,3.309045226130653,53,-11.128867657747325,No Response,0.0,Regular Price,3.309045226130653,3.309045226130653,0.0
12469,3070.54,2552,2,2.999605263157895,158,-6.231917247295076,No Response,0.0,Regular Price,2.999605263157895,2.999605263157895,0.0
14338,339.88,287,1,1.8542105263157893,172,-0.735935054391919,No Response,0.0,Regular Price,1.8542105263157893,1.8542105263157893,0.0
13707,2559.45,1859,3,2.259065420560748,65,-5.290391390606293,No Response,0.0,Regular Price,2.259065420560748,2.259065420560748,0.0
16815,406.02,237,2,2.522602739726028,89,-5.845667825528265,No Response,0.0,Regular Price,2.522602739726028,2.522602739726028,0.0
16062,1709.83,1235,4,2.6821487603305787,15,-7.985909059470247,No Response,0.0,Regular Price,2.6821487603305787,2.6821487603305787,0.0
16315,176.34,68,1,4.163333333333333,172,-11.703080862317254,No Response,0.0,Regular Price,4.163333333333333,4.163333333333333,0.0
16503,2182.41,966,7,4.006899224806202,31,-13.949462479520646,No Response,0.0,Regular Price,4.006899224806202,4.006899224806202,0.0
17192,75.28,45,1,3.036,172,-6.299908045519418,No Response,0.0,Regular Price,3.036,3.036,0.0
15081,1460.92,616,8,4.470526315789473,3,-15.945742666500216,No Response,0.0,Regular Price,4.470526315789473,4.470526315789473,0.0
12774,98.7,53,1,3.966666666666667,171,-10.70776625060948,No Response,0.0,Regular Price,3.966666666666667,3.966666666666667,0.0
16227,713.0,346,2,3.0285714285714285,130,-7.452372565764349,No Response,0.0,Regular Price,3.0285714285714285,3.0285714285714285,0.0
12724,1286.11,934,3,2.890263157894737,19,-9.11455444628023,No Response,0.0,Regular Price,2.890263157894737,2.890263157894737,0.0
16894,1306.96,503,3,4.633903743315508,138,-15.068926594796016,No Response,0.0,Regular Price,4.633903743315508,4.633903743315508,0.0
15809,758.67,399,2,15.678695652173914,95,-67.57514576766273,No Response,0.0,Regular Price,15.678695652173914,15.678695652173914,0.0
14874,116.18,148,1,1.1966666666666668,171,2.4201167604119744,High Response,0.15,High Discount,1.1966666666666668,1.0171666666666668,0.1795
14793,396.91,270,1,2.2836000000000003,171,-2.90080788583407,No Response,0.0,Regular Price,2.2836000000000003,2.2836000000000003,0.0
16680,637.75,283,2,2.994736842105263,164,-6.409913254031176,No Response,0.0,Regular Price,2.994736842105263,2.994736842105263,0.0
17422,1615.39,1285,5,2.174545454545455,17,-4.923710237880877,No Response,0.0,Regular Price,2.174545454545455,2.174545454545455,0.0
12792,426.47,177,1,4.581363636363636,170,-13.917526785912138,No Response,0.0,Regular Price,4.581363636363636,4.581363636363636,0.0
17380,645.0,252,3,2.625,70,-6.807919946427218,No Response,0.0,Regular Price,2.625,2.625,0.0
14725,597.16,747,3,1.558679245283019,30,-1.8090267876891677,No Response,0.0,Regular Price,1.558679245283019,1.558679245283019,0.0
17310,1025.1,402,2,2.55,23,-8.395063510975316,No Response,0.0,Regular Price,2.55,2.55,0.0
13942,320.0,1000,1,0.32,170,7.815959231623989,High Response,0.15,High Discount,0.32,0.272,0.04799999999999999
12379,767.98,408,2,2.948780487804878,58,-8.915596239213768,No Response,0.0,Regular Price,2.948780487804878,2.948780487804878,0.0
16825,1051.71,731,3,2.931666666666666,14,-9.44199692491856,No Response,0.0,Regular Price,2.931666666666666,2.931666666666666,0.0
16180,5995.69,3946,5,2.0404242424242427,114,-3.9086139900534542,No Response,0.0,Regular Price,2.0404242424242427,2.0404242424242427,0.0
14509,110.95,38,1,3.51,170,-8.644591858073186,No Response,0.0,Regular Price,3.51,3.51,0.0
15248,1893.93,1065,3,3.086981132075472,47,-10.068335292394444,No Response,0.0,Regular Price,3.086981132075472,3.086981132075472,0.0
15991,150.55,41,1,6.833333333333333,170,-24.268479181908685,No Response,0.0,Regular Price,6.833333333333333,6.833333333333333,0.0
17304,111.5,73,1,3.168,170,-6.975845283418551,No Response,0.0,Regular Price,3.168,3.168,0.0
15913,6.300000000000001,3,1,2.1,170,-1.9349818097987432,No Response,0.0,Regular Price,2.1,2.1,0.0
17686,2557.35,1105,2,3.68034965034965,59,-13.942463457203344,No Response,0.0,Regular Price,3.68034965034965,3.68034965034965,0.0
12705,4893.81,3191,5,2.3078490566037737,19,-7.2542306689103055,No Response,0.0,Regular Price,2.3078490566037737,2.3078490566037737,0.0
14566,2660.0,1600,3,1.6833333333333331,53,-3.5759638921698995,No Response,0.0,Regular Price,1.6833333333333331,1.6833333333333331,0.0
16683,320.25,190,1,3.2088888888888887,169,-7.31366971738009,No Response,0.0,Regular Price,3.2088888888888887,3.2088888888888887,0.0
15043,2333.32,719,5,3.4616666666666664,99,-11.122684711508914,No Response,0.0,Regular Price,3.4616666666666664,3.4616666666666664,0.0
12741,406.07,214,2,12.220625,165,-49.33851033338915,No Response,0.0,Regular Price,12.220625,12.220625,0.0
17099,582.17,317,1,3.178,169,-7.3585850310494685,No Response,0.0,Regular Price,3.178,3.178,0.0
15629,2240.9,1518,4,2.879220779220779,86,-7.403793107855156,No Response,0.0,Regular Price,2.879220779220779,2.879220779220779,0.0
14326,757.13,469,2,3.271020408163265,99,-9.22561637600428,No Response,0.0,Regular Price,3.271020408163265,3.271020408163265,0.0
16961,560.39,357,2,3.261315789473684,24,-11.013567024581342,No Response,0.0,Regular Price,3.261315789473684,3.261315789473684,0.0
15824,890.94,478,2,2.5896153846153847,89,-6.499065793991911,No Response,0.0,Regular Price,2.5896153846153847,2.5896153846153847,0.0
16539,2343.2,838,7,6.055607476635514,9,-24.630659139534647,No Response,0.0,Regular Price,6.055607476635514,6.055607476635514,0.0
15779,124.08,20,2,8.355,99,-32.85262371423906,No Response,0.0,Regular Price,8.355,8.355,0.0
14058,469.19,211,2,3.595,98,-10.79043969360444,No Response,0.0,Regular Price,3.595,3.595,0.0
13861,273.26,225,2,2.770952380952381,65,-7.43279095297901,No Response,0.0,Regular Price,2.770952380952381,2.770952380952381,0.0
14199,906.3,226,3,4.81875,59,-17.852555478057365,No Response,0.0,Regular Price,4.81875,4.81875,0.0
17194,549.88,301,1,3.405,166,-8.476702077329247,No Response,0.0,Regular Price,3.405,3.405,0.0
16529,1531.55,541,3,3.6598979591836738,113,-11.455671578108898,No Response,0.0,Regular Price,3.6598979591836738,3.6598979591836738,0.0
15264,454.66,178,1,3.9040625,166,-10.894287825031228,No Response,0.0,Regular Price,3.9040625,3.9040625,0.0
17812,405.48,242,4,2.452117647058824,4,-6.950294500294226,No Response,0.0,Regular Price,2.452117647058824,2.452117647058824,0.0
16733,259.68,112,1,2.8783333333333334,165,-5.919944535720638,No Response,0.0,Regular Price,2.8783333333333334,2.8783333333333334,0.0
17437,369.68,283,1,3.5225000000000004,165,-8.787639815006365,No Response,0.0,Regular Price,3.5225000000000004,3.5225000000000004,0.0
16012,1563.3,961,2,2.4858620689655173,37,-7.542244092373657,No Response,0.0,Regular Price,2.4858620689655173,2.4858620689655173,0.0
13129,233.25,296,2,1.86,88,-2.365989495166009,No Response,0.0,Regular Price,1.86,1.86,0.0
17578,903.87,391,6,3.721666666666666,110,-9.932430679271093,No Response,0.0,Regular Price,3.721666666666666,3.721666666666666,0.0
13123,506.75,268,2,3.2148888888888885,108,-8.702982952815475,No Response,0.0,Regular Price,3.2148888888888885,3.2148888888888885,0.0
12451,3634.36,2784,3,2.273057324840764,99,-4.468124250867196,No Response,0.0,Regular Price,2.273057324840764,2.273057324840764,0.0
12784,1230.33,582,1,3.6544444444444446,165,-10.2584086284634,No Response,0.0,Regular Price,3.6544444444444446,3.6544444444444446,0.0
17326,312.35,136,2,3.0439534883720927,44,-9.4935777339714,No Response,0.0,Regular Price,3.0439534883720927,3.0439534883720927,0.0
12485,708.1,414,1,2.4105882352941173,165,-3.889621872275512,No Response,0.0,Regular Price,2.4105882352941173,2.4105882352941173,0.0
14020,606.21,207,2,4.716060606060606,112,-15.913828308931212,No Response,0.0,Regular Price,4.716060606060606,4.716060606060606,0.0
13859,314.7,38,1,9.4875,165,-37.10728444470029,No Response,0.0,Regular Price,9.4875,9.4875,0.0
12527,386.8,292,2,2.157142857142857,130,-2.9327868694608044,No Response,0.0,Regular Price,2.157142857142857,2.157142857142857,0.0
12799,219.35,137,1,2.8366666666666664,165,-5.609034518956144,No Response,0.0,Regular Price,2.8366666666666664,2.8366666666666664,0.0
13023,759.13,299,1,5.911944444444444,164,-20.621496603588923,No Response,0.0,Regular Price,5.911944444444444,5.911944444444444,0.0
13299,1076.2,386,2,4.661754385964913,59,-17.46810985723236,No Response,0.0,Regular Price,4.661754385964913,4.661754385964913,0.0
14774,241.45,99,1,5.203846153846153,164,-16.831524928744813,No Response,0.0,Regular Price,5.203846153846153,5.203846153846153,0.0
12788,444.9,194,4,4.119230769230769,99,-12.45482957584517,No Response,0.0,Regular Price,4.119230769230769,4.119230769230769,0.0
12529,316.48,192,1,3.040952380952381,164,-6.646594799620063,No Response,0.0,Regular Price,3.040952380952381,3.040952380952381,0.0
13620,112.34,74,1,2.504,164,-4.021157656644951,No Response,0.0,Regular Price,2.504,2.504,0.0
15430,954.75,309,2,3.955555555555556,103,-12.967950379167824,No Response,0.0,Regular Price,3.955555555555556,3.955555555555556,0.0
12415,19543.84,14073,7,3.075566037735849,11,-13.559991524346175,No Response,0.0,Regular Price,3.075566037735849,3.075566037735849,0.0
15842,548.8,296,2,3.4092,29,-11.67580176159475,No Response,0.0,Regular Price,3.4092,3.4092,0.0
13752,404.4500000000001,131,1,5.063157894736842,163,-16.407955944178504,No Response,0.0,Regular Price,5.063157894736842,5.063157894736842,0.0
13739,75.3,22,1,3.35,163,-8.048378218105306,No Response,0.0,Regular Price,3.35,3.35,0.0
14398,707.79,267,2,3.919433962264151,37,-14.179255017550757,No Response,0.0,Regular Price,3.919433962264151,3.919433962264151,0.0
17666,1319.64,956,3,1.8092307692307688,113,-1.6291164601035169,No Response,0.0,Regular Price,1.8092307692307688,1.8092307692307688,0.0
18053,271.05,107,2,3.275,161,-7.53125413901512,No Response,0.0,Regular Price,3.275,3.275,0.0
14217,1411.91,567,7,5.794691358024691,2,-22.56518252943939,No Response,0.0,Regular Price,5.794691358024691,5.794691358024691,0.0
15486,102.0,40,1,2.55,163,-4.311344733723654,No Response,0.0,Regular Price,2.55,2.55,0.0
17748,358.15,111,1,4.497058823529412,163,-13.718544443377397,No Response,0.0,Regular Price,4.497058823529412,4.497058823529412,0.0
13814,678.2,350,1,3.3840909090909093,163,-8.575089452677403,No Response,0.0,Regular Price,3.3840909090909093,3.3840909090909093,0.0
13649,1304.88,710,5,3.7532,2,-13.305630650393836,No Response,0.0,Regular Price,3.7532,3.7532,0.0
12575,622.8199999999999,315,2,3.570263157894737,93,-10.858011386278676,No Response,0.0,Regular Price,3.570263157894737,3.570263157894737,0.0
12653,1950.98,762,1,2.9111627906976745,162,-7.706093917240142,No Response,0.0,Regular Price,2.9111627906976745,2.9111627906976745,0.0
15852,96.55,12,1,7.618181818181818,162,-28.11775799497584,No Response,0.0,Regular Price,7.618181818181818,7.618181818181818,0.0
17239,806.95,365,3,2.467647058823529,23,-7.33917441369393,No Response,0.0,Regular Price,2.467647058823529,2.467647058823529,0.0
15888,260.85,63,2,4.372222222222222,36,-15.977460690241228,No Response,0.0,Regular Price,4.372222222222222,4.372222222222222,0.0
18109,1828.24,647,13,3.512246696035242,5,-10.064552914333715,No Response,0.0,Regular Price,3.512246696035242,3.512246696035242,0.0
17651,1758.52,974,6,2.9526,134,-5.99976518234557,No Response,0.0,Regular Price,2.9526,2.9526,0.0
13302,95.45,7,1,15.85,162,-66.6766593317132,No Response,0.0,Regular Price,15.85,15.85,0.0
15851,109.73,67,1,1.9925,162,-1.6867979274462832,No Response,0.0,Regular Price,1.9925,1.9925,0.0
16926,1169.61,197,5,6.30125,7,-25.88059857043213,No Response,0.0,Regular Price,6.30125,6.30125,0.0
12576,826.89,527,3,2.866296296296296,28,-8.794943290084941,No Response,0.0,Regular Price,2.866296296296296,2.866296296296296,0.0
13292,415.57,183,3,4.766785714285715,51,-17.082472268673232,No Response,0.0,Regular Price,4.766785714285715,4.766785714285715,0.0
13439,702.9,710,2,2.23212389380531,24,-5.745106763982754,No Response,0.0,Regular Price,2.23212389380531,2.23212389380531,0.0
17187,263.76,282,1,1.863846153846154,162,-0.9230914330812076,No Response,0.0,Regular Price,1.863846153846154,1.863846153846154,0.0
18217,323.29,249,2,2.0044444444444443,149,-1.703065645280005,No Response,0.0,Regular Price,2.0044444444444443,2.0044444444444443,0.0
17080,669.91,403,5,3.4924,15,-11.28608133318053,No Response,0.0,Regular Price,3.4924,3.4924,0.0
16907,722.0500000000001,232,5,3.371764705882353,1,-11.503104906301282,No Response,0.0,Regular Price,3.371764705882353,3.371764705882353,0.0
14693,992.46,354,6,3.475522388059701,61,-10.268969829234726,No Response,0.0,Regular Price,3.475522388059701,3.475522388059701,0.0
18230,1480.86,680,2,2.3581481481481483,14,-7.948889710242073,No Response,0.0,Regular Price,2.3581481481481483,2.3581481481481483,0.0
12633,3514.18,2076,3,2.9680975609756097,18,-10.99780741868036,No Response,0.0,Regular Price,2.9680975609756097,2.9680975609756097,0.0
14699,593.47,407,3,2.222857142857143,71,-4.511625002810974,No Response,0.0,Regular Price,2.222857142857143,2.222857142857143,0.0
14963,1651.23,1128,7,2.1878521126760564,15,-4.645350862139808,No Response,0.0,Regular Price,2.1878521126760564,2.1878521126760564,0.0
13246,1390.23,1209,5,1.540723404255319,29,-1.4170083543456924,No Response,0.0,Regular Price,1.540723404255319,1.540723404255319,0.0
14366,136.0,16,1,8.5,161,-32.331331299425315,No Response,0.0,Regular Price,8.5,8.5,0.0
13125,148.62,53,1,4.5515,159,-13.84077668479124,No Response,0.0,Regular Price,4.5515,4.5515,0.0
14647,270.0,84,1,4.62,159,-14.303559227957528,No Response,0.0,Regular Price,4.62,4.62,0.0
16032,1965.72,1467,6,2.1316190476190475,92,-2.630474178164535,No Response,0.0,Regular Price,2.1316190476190475,2.1316190476190475,0.0
13029,679.8,60,2,8.921428571428573,10,-38.65976935679742,No Response,0.0,Regular Price,8.921428571428573,8.921428571428573,0.0
17376,250.44,158,2,2.786451612903225,40,-8.24540509399871,No Response,0.0,Regular Price,2.786451612903225,2.786451612903225,0.0
15627,566.9,344,2,1.6354166666666667,93,-1.647267520165018,No Response,0.0,Regular Price,1.6354166666666667,1.6354166666666667,0.0
15678,1473.24,838,2,2.993,31,-10.161727673819913,No Response,0.0,Regular Price,2.993,2.993,0.0
16110,460.64,160,1,3.8406818181818174,158,-10.849718814519044,No Response,0.0,Regular Price,3.8406818181818174,3.8406818181818174,0.0
15969,460.95,99,2,6.868666666666667,61,-27.284319011145545,No Response,0.0,Regular Price,6.868666666666667,6.868666666666667,0.0
12953,498.96,280,1,4.2051612903225815,158,-12.38727791812737,No Response,0.0,Regular Price,4.2051612903225815,4.2051612903225815,0.0
12693,847.11,281,3,4.71,32,-17.83742870448491,No Response,0.0,Regular Price,4.71,4.71,0.0
15076,566.89,295,2,3.770322580645161,128,-10.833627758280848,No Response,0.0,Regular Price,3.770322580645161,3.770322580645161,0.0
14900,13.919999999999998,48,1,0.29,158,6.305350842705938,High Response,0.15,High Discount,0.29,0.24649999999999997,0.04350000000000001
16576,540.87,323,2,3.313333333333333,56,-10.461488596937118,No Response,0.0,Regular Price,3.313333333333333,3.313333333333333,0.0
17901,149.7,14,2,14.55,157,-60.4162228834084,No Response,0.0,Regular Price,14.55,14.55,0.0
12403,591.6600000000001,164,1,7.1325,157,-26.50229954776123,No Response,0.0,Regular Price,7.1325,7.1325,0.0
12730,829.25,234,1,4.915957446808511,157,-16.381660272989695,No Response,0.0,Regular Price,4.915957446808511,4.915957446808511,0.0
14452,399.9,169,2,3.120289855072464,31,-10.269686800001995,No Response,0.0,Regular Price,3.120289855072464,3.120289855072464,0.0
12749,2806.48,889,4,6.165035971223021,35,-26.278120124334414,No Response,0.0,Regular Price,6.165035971223021,6.165035971223021,0.0
13909,282.85,301,2,3.499473684210526,59,-10.868344474121953,No Response,0.0,Regular Price,3.499473684210526,3.499473684210526,0.0
16443,162.24,96,1,1.69,156,-0.4567491195518771,No Response,0.0,Regular Price,1.69,1.69,0.0
15133,824.48,280,2,3.1995,18,-11.469193098864192,No Response,0.0,Regular Price,3.1995,3.1995,0.0
17129,31.85,5,1,6.725,156,-23.99612406818138,No Response,0.0,Regular Price,6.725,6.725,0.0
13534,1850.82,908,10,2.711145833333333,15,-6.720112507914859,No Response,0.0,Regular Price,2.711145833333333,2.711145833333333,0.0
16649,306.58000000000004,82,1,6.8095,156,-24.699936872063383,No Response,0.0,Regular Price,6.8095,6.8095,0.0
15056,113.65,69,1,3.4333333333333336,156,-8.59259417426918,No Response,0.0,Regular Price,3.4333333333333336,3.4333333333333336,0.0
13677,551.24,217,2,3.4912264150943395,40,-11.932487012292547,No Response,0.0,Regular Price,3.4912264150943395,3.4912264150943395,0.0
15127,304.97,213,1,4.706666666666667,155,-14.620656271375168,No Response,0.0,Regular Price,4.706666666666667,4.706666666666667,0.0
12782,2287.32,931,6,4.066774193548388,10,-15.39552619359086,No Response,0.0,Regular Price,4.066774193548388,4.066774193548388,0.0
12592,2145.06,1585,3,12.9815873015873,155,-53.0156432328348,No Response,0.0,Regular Price,12.9815873015873,12.9815873015873,0.0
16650,1397.69,1139,6,2.316891891891892,56,-4.122070682761525,No Response,0.0,Regular Price,2.316891891891892,2.316891891891892,0.0
12963,1744.96,928,5,3.3046315789473684,1,-11.540377928365796,No Response,0.0,Regular Price,3.3046315789473684,3.3046315789473684,0.0
18279,231.34,630,1,0.5476923076923077,155,5.789597252532992,High Response,0.15,High Discount,0.5476923076923077,0.4655384615384615,0.08215384615384619
12841,3472.61,2609,17,2.4609747292418773,5,-2.5533720798386224,No Response,0.0,Regular Price,2.4609747292418773,2.4609747292418773,0.0
13399,275.4,120,3,3.61,100,-10.284172108084036,No Response,0.0,Regular Price,3.61,3.61,0.0
17492,747.85,295,2,3.937037037037037,114,-12.278667576687234,No Response,0.0,Regular Price,3.937037037037037,3.937037037037037,0.0
14580,14.85,3,1,4.95,154,-15.710885092501108,No Response,0.0,Regular Price,4.95,4.95,0.0
15283,148.33,27,3,6.448888888888889,26,-25.46581359076642,No Response,0.0,Regular Price,6.448888888888889,6.448888888888889,0.0
16049,777.34,369,3,2.734731182795699,11,-8.843833118484115,No Response,0.0,Regular Price,2.734731182795699,2.734731182795699,0.0
14516,151.17,63,1,2.86,152,-6.085402543626395,No Response,0.0,Regular Price,2.86,2.86,0.0
13779,161.13,53,1,4.027777777777778,151,-11.616248005804351,No Response,0.0,Regular Price,4.027777777777778,4.027777777777778,0.0
18238,270.92,114,1,2.895714285714285,151,-6.378974366971757,No Response,0.0,Regular Price,2.895714285714285,2.895714285714285,0.0
17143,880.97,314,2,3.4870535714285715,53,-11.936919006704937,No Response,0.0,Regular Price,3.4870535714285715,3.4870535714285715,0.0
14248,730.37,590,2,2.4325641025641027,95,-5.122903072818622,No Response,0.0,Regular Price,2.4325641025641027,2.4325641025641027,0.0
16469,178.48000000000002,72,1,3.741739130434783,150,-10.294576109251151,No Response,0.0,Regular Price,3.741739130434783,3.741739130434783,0.0
13428,276.76,205,2,1.7497014925373136,150,-0.492132459512165,No Response,0.0,Regular Price,1.7497014925373136,1.7497014925373136,0.0
16435,1003.07,608,3,4.13488,148,-11.762412987128702,No Response,0.0,Regular Price,4.13488,4.13488,0.0
17408,283.44000000000005,160,2,4.23,136,-12.569169247299795,No Response,0.0,Regular Price,4.23,4.23,0.0
14610,24.35,15,2,2.01,31,-4.743588996269729,No Response,0.0,Regular Price,2.01,2.01,0.0
17714,1257.18,516,4,4.763661971830985,60,-17.211009515446122,No Response,0.0,Regular Price,4.763661971830985,4.763661971830985,0.0
18123,92.2,34,1,3.7704545454545455,149,-10.385067142094144,No Response,0.0,Regular Price,3.7704545454545455,3.7704545454545455,0.0
17034,530.9,284,2,2.435714285714286,45,-6.695679489209615,No Response,0.0,Regular Price,2.435714285714286,2.435714285714286,0.0
15332,4892.68,2306,6,2.56474025974026,2,-10.237172516359408,No Response,0.0,Regular Price,2.56474025974026,2.56474025974026,0.0
18096,808.81,621,3,2.2681538461538464,78,-4.485254265463211,No Response,0.0,Regular Price,2.2681538461538464,2.2681538461538464,0.0
16172,744.34,632,3,2.0075,109,-2.332452993565852,No Response,0.0,Regular Price,2.0075,2.0075,0.0
14007,79.48,16,1,6.358,148,-22.54268837284439,No Response,0.0,Regular Price,6.358,6.358,0.0
15530,311.37,390,1,1.8905714285714288,148,-1.2804799382611307,No Response,0.0,Regular Price,1.8905714285714288,1.8905714285714288,0.0
17559,167.62,270,1,0.7866666666666666,148,3.895590559810048,High Response,0.15,High Discount,0.7866666666666666,0.6686666666666666,0.118
17783,93.49,84,1,2.685416666666667,148,-5.234542604636534,No Response,0.0,Regular Price,2.685416666666667,2.685416666666667,0.0
13255,504.95,340,2,4.015789473684211,9,-14.876271602403522,No Response,0.0,Regular Price,4.015789473684211,4.015789473684211,0.0
14084,150.5,306,1,0.8885714285714286,148,3.516838148952029,High Response,0.15,High Discount,0.8885714285714286,0.7552857142857142,0.13328571428571434
16251,128.31,44,1,3.031,148,-6.988717040620079,No Response,0.0,Regular Price,3.031,3.031,0.0
17968,590.4399999999999,352,4,1.879375,9,-4.232862335700583,No Response,0.0,Regular Price,1.879375,1.879375,0.0
18021,216.41,168,2,2.5359375,145,-4.275135542734625,No Response,0.0,Regular Price,2.5359375,2.5359375,0.0
15908,758.62,173,2,3.336,126,-9.407979560950007,No Response,0.0,Regular Price,3.336,3.336,0.0
17921,1574.13,566,6,3.3705504587155963,15,-11.52651674886714,No Response,0.0,Regular Price,3.3705504587155963,3.3705504587155963,0.0
15452,1256.63,807,3,2.3948251748251748,26,-6.810630170257096,No Response,0.0,Regular Price,2.3948251748251748,2.3948251748251748,0.0
13959,470.73,339,3,2.6880597014925374,35,-7.550795314725134,No Response,0.0,Regular Price,2.6880597014925374,2.6880597014925374,0.0
17680,313.05,59,2,8.95,19,-37.95125583761773,No Response,0.0,Regular Price,8.95,8.95,0.0
12977,474.64,116,3,6.154489795918368,137,-21.58137298480515,No Response,0.0,Regular Price,6.154489795918368,6.154489795918368,0.0
16128,1920.83,1457,6,2.235268817204301,16,-5.029967777627936,No Response,0.0,Regular Price,2.235268817204301,2.235268817204301,0.0
17541,119.86,44,1,3.3796774193548385,145,-8.685295858154232,No Response,0.0,Regular Price,3.3796774193548385,3.3796774193548385,0.0
17261,221.59,95,1,2.43,145,-4.308172591553708,No Response,0.0,Regular Price,2.43,2.43,0.0
14553,959.33,625,4,1.9656,47,-3.7360100567801737,No Response,0.0,Regular Price,1.9656,1.9656,0.0
15151,2085.61,795,2,13.795438596491229,59,-61.12964667347104,No Response,0.0,Regular Price,13.795438596491229,13.795438596491229,0.0
17339,119.0,36,2,3.59,1,-13.037295509387413,No Response,0.0,Regular Price,3.59,3.59,0.0
15189,1298.99,753,5,3.4520689655172414,17,-11.413298359746722,No Response,0.0,Regular Price,3.4520689655172414,3.4520689655172414,0.0
16496,731.25,653,3,2.277441860465116,67,-4.622392246191461,No Response,0.0,Regular Price,2.277441860465116,2.277441860465116,0.0
14674,173.66,103,1,2.68,145,-5.383562770000258,No Response,0.0,Regular Price,2.68,2.68,0.0
16089,263.49,119,2,3.2412765957446807,22,-10.939409301061392,No Response,0.0,Regular Price,3.2412765957446807,3.2412765957446807,0.0
14599,457.89,292,2,2.2720253164556965,26,-6.2842679316070535,No Response,0.0,Regular Price,2.2720253164556965,2.2720253164556965,0.0
12696,851.91,564,2,3.293673469387755,70,-10.056492840438926,No Response,0.0,Regular Price,3.293673469387755,3.293673469387755,0.0
16861,772.83,476,3,2.622093023255814,26,-7.712168308003357,No Response,0.0,Regular Price,2.622093023255814,2.622093023255814,0.0
15788,221.83,115,1,4.875714285714286,144,-15.749318276613105,No Response,0.0,Regular Price,4.875714285714286,4.875714285714286,0.0
17395,97.5,66,1,2.083333333333333,144,-2.560199650524962,No Response,0.0,Regular Price,2.083333333333333,2.083333333333333,0.0
17090,1105.53,441,6,2.793793103448276,10,-8.41722403275412,No Response,0.0,Regular Price,2.793793103448276,2.793793103448276,0.0
17470,1679.8,1168,7,1.96,3,-3.859109744000861,No Response,0.0,Regular Price,1.96,1.96,0.0
12864,152.45,231,1,0.69,144,4.194125198931226,High Response,0.15,High Discount,0.69,0.5864999999999999,0.10350000000000004
14922,843.74,376,2,3.9884,29,-14.724221102815507,No Response,0.0,Regular Price,3.9884,3.9884,0.0
13509,135.0,108,1,1.25,143,1.3356731608703591,High Response,0.15,High Discount,1.25,1.0625,0.1875
16129,1396.05,1261,3,3.4642708333333334,43,-10.728487450363453,No Response,0.0,Regular Price,3.4642708333333334,3.4642708333333334,0.0
15617,828.5500000000001,485,3,3.208333333333333,32,-10.377494235335371,No Response,0.0,Regular Price,3.208333333333333,3.208333333333333,0.0
12480,2183.2200000000003,1245,3,3.43340909090909,35,-12.13385635352472,No Response,0.0,Regular Price,3.43340909090909,3.43340909090909,0.0
14797,300.31,99,1,4.170625,143,-12.635026652234108,No Response,0.0,Regular Price,4.170625,4.170625,0.0
12720,2478.94,1645,6,2.769741935483871,5,-8.382554198210464,No Response,0.0,Regular Price,2.769741935483871,2.769741935483871,0.0
13913,42.22,10,1,10.13,142,-40.3126755899885,No Response,0.0,Regular Price,10.13,10.13,0.0
13444,619.08,331,2,2.349122807017544,10,-7.252713164350679,No Response,0.0,Regular Price,2.349122807017544,2.349122807017544,0.0
18074,1019.44,361,2,4.56906976744186,9,-18.283753897215774,No Response,0.0,Regular Price,4.56906976744186,4.56906976744186,0.0
14858,180.75,105,1,1.95,141,-2.076428108949243,No Response,0.0,Regular Price,1.95,1.95,0.0
16975,926.12,586,3,2.376666666666667,59,-5.749265922263927,No Response,0.0,Regular Price,2.376666666666667,2.376666666666667,0.0
17643,439.7,226,2,3.4596774193548385,9,-12.384736157338494,No Response,0.0,Regular Price,3.4596774193548385,3.4596774193548385,0.0
16555,1629.79,1641,4,2.024897959183673,141,-0.7203996094231497,No Response,0.0,Regular Price,2.024897959183673,2.024897959183673,0.0
12421,291.56,168,2,5.3355,51,-19.947061292319813,No Response,0.0,Regular Price,5.3355,5.3355,0.0
16165,79.9,2,1,39.95,141,-180.0690917681336,No Response,0.0,Regular Price,39.95,39.95,0.0
17918,396.39,352,3,1.98675,136,-1.5000372260085442,No Response,0.0,Regular Price,1.98675,1.98675,0.0
14236,1253.78,502,4,3.271714285714286,8,-11.593017292109815,No Response,0.0,Regular Price,3.271714285714286,3.271714285714286,0.0
17177,119.5,40,1,3.398275862068965,141,-8.883224063685025,No Response,0.0,Regular Price,3.398275862068965,3.398275862068965,0.0
13788,3.75,1,1,3.75,141,-10.413350382374592,No Response,0.0,Regular Price,3.75,3.75,0.0
18026,2074.07,530,2,5.149411764705882,136,-19.139233239288405,No Response,0.0,Regular Price,5.149411764705882,5.149411764705882,0.0
12595,299.02,271,1,3.190526315789473,140,-7.786387114129484,No Response,0.0,Regular Price,3.190526315789473,3.190526315789473,0.0
16203,521.64,345,3,2.6209523809523807,8,-8.009350401663077,No Response,0.0,Regular Price,2.6209523809523807,2.6209523809523807,0.0
13665,1711.66,1652,3,2.0283018867924527,22,-4.313759904885933,No Response,0.0,Regular Price,2.0283018867924527,2.0283018867924527,0.0
14312,1478.7,892,5,4.443870967741935,14,-16.16510190031726,No Response,0.0,Regular Price,4.443870967741935,4.443870967741935,0.0
18132,220.13,212,1,2.0232258064516127,140,-2.302939984700121,No Response,0.0,Regular Price,2.0232258064516127,2.0232258064516127,0.0
18244,568.64,856,2,1.4942105263157894,66,-0.6935341126330581,No Response,0.0,Regular Price,1.4942105263157894,1.4942105263157894,0.0
17112,197.57,130,1,1.9951063829787232,138,-2.344849311110112,No Response,0.0,Regular Price,1.9951063829787232,1.9951063829787232,0.0
12866,668.23,382,2,3.1924324324324327,110,-8.593483231693003,No Response,0.0,Regular Price,3.1924324324324327,3.1924324324324327,0.0
15431,153.24,84,1,2.02,138,-2.476968015043011,No Response,0.0,Regular Price,2.02,2.02,0.0
12410,320.38,130,1,5.4192857142857145,138,-18.585481237561623,No Response,0.0,Regular Price,5.4192857142857145,5.4192857142857145,0.0
13239,1265.13,824,4,3.1534722222222222,73,-8.748021487212327,No Response,0.0,Regular Price,3.1534722222222222,3.1534722222222222,0.0
13250,253.09,107,2,2.4589473684210525,96,-5.364006931536446,No Response,0.0,Regular Price,2.4589473684210525,2.4589473684210525,0.0
12889,385.46,124,4,5.0932,17,-19.178021820806222,No Response,0.0,Regular Price,5.0932,5.0932,0.0
13137,3983.65,2034,8,2.5283734087694483,22,-7.805332219998908,No Response,0.0,Regular Price,2.5283734087694483,2.5283734087694483,0.0
15378,246.5,130,2,1.8916666666666664,98,-2.599829433692044,No Response,0.0,Regular Price,1.8916666666666664,1.8916666666666664,0.0
12476,7267.49,3223,12,4.146192170818505,32,-16.76856033126855,No Response,0.0,Regular Price,4.146192170818505,4.146192170818505,0.0
15080,546.25,287,2,2.388709677419355,63,-6.028846651242846,No Response,0.0,Regular Price,2.388709677419355,2.388709677419355,0.0
17494,54.7,26,1,4.283333333333333,137,-13.050999524424617,No Response,0.0,Regular Price,4.283333333333333,4.283333333333333,0.0
14435,90.42,282,1,0.5566666666666666,137,4.839612056536165,High Response,0.15,High Discount,0.5566666666666666,0.4731666666666666,0.08350000000000002
17224,100.86,65,1,7.1425,137,-26.442082632620146,No Response,0.0,Regular Price,7.1425,7.1425,0.0
15142,2121.18,1790,5,1.9827586206896552,46,-3.13532809579804,No Response,0.0,Regular Price,1.9827586206896552,1.9827586206896552,0.0
12801,1071.82,505,1,4.5974,136,-15.311476694185025,No Response,0.0,Regular Price,4.5974,4.5974,0.0
14384,58.5,30,1,1.95,136,-2.1480704450600285,No Response,0.0,Regular Price,1.95,1.95,0.0
16219,40.8,48,1,0.85,136,3.067888918839901,High Response,0.15,High Discount,0.85,0.7224999999999999,0.12750000000000006
15873,313.92,1152,4,0.2833333333333333,135,8.52221021351306,High Response,0.15,High Discount,0.2833333333333333,0.24083333333333332,0.04250000000000001
13384,2528.9,1720,4,3.074910714285714,26,-9.962335998371245,No Response,0.0,Regular Price,3.074910714285714,3.074910714285714,0.0
13161,359.38,76,1,5.7756,136,-20.475909509178727,No Response,0.0,Regular Price,5.7756,5.7756,0.0
15284,24.75,5,1,4.95,136,-16.189939166935133,No Response,0.0,Regular Price,4.95,4.95,0.0
12804,325.37,270,2,2.022878787878788,101,-2.995908802345691,No Response,0.0,Regular Price,2.022878787878788,2.022878787878788,0.0
12547,175.78,175,1,3.082307692307692,136,-7.364470881828999,No Response,0.0,Regular Price,3.082307692307692,3.082307692307692,0.0
13435,637.44,625,2,2.4716666666666667,12,-7.234015924308405,No Response,0.0,Regular Price,2.4716666666666667,2.4716666666666667,0.0
17122,432.18,288,3,1.6486956521739131,24,-3.0032102923247503,No Response,0.0,Regular Price,1.6486956521739131,1.6486956521739131,0.0
15228,2193.56,1120,2,3.2295412844036697,64,-11.066424459834163,No Response,0.0,Regular Price,3.2295412844036697,3.2295412844036697,0.0
14463,256.95,31,1,8.2,135,-31.772498851339563,No Response,0.0,Regular Price,8.2,8.2,0.0
15596,1723.45,815,5,3.9327272727272726,1,-14.665621981737306,No Response,0.0,Regular Price,3.9327272727272726,3.9327272727272726,0.0
18207,544.47,325,1,2.941935483870968,135,-7.055761457072077,No Response,0.0,Regular Price,2.941935483870968,2.941935483870968,0.0
13796,289.7,218,1,2.2977272727272724,135,-3.8222955561116017,No Response,0.0,Regular Price,2.2977272727272724,2.2977272727272724,0.0
16278,551.46,228,2,5.9071875,116,-21.256395794289578,No Response,0.0,Regular Price,5.9071875,5.9071875,0.0
16937,196.25,123,1,1.9846938775510203,135,-2.385231259594382,No Response,0.0,Regular Price,1.9846938775510203,1.9846938775510203,0.0
18264,603.25,241,1,4.597222222222222,134,-15.094843541262076,No Response,0.0,Regular Price,4.597222222222222,4.597222222222222,0.0
14833,94.8,58,1,2.0,134,-2.4401208987702776,No Response,0.0,Regular Price,2.0,2.0,0.0
14901,860.11,387,5,2.888142857142857,2,-9.141103878143728,No Response,0.0,Regular Price,2.888142857142857,2.888142857142857,0.0
18075,3171.54,1817,10,3.4340331491712712,10,-10.66899404608806,No Response,0.0,Regular Price,3.4340331491712712,3.4340331491712712,0.0
12737,3710.5,2,2,1855.25,134,-8687.28214041457,No Response,0.0,Regular Price,1855.25,1855.25,0.0
17168,400.2,220,1,3.2785714285714285,134,-8.62188694536385,No Response,0.0,Regular Price,3.2785714285714285,3.2785714285714285,0.0
16045,2094.23,1211,4,2.5206153846153847,52,-6.957699863099911,No Response,0.0,Regular Price,2.5206153846153847,2.5206153846153847,0.0
12408,1452.22,820,3,3.211666666666667,21,-11.066214170760356,No Response,0.0,Regular Price,3.211666666666667,3.211666666666667,0.0
15021,826.91,350,4,2.6578947368421053,2,-8.45806680911289,No Response,0.0,Regular Price,2.6578947368421053,2.6578947368421053,0.0
14346,1294.17,1273,3,2.6905813953488376,61,-6.445658712419732,No Response,0.0,Regular Price,2.6905813953488376,2.6905813953488376,0.0
16428,638.49,575,3,2.2476377952755904,49,-4.94629821712758,No Response,0.0,Regular Price,2.2476377952755904,2.2476377952755904,0.0
17109,410.42,200,2,3.1904347826086954,42,-10.270419413860363,No Response,0.0,Regular Price,3.1904347826086954,3.1904347826086954,0.0
17735,4134.91,2462,8,3.4466504854368933,3,-12.018388507721133,No Response,0.0,Regular Price,3.4466504854368933,3.4466504854368933,0.0
15459,202.83,121,2,3.402857142857143,53,-10.787842355980994,No Response,0.0,Regular Price,3.402857142857143,3.402857142857143,0.0
14455,617.72,706,4,1.3909090909090909,68,0.2261203766465884,High Response,0.15,High Discount,1.3909090909090909,1.1822727272727271,0.20863636363636373
13766,190.35,137,1,2.074117647058824,131,-2.870635678164529,No Response,0.0,Regular Price,2.074117647058824,2.074117647058824,0.0
13474,419.75,189,2,3.32484375,79,-9.977994678341313,No Response,0.0,Regular Price,3.32484375,3.32484375,0.0
12862,984.62,611,2,2.926564885496183,61,-8.700251652949504,No Response,0.0,Regular Price,2.926564885496183,2.926564885496183,0.0
13617,734.57,293,5,3.9533333333333336,44,-13.014715011364174,No Response,0.0,Regular Price,3.9533333333333336,3.9533333333333336,0.0
15666,632.9399999999999,469,2,2.0407462686567164,108,-3.023896468206299,No Response,0.0,Regular Price,2.0407462686567164,2.0407462686567164,0.0
15200,549.05,195,1,3.796666666666667,130,-11.44845259854318,No Response,0.0,Regular Price,3.796666666666667,3.796666666666667,0.0
18277,1069.67,381,4,5.311964285714287,33,-20.42842065615431,No Response,0.0,Regular Price,5.311964285714287,5.311964285714287,0.0
13090,5189.32,1181,13,4.656456692913386,1,-20.08883750885957,No Response,0.0,Regular Price,4.656456692913386,4.656456692913386,0.0
12907,508.91,177,2,5.2084,31,-20.21473838572046,No Response,0.0,Regular Price,5.2084,5.2084,0.0
16060,541.95,243,3,4.502083333333333,36,-16.32548881601891,No Response,0.0,Regular Price,4.502083333333333,4.502083333333333,0.0
16440,216.3,90,1,2.9360000000000004,129,-7.093379842719589,No Response,0.0,Regular Price,2.9360000000000004,2.9360000000000004,0.0
14001,2487.01,911,7,3.264383561643836,9,-11.656612370109675,No Response,0.0,Regular Price,3.264383561643836,3.264383561643836,0.0
18048,222.64,129,1,2.655192307692308,129,-5.713080494492684,No Response,0.0,Regular Price,2.655192307692308,2.655192307692308,0.0
17665,563.1,690,1,1.513157894736842,129,0.1582607713120607,High Response,0.15,High Discount,1.513157894736842,1.2861842105263157,0.22697368421052633
16880,321.78,158,1,3.943333333333333,129,-11.854484167366794,No Response,0.0,Regular Price,3.943333333333333,3.943333333333333,0.0
16316,2806.0,1573,5,3.5066438356164387,16,-12.61203981964976,No Response,0.0,Regular Price,3.5066438356164387,3.5066438356164387,0.0
14219,543.89,285,2,4.201944444444445,45,-14.98693754356074,No Response,0.0,Regular Price,4.201944444444445,4.201944444444445,0.0
15363,678.11,383,2,2.6225714285714288,8,-8.582441008009523,No Response,0.0,Regular Price,2.6225714285714288,2.6225714285714288,0.0
16417,35.7,6,1,5.95,128,-21.0967206502768,No Response,0.0,Regular Price,5.95,5.95,0.0
15387,468.65,335,1,2.165,128,-3.4528784081158674,No Response,0.0,Regular Price,2.165,2.165,0.0
16334,263.73,206,1,2.7385185185185184,128,-6.0480446564888695,No Response,0.0,Regular Price,2.7385185185185184,2.7385185185185184,0.0
15587,608.4000000000001,216,3,2.874,28,-9.07138765150013,No Response,0.0,Regular Price,2.874,2.874,0.0
13084,122.4,144,1,0.85,127,2.885277005049804,High Response,0.15,High Discount,0.85,0.7224999999999999,0.12750000000000006
13155,778.42,412,3,2.67240506329114,4,-8.65157919755018,No Response,0.0,Regular Price,2.67240506329114,2.67240506329114,0.0
17156,591.87,391,1,2.0646153846153843,127,-3.1051401643583283,No Response,0.0,Regular Price,2.0646153846153843,2.0646153846153843,0.0
18079,590.78,1383,1,0.94,127,4.091273857798772,High Response,0.15,High Discount,0.94,0.7989999999999999,0.14100000000000001
15271,2146.95,1239,10,2.516878787878788,1,-6.023239424030254,No Response,0.0,Regular Price,2.516878787878788,2.516878787878788,0.0
14521,199.45,211,1,2.414705882352941,127,-4.440675050782018,No Response,0.0,Regular Price,2.414705882352941,2.414705882352941,0.0
13135,275.45,123,1,4.305882352941176,127,-13.5950191172494,No Response,0.0,Regular Price,4.305882352941176,4.305882352941176,0.0
13140,790.71,461,3,3.4908,2,-12.461341234129335,No Response,0.0,Regular Price,3.4908,3.4908,0.0
18154,533.41,371,3,1.7634615384615384,24,-3.54803654035428,No Response,0.0,Regular Price,1.7634615384615384,1.7634615384615384,0.0
17975,2527.17,700,12,3.806629834254144,2,-12.961085628896894,No Response,0.0,Regular Price,3.806629834254144,3.806629834254144,0.0
16196,93.3,26,1,3.7125,124,-10.778878200577006,No Response,0.0,Regular Price,3.7125,3.7125,0.0
17132,1220.91,963,2,3.123521126760564,88,-8.632573023095027,No Response,0.0,Regular Price,3.123521126760564,3.123521126760564,0.0
14575,420.22,163,1,3.2468055555555555,124,-8.876386556264018,No Response,0.0,Regular Price,3.2468055555555555,3.2468055555555555,0.0
17393,381.15,238,2,2.8854166666666665,46,-8.615697621731604,No Response,0.0,Regular Price,2.8854166666666665,2.8854166666666665,0.0
15262,239.87,145,2,2.54,16,-7.72081196230145,No Response,0.0,Regular Price,2.54,2.54,0.0
13653,152.2,72,1,2.783333333333333,123,-6.462082258602434,No Response,0.0,Regular Price,2.783333333333333,2.783333333333333,0.0
17732,2166.42,1058,8,4.515081967213115,8,-16.341289330450294,No Response,0.0,Regular Price,4.515081967213115,4.515081967213115,0.0
12458,830.09,480,2,3.6663043478260873,63,-12.109872746499054,No Response,0.0,Regular Price,3.6663043478260873,3.6663043478260873,0.0
15595,357.6,144,1,2.2,123,-3.932523827502049,No Response,0.0,Regular Price,2.2,2.2,0.0
14631,1018.71,785,3,2.8872000000000004,22,-8.866518927749704,No Response,0.0,Regular Price,2.8872000000000004,2.8872000000000004,0.0
14794,633.99,110,3,13.28,38,-57.79396771094839,No Response,0.0,Regular Price,13.28,13.28,0.0
17212,567.5600000000001,580,2,1.8064,94,-1.964560484456559,No Response,0.0,Regular Price,1.8064,1.8064,0.0
14022,352.15000000000003,194,1,2.5010526315789474,122,-5.262069559475801,No Response,0.0,Regular Price,2.5010526315789474,2.5010526315789474,0.0
14053,312.05,275,2,1.334,33,-1.4999933851179703,No Response,0.0,Regular Price,1.334,1.334,0.0
13045,503.64,184,2,3.864074074074074,37,-13.741163263511128,No Response,0.0,Regular Price,3.864074074074074,3.864074074074074,0.0
14722,309.1,96,2,3.510169491525424,113,-9.9612225480816,No Response,0.0,Regular Price,3.510169491525424,3.510169491525424,0.0
16221,1325.8,787,7,3.198525641025641,3,-9.80996905773897,No Response,0.0,Regular Price,3.198525641025641,3.198525641025641,0.0
13839,139.95000000000002,25,1,5.635714285714286,122,-19.917114601564883,No Response,0.0,Regular Price,5.635714285714286,5.635714285714286,0.0
14144,30.6,12,1,2.55,122,-5.309262053573457,No Response,0.0,Regular Price,2.55,2.55,0.0
14913,2845.7,2212,4,2.209375,24,-5.532386382795486,No Response,0.0,Regular Price,2.209375,2.209375,0.0
13717,318.29,185,2,3.613636363636364,93,-10.806400307703235,No Response,0.0,Regular Price,3.613636363636364,3.613636363636364,0.0
15837,385.03,216,1,3.389642857142857,121,-9.46143048799106,No Response,0.0,Regular Price,3.389642857142857,3.389642857142857,0.0
13594,136.35000000000002,37,1,5.8500000000000005,121,-20.917246607773546,No Response,0.0,Regular Price,5.8500000000000005,5.8500000000000005,0.0
12771,282.3,104,1,5.656666666666666,121,-20.1247929382177,No Response,0.0,Regular Price,5.656666666666666,5.656666666666666,0.0
14700,880.96,292,2,3.3563636363636364,51,-11.419440666318271,No Response,0.0,Regular Price,3.3563636363636364,3.3563636363636364,0.0
14822,157.70000000000002,94,1,2.677777777777778,121,-5.985984047055896,No Response,0.0,Regular Price,2.677777777777778,2.677777777777778,0.0
17615,392.2,238,3,2.8907142857142856,23,-8.87626901124967,No Response,0.0,Regular Price,2.8907142857142856,2.8907142857142856,0.0
14736,374.05,148,2,3.1388636363636366,121,-8.022180822861792,No Response,0.0,Regular Price,3.1388636363636366,3.1388636363636366,0.0
15110,509.75,91,2,7.605555555555556,39,-31.402249675829303,No Response,0.0,Regular Price,7.605555555555556,7.605555555555556,0.0
16033,1985.63,723,8,3.446614785992218,5,-11.765034525777558,No Response,0.0,Regular Price,3.446614785992218,3.446614785992218,0.0
15652,1068.2,449,4,4.266913580246913,23,-15.658806967077442,No Response,0.0,Regular Price,4.266913580246913,4.266913580246913,0.0
16477,1825.56,1217,5,2.281403508771929,7,-6.165593673722039,No Response,0.0,Regular Price,2.281403508771929,2.281403508771929,0.0
14630,338.65,111,1,5.104761904761905,120,-17.646322454503853,No Response,0.0,Regular Price,5.104761904761905,5.104761904761905,0.0
18227,295.0,1,1,295.0,120,-1375.4165159311692,No Response,0.0,Regular Price,295.0,295.0,0.0
12959,150.95,109,1,3.8,120,-11.227060205754356,No Response,0.0,Regular Price,3.8,3.8,0.0
17639,506.67,527,5,2.118055555555556,23,-4.129529450306266,No Response,0.0,Regular Price,2.118055555555556,2.118055555555556,0.0
14550,587.69,382,2,2.7212,24,-8.481011901641466,No Response,0.0,Regular Price,2.7212,2.7212,0.0
12676,1511.7,1197,5,3.9393548387096775,44,-12.487206021525155,No Response,0.0,Regular Price,3.9393548387096775,3.9393548387096775,0.0
14153,233.4,312,1,0.9076470588235294,119,2.5495478998919685,High Response,0.15,High Discount,0.9076470588235294,0.7715,0.1361470588235294
16345,613.33,323,1,2.6616901408450704,119,-6.276557288948178,No Response,0.0,Regular Price,2.6616901408450704,2.6616901408450704,0.0
17300,393.64,467,2,2.0211363636363635,26,-4.662174444949237,No Response,0.0,Regular Price,2.0211363636363635,2.0211363636363635,0.0
15893,305.28000000000003,288,1,1.06,117,1.6178259090122074,High Response,0.15,High Discount,1.06,0.901,0.15900000000000003
16043,1082.6,508,4,3.7205882352941178,15,-13.21691358339488,No Response,0.0,Regular Price,3.7205882352941178,3.7205882352941178,0.0
17248,181.89,63,1,2.8634285714285714,117,-7.059620800422504,No Response,0.0,Regular Price,2.8634285714285714,2.8634285714285714,0.0
16468,712.62,340,2,2.3504651162790697,106,-4.909640214368942,No Response,0.0,Regular Price,2.3504651162790697,2.3504651162790697,0.0
14996,442.29,404,2,2.2653658536585364,117,-3.651284771359093,No Response,0.0,Regular Price,2.2653658536585364,2.2653658536585364,0.0
14183,278.34000000000003,60,2,5.3167647058823535,47,-20.150834613861413,No Response,0.0,Regular Price,5.3167647058823535,5.3167647058823535,0.0
17299,336.62,251,2,1.8925862068965515,75,-3.1151500977789857,No Response,0.0,Regular Price,1.8925862068965515,1.8925862068965515,0.0
15050,2349.5,1384,2,2.5193150684931505,57,-7.668467336412849,No Response,0.0,Regular Price,2.5193150684931505,2.5193150684931505,0.0
12687,2138.91,1403,2,4.4835714285714285,116,-14.950722749336506,No Response,0.0,Regular Price,4.4835714285714285,4.4835714285714285,0.0
13063,188.4,116,1,2.2916666666666665,116,-4.315722584300101,No Response,0.0,Regular Price,2.2916666666666665,2.2916666666666665,0.0
14379,917.06,420,2,3.95719512195122,29,-14.614732387750566,No Response,0.0,Regular Price,3.95719512195122,3.95719512195122,0.0
13945,854.15,413,2,3.369607843137255,30,-11.745836554434382,No Response,0.0,Regular Price,3.369607843137255,3.369607843137255,0.0
14531,376.34,260,1,2.464827586206897,115,-5.185857091010889,No Response,0.0,Regular Price,2.464827586206897,2.464827586206897,0.0
17430,469.41,325,3,2.578928571428572,1,-7.94578924614602,No Response,0.0,Regular Price,2.578928571428572,2.578928571428572,0.0
14749,310.15,403,1,1.705,115,-1.239272536053972,No Response,0.0,Regular Price,1.705,1.705,0.0
17513,645.6,186,2,3.4958333333333336,44,-12.067864196327008,No Response,0.0,Regular Price,3.4958333333333336,3.4958333333333336,0.0
15072,187.52,164,1,1.4115384615384616,115,-0.1250965524912843,No Response,0.0,Regular Price,1.4115384615384616,1.4115384615384616,0.0
13320,679.4,423,2,1.7659090909090909,70,-2.8883092141284483,No Response,0.0,Regular Price,1.7659090909090909,1.7659090909090909,0.0
17627,296.36,676,1,1.869,114,-1.4797087512812723,No Response,0.0,Regular Price,1.869,1.869,0.0
15310,1634.64,1476,1,1.6122222222222222,114,-0.9521668228635384,No Response,0.0,Regular Price,1.6122222222222222,1.6122222222222222,0.0
17792,368.35,149,2,3.4465384615384616,103,-9.91808127450695,No Response,0.0,Regular Price,3.4465384615384616,3.4465384615384616,0.0
16675,608.86,296,2,2.781304347826087,77,-7.591466605522249,No Response,0.0,Regular Price,2.781304347826087,2.781304347826087,0.0
16638,749.8100000000001,396,6,2.92,4,-8.658545227071755,No Response,0.0,Regular Price,2.92,2.92,0.0
15764,1223.11,895,2,2.6098550724637684,70,-6.829248397821341,No Response,0.0,Regular Price,2.6098550724637684,2.6098550724637684,0.0
17585,948.03,860,3,2.3245454545454547,81,-4.4390904290370345,No Response,0.0,Regular Price,2.3245454545454547,2.3245454545454547,0.0
15154,1089.44,244,2,4.494313725490196,114,-15.556721930426,No Response,0.0,Regular Price,4.494313725490196,4.494313725490196,0.0
15506,1058.25,795,3,2.0399107142857145,17,-5.074529708339988,No Response,0.0,Regular Price,2.0399107142857145,2.0399107142857145,0.0
17599,52.05,11,1,5.15,113,-17.756412499336815,No Response,0.0,Regular Price,5.15,5.15,0.0
12851,148.95,51,1,3.316666666666667,113,-9.254306895067096,No Response,0.0,Regular Price,3.316666666666667,3.316666666666667,0.0
16919,2515.76,1003,14,3.1437096774193547,4,-8.439508533352772,No Response,0.0,Regular Price,3.1437096774193547,3.1437096774193547,0.0
13479,550.42,582,2,2.023421052631579,88,-3.103945954939024,No Response,0.0,Regular Price,2.023421052631579,2.023421052631579,0.0
18191,321.6,192,1,2.0625,113,-3.3944633036238216,No Response,0.0,Regular Price,2.0625,2.0625,0.0
16299,193.65,107,1,2.891666666666667,113,-7.229604012000742,No Response,0.0,Regular Price,2.891666666666667,2.891666666666667,0.0
12519,385.7,212,1,3.274090909090909,112,-9.1623939489054,No Response,0.0,Regular Price,3.274090909090909,3.274090909090909,0.0
12433,7205.39,6045,5,2.0148951048951047,2,-4.62770903645886,No Response,0.0,Regular Price,2.0148951048951047,2.0148951048951047,0.0
16562,223.86,264,1,1.1917647058823528,112,0.9601926738422386,High Response,0.15,High Discount,1.1917647058823528,1.013,0.17876470588235294
16294,126.05,54,1,2.71875,112,-6.436090640794577,No Response,0.0,Regular Price,2.71875,2.71875,0.0
12865,1755.24,1048,2,3.0066,14,-10.727679630908913,No Response,0.0,Regular Price,3.0066,3.0066,0.0
15322,711.18,555,1,4.314390243902439,112,-13.909994530874515,No Response,0.0,Regular Price,4.314390243902439,4.314390243902439,0.0
14243,4842.28,2466,8,3.559217391304348,1,-13.76815465322752,No Response,0.0,Regular Price,3.559217391304348,3.559217391304348,0.0
16396,137.8,80,1,1.9,112,-2.5707926170101483,No Response,0.0,Regular Price,1.9,1.9,0.0
15855,340.48,242,1,2.057333333333333,112,-3.330467485196638,No Response,0.0,Regular Price,2.057333333333333,2.057333333333333,0.0
17471,321.65000000000003,153,1,2.805263157894737,110,-7.026566775209729,No Response,0.0,Regular Price,2.805263157894737,2.805263157894737,0.0
12450,490.32,314,3,2.396206896551724,35,-6.265221705309639,No Response,0.0,Regular Price,2.396206896551724,2.396206896551724,0.0
17689,317.08,300,2,1.199090909090909,24,-1.0612102098555989,No Response,0.0,Regular Price,1.199090909090909,1.199090909090909,0.0
14767,382.81,117,1,5.240555555555556,110,-18.60331865801671,No Response,0.0,Regular Price,5.240555555555556,5.240555555555556,0.0
16770,1152.63,652,5,2.7194146341463417,8,-8.167807924477765,No Response,0.0,Regular Price,2.7194146341463417,2.7194146341463417,0.0
14565,760.1,400,1,2.960606060606061,109,-8.03046072105565,No Response,0.0,Regular Price,2.960606060606061,2.960606060606061,0.0
18140,536.41,395,1,2.2735185185185185,109,-4.449741060244762,No Response,0.0,Regular Price,2.2735185185185185,2.2735185185185185,0.0
15683,330.79,201,1,2.57125,109,-5.878502606899369,No Response,0.0,Regular Price,2.57125,2.57125,0.0
14187,123.5,50,1,4.8,109,-16.26420761112223,No Response,0.0,Regular Price,4.8,4.8,0.0
14321,687.3100000000001,869,2,2.259464285714286,67,-4.423886082142621,No Response,0.0,Regular Price,2.259464285714286,2.259464285714286,0.0
13452,139.8,4,1,34.95,108,-157.60429778320565,No Response,0.0,Regular Price,34.95,34.95,0.0
16314,1491.4,636,3,3.6217741935483874,25,-13.306022301259372,No Response,0.0,Regular Price,3.6217741935483874,3.6217741935483874,0.0
17649,710.4,324,2,3.737173913043478,105,-11.45714449963097,No Response,0.0,Regular Price,3.737173913043478,3.737173913043478,0.0
14342,249.88,174,2,3.5041666666666664,68,-10.848977285751372,No Response,0.0,Regular Price,3.5041666666666664,3.5041666666666664,0.0
17336,81.12,48,1,1.69,108,-1.6587354838588984,No Response,0.0,Regular Price,1.69,1.69,0.0
18124,102.65,47,1,2.691,108,-6.384404555064981,No Response,0.0,Regular Price,2.691,2.691,0.0
12721,1356.95,696,2,4.053589743589744,21,-15.46999849657854,No Response,0.0,Regular Price,4.053589743589744,4.053589743589744,0.0
14229,1046.84,324,4,4.82125,39,-18.047574988623204,No Response,0.0,Regular Price,4.82125,4.82125,0.0
13548,223.28,122,1,2.699508196721312,107,-6.505390678044608,No Response,0.0,Regular Price,2.699508196721312,2.699508196721312,0.0
14787,110.65,59,1,2.288,107,-4.513008278318909,No Response,0.0,Regular Price,2.288,2.288,0.0
16448,178.13,100,1,1.9761290322580645,107,-3.0852122708164376,No Response,0.0,Regular Price,1.9761290322580645,1.9761290322580645,0.0
14268,354.85,147,1,3.4342105263157894,106,-10.142664476021444,No Response,0.0,Regular Price,3.4342105263157894,3.4342105263157894,0.0
14866,6460.32,2481,8,3.290263157894737,2,-15.149331821675712,No Response,0.0,Regular Price,3.290263157894737,3.290263157894737,0.0
16235,1186.4,458,4,5.343478260869565,11,-21.19094990880739,No Response,0.0,Regular Price,5.343478260869565,5.343478260869565,0.0
16375,104.0,74,2,1.7115384615384617,106,-1.4203599095645805,No Response,0.0,Regular Price,1.7115384615384617,1.7115384615384617,0.0
14482,2283.91,1242,6,2.72392523364486,15,-8.367093615170516,No Response,0.0,Regular Price,2.72392523364486,2.72392523364486,0.0
16288,129.85,19,1,8.721428571428572,106,-34.7774960227759,No Response,0.0,Regular Price,8.721428571428572,8.721428571428572,0.0
14544,934.23,876,1,1.819868421052632,106,-2.13099994227009,No Response,0.0,Regular Price,1.819868421052632,1.819868421052632,0.0
13884,1037.43,452,5,3.4578861788617887,12,-11.719284165393564,No Response,0.0,Regular Price,3.4578861788617887,3.4578861788617887,0.0
14499,1293.35,735,4,2.2822314049586776,10,-6.520391839346978,No Response,0.0,Regular Price,2.2822314049586776,2.2822314049586776,0.0
16421,526.27,123,3,6.691842105263158,12,-27.40951472063042,No Response,0.0,Regular Price,6.691842105263158,6.691842105263158,0.0
16870,450.16,278,1,2.7842857142857147,105,-7.029081252066119,No Response,0.0,Regular Price,2.7842857142857147,2.7842857142857147,0.0
17894,1292.39,573,11,2.886515837104072,2,-7.220251813645761,No Response,0.0,Regular Price,2.886515837104072,2.886515837104072,0.0
15936,282.79,211,2,2.934736842105263,15,-9.53859165413652,No Response,0.0,Regular Price,2.934736842105263,2.934736842105263,0.0
15074,817.46,608,2,1.6651612903225803,65,-2.4165538899862398,No Response,0.0,Regular Price,1.6651612903225803,1.6651612903225803,0.0
15166,167.16,140,1,2.47,103,-5.405737413600827,No Response,0.0,Regular Price,2.47,2.47,0.0
13922,692.95,374,2,2.471739130434783,73,-6.233892372481224,No Response,0.0,Regular Price,2.471739130434783,2.471739130434783,0.0
17384,171.15,33,1,3.2700000000000005,103,-9.366863859740176,No Response,0.0,Regular Price,3.2700000000000005,3.2700000000000005,0.0
12423,763.08,454,2,3.14725,23,-10.654483166930047,No Response,0.0,Regular Price,3.14725,3.14725,0.0
14885,832.8,584,2,1.641875,63,-2.431526487471699,No Response,0.0,Regular Price,1.641875,1.641875,0.0
14433,280.7,131,1,2.462162162162162,101,-5.627517136626622,No Response,0.0,Regular Price,2.462162162162162,2.462162162162162,0.0
17126,1026.98,646,4,2.430761421319797,17,-6.763751765293596,No Response,0.0,Regular Price,2.430761421319797,2.430761421319797,0.0
13714,161.35,50,1,3.635,101,-11.078683776221624,No Response,0.0,Regular Price,3.635,3.635,0.0
12651,263.75,187,3,1.9523809523809523,14,-4.600219278991062,No Response,0.0,Regular Price,1.9523809523809523,1.9523809523809523,0.0
12573,556.87,395,4,2.2493406593406595,17,-5.61866952739777,No Response,0.0,Regular Price,2.2493406593406595,2.2493406593406595,0.0
16819,182.59,253,2,2.7847058823529416,101,-6.3588289068691495,No Response,0.0,Regular Price,2.7847058823529416,2.7847058823529416,0.0
12761,782.95,281,2,4.394444444444445,93,-15.050659642482788,No Response,0.0,Regular Price,4.394444444444445,4.394444444444445,0.0
17215,186.15,104,1,2.518181818181818,100,-5.81072289077883,No Response,0.0,Regular Price,2.518181818181818,2.518181818181818,0.0
15574,774.84,577,3,2.1827322404371583,8,-5.928080551066886,No Response,0.0,Regular Price,2.1827322404371583,2.1827322404371583,0.0
15677,648.4,356,2,3.4730769230769227,57,-11.298704728139064,No Response,0.0,Regular Price,3.4730769230769227,3.4730769230769227,0.0
12414,390.0,195,3,30.354,99,-135.60200769636313,No Response,0.0,Regular Price,30.354,30.354,0.0
16065,1992.13,1207,8,2.105184135977337,1,-4.656773933508875,No Response,0.0,Regular Price,2.105184135977337,2.105184135977337,0.0
18182,291.13,167,1,2.298,99,-4.857960658848687,No Response,0.0,Regular Price,2.298,2.298,0.0
12831,236.06,168,2,2.666923076923077,99,-6.113332191165616,No Response,0.0,Regular Price,2.666923076923077,2.666923076923077,0.0
14908,104.1,50,1,2.8600000000000003,99,-7.4056695215071215,No Response,0.0,Regular Price,2.8600000000000003,2.8600000000000003,0.0
13992,142.7,90,2,2.6,16,-7.946794086708699,No Response,0.0,Regular Price,2.6,2.6,0.0
15424,214.44,319,1,0.744375,99,2.8410977516684985,High Response,0.15,High Discount,0.744375,0.63271875,0.11165625000000001
16872,533.11,479,3,4.773636363636364,63,-16.424182961495106,No Response,0.0,Regular Price,4.773636363636364,4.773636363636364,0.0
16239,1078.0,464,4,2.5375,18,-7.676411892391856,No Response,0.0,Regular Price,2.5375,2.5375,0.0
12808,422.45,187,3,3.609615384615384,4,-12.88487796973292,No Response,0.0,Regular Price,3.609615384615384,3.609615384615384,0.0
14086,39.95,1,1,39.95,98,-181.1187638029452,No Response,0.0,Regular Price,39.95,39.95,0.0
16100,582.64,438,1,1.6881081081081082,98,-1.986672395333621,No Response,0.0,Regular Price,1.6881081081081082,1.6881081081081082,0.0
14009,404.3,586,1,1.591875,98,-0.9512457642177532,No Response,0.0,Regular Price,1.591875,1.591875,0.0
15092,318.65,95,1,5.234210526315789,98,-18.820426138131648,No Response,0.0,Regular Price,5.234210526315789,5.234210526315789,0.0
16289,136.31,97,1,1.8066666666666664,98,-2.460968450273884,No Response,0.0,Regular Price,1.8066666666666664,1.8066666666666664,0.0
14163,148.71,57,1,1.856666666666667,98,-2.7935216742400484,No Response,0.0,Regular Price,1.856666666666667,1.856666666666667,0.0
14753,306.36,201,1,1.8033333333333328,96,-2.5783925563983656,No Response,0.0,Regular Price,1.8033333333333328,1.8033333333333328,0.0
13809,524.65,252,2,4.953846153846154,30,-18.929003633111662,No Response,0.0,Regular Price,4.953846153846154,4.953846153846154,0.0
13506,1180.68,850,4,2.698472222222222,5,-8.188080639866133,No Response,0.0,Regular Price,2.698472222222222,2.698472222222222,0.0
13032,1805.78,899,7,3.2475,28,-9.973513522216102,No Response,0.0,Regular Price,3.2475,3.2475,0.0
14318,158.02,152,1,1.6377777777777778,96,-1.651145210675618,No Response,0.0,Regular Price,1.6377777777777778,1.6377777777777778,0.0
13785,542.49,151,4,5.6306666666666665,64,-20.686281622080816,No Response,0.0,Regular Price,5.6306666666666665,5.6306666666666665,0.0
15543,114.4,81,1,2.1525000000000003,95,-4.15289640349136,No Response,0.0,Regular Price,2.1525000000000003,2.1525000000000003,0.0
13133,90.65,23,1,5.07,95,-17.88919584863131,No Response,0.0,Regular Price,5.07,5.07,0.0
12859,575.1,292,1,2.7261904761904763,94,-7.223015943637879,No Response,0.0,Regular Price,2.7261904761904763,2.7261904761904763,0.0
16832,218.46,146,2,2.054444444444444,64,-4.165400168959588,No Response,0.0,Regular Price,2.054444444444444,2.054444444444444,0.0
14968,353.65,130,1,4.463617021276596,94,-15.30555422087882,No Response,0.0,Regular Price,4.463617021276596,4.463617021276596,0.0
12605,1232.95,929,4,2.224078947368421,12,-5.718579302033652,No Response,0.0,Regular Price,2.224078947368421,2.224078947368421,0.0
12819,540.52,344,1,3.3342105263157897,94,-9.911809116483326,No Response,0.0,Regular Price,3.3342105263157897,3.3342105263157897,0.0
13683,258.6,180,1,1.73,93,-2.273939542372119,No Response,0.0,Regular Price,1.73,1.73,0.0
13076,135.4,44,1,3.983333333333333,93,-12.88572335592383,No Response,0.0,Regular Price,3.983333333333333,3.983333333333333,0.0
12777,519.45,458,1,3.200384615384615,93,-9.05434347760604,No Response,0.0,Regular Price,3.200384615384615,3.200384615384615,0.0
15752,1557.96,985,3,2.1752307692307693,8,-6.404800028429607,No Response,0.0,Regular Price,2.1752307692307693,2.1752307692307693,0.0
13005,485.98,290,2,3.870666666666666,67,-12.759205370089774,No Response,0.0,Regular Price,3.870666666666666,3.870666666666666,0.0
12635,1241.23,777,2,2.795512820512821,28,-9.046598926069436,No Response,0.0,Regular Price,2.795512820512821,2.795512820512821,0.0
16972,749.0,183,2,4.507317073170732,18,-17.65667608217977,No Response,0.0,Regular Price,4.507317073170732,4.507317073170732,0.0
12770,1895.0,1100,1,2.733125,92,-7.936141609672838,No Response,0.0,Regular Price,2.733125,2.733125,0.0
14688,2056.3,1911,8,2.1691304347826086,9,-3.487710614231717,No Response,0.0,Regular Price,2.1691304347826086,2.1691304347826086,0.0
13046,319.94,241,1,3.0685714285714285,92,-8.552264836723772,No Response,0.0,Regular Price,3.0685714285714285,3.0685714285714285,0.0
12460,326.65,170,1,4.381111111111111,92,-14.848272719833137,No Response,0.0,Regular Price,4.381111111111111,4.381111111111111,0.0
16886,134.0,48,1,3.8375,92,-12.218568488404053,No Response,0.0,Regular Price,3.8375,3.8375,0.0
17456,975.56,508,2,3.3371666666666666,1,-12.363065227826093,No Response,0.0,Regular Price,3.3371666666666666,3.3371666666666666,0.0
18255,199.85,127,1,1.9507692307692308,92,-3.3388696833492366,No Response,0.0,Regular Price,1.9507692307692308,1.9507692307692308,0.0
16095,447.05,265,1,2.4066666666666667,92,-5.617586884003986,No Response,0.0,Regular Price,2.4066666666666667,2.4066666666666667,0.0
17762,129.75,129,1,1.918235294117647,92,-3.065828005321709,No Response,0.0,Regular Price,1.918235294117647,1.918235294117647,0.0
14444,120.44,172,1,1.230909090909091,92,0.2521151111882522,High Response,0.15,High Discount,1.230909090909091,1.0462727272727272,0.1846363636363637
17473,607.0,270,2,3.194117647058824,44,-10.427323019102968,No Response,0.0,Regular Price,3.194117647058824,3.194117647058824,0.0
17366,1077.24,504,2,2.907862595419848,68,-8.793524469378397,No Response,0.0,Regular Price,2.907862595419848,2.907862595419848,0.0
12760,347.8,198,1,2.979047619047619,91,-8.288905701602035,No Response,0.0,Regular Price,2.979047619047619,2.979047619047619,0.0
17369,979.2,1152,1,0.85,91,2.4838031625268004,High Response,0.15,High Discount,0.85,0.7224999999999999,0.12750000000000006
14708,1085.91,888,3,5.4264,4,-21.1362680996988,No Response,0.0,Regular Price,5.4264,5.4264,0.0
14445,221.65,83,1,2.7171875,91,-7.07588105711357,No Response,0.0,Regular Price,2.7171875,2.7171875,0.0
14635,215.22,118,1,3.8766666666666665,89,-12.4790171619337,No Response,0.0,Regular Price,3.8766666666666665,3.8766666666666665,0.0
15992,854.61,497,2,2.324901960784313,32,-6.638994874730939,No Response,0.0,Regular Price,2.324901960784313,2.324901960784313,0.0
16042,1067.85,687,3,2.9798305084745764,15,-9.754042097904964,No Response,0.0,Regular Price,2.9798305084745764,2.9798305084745764,0.0
16799,452.78,162,2,3.421195652173913,68,-10.821779998813934,No Response,0.0,Regular Price,3.421195652173913,3.421195652173913,0.0
15006,277.4,101,1,3.9694,89,-13.049938184328504,No Response,0.0,Regular Price,3.9694,3.9694,0.0
15406,465.16,293,2,2.0227536231884056,89,-3.494492025944269,No Response,0.0,Regular Price,2.0227536231884056,2.0227536231884056,0.0
17383,110.7,12,1,5.6,89,-20.58154124331596,No Response,0.0,Regular Price,5.6,5.6,0.0
17728,1362.75,677,2,3.6556962025316455,40,-13.160822036271828,No Response,0.0,Regular Price,3.6556962025316455,3.6556962025316455,0.0
17308,4511.76,5148,2,0.8871428571428571,29,2.962047265080784,High Response,0.15,High Discount,0.8871428571428571,0.7540714285714285,0.13307142857142862
13440,1295.25,573,7,3.222881355932204,59,-8.837847917778861,No Response,0.0,Regular Price,3.222881355932204,3.222881355932204,0.0
13537,717.85,337,2,3.2404761904761905,61,-10.258374936302324,No Response,0.0,Regular Price,3.2404761904761905,3.2404761904761905,0.0
17616,489.6,192,2,2.55,3,-8.429255631584036,No Response,0.0,Regular Price,2.55,2.55,0.0
15107,620.85,187,4,6.050000000000001,8,-24.161851794395385,No Response,0.0,Regular Price,6.050000000000001,6.050000000000001,0.0
13312,124.75,41,1,3.5700000000000003,87,-11.093580882022591,No Response,0.0,Regular Price,3.5700000000000003,3.5700000000000003,0.0
14363,227.47000000000003,105,2,3.4275,38,-11.36410104403845,No Response,0.0,Regular Price,3.4275,3.4275,0.0
17149,143.10000000000002,18,1,7.95,87,-31.681142951104256,No Response,0.0,Regular Price,7.95,7.95,0.0
16690,127.45,71,2,2.835714285714286,29,-8.7253227916674,No Response,0.0,Regular Price,2.835714285714286,2.835714285714286,0.0
18136,847.03,481,2,3.3004,45,-10.88900662223394,No Response,0.0,Regular Price,3.3004,3.3004,0.0
14381,423.26,303,1,1.6626785714285717,87,-2.1494467936721984,No Response,0.0,Regular Price,1.6626785714285717,1.6626785714285717,0.0
14231,309.91,201,1,2.0489473684210524,86,-3.9936968165885753,No Response,0.0,Regular Price,2.0489473684210524,2.0489473684210524,0.0
15966,426.53,275,1,1.9855555555555555,86,-3.747311516864342,No Response,0.0,Regular Price,1.9855555555555555,1.9855555555555555,0.0
12768,168.69000000000003,102,1,3.008,86,-8.442214066721247,No Response,0.0,Regular Price,3.008,3.008,0.0
15906,962.5,205,3,6.759803921568627,10,-28.34706041985312,No Response,0.0,Regular Price,6.759803921568627,6.759803921568627,0.0
13784,447.44,334,3,4.4816666666666665,70,-15.014498791440763,No Response,0.0,Regular Price,4.4816666666666665,4.4816666666666665,0.0
17403,118.95,77,1,5.406923076923078,86,-19.642495631493965,No Response,0.0,Regular Price,5.406923076923078,5.406923076923078,0.0
16005,1786.78,989,6,2.248480565371025,11,-5.907570758222995,No Response,0.0,Regular Price,2.248480565371025,2.248480565371025,0.0
16522,433.36,212,2,4.754444444444444,71,-16.8583474139449,No Response,0.0,Regular Price,4.754444444444444,4.754444444444444,0.0
15685,55.98,36,1,1.7629411764705885,86,-2.55186788971889,No Response,0.0,Regular Price,1.7629411764705885,1.7629411764705885,0.0
16080,385.4,170,2,3.1525,21,-10.65356771814136,No Response,0.0,Regular Price,3.1525,3.1525,0.0
16979,1007.74,586,3,3.40525,19,-11.738832315361998,No Response,0.0,Regular Price,3.40525,3.40525,0.0
16589,153.12,168,1,1.2754545454545456,86,-0.174202412247455,No Response,0.0,Regular Price,1.2754545454545456,1.2754545454545456,0.0
15301,2533.09,1515,6,3.0272262773722627,4,-9.957169192697751,No Response,0.0,Regular Price,3.0272262773722627,3.0272262773722627,0.0
17392,168.65,173,1,3.512142857142857,86,-10.66515508468769,No Response,0.0,Regular Price,3.512142857142857,3.512142857142857,0.0
13374,422.8,135,2,6.044117647058823,50,-23.57434217031014,No Response,0.0,Regular Price,6.044117647058823,6.044117647058823,0.0
13424,572.77,529,1,1.672,85,-2.054821693940768,No Response,0.0,Regular Price,1.672,1.672,0.0
16646,678.8,1072,1,1.6158620689655172,85,-0.913319309025174,No Response,0.0,Regular Price,1.6158620689655172,1.6158620689655172,0.0
15962,289.48,228,1,1.654,85,-2.08349478223006,No Response,0.0,Regular Price,1.654,1.654,0.0
15341,382.2,196,1,1.95,85,-3.6863815488463767,No Response,0.0,Regular Price,1.95,1.95,0.0
15748,465.4500000000001,211,2,3.471875,85,-10.544471069287306,No Response,0.0,Regular Price,3.471875,3.471875,0.0
15535,541.47,179,2,4.3324137931034485,40,-15.929482524045069,No Response,0.0,Regular Price,4.3324137931034485,4.3324137931034485,0.0
13398,213.0,60,1,5.273076923076923,84,-19.257231717407524,No Response,0.0,Regular Price,5.273076923076923,5.273076923076923,0.0
16146,212.25,117,1,2.3916666666666666,84,-5.651070906210419,No Response,0.0,Regular Price,2.3916666666666666,2.3916666666666666,0.0
16371,157.2,108,1,3.686363636363636,84,-11.64013113397031,No Response,0.0,Regular Price,3.686363636363636,3.686363636363636,0.0
12554,468.5,240,1,3.824230769230769,84,-12.547914492896435,No Response,0.0,Regular Price,3.824230769230769,3.824230769230769,0.0
17765,156.37,52,1,4.1888,84,-14.100573167284113,No Response,0.0,Regular Price,4.1888,4.1888,0.0
15026,579.89,370,2,2.121688311688312,11,-6.020598879340472,No Response,0.0,Regular Price,2.121688311688312,2.121688311688312,0.0
12425,964.21,651,1,2.2994545454545454,84,-5.434294856427252,No Response,0.0,Regular Price,2.2994545454545454,2.2994545454545454,0.0
17743,229.2,96,1,2.45,84,-5.99330708462897,No Response,0.0,Regular Price,2.45,2.45,0.0
15876,1449.14,886,2,3.7018181818181817,45,-12.985018178469454,No Response,0.0,Regular Price,3.7018181818181817,3.7018181818181817,0.0
12543,980.25,688,1,2.6132558139534883,84,-6.858699137928626,No Response,0.0,Regular Price,2.6132558139534883,2.6132558139534883,0.0
18089,428.45,95,1,7.779999999999999,82,-31.3403509417564,No Response,0.0,Regular Price,7.779999999999999,7.779999999999999,0.0
16983,1748.15,1087,5,3.8765979381443296,5,-13.81165745000943,No Response,0.0,Regular Price,3.8765979381443296,3.8765979381443296,0.0
13701,161.0,80,1,2.272222222222222,82,-5.13003734595968,No Response,0.0,Regular Price,2.272222222222222,2.272222222222222,0.0
13554,1629.35,578,7,4.05954081632653,16,-14.41728049746208,No Response,0.0,Regular Price,4.05954081632653,4.05954081632653,0.0
13067,393.05,99,2,5.194117647058824,45,-19.743610226375186,No Response,0.0,Regular Price,5.194117647058824,5.194117647058824,0.0
15519,344.61,116,2,2.951081081081081,19,-9.799098357976632,No Response,0.0,Regular Price,2.951081081081081,2.951081081081081,0.0
14776,1170.0,1524,4,1.0846575342465754,23,1.1637677503974455,High Response,0.15,High Discount,1.0846575342465754,0.921958904109589,0.16269863013698638
17255,490.22,356,2,2.170555555555556,26,-5.738556117304347,No Response,0.0,Regular Price,2.170555555555556,2.170555555555556,0.0
16264,823.53,616,2,2.5863492063492064,74,-6.49197785045489,No Response,0.0,Regular Price,2.5863492063492064,2.5863492063492064,0.0
15870,506.02,171,3,4.051159420289855,32,-14.397450150847876,No Response,0.0,Regular Price,4.051159420289855,4.051159420289855,0.0
15599,488.32,380,1,2.043225806451613,81,-4.045852677729464,No Response,0.0,Regular Price,2.043225806451613,2.043225806451613,0.0
15462,502.45,323,1,2.493333333333333,81,-6.288097874292068,No Response,0.0,Regular Price,2.493333333333333,2.493333333333333,0.0
17811,1757.98,1132,8,2.5348765432098763,10,-6.191512318163523,No Response,0.0,Regular Price,2.5348765432098763,2.5348765432098763,0.0
13702,135.18,74,1,2.378,81,-5.619968351256068,No Response,0.0,Regular Price,2.378,2.378,0.0
14212,1119.66,894,1,1.7725,81,-2.830970186700506,No Response,0.0,Regular Price,1.7725,1.7725,0.0
17055,232.85,83,1,3.2807692307692307,81,-9.993028189172854,No Response,0.0,Regular Price,3.2807692307692307,3.2807692307692307,0.0
12850,330.0,200,1,1.65,81,-2.29034144060853,No Response,0.0,Regular Price,1.65,1.65,0.0
17167,867.11,429,3,3.130253164556962,15,-10.625437859483045,No Response,0.0,Regular Price,3.130253164556962,3.130253164556962,0.0
14668,111.63,49,1,2.195,81,-4.7722959814481545,No Response,0.0,Regular Price,2.195,2.195,0.0
17834,689.6700000000001,639,2,3.856034482758621,50,-12.792340085828384,No Response,0.0,Regular Price,3.856034482758621,3.856034482758621,0.0
17284,1140.58,707,2,4.5580487804878045,25,-17.34694287932583,No Response,0.0,Regular Price,4.5580487804878045,4.5580487804878045,0.0
14906,68.44,1,1,68.44,81,-315.03032250277136,No Response,0.0,Regular Price,68.44,68.44,0.0
13375,1013.58,682,1,3.1594117647058826,80,-9.587287014303154,No Response,0.0,Regular Price,3.1594117647058826,3.1594117647058826,0.0
15473,274.8,104,1,2.6833333333333336,80,-7.2501285931329935,No Response,0.0,Regular Price,2.6833333333333336,2.6833333333333336,0.0
13689,349.5,210,1,1.75,80,-2.7976272719327917,No Response,0.0,Regular Price,1.75,1.75,0.0
16465,746.24,504,2,2.4052083333333334,56,-6.19899685186866,No Response,0.0,Regular Price,2.4052083333333334,2.4052083333333334,0.0
14716,235.77,148,1,1.89,80,-3.3842763203177797,No Response,0.0,Regular Price,1.89,1.89,0.0
17480,370.41,243,1,2.13375,80,-4.565500837735804,No Response,0.0,Regular Price,2.13375,2.13375,0.0
12751,268.27,189,1,1.834032258064516,80,-3.096639202452891,No Response,0.0,Regular Price,1.834032258064516,1.834032258064516,0.0
15041,109.47,91,1,1.3363157894736843,80,-0.6916235299787297,No Response,0.0,Regular Price,1.3363157894736843,1.3363157894736843,0.0
14169,621.51,205,2,4.02734375,66,-13.909857065401392,No Response,0.0,Regular Price,4.02734375,4.02734375,0.0
14761,192.02,88,1,3.2238461538461536,80,-9.674618000261672,No Response,0.0,Regular Price,3.2238461538461536,3.2238461538461536,0.0
16998,107.0,28,1,4.0,80,-13.284431365052736,No Response,0.0,Regular Price,4.0,4.0,0.0
15728,544.6,132,2,4.133333333333334,15,-15.74155061996275,No Response,0.0,Regular Price,4.133333333333334,4.133333333333334,0.0
14126,466.33,379,1,2.1525000000000003,80,-4.54882223213218,No Response,0.0,Regular Price,2.1525000000000003,2.1525000000000003,0.0
17161,856.01,537,1,2.546730769230769,80,-6.737260799322582,No Response,0.0,Regular Price,2.546730769230769,2.546730769230769,0.0
14933,1770.0,600,4,2.95,79,-8.916119576304249,No Response,0.0,Regular Price,2.95,2.95,0.0
12578,1847.94,1184,2,3.0263793103448275,21,-10.529060775938143,No Response,0.0,Regular Price,3.0263793103448275,3.0263793103448275,0.0
17840,175.9,128,1,1.771,79,-2.7920113477007584,No Response,0.0,Regular Price,1.771,1.771,0.0
14570,395.69,336,1,3.223333333333333,79,-9.555504845809484,No Response,0.0,Regular Price,3.223333333333333,3.223333333333333,0.0
13205,2803.2,256,1,10.95,79,-49.90740950240967,No Response,0.0,Regular Price,10.95,10.95,0.0
15761,143.05,31,1,7.290000000000001,78,-28.79812574232493,No Response,0.0,Regular Price,7.290000000000001,7.290000000000001,0.0
16857,352.8,168,1,2.6045454545454545,78,-6.938557651455798,No Response,0.0,Regular Price,2.6045454545454545,2.6045454545454545,0.0
13519,220.46,110,1,2.9127272727272726,78,-8.274051566000404,No Response,0.0,Regular Price,2.9127272727272726,2.9127272727272726,0.0
13264,722.5600000000001,375,1,3.237894736842105,78,-10.118415203923217,No Response,0.0,Regular Price,3.237894736842105,3.237894736842105,0.0
18107,165.88,65,1,3.283157894736842,78,-10.00535855793578,No Response,0.0,Regular Price,3.283157894736842,3.283157894736842,0.0
15140,889.44,438,1,2.331875,78,-6.030973585793728,No Response,0.0,Regular Price,2.331875,2.331875,0.0
16856,323.09000000000003,159,2,2.8488235294117645,53,-8.319723491035155,No Response,0.0,Regular Price,2.8488235294117645,2.8488235294117645,0.0
18193,963.59,802,2,2.542777777777778,16,-7.662804010872639,No Response,0.0,Regular Price,2.542777777777778,2.542777777777778,0.0
15476,2209.98,1174,4,2.8462025316455697,16,-9.680128339844654,No Response,0.0,Regular Price,2.8462025316455697,2.8462025316455697,0.0
16298,487.5,110,4,5.6375,33,-21.50966810257999,No Response,0.0,Regular Price,5.6375,5.6375,0.0
16546,4819.32,3818,4,2.1821739130434783,8,-5.986781489779882,No Response,0.0,Regular Price,2.1821739130434783,2.1821739130434783,0.0
16261,312.62,153,2,2.261136363636364,22,-6.3650245465201305,No Response,0.0,Regular Price,2.261136363636364,2.261136363636364,0.0
16775,1361.23,580,6,4.03775,3,-14.580173184221705,No Response,0.0,Regular Price,4.03775,4.03775,0.0
14992,210.5,145,1,1.8829629629629627,78,-3.366876100172425,No Response,0.0,Regular Price,1.8829629629629627,1.8829629629629627,0.0
17134,212.1,46,1,5.596153846153846,78,-20.95144638207647,No Response,0.0,Regular Price,5.596153846153846,5.596153846153846,0.0
16531,1053.74,948,4,2.591475409836065,17,-6.974087313179341,No Response,0.0,Regular Price,2.591475409836065,2.591475409836065,0.0
14875,1397.08,774,1,4.684523809523809,77,-17.26754426989377,No Response,0.0,Regular Price,4.684523809523809,4.684523809523809,0.0
17567,1024.55,520,2,2.8905172413793103,8,-10.14823466084732,No Response,0.0,Regular Price,2.8905172413793103,2.8905172413793103,0.0
16692,638.6999999999999,726,2,1.05,44,0.4473132512512849,High Response,0.15,High Discount,1.05,0.8925,0.15750000000000008
16140,832.4200000000001,646,2,2.189722222222222,7,-6.327233490567881,No Response,0.0,Regular Price,2.189722222222222,2.189722222222222,0.0
14934,1612.56,1058,3,3.628163265306122,14,-13.002751965046029,No Response,0.0,Regular Price,3.628163265306122,3.628163265306122,0.0
17396,1476.3,414,7,3.9517391304347824,7,-14.209368909765608,No Response,0.0,Regular Price,3.9517391304347824,3.9517391304347824,0.0
14226,770.34,418,1,2.3787096774193546,77,-6.116658350707537,No Response,0.0,Regular Price,2.3787096774193546,2.3787096774193546,0.0
12871,363.38,284,1,3.9057142857142857,75,-12.902091025713656,No Response,0.0,Regular Price,3.9057142857142857,3.9057142857142857,0.0
17062,645.8100000000001,472,4,2.294,1,-6.240977959903884,No Response,0.0,Regular Price,2.294,2.294,0.0
14094,311.77,158,1,2.7544186046511627,75,-7.669254528318339,No Response,0.0,Regular Price,2.7544186046511627,2.7544186046511627,0.0
14269,295.73,123,1,4.935625,75,-17.925512529479125,No Response,0.0,Regular Price,4.935625,4.935625,0.0
13118,1217.6,424,4,5.161739130434782,12,-20.431977545474293,No Response,0.0,Regular Price,5.161739130434782,5.161739130434782,0.0
14806,110.04,93,1,2.06,75,-4.207392271878754,No Response,0.0,Regular Price,2.06,2.06,0.0
13281,350.85,201,1,2.4390909090909094,75,-6.174066357110263,No Response,0.0,Regular Price,2.4390909090909094,2.4390909090909094,0.0
12449,768.6,729,2,2.693,46,-7.405905262882231,No Response,0.0,Regular Price,2.693,2.693,0.0
15469,335.7,134,1,4.318421052631579,74,-15.106170686801743,No Response,0.0,Regular Price,4.318421052631579,4.318421052631579,0.0
17919,536.28,696,1,1.066470588235294,74,0.8812655707104069,High Response,0.15,High Discount,1.066470588235294,0.9065,0.1599705882352941
17315,3318.35,1225,5,3.264130434782609,11,-13.13579328013549,No Response,0.0,Regular Price,3.264130434782609,3.264130434782609,0.0
15616,317.11,137,1,7.006923076923077,74,-27.660084271059144,No Response,0.0,Regular Price,7.006923076923077,7.006923076923077,0.0
12348,222.16,373,1,0.7195,74,2.4018294360233843,High Response,0.15,High Discount,0.7195,0.611575,0.10792500000000005
16211,543.5699999999999,365,2,2.594615384615385,57,-6.992571972525184,No Response,0.0,Regular Price,2.594615384615385,2.594615384615385,0.0
14328,445.05,1,1,445.05,74,-2079.5684417245743,No Response,0.0,Regular Price,445.05,445.05,0.0
17524,394.14,272,2,2.202972972972973,74,-4.649680841768459,No Response,0.0,Regular Price,2.202972972972973,2.202972972972973,0.0
13290,208.63,1,1,208.63,74,-971.97911448065,No Response,0.0,Regular Price,208.63,208.63,0.0
13687,11880.84,87167,1,0.1513333333333333,74,154.31180599474413,High Response,0.15,High Discount,0.1513333333333333,0.1286333333333333,0.022699999999999998
14802,1502.98,2,2,751.49,74,-3516.061547248772,No Response,0.0,Regular Price,751.49,751.49,0.0
17280,118.86,74,1,1.68,74,-2.5053198593131545,No Response,0.0,Regular Price,1.68,1.68,0.0
17450,52422.3,14727,7,3.124712643678161,3,-67.5049692604039,No Response,0.0,Regular Price,3.124712643678161,3.124712643678161,0.0
13139,3138.04,2189,1,2.482421052631579,73,-7.209089996468227,No Response,0.0,Regular Price,2.482421052631579,2.482421052631579,0.0
16362,212.17,127,1,2.609230769230769,73,-6.935444526882317,No Response,0.0,Regular Price,2.609230769230769,2.609230769230769,0.0
13073,418.08,261,2,3.554814814814814,47,-11.741521331169457,No Response,0.0,Regular Price,3.554814814814814,3.554814814814814,0.0
16269,717.57,579,1,2.3118867924528304,73,-5.50656664085566,No Response,0.0,Regular Price,2.3118867924528304,2.3118867924528304,0.0
13970,846.55,469,2,3.256153846153846,22,-11.30033012817762,No Response,0.0,Regular Price,3.256153846153846,3.256153846153846,0.0
15347,1162.0,542,4,2.890277777777777,2,-9.731517976687073,No Response,0.0,Regular Price,2.890277777777777,2.890277777777777,0.0
13386,835.46,514,2,2.2948387096774194,50,-5.966813917998029,No Response,0.0,Regular Price,2.2948387096774194,2.2948387096774194,0.0
14597,1318.39,870,4,2.336875,15,-6.426091530140148,No Response,0.0,Regular Price,2.336875,2.336875,0.0
17007,230.17,120,1,4.296,73,-14.878467556538872,No Response,0.0,Regular Price,4.296,4.296,0.0
16198,629.36,255,1,3.481111111111112,73,-11.464933491524944,No Response,0.0,Regular Price,3.481111111111112,3.481111111111112,0.0
15871,33.099999999999994,5,1,6.619999999999999,73,-25.65731048197639,No Response,0.0,Regular Price,6.619999999999999,6.619999999999999,0.0
13754,164.45000000000002,101,1,3.4277777777777776,73,-10.739862647283118,No Response,0.0,Regular Price,3.4277777777777776,3.4277777777777776,0.0
14410,1531.63,802,2,2.618418367346939,12,-9.067102457943374,No Response,0.0,Regular Price,2.618418367346939,2.618418367346939,0.0
13927,359.27,249,1,2.6595,73,-7.178853671655402,No Response,0.0,Regular Price,2.6595,2.6595,0.0
16237,136.65,57,1,4.128571428571428,73,-14.060990907808952,No Response,0.0,Regular Price,4.128571428571428,4.128571428571428,0.0
12964,132.24,56,1,3.621923076923077,73,-11.682865655981894,No Response,0.0,Regular Price,3.621923076923077,3.621923076923077,0.0
13639,312.93,197,1,1.9194736842105264,72,-3.7629461928183607,No Response,0.0,Regular Price,1.9194736842105264,1.9194736842105264,0.0
16148,310.3,178,1,2.1625,72,-4.933622502039832,No Response,0.0,Regular Price,2.1625,2.1625,0.0
12946,324.45,149,1,3.3175,72,-10.422618844287728,No Response,0.0,Regular Price,3.3175,3.3175,0.0
13804,572.73,335,2,2.57,71,-6.621386681174664,No Response,0.0,Regular Price,2.57,2.57,0.0
16783,391.95,163,1,3.338,72,-10.603877646934029,No Response,0.0,Regular Price,3.338,3.338,0.0
14843,211.8,132,1,1.5444444444444445,72,-1.9644478004699584,No Response,0.0,Regular Price,1.5444444444444445,1.5444444444444445,0.0
14891,552.35,283,2,2.3826666666666667,52,-6.303533519805869,No Response,0.0,Regular Price,2.3826666666666667,2.3826666666666667,0.0
17257,189.78,187,2,1.9821428571428568,72,-3.492027887288096,No Response,0.0,Regular Price,1.9821428571428568,1.9821428571428568,0.0
14829,995.29,695,4,2.3027941176470588,8,-6.249658267525182,No Response,0.0,Regular Price,2.3027941176470588,2.3027941176470588,0.0
14449,1555.4,1005,5,1.936501766784452,8,-4.486331215366174,No Response,0.0,Regular Price,1.936501766784452,1.936501766784452,0.0
14510,979.85,793,3,2.009333333333333,11,-4.960078061303012,No Response,0.0,Regular Price,2.009333333333333,2.009333333333333,0.0
13105,72.0,100,1,0.72,72,2.067298298672902,High Response,0.15,High Discount,0.72,0.612,0.10799999999999998
13257,149.75,33,1,7.321428571428571,72,-29.108069362333094,No Response,0.0,Regular Price,7.321428571428571,7.321428571428571,0.0
16489,303.7,38,2,7.466666666666666,16,-31.10752538358643,No Response,0.0,Regular Price,7.466666666666666,7.466666666666666,0.0
16490,205.41000000000005,113,1,2.3915384615384614,72,-5.957812315709001,No Response,0.0,Regular Price,2.3915384615384614,2.3915384615384614,0.0
12661,162.0,216,1,0.8772727272727273,72,1.4062468912734731,High Response,0.15,High Discount,0.8772727272727273,0.7456818181818182,0.1315909090909091
13556,200.82,134,2,2.065555555555556,65,-4.185452421768963,No Response,0.0,Regular Price,2.065555555555556,2.065555555555556,0.0
14004,1675.81,757,4,3.735285714285714,29,-13.427392767410094,No Response,0.0,Regular Price,3.735285714285714,3.735285714285714,0.0
13962,193.25,73,1,4.904166666666667,71,-17.80827054178142,No Response,0.0,Regular Price,4.904166666666667,4.904166666666667,0.0
16368,141.53,56,1,3.3852380952380954,71,-10.641734640976258,No Response,0.0,Regular Price,3.3852380952380954,3.3852380952380954,0.0
14953,685.65,790,3,1.9237172774869111,54,-2.960500863113065,No Response,0.0,Regular Price,1.9237172774869111,1.9237172774869111,0.0
13966,384.26,760,1,1.600952380952381,71,-1.3218902580652996,No Response,0.0,Regular Price,1.600952380952381,1.600952380952381,0.0
12562,1185.18,548,2,3.599230769230769,21,-13.343593130549596,No Response,0.0,Regular Price,3.599230769230769,3.599230769230769,0.0
16214,975.5,888,1,3.355185185185185,71,-10.273570193184298,No Response,0.0,Regular Price,3.355185185185185,3.355185185185185,0.0
14742,579.85,374,1,2.494117647058824,71,-6.580751000149509,No Response,0.0,Regular Price,2.494117647058824,2.494117647058824,0.0
15736,1767.12,1208,2,3.2783,71,-10.231869289626175,No Response,0.0,Regular Price,3.2783,3.2783,0.0
16958,778.49,514,1,2.5025714285714287,71,-6.679220695105661,No Response,0.0,Regular Price,2.5025714285714287,2.5025714285714287,0.0
14800,3415.38,3294,6,2.794216417910448,5,-6.852735164940009,No Response,0.0,Regular Price,2.794216417910448,2.794216417910448,0.0
15960,410.95,258,4,3.55,10,-11.9144032404265,No Response,0.0,Regular Price,3.55,3.55,0.0
13108,748.46,745,2,1.416,8,-2.345566493524448,No Response,0.0,Regular Price,1.416,1.416,0.0
14568,919.7,645,1,1.96,71,-4.118951625265256,No Response,0.0,Regular Price,1.96,1.96,0.0
15243,610.6,358,1,3.4946153846153845,71,-11.348579913175602,No Response,0.0,Regular Price,3.4946153846153845,3.4946153846153845,0.0
13763,3502.48,2496,2,2.416,53,-7.04821191680189,No Response,0.0,Regular Price,2.416,2.416,0.0
12457,632.68,251,1,6.358181818181818,71,-25.00388164983157,No Response,0.0,Regular Price,6.358181818181818,6.358181818181818,0.0
16044,340.84000000000003,170,1,3.023157894736842,71,-9.056574226587482,No Response,0.0,Regular Price,3.023157894736842,3.023157894736842,0.0
14657,601.97,413,2,2.506746987951807,65,-6.377777126782737,No Response,0.0,Regular Price,2.506746987951807,2.506746987951807,0.0
12817,524.94,166,2,6.78047619047619,35,-27.52147075488924,No Response,0.0,Regular Price,6.78047619047619,6.78047619047619,0.0
17533,34.8,24,1,1.45,70,-1.488962555361117,No Response,0.0,Regular Price,1.45,1.45,0.0
16306,560.55,255,2,2.8482142857142856,3,-9.821620570724075,No Response,0.0,Regular Price,2.8482142857142856,2.8482142857142856,0.0
14303,277.94,218,2,1.4704545454545457,43,-1.933838695211504,No Response,0.0,Regular Price,1.4704545454545457,1.4704545454545457,0.0
17521,554.85,287,2,3.774242424242424,30,-13.387014628317354,No Response,0.0,Regular Price,3.774242424242424,3.774242424242424,0.0
13002,293.18,128,2,3.2825,52,-10.387030489010078,No Response,0.0,Regular Price,3.2825,3.2825,0.0
15261,1253.18,536,3,4.156438356164384,17,-15.814697740174331,No Response,0.0,Regular Price,4.156438356164384,4.156438356164384,0.0
17360,632.27,296,3,3.0302884615384613,21,-9.86900852837779,No Response,0.0,Regular Price,3.0302884615384613,3.0302884615384613,0.0
15276,491.17,256,3,2.48124031007752,30,-6.9071483666819,No Response,0.0,Regular Price,2.48124031007752,2.48124031007752,0.0
15190,834.4399999999999,790,1,2.26225,70,-5.136513264301512,No Response,0.0,Regular Price,2.26225,2.26225,0.0
16606,357.66,148,2,4.4377272727272725,40,-16.176684330112042,No Response,0.0,Regular Price,4.4377272727272725,4.4377272727272725,0.0
13198,1572.99,801,2,3.599772727272728,23,-13.448755528577502,No Response,0.0,Regular Price,3.599772727272728,3.599772727272728,0.0
12652,97.05,31,1,5.0,70,-18.2043322029592,No Response,0.0,Regular Price,5.0,5.0,0.0
18266,251.1,138,1,2.0785714285714283,70,-4.571500588257079,No Response,0.0,Regular Price,2.0785714285714283,2.0785714285714283,0.0
13380,62.4,48,1,1.3166666666666669,68,-0.9157100777937468,No Response,0.0,Regular Price,1.3166666666666669,1.3166666666666669,0.0
17022,189.0,72,1,3.738888888888889,68,-12.423678329293256,No Response,0.0,Regular Price,3.738888888888889,3.738888888888889,0.0
13674,240.68,102,1,4.177857142857143,68,-14.507244179788849,No Response,0.0,Regular Price,4.177857142857143,4.177857142857143,0.0
18270,161.4,108,1,1.6833333333333331,68,-2.6812132243284545,No Response,0.0,Regular Price,1.6833333333333331,1.6833333333333331,0.0
16848,1130.2,598,3,2.6436619718309857,12,-8.534289616507708,No Response,0.0,Regular Price,2.6436619718309857,2.6436619718309857,0.0
13014,1914.8,1074,1,3.1179130434782607,68,-10.443615182544915,No Response,0.0,Regular Price,3.1179130434782607,3.1179130434782607,0.0
14254,601.03,263,1,2.477826086956522,68,-6.833198683521349,No Response,0.0,Regular Price,2.477826086956522,2.477826086956522,0.0
15351,1770.23,737,4,2.948630136986301,5,-10.561458213145286,No Response,0.0,Regular Price,2.948630136986301,2.948630136986301,0.0
13642,159.92,80,3,2.422708333333333,68,-5.438454829425808,No Response,0.0,Regular Price,2.422708333333333,2.422708333333333,0.0
14310,492.1,230,1,2.3181818181818183,68,-5.968201466751797,No Response,0.0,Regular Price,2.3181818181818183,2.3181818181818183,0.0
15859,438.46,174,1,4.938181818181818,68,-18.257571171844106,No Response,0.0,Regular Price,4.938181818181818,4.938181818181818,0.0
14392,266.4,114,1,2.7142857142857144,68,-7.672619325778135,No Response,0.0,Regular Price,2.7142857142857144,2.7142857142857144,0.0
14008,509.04,326,1,2.13,68,-4.928572980480521,No Response,0.0,Regular Price,2.13,2.13,0.0
16407,681.97,355,4,3.66,25,-12.303882713201606,No Response,0.0,Regular Price,3.66,3.66,0.0
15143,304.18,170,1,3.2041176470588235,68,-9.920702027973867,No Response,0.0,Regular Price,3.2041176470588235,3.2041176470588235,0.0
13245,558.72,246,1,2.813448275862069,68,-8.367520146152899,No Response,0.0,Regular Price,2.813448275862069,2.813448275862069,0.0
14462,262.24,107,1,3.0766666666666667,68,-9.376384223779596,No Response,0.0,Regular Price,3.0766666666666667,3.0766666666666667,0.0
16312,171.15,53,1,5.62,68,-21.240428943468327,No Response,0.0,Regular Price,5.62,5.62,0.0
14579,105.56,56,1,1.992,68,-4.134773388308603,No Response,0.0,Regular Price,1.992,1.992,0.0
15579,923.03,596,3,3.082389380530973,19,-10.066252359718025,No Response,0.0,Regular Price,3.082389380530973,3.082389380530973,0.0
13326,281.76,140,1,2.914615384615385,68,-8.585860859757624,No Response,0.0,Regular Price,2.914615384615385,2.914615384615385,0.0
16817,1200.15,743,5,2.6243076923076925,4,-7.728385767488091,No Response,0.0,Regular Price,2.6243076923076925,2.6243076923076925,0.0
17375,260.45,113,1,3.658235294117647,67,-12.111241031031796,No Response,0.0,Regular Price,3.658235294117647,3.658235294117647,0.0
15159,3475.7200000000003,2071,4,2.4405,31,-7.757074927605472,No Response,0.0,Regular Price,2.4405,2.4405,0.0
17621,1795.22,596,3,3.5745,40,-13.279850301291148,No Response,0.0,Regular Price,3.5745,3.5745,0.0
13367,510.2000000000001,253,1,4.61,67,-16.712551522330383,No Response,0.0,Regular Price,4.61,4.61,0.0
16476,350.35,187,1,3.5104166666666665,67,-11.42495254427238,No Response,0.0,Regular Price,3.5104166666666665,3.5104166666666665,0.0
13441,424.26,316,1,2.6404,67,-7.222960129150453,No Response,0.0,Regular Price,2.6404,2.6404,0.0
18284,461.68,494,1,3.253214285714286,67,-9.80929836426595,No Response,0.0,Regular Price,3.253214285714286,3.253214285714286,0.0
14065,891.02,582,3,3.67530612244898,25,-12.661376779862264,No Response,0.0,Regular Price,3.67530612244898,3.67530612244898,0.0
12486,1037.28,523,1,4.103673469387755,67,-14.69478813550748,No Response,0.0,Regular Price,4.103673469387755,4.103673469387755,0.0
14353,285.9,280,2,1.7605263157894735,46,-3.1073261127868146,No Response,0.0,Regular Price,1.7605263157894735,1.7605263157894735,0.0
15392,1376.09,867,3,3.2053333333333334,10,-11.103426535950383,No Response,0.0,Regular Price,3.2053333333333334,3.2053333333333334,0.0
13144,24.4,8,1,3.083333333333333,67,-9.229650643251835,No Response,0.0,Regular Price,3.083333333333333,3.083333333333333,0.0
15730,605.7,372,2,3.214878048780488,17,-11.023826860546825,No Response,0.0,Regular Price,3.214878048780488,3.214878048780488,0.0
15778,307.95,101,1,4.626470588235295,67,-16.748112880975114,No Response,0.0,Regular Price,4.626470588235295,4.626470588235295,0.0
18017,165.0,100,1,1.65,67,-2.5725661505101005,No Response,0.0,Regular Price,1.65,1.65,0.0
15346,343.7,116,2,3.8815,61,-13.066518417361268,No Response,0.0,Regular Price,3.8815,3.8815,0.0
16061,89.65,19,1,11.383333333333333,67,-48.18731015956781,No Response,0.0,Regular Price,11.383333333333333,11.383333333333333,0.0
13035,442.32,282,1,2.289333333333333,67,-5.675019129826559,No Response,0.0,Regular Price,2.289333333333333,2.289333333333333,0.0
14314,109.8,36,1,2.6,66,-7.079900901186679,No Response,0.0,Regular Price,2.6,2.6,0.0
13177,229.75,89,1,3.0307692307692307,66,-9.194115589626712,No Response,0.0,Regular Price,3.0307692307692307,3.0307692307692307,0.0
13964,438.9,228,2,2.8825000000000003,23,-9.313703876405013,No Response,0.0,Regular Price,2.8825000000000003,2.8825000000000003,0.0
14470,250.85,89,1,4.320588235294117,66,-15.269713824143324,No Response,0.0,Regular Price,4.320588235294117,4.320588235294117,0.0
14991,314.67,191,1,4.062380952380953,66,-13.968590103105884,No Response,0.0,Regular Price,4.062380952380953,4.062380952380953,0.0
15490,210.85,82,1,3.256,66,-10.231024477107606,No Response,0.0,Regular Price,3.256,3.256,0.0
14663,490.6,397,2,2.2492647058823527,66,-4.991571319142998,No Response,0.0,Regular Price,2.2492647058823527,2.2492647058823527,0.0
16348,328.77,359,1,1.447741935483871,66,-1.4207912449628672,No Response,0.0,Regular Price,1.447741935483871,1.447741935483871,0.0
17097,363.66,190,2,2.3739583333333334,1,-7.450709064444014,No Response,0.0,Regular Price,2.3739583333333334,2.3739583333333334,0.0
17657,126.0,60,1,2.25,66,-5.421140423145595,No Response,0.0,Regular Price,2.25,2.25,0.0
13306,53.65,74,1,0.9525,66,0.8030236414722478,High Response,0.15,High Discount,0.9525,0.809625,0.14287499999999997
15782,1399.36,980,1,1.860555555555556,66,-3.930929780716808,No Response,0.0,Regular Price,1.860555555555556,1.860555555555556,0.0
14350,689.1,360,2,4.903414634146341,16,-19.119719592701763,No Response,0.0,Regular Price,4.903414634146341,4.903414634146341,0.0
16760,228.0,168,1,1.6147058823529412,66,-2.406005395612353,No Response,0.0,Regular Price,1.6147058823529412,1.6147058823529412,0.0
15857,273.48,276,1,1.777,66,-3.031945531613613,No Response,0.0,Regular Price,1.777,1.777,0.0
15128,312.68,240,1,2.362380952380952,66,-5.908657329206471,No Response,0.0,Regular Price,2.362380952380952,2.362380952380952,0.0
13055,1106.7,927,1,2.073974358974359,65,-4.571721482364063,No Response,0.0,Regular Price,2.073974358974359,2.073974358974359,0.0
13033,30.0,15,1,2.025,65,-4.320847881106971,No Response,0.0,Regular Price,2.025,2.025,0.0
13022,65.3,35,1,5.0600000000000005,65,-18.554219109986526,No Response,0.0,Regular Price,5.0600000000000005,5.0600000000000005,0.0
15934,2190.66,2166,2,1.7706896551724138,53,-2.481817366681203,No Response,0.0,Regular Price,1.7706896551724138,1.7706896551724138,0.0
17429,832.54,662,2,2.3319642857142857,32,-6.314640947456644,No Response,0.0,Regular Price,2.3319642857142857,2.3319642857142857,0.0
16437,301.25,197,2,2.0738095238095235,17,-5.512857209193427,No Response,0.0,Regular Price,2.0738095238095235,2.0738095238095235,0.0
13818,61.28,60,1,1.344,65,-1.0962712991286514,No Response,0.0,Regular Price,1.344,1.344,0.0
14810,446.59,230,3,2.5820289855072462,5,-8.003254982366824,No Response,0.0,Regular Price,2.5820289855072462,2.5820289855072462,0.0
17045,488.24,188,2,5.908387096774193,12,-23.929443073586324,No Response,0.0,Regular Price,5.908387096774193,5.908387096774193,0.0
15973,680.62,195,3,5.132727272727273,2,-20.48428715082246,No Response,0.0,Regular Price,5.132727272727273,5.132727272727273,0.0
17008,81.36,24,1,3.39,65,-10.781457100395135,No Response,0.0,Regular Price,3.39,3.39,0.0
16149,141.70000000000002,290,1,0.73,65,2.092186082451237,High Response,0.15,High Discount,0.73,0.6204999999999999,0.10950000000000004
14339,310.75,288,1,1.9433333333333327,64,-3.9015151065857614,No Response,0.0,Regular Price,1.9433333333333327,1.9433333333333327,0.0
13423,217.03,141,1,2.2316666666666665,64,-5.381360216497315,No Response,0.0,Regular Price,2.2316666666666665,2.2316666666666665,0.0
17525,739.2,256,2,4.550000000000001,33,-17.309667814200854,No Response,0.0,Regular Price,4.550000000000001,4.550000000000001,0.0
12511,3084.02,1753,1,3.430684210526316,64,-12.640503058445107,No Response,0.0,Regular Price,3.430684210526316,3.430684210526316,0.0
17249,68.03,79,1,1.4722222222222223,64,-1.696993588223816,No Response,0.0,Regular Price,1.4722222222222223,1.4722222222222223,0.0
14490,1273.47,933,2,1.910875,42,-4.2914442020767805,No Response,0.0,Regular Price,1.910875,1.910875,0.0
14118,458.45,97,1,5.22,64,-19.86397412440717,No Response,0.0,Regular Price,5.22,5.22,0.0
12903,833.53,493,1,2.2826829268292683,64,-5.963353523190664,No Response,0.0,Regular Price,2.2826829268292683,2.2826829268292683,0.0
13569,497.74,232,3,2.4295934959349594,3,-7.422534570031928,No Response,0.0,Regular Price,2.4295934959349594,2.4295934959349594,0.0
17354,1740.9,1525,3,2.1281176470588234,64,-3.988364482668007,No Response,0.0,Regular Price,2.1281176470588234,2.1281176470588234,0.0
14266,40.56,24,1,1.69,64,-2.7780025984134373,No Response,0.0,Regular Price,1.69,1.69,0.0
12393,816.85,495,2,2.777906976744186,18,-9.064262049448391,No Response,0.0,Regular Price,2.777906976744186,2.777906976744186,0.0
16980,394.37,251,1,2.2072,64,-5.348471430353352,No Response,0.0,Regular Price,2.2072,2.2072,0.0
16411,673.24,399,3,2.0714012738853502,5,-5.661086184913064,No Response,0.0,Regular Price,2.0714012738853502,2.0714012738853502,0.0
15314,492.48,437,2,1.7596153846153846,49,-3.064389487464483,No Response,0.0,Regular Price,1.7596153846153846,1.7596153846153846,0.0
13776,623.98,2,2,311.99,64,-1456.6022718098848,No Response,0.0,Regular Price,311.99,311.99,0.0
16350,1137.42,532,5,3.9589230769230768,10,-14.128675422669788,No Response,0.0,Regular Price,3.9589230769230768,3.9589230769230768,0.0
15931,239.9,118,1,4.814285714285715,64,-17.55900957784242,No Response,0.0,Regular Price,4.814285714285715,4.814285714285715,0.0
14358,400.06,338,2,1.5916,25,-2.937887724190148,No Response,0.0,Regular Price,1.5916,1.5916,0.0
16111,549.33,233,1,3.03986301369863,64,-9.541133333827862,No Response,0.0,Regular Price,3.03986301369863,3.03986301369863,0.0
15598,307.34,244,1,1.955909090909091,63,-4.066150506616951,No Response,0.0,Regular Price,1.955909090909091,1.955909090909091,0.0
17196,327.75,154,1,2.4725806451612904,63,-6.694720991324687,No Response,0.0,Regular Price,2.4725806451612904,2.4725806451612904,0.0
17864,321.72,309,2,1.803095238095238,21,-3.957847475318685,No Response,0.0,Regular Price,1.803095238095238,1.803095238095238,0.0
15281,6211.42,4022,7,3.3302088772845955,14,-11.99466812107772,No Response,0.0,Regular Price,3.3302088772845955,3.3302088772845955,0.0
12811,519.05,205,2,4.64,14,-17.955836053773993,No Response,0.0,Regular Price,4.64,4.64,0.0
14904,605.05,537,2,1.6023611111111111,44,-2.4507231633014044,No Response,0.0,Regular Price,1.6023611111111111,1.6023611111111111,0.0
14846,437.4,193,1,2.435,63,-6.6256194076563055,No Response,0.0,Regular Price,2.435,2.435,0.0
15708,969.19,369,3,4.505643564356435,5,-17.612441252442885,No Response,0.0,Regular Price,4.505643564356435,4.505643564356435,0.0
14127,1190.37,507,3,4.138493150684932,16,-15.708281810342086,No Response,0.0,Regular Price,4.138493150684932,4.138493150684932,0.0
16579,295.05,119,1,5.05,61,-18.83058260564369,No Response,0.0,Regular Price,5.05,5.05,0.0
17152,327.0,60,1,5.45,61,-20.871742136529537,No Response,0.0,Regular Price,5.45,5.45,0.0
15177,948.93,485,1,3.7830769230769232,61,-13.27551098734987,No Response,0.0,Regular Price,3.7830769230769232,3.7830769230769232,0.0
15645,443.16,140,2,4.59875,50,-16.829642153431962,No Response,0.0,Regular Price,4.59875,4.59875,0.0
13083,91.68,120,1,0.635,61,2.186396133140163,High Response,0.15,High Discount,0.635,0.53975,0.09525000000000006
14390,1731.16,771,5,3.537029702970297,8,-12.729460677743742,No Response,0.0,Regular Price,3.537029702970297,3.537029702970297,0.0
15038,579.67,212,4,3.1342957746478874,5,-10.467655611970738,No Response,0.0,Regular Price,3.1342957746478874,3.1342957746478874,0.0
14571,160.0,56,1,2.875,61,-8.54211173258125,No Response,0.0,Regular Price,2.875,2.875,0.0
17111,227.97,299,1,1.2794736842105263,61,-0.7109914443387968,No Response,0.0,Regular Price,1.2794736842105263,1.2794736842105263,0.0
16122,316.92,270,3,1.9796153846153848,2,-4.966012778085303,No Response,0.0,Regular Price,1.9796153846153848,1.9796153846153848,0.0
13362,2303.33,1099,3,3.215151515151515,14,-12.139753593036716,No Response,0.0,Regular Price,3.215151515151515,3.215151515151515,0.0
15277,220.44,168,1,2.1792857142857143,61,-5.167002474010019,No Response,0.0,Regular Price,2.1792857142857143,2.1792857142857143,0.0
13747,169.79999999999998,60,2,4.69,9,-18.019470998004174,No Response,0.0,Regular Price,4.69,4.69,0.0
12356,3560.3,1825,3,3.12566265060241,16,-12.35216716122572,No Response,0.0,Regular Price,3.12566265060241,3.12566265060241,0.0
14756,1914.8,1007,2,3.911234567901235,18,-15.206103599075432,No Response,0.0,Regular Price,3.911234567901235,3.911234567901235,0.0
15948,553.85,285,1,2.565714285714286,60,-7.330743324017632,No Response,0.0,Regular Price,2.565714285714286,2.565714285714286,0.0
14412,656.16,642,1,1.188780487804878,60,-0.3589977286420081,No Response,0.0,Regular Price,1.188780487804878,1.188780487804878,0.0
17264,268.28,217,1,1.637027027027027,60,-2.6379059032979595,No Response,0.0,Regular Price,1.637027027027027,1.637027027027027,0.0
12797,552.08,215,2,5.305666666666666,1,-21.445742512832663,No Response,0.0,Regular Price,5.305666666666666,5.305666666666666,0.0
16527,1004.88,602,1,3.264237288135593,60,-10.737452131809874,No Response,0.0,Regular Price,3.264237288135593,3.264237288135593,0.0
14319,494.85,329,1,1.902692307692308,60,-4.041889671298977,No Response,0.0,Regular Price,1.902692307692308,1.902692307692308,0.0
15834,1539.24,854,3,3.3860952380952383,12,-12.195224671997131,No Response,0.0,Regular Price,3.3860952380952383,3.3860952380952383,0.0
17004,1012.22,462,2,2.389615384615385,28,-7.37632442103956,No Response,0.0,Regular Price,2.389615384615385,2.389615384615385,0.0
17273,141.12,133,1,1.7416666666666665,60,-3.0793350465292475,No Response,0.0,Regular Price,1.7416666666666665,1.7416666666666665,0.0
15024,2414.18,1281,8,2.683518518518518,3,-7.872749023388352,No Response,0.0,Regular Price,2.683518518518518,2.683518518518518,0.0
13546,465.15,230,2,2.3456363636363635,18,-6.968895931151993,No Response,0.0,Regular Price,2.3456363636363635,2.3456363636363635,0.0
17710,293.5,158,1,4.0085,59,-13.92651258653554,No Response,0.0,Regular Price,4.0085,4.0085,0.0
13912,124.95,29,1,4.95,59,-18.305594954779632,No Response,0.0,Regular Price,4.95,4.95,0.0
12655,261.35,80,1,5.490625,59,-20.965576999930978,No Response,0.0,Regular Price,5.490625,5.490625,0.0
13368,498.1,279,2,4.396521739130435,50,-15.703977926461803,No Response,0.0,Regular Price,4.396521739130435,4.396521739130435,0.0
17094,100.2,60,1,1.775,59,-3.3350446647304084,No Response,0.0,Regular Price,1.775,1.775,0.0
14981,270.8,144,1,2.0785714285714287,59,-4.87771295626434,No Response,0.0,Regular Price,2.0785714285714287,2.0785714285714287,0.0
14746,593.5,398,4,1.5277777777777777,42,-1.646823060127872,No Response,0.0,Regular Price,1.5277777777777777,1.5277777777777777,0.0
17708,620.85,297,2,3.3356410256410256,38,-11.216187603078511,No Response,0.0,Regular Price,3.3356410256410256,3.3356410256410256,0.0
15208,100.4,40,1,4.083333333333333,59,-14.18456656173435,No Response,0.0,Regular Price,4.083333333333333,4.083333333333333,0.0
17104,474.03,149,1,4.546842105263158,59,-16.765930688971004,No Response,0.0,Regular Price,4.546842105263158,4.546842105263158,0.0
14240,357.15,237,1,2.6210526315789475,59,-7.381378227545914,No Response,0.0,Regular Price,2.6210526315789475,2.6210526315789475,0.0
13968,123.66,174,1,1.00125,59,0.4710180018464824,High Response,0.15,High Discount,1.00125,0.8510624999999999,0.15018750000000003
12553,916.47,360,2,4.648085106382979,21,-18.1732180136182,No Response,0.0,Regular Price,4.648085106382979,4.648085106382979,0.0
14263,322.93,171,1,2.35875,59,-6.224219349799742,No Response,0.0,Regular Price,2.35875,2.35875,0.0
16263,348.16,197,1,2.762380952380952,59,-8.105999983530594,No Response,0.0,Regular Price,2.762380952380952,2.762380952380952,0.0
12467,132.8,129,1,1.6177777777777778,59,-2.518967460236312,No Response,0.0,Regular Price,1.6177777777777778,1.6177777777777778,0.0
17944,74.99,84,1,1.9172,59,-3.912348459853863,No Response,0.0,Regular Price,1.9172,1.9172,0.0
12629,1558.22,722,2,3.997777777777778,21,-15.493427597656794,No Response,0.0,Regular Price,3.997777777777778,3.997777777777778,0.0
16643,435.6,284,1,2.3592857142857144,58,-6.220758521822765,No Response,0.0,Regular Price,2.3592857142857144,2.3592857142857144,0.0
18239,588.75,257,2,3.7729729729729726,8,-14.065952694264926,No Response,0.0,Regular Price,3.7729729729729726,3.7729729729729726,0.0
13792,188.4,64,1,4.744999999999999,58,-17.409153651248108,No Response,0.0,Regular Price,4.744999999999999,4.744999999999999,0.0
16990,165.0,100,1,1.65,58,-2.805789420090564,No Response,0.0,Regular Price,1.65,1.65,0.0
16418,397.62,284,2,3.3913114754098364,44,-10.974762324280547,No Response,0.0,Regular Price,3.3913114754098364,3.3913114754098364,0.0
16238,63.66,85,1,0.8083333333333332,58,1.2755709062620395,High Response,0.15,High Discount,0.8083333333333332,0.6870833333333333,0.12124999999999997
15134,208.3,170,2,1.725,17,-3.7769304920420144,No Response,0.0,Regular Price,1.725,1.725,0.0
15356,664.66,324,4,2.178036529680365,4,-5.939185806758441,No Response,0.0,Regular Price,2.178036529680365,2.178036529680365,0.0
17814,1609.37,1435,2,2.4854545454545454,11,-7.369687215473199,No Response,0.0,Regular Price,2.4854545454545454,2.4854545454545454,0.0
17580,325.3,135,2,3.136530612244898,12,-10.779889827858607,No Response,0.0,Regular Price,3.136530612244898,3.136530612244898,0.0
13832,557.6899999999999,392,1,2.6507692307692308,58,-7.579353941527877,No Response,0.0,Regular Price,2.6507692307692308,2.6507692307692308,0.0
16120,1658.37,1283,2,1.4801612903225805,58,-1.8208145457885103,No Response,0.0,Regular Price,1.4801612903225805,1.4801612903225805,0.0
17817,400.47,286,3,2.298019801980198,14,-6.254298718075157,No Response,0.0,Regular Price,2.298019801980198,2.298019801980198,0.0
12900,340.33,139,1,3.6169230769230767,58,-12.233551539877832,No Response,0.0,Regular Price,3.6169230769230767,3.6169230769230767,0.0
15242,302.04,196,1,2.155,58,-5.212547756601717,No Response,0.0,Regular Price,2.155,2.155,0.0
15304,225.15,29,2,7.883333333333333,4,-33.25643027313276,No Response,0.0,Regular Price,7.883333333333333,7.883333333333333,0.0
14696,688.95,521,2,2.575238095238096,9,-8.084731416794238,No Response,0.0,Regular Price,2.575238095238096,2.575238095238096,0.0
13194,412.08,300,1,2.511428571428571,57,-6.888902837403676,No Response,0.0,Regular Price,2.511428571428571,2.511428571428571,0.0
14929,612.8100000000001,351,1,2.137826086956522,57,-5.374580262943299,No Response,0.0,Regular Price,2.137826086956522,2.137826086956522,0.0
12798,1533.89,3199,1,0.8536,57,4.639809689960809,High Response,0.15,High Discount,0.8536,0.72556,0.12804000000000004
18090,321.9,307,1,1.7614814814814816,57,-3.21292027334621,No Response,0.0,Regular Price,1.7614814814814816,1.7614814814814816,0.0
17717,376.92,344,1,1.8615384615384616,57,-3.7012675637143033,No Response,0.0,Regular Price,1.8615384615384616,1.8615384615384616,0.0
13395,872.51,1324,2,1.620666666666667,36,-1.6599346175505063,No Response,0.0,Regular Price,1.620666666666667,1.620666666666667,0.0
16935,530.86,273,3,2.0298550724637683,17,-5.163201581831803,No Response,0.0,Regular Price,2.0298550724637683,2.0298550724637683,0.0
17629,641.4,274,2,3.953030303030303,24,-14.549255136094924,No Response,0.0,Regular Price,3.953030303030303,3.953030303030303,0.0
17796,661.04,199,4,3.677234042553192,5,-13.171162354805258,No Response,0.0,Regular Price,3.677234042553192,3.677234042553192,0.0
15735,327.68,206,1,3.226315789473684,57,-10.278901903106432,No Response,0.0,Regular Price,3.226315789473684,3.226315789473684,0.0
17751,157.86,147,1,2.1071875,57,-4.869555976315663,No Response,0.0,Regular Price,2.1071875,2.1071875,0.0
16991,1041.21,793,1,2.28445945945946,57,-5.916069338057064,No Response,0.0,Regular Price,2.28445945945946,2.28445945945946,0.0
14975,192.45,127,1,2.3866666666666663,57,-6.274902491921568,No Response,0.0,Regular Price,2.3866666666666663,2.3866666666666663,0.0
15160,431.11,223,3,2.727368421052632,10,-8.542148589573346,No Response,0.0,Regular Price,2.727368421052632,2.727368421052632,0.0
17823,449.25,252,2,2.7115,57,-7.60241880323547,No Response,0.0,Regular Price,2.7115,2.7115,0.0
14956,1325.0,2500,1,0.53,57,5.144892228366107,High Response,0.15,High Discount,0.53,0.4505,0.07950000000000002
15114,639.56,436,2,3.289705882352941,19,-11.25446865880014,No Response,0.0,Regular Price,3.289705882352941,3.289705882352941,0.0
15626,391.72,372,1,1.628064516129032,57,-2.578112556672517,No Response,0.0,Regular Price,1.628064516129032,1.628064516129032,0.0
12454,13151.44,6697,4,11.5824,31,-57.700714901259175,No Response,0.0,Regular Price,11.5824,11.5824,0.0
13829,102.0,12,1,8.5,57,-34.97748219846618,No Response,0.0,Regular Price,8.5,8.5,0.0
12694,973.68,846,1,2.1069565217391304,57,-4.86928251545778,No Response,0.0,Regular Price,2.1069565217391304,2.1069565217391304,0.0
14088,13544.99,2611,3,6.396451612903226,42,-42.10397458161259,No Response,0.0,Regular Price,6.396451612903226,6.396451612903226,0.0
17510,206.08,208,1,1.5626666666666666,56,-2.3071779634514136,No Response,0.0,Regular Price,1.5626666666666666,1.5626666666666666,0.0
18018,175.85,131,2,2.531333333333333,35,-7.108408447922303,No Response,0.0,Regular Price,2.531333333333333,2.531333333333333,0.0
17202,160.65,55,1,2.9375,56,-8.967404777547035,No Response,0.0,Regular Price,2.9375,2.9375,0.0
17390,149.3,49,1,2.6875,56,-7.789362023797272,No Response,0.0,Regular Price,2.6875,2.6875,0.0
12691,134.6,51,1,5.364285714285714,56,-20.296830586273742,No Response,0.0,Regular Price,5.364285714285714,5.364285714285714,0.0
15957,492.36,242,2,2.2986538461538464,56,-5.786162040410541,No Response,0.0,Regular Price,2.2986538461538464,2.2986538461538464,0.0
12445,301.58000000000004,144,1,2.7670000000000003,56,-8.230765434242723,No Response,0.0,Regular Price,2.7670000000000003,2.7670000000000003,0.0
17687,432.68,210,1,2.8246153846153845,56,-8.590749614971442,No Response,0.0,Regular Price,2.8246153846153845,2.8246153846153845,0.0
15202,6001.49,3,3,2000.496666666667,56,-9372.954862131292,No Response,0.0,Regular Price,2000.496666666667,2000.496666666667,0.0
13692,1626.08,875,2,2.0869767441860465,44,-5.76452744778382,No Response,0.0,Regular Price,2.0869767441860465,2.0869767441860465,0.0
15686,90.0,72,1,1.25,56,-0.913806006584566,No Response,0.0,Regular Price,1.25,1.25,0.0
17938,144.29,53,1,3.1317241379310348,56,-9.853619267717754,No Response,0.0,Regular Price,3.1317241379310348,3.1317241379310348,0.0
17316,124.45,44,1,2.831428571428572,56,-8.431718775091475,No Response,0.0,Regular Price,2.831428571428572,2.831428571428572,0.0
14868,1230.42,825,4,1.937611940298508,16,-4.471246485534106,No Response,0.0,Regular Price,1.937611940298508,1.937611940298508,0.0
16810,532.5,258,1,4.268421052631578,56,-15.42536627639713,No Response,0.0,Regular Price,4.268421052631578,4.268421052631578,0.0
15688,190.57,95,1,2.3840740740740745,54,-6.399557878107453,No Response,0.0,Regular Price,2.3840740740740745,2.3840740740740745,0.0
16381,247.85,108,2,3.03688524590164,31,-9.744305777479996,No Response,0.0,Regular Price,3.03688524590164,3.03688524590164,0.0
16676,769.78,291,2,5.619545454545454,38,-22.17189502922052,No Response,0.0,Regular Price,5.619545454545454,5.619545454545454,0.0
15772,280.88,110,1,4.52,54,-16.523779440123413,No Response,0.0,Regular Price,4.52,4.52,0.0
15799,537.1999999999999,386,1,2.2248214285714285,54,-5.665744160328818,No Response,0.0,Regular Price,2.2248214285714285,2.2248214285714285,0.0
14712,411.0,96,1,4.378571428571429,54,-16.10544410414964,No Response,0.0,Regular Price,4.378571428571429,4.378571428571429,0.0
17703,296.1,307,1,1.3765217391304347,54,-1.444843706142036,No Response,0.0,Regular Price,1.3765217391304347,1.3765217391304347,0.0
12376,503.15,240,2,8.03076923076923,25,-33.45583049447903,No Response,0.0,Regular Price,8.03076923076923,8.03076923076923,0.0
13516,295.85,129,1,5.194117647058824,53,-19.6947189409944,No Response,0.0,Regular Price,5.194117647058824,5.194117647058824,0.0
14741,497.25,279,2,2.073076923076923,8,-5.909846225745873,No Response,0.0,Regular Price,2.073076923076923,2.073076923076923,0.0
16069,457.7,138,1,5.182,53,-19.890136193550347,No Response,0.0,Regular Price,5.182,5.182,0.0
12699,638.11,373,1,3.111219512195122,53,-10.036201255145414,No Response,0.0,Regular Price,3.111219512195122,3.111219512195122,0.0
16996,666.6500000000001,375,3,2.532631578947368,18,-7.51989033839026,No Response,0.0,Regular Price,2.532631578947368,2.532631578947368,0.0
13387,186.94,123,1,1.942394366197183,53,-4.296547213583441,No Response,0.0,Regular Price,1.942394366197183,1.942394366197183,0.0
16141,335.54,172,1,5.9545,53,-23.238281836245648,No Response,0.0,Regular Price,5.9545,5.9545,0.0
13079,199.08,96,1,2.517272727272728,53,-7.061498773122476,No Response,0.0,Regular Price,2.517272727272728,2.517272727272728,0.0
17026,54.15,35,2,4.1375,5,-15.39157461277632,No Response,0.0,Regular Price,4.1375,4.1375,0.0
13088,236.11,76,1,4.156000000000001,53,-14.836502679354377,No Response,0.0,Regular Price,4.156000000000001,4.156000000000001,0.0
15710,898.87,641,1,2.4634545454545456,53,-6.916231051469211,No Response,0.0,Regular Price,2.4634545454545456,2.4634545454545456,0.0
17655,1013.54,426,3,3.8717241379310345,2,-14.684547424520105,No Response,0.0,Regular Price,3.8717241379310345,3.8717241379310345,0.0
17219,144.9,99,1,1.5064000000000002,52,-2.2572231256163047,No Response,0.0,Regular Price,1.5064000000000002,1.5064000000000002,0.0
14524,1066.03,500,4,3.04696,45,-9.27272597577706,No Response,0.0,Regular Price,3.04696,3.04696,0.0
15011,416.6,289,2,2.0785,31,-5.185424457960514,No Response,0.0,Regular Price,2.0785,2.0785,0.0
14585,986.22,539,4,1.7973170731707315,18,-3.9113411196594905,No Response,0.0,Regular Price,1.7973170731707315,1.7973170731707315,0.0
14332,1077.2,412,2,2.9905405405405405,17,-10.68104215037564,No Response,0.0,Regular Price,2.9905405405405405,2.9905405405405405,0.0
17967,223.42,111,2,2.4218032786885244,7,-7.4391673796066815,No Response,0.0,Regular Price,2.4218032786885244,2.4218032786885244,0.0
17397,516.87,441,1,2.674,52,-7.68039447297579,No Response,0.0,Regular Price,2.674,2.674,0.0
13134,681.65,305,2,4.184782608695652,38,-15.278614601660824,No Response,0.0,Regular Price,4.184782608695652,4.184782608695652,0.0
13840,651.4,358,1,2.8745000000000003,52,-9.004809864117071,No Response,0.0,Regular Price,2.8745000000000003,2.8745000000000003,0.0
13981,331.14,234,1,3.395454545454545,51,-11.17783998437012,No Response,0.0,Regular Price,3.395454545454545,3.395454545454545,0.0
15608,692.3,548,1,2.081777777777777,51,-5.017170591097983,No Response,0.0,Regular Price,2.081777777777777,2.081777777777777,0.0
14617,190.47000000000003,81,2,2.8633333333333333,38,-8.707007475601591,No Response,0.0,Regular Price,2.8633333333333333,2.8633333333333333,0.0
18066,1122.4,427,2,4.04,22,-15.512429003859936,No Response,0.0,Regular Price,4.04,4.04,0.0
15377,1211.75,253,4,4.907142857142857,18,-19.40674836993157,No Response,0.0,Regular Price,4.907142857142857,4.907142857142857,0.0
16201,248.65,135,1,3.688461538461538,51,-12.6050006834787,No Response,0.0,Regular Price,3.688461538461538,3.688461538461538,0.0
16776,220.97,181,1,1.5043636363636363,51,-2.2409826425144743,No Response,0.0,Regular Price,1.5043636363636363,1.5043636363636363,0.0
15501,399.95,205,2,3.1940579710144927,40,-10.31205396630725,No Response,0.0,Regular Price,3.1940579710144927,3.1940579710144927,0.0
16916,536.04,320,3,2.649067796610169,8,-8.213595869185944,No Response,0.0,Regular Price,2.649067796610169,2.649067796610169,0.0
13703,326.06,118,1,3.2488888888888887,51,-10.708415994622582,No Response,0.0,Regular Price,3.2488888888888887,3.2488888888888887,0.0
16642,389.12,296,1,2.451,51,-6.730907732292111,No Response,0.0,Regular Price,2.451,2.451,0.0
16903,678.55,470,2,2.2186507936507938,16,-6.315160966244249,No Response,0.0,Regular Price,2.2186507936507938,2.2186507936507938,0.0
15647,169.0,124,1,1.6909090909090911,51,-3.138792873269902,No Response,0.0,Regular Price,1.6909090909090911,1.6909090909090911,0.0
14612,877.7,134,1,7.028571428571429,51,-29.29730580209046,No Response,0.0,Regular Price,7.028571428571429,7.028571428571429,0.0
17038,630.77,507,1,2.5417073170731705,51,-7.148263532262755,No Response,0.0,Regular Price,2.5417073170731705,2.5417073170731705,0.0
12387,143.94,134,1,2.7622222222222224,51,-8.094750108325282,No Response,0.0,Regular Price,2.7622222222222224,2.7622222222222224,0.0
16590,605.9,240,2,3.829310344827586,36,-13.665817642511785,No Response,0.0,Regular Price,3.829310344827586,3.829310344827586,0.0
17924,574.2,108,2,5.4,9,-21.92500750478949,No Response,0.0,Regular Price,5.4,5.4,0.0
17483,177.69,74,1,3.684285714285714,50,-12.611678596784966,No Response,0.0,Regular Price,3.684285714285714,3.684285714285714,0.0
13195,136.73,70,1,2.159782608695652,50,-5.411699408683338,No Response,0.0,Regular Price,2.159782608695652,2.159782608695652,0.0
13836,620.37,273,2,4.034193548387097,35,-14.611211383231328,No Response,0.0,Regular Price,4.034193548387097,4.034193548387097,0.0
12400,205.25,91,1,2.913636363636364,50,-9.015475455584244,No Response,0.0,Regular Price,2.913636363636364,2.913636363636364,0.0
15995,694.54,352,1,2.7679090909090904,50,-8.640989133220888,No Response,0.0,Regular Price,2.7679090909090904,2.7679090909090904,0.0
15257,368.75,25,1,31.98,50,-145.5389129064191,No Response,0.0,Regular Price,31.98,31.98,0.0
14148,309.09000000000003,207,1,2.212142857142857,50,-5.677835910415091,No Response,0.0,Regular Price,2.212142857142857,2.212142857142857,0.0
13936,563.08,331,2,2.8927272727272726,18,-9.497895544578402,No Response,0.0,Regular Price,2.8927272727272726,2.8927272727272726,0.0
18243,515.78,221,1,3.1588461538461536,50,-10.428566766104376,No Response,0.0,Regular Price,3.1588461538461536,3.1588461538461536,0.0
13166,458.73,306,1,2.8800000000000003,50,-8.862444793864453,No Response,0.0,Regular Price,2.8800000000000003,2.8800000000000003,0.0
14216,310.74,118,1,4.773333333333333,50,-17.84804012307903,No Response,0.0,Regular Price,4.773333333333333,4.773333333333333,0.0
13581,162.53,89,1,2.103913043478261,50,-5.156113585697711,No Response,0.0,Regular Price,2.103913043478261,2.103913043478261,0.0
16540,205.75,105,1,2.7051724137931035,50,-8.012828756120825,No Response,0.0,Regular Price,2.7051724137931035,2.7051724137931035,0.0
12899,366.4,108,1,5.067647058823529,49,-19.364443855787968,No Response,0.0,Regular Price,5.067647058823529,5.067647058823529,0.0
12973,385.55,31,1,28.375,49,-128.69832302051603,No Response,0.0,Regular Price,28.375,28.375,0.0
12419,503.01,231,2,5.0436000000000005,21,-19.58731631894226,No Response,0.0,Regular Price,5.0436000000000005,5.0436000000000005,0.0
16226,417.05,329,2,1.797826086956522,14,-4.234527814876451,No Response,0.0,Regular Price,1.797826086956522,1.797826086956522,0.0
14945,179.4,156,1,1.55,49,-2.485858048456575,No Response,0.0,Regular Price,1.55,1.55,0.0
13746,176.69,83,1,3.4633333333333334,49,-11.583677883801318,No Response,0.0,Regular Price,3.4633333333333334,3.4633333333333334,0.0
13106,526.96,213,1,13.894,49,-60.763222014373056,No Response,0.0,Regular Price,13.894,13.894,0.0
18055,4381.78,1376,6,4.792072072072072,3,-21.598372203202803,No Response,0.0,Regular Price,4.792072072072072,4.792072072072072,0.0
12787,398.52,249,1,2.422083333333333,49,-6.754313434258057,No Response,0.0,Regular Price,2.422083333333333,2.422083333333333,0.0
16491,801.66,582,1,2.2070833333333333,49,-5.771954155048582,No Response,0.0,Regular Price,2.2070833333333333,2.2070833333333333,0.0
14728,190.58,68,1,3.4771428571428573,49,-11.700642917175747,No Response,0.0,Regular Price,3.4771428571428573,3.4771428571428573,0.0
13165,429.68,360,1,1.0014285714285711,49,0.0626562146891402,High Response,0.15,High Discount,1.0014285714285711,0.8512142857142854,0.15021428571428574
13263,1239.27,604,4,2.9068907563025213,29,-9.117898929443149,No Response,0.0,Regular Price,2.9068907563025213,2.9068907563025213,0.0
16010,1302.46,717,8,1.9663333333333333,12,-3.524664107379631,No Response,0.0,Regular Price,1.9663333333333333,1.9663333333333333,0.0
17843,114.92,138,1,1.324,47,-1.4068399794617332,No Response,0.0,Regular Price,1.324,1.324,0.0
13241,112.53,46,1,2.60175,47,-7.565571331378625,No Response,0.0,Regular Price,2.60175,2.60175,0.0
16024,232.96,107,2,1.928636363636364,47,-4.116702234916167,No Response,0.0,Regular Price,1.928636363636364,1.928636363636364,0.0
17407,552.9,426,1,2.3,47,-6.147636674419538,No Response,0.0,Regular Price,2.3,2.3,0.0
16445,352.65,176,3,2.083846153846154,22,-5.178076370797947,No Response,0.0,Regular Price,2.083846153846154,2.083846153846154,0.0
16373,309.49,119,2,2.88448275862069,18,-9.44877746453358,No Response,0.0,Regular Price,2.88448275862069,2.88448275862069,0.0
17260,120.95,23,1,10.191666666666668,47,-43.16917970542406,No Response,0.0,Regular Price,10.191666666666668,10.191666666666668,0.0
13574,404.45,304,1,2.173626373626374,47,-5.545568363751386,No Response,0.0,Regular Price,2.173626373626374,2.173626373626374,0.0
17435,331.35,195,1,4.346666666666667,47,-15.812325992536632,No Response,0.0,Regular Price,4.346666666666667,4.346666666666667,0.0
16920,355.45,81,1,5.4195652173913045,47,-21.09859190016447,No Response,0.0,Regular Price,5.4195652173913045,5.4195652173913045,0.0
13977,519.8100000000001,303,1,2.512307692307692,47,-7.325814625525549,No Response,0.0,Regular Price,2.512307692307692,2.512307692307692,0.0
18110,193.48,97,1,2.1965714285714286,47,-5.703808255392396,No Response,0.0,Regular Price,2.1965714285714286,2.1965714285714286,0.0
18116,731.38,430,5,2.783886010362694,12,-8.095673172313546,No Response,0.0,Regular Price,2.783886010362694,2.783886010362694,0.0
15337,373.02,200,1,3.756190476190476,47,-13.10673374747888,No Response,0.0,Regular Price,3.756190476190476,3.756190476190476,0.0
13898,530.47,411,1,1.8238235294117648,47,-3.9094008221761434,No Response,0.0,Regular Price,1.8238235294117648,1.8238235294117648,0.0
13565,174.57999999999998,88,1,2.310454545454545,47,-6.223143735761912,No Response,0.0,Regular Price,2.310454545454545,2.310454545454545,0.0
16904,1360.31,762,7,2.4366159695817493,3,-6.347896543363348,No Response,0.0,Regular Price,2.4366159695817493,2.4366159695817493,0.0
16726,705.14,378,2,2.802619047619048,19,-9.195335547079072,No Response,0.0,Regular Price,2.802619047619048,2.802619047619048,0.0
15065,168.73,63,1,4.808181818181819,46,-17.985180694015884,No Response,0.0,Regular Price,4.808181818181819,4.808181818181819,0.0
15174,345.71,237,1,2.9056521739130434,46,-9.032024707988048,No Response,0.0,Regular Price,2.9056521739130434,2.9056521739130434,0.0
14197,390.05,143,1,4.675,46,-17.574736183829117,No Response,0.0,Regular Price,4.675,4.675,0.0
16193,315.98,160,1,3.0389473684210526,46,-9.75637623965619,No Response,0.0,Regular Price,3.0389473684210526,3.0389473684210526,0.0
17981,239.12,260,1,1.6017647058823528,46,-2.7034097071225607,No Response,0.0,Regular Price,1.6017647058823528,1.6017647058823528,0.0
15294,233.35,97,1,3.58,46,-12.274982362449483,No Response,0.0,Regular Price,3.58,3.58,0.0
15370,1352.96,567,1,3.2504000000000004,46,-11.683392355040253,No Response,0.0,Regular Price,3.2504000000000004,3.2504000000000004,0.0
14690,422.63,174,2,3.321818181818182,28,-11.31937296300482,No Response,0.0,Regular Price,3.321818181818182,3.321818181818182,0.0
12790,266.93,140,1,5.214375,46,-19.90142299279604,No Response,0.0,Regular Price,5.214375,5.214375,0.0
15646,526.97,657,3,1.5918,8,-2.592199465622405,No Response,0.0,Regular Price,1.5918,1.5918,0.0
14718,226.42,202,1,1.9745454545454544,46,-4.540762513608671,No Response,0.0,Regular Price,1.9745454545454544,1.9745454545454544,0.0
16241,1680.2,912,4,2.6179127725856697,5,-8.522562774477182,No Response,0.0,Regular Price,2.6179127725856697,2.6179127725856697,0.0
17070,133.18,101,1,2.1185365853658538,46,-5.256032646796168,No Response,0.0,Regular Price,2.1185365853658538,2.1185365853658538,0.0
17767,141.85,70,1,2.344444444444445,46,-6.388687641506799,No Response,0.0,Regular Price,2.344444444444445,2.344444444444445,0.0
12475,426.26,236,1,3.3136,45,-11.104575011757293,No Response,0.0,Regular Price,3.3136,3.3136,0.0
12411,346.9,138,1,3.395454545454545,45,-11.546144048439766,No Response,0.0,Regular Price,3.395454545454545,3.395454545454545,0.0
16863,495.72,336,2,1.979,2,-5.511428357012193,No Response,0.0,Regular Price,1.979,1.979,0.0
14673,1674.41,1031,3,2.174831460674157,3,-6.637119272780549,No Response,0.0,Regular Price,2.174831460674157,2.174831460674157,0.0
16785,533.78,313,1,3.2808571428571427,45,-10.980732477010044,No Response,0.0,Regular Price,3.2808571428571427,3.2808571428571427,0.0
13363,731.36,436,1,2.727142857142857,45,-8.47774401730765,No Response,0.0,Regular Price,2.727142857142857,2.727142857142857,0.0
15620,389.18,334,1,2.5624137931034485,45,-7.334411418679762,No Response,0.0,Regular Price,2.5624137931034485,2.5624137931034485,0.0
16962,251.04,158,1,2.682666666666667,45,-8.00945713899446,No Response,0.0,Regular Price,2.682666666666667,2.682666666666667,0.0
14278,205.83,131,1,2.613076923076923,45,-7.660703707006977,No Response,0.0,Regular Price,2.613076923076923,2.613076923076923,0.0
16034,473.62,343,3,2.22,30,-5.485401383160507,No Response,0.0,Regular Price,2.22,2.22,0.0
13578,147.66,127,1,1.97,45,-4.5599211764433045,No Response,0.0,Regular Price,1.97,1.97,0.0
13274,360.85,199,1,3.7605263157894737,45,-13.160533683708133,No Response,0.0,Regular Price,3.7605263157894737,3.7605263157894737,0.0
12775,300.08,206,2,3.4566666666666666,24,-11.788178905446143,No Response,0.0,Regular Price,3.4566666666666666,3.4566666666666666,0.0
13906,42.0,100,1,0.42,45,2.822562672538849,High Response,0.15,High Discount,0.42,0.357,0.063
16757,163.65,99,1,2.11375,45,-5.314182463339257,No Response,0.0,Regular Price,2.11375,2.11375,0.0
15773,138.84,99,1,2.0910810810810814,45,-5.166684331532386,No Response,0.0,Regular Price,2.0910810810810814,2.0910810810810814,0.0
15536,259.09,242,1,1.486875,45,-2.2595278214921586,No Response,0.0,Regular Price,1.486875,1.486875,0.0
14271,101.86,60,1,2.3939285714285714,45,-6.599150836522854,No Response,0.0,Regular Price,2.3939285714285714,2.3939285714285714,0.0
15390,1216.66,894,2,1.9157142857142857,32,-4.55438554610328,No Response,0.0,Regular Price,1.9157142857142857,1.9157142857142857,0.0
16639,490.47,241,1,4.182903225806452,45,-15.27293394477746,No Response,0.0,Regular Price,4.182903225806452,4.182903225806452,0.0
12537,732.94,449,1,2.9227906976744187,44,-9.397278630773492,No Response,0.0,Regular Price,2.9227906976744187,2.9227906976744187,0.0
12505,955.2,324,1,4.436904761904762,44,-17.10136206865222,No Response,0.0,Regular Price,4.436904761904762,4.436904761904762,0.0
14475,225.3,94,1,2.6166666666666667,44,-7.807772554931681,No Response,0.0,Regular Price,2.6166666666666667,2.6166666666666667,0.0
12563,249.24,113,1,3.921538461538461,44,-13.921673100161794,No Response,0.0,Regular Price,3.921538461538461,3.921538461538461,0.0
12591,886.1,425,2,4.775,26,-18.461095019523007,No Response,0.0,Regular Price,4.775,4.775,0.0
16188,105.8,56,1,3.792857142857143,44,-13.19082500015003,No Response,0.0,Regular Price,3.792857142857143,3.792857142857143,0.0
16433,200.26,108,1,2.2294117647058824,44,-5.925265205535991,No Response,0.0,Regular Price,2.2294117647058824,2.2294117647058824,0.0
12353,317.76,192,1,1.939,44,-4.597738891672359,No Response,0.0,Regular Price,1.939,1.939,0.0
13547,167.08,79,1,2.904318181818182,44,-9.087044871232388,No Response,0.0,Regular Price,2.904318181818182,2.904318181818182,0.0
17000,406.3,305,2,1.6306666666666667,32,-3.0139756336043018,No Response,0.0,Regular Price,1.6306666666666667,1.6306666666666667,0.0
14281,245.15,45,1,6.714285714285714,44,-27.1259231344602,No Response,0.0,Regular Price,6.714285714285714,6.714285714285714,0.0
15328,107.24,88,1,2.46375,43,-6.932512936881137,No Response,0.0,Regular Price,2.46375,2.46375,0.0
12766,3078.65,1800,3,2.814,2,-10.501501414532996,No Response,0.0,Regular Price,2.814,2.814,0.0
15285,94.92,120,1,0.945,43,0.2627682654410797,High Response,0.15,High Discount,0.945,0.8032499999999999,0.14175000000000004
16343,285.54,170,1,3.477428571428572,43,-11.817450484320569,No Response,0.0,Regular Price,3.477428571428572,3.477428571428572,0.0
16630,106.8,72,1,1.6,43,-2.9177844365358,No Response,0.0,Regular Price,1.6,1.6,0.0
16183,739.1,238,3,4.107692307692307,30,-14.972156691084102,No Response,0.0,Regular Price,4.107692307692307,4.107692307692307,0.0
13669,195.0,156,1,1.25,43,-1.2623797524541915,No Response,0.0,Regular Price,1.25,1.25,0.0
16265,1488.17,568,3,5.9860759493670885,22,-24.582962478495325,No Response,0.0,Regular Price,5.9860759493670885,5.9860759493670885,0.0
14294,375.34,190,1,3.3465217391304347,43,-11.315138648895338,No Response,0.0,Regular Price,3.3465217391304347,3.3465217391304347,0.0
14834,485.86,138,1,5.569,43,-22.008577666047564,No Response,0.0,Regular Price,5.569,5.569,0.0
16780,174.16,82,1,3.3035135135135136,43,-10.98842459216287,No Response,0.0,Regular Price,3.3035135135135136,3.3035135135135136,0.0
13780,372.06,161,1,2.519756097560976,43,-7.494146466199582,No Response,0.0,Regular Price,2.519756097560976,2.519756097560976,0.0
17974,1035.1,689,3,2.156020408163265,17,-5.785719431220412,No Response,0.0,Regular Price,2.156020408163265,2.156020408163265,0.0
16635,473.0,277,1,2.2048,42,-5.987809973231659,No Response,0.0,Regular Price,2.2048,2.2048,0.0
15170,81.15,33,1,3.175,42,-10.352749945645243,No Response,0.0,Regular Price,3.175,3.175,0.0
17334,328.13,251,1,3.1285,42,-10.122816947463168,No Response,0.0,Regular Price,3.1285,3.1285,0.0
17934,344.90000000000003,150,1,2.7350000000000003,42,-8.504210448128651,No Response,0.0,Regular Price,2.7350000000000003,2.7350000000000003,0.0
17821,334.62,162,1,2.8183333333333334,42,-8.854026804356389,No Response,0.0,Regular Price,2.8183333333333334,2.8183333333333334,0.0
13282,181.05,103,1,2.8285714285714287,42,-8.760771422641584,No Response,0.0,Regular Price,2.8285714285714287,2.8285714285714287,0.0
13580,107.75,45,1,9.23,42,-38.730351455529885,No Response,0.0,Regular Price,9.23,9.23,0.0
16058,62.7,18,1,3.35,42,-11.17071628704081,No Response,0.0,Regular Price,3.35,3.35,0.0
14213,1192.2,244,1,4.89,40,-19.87727320646645,No Response,0.0,Regular Price,4.89,4.89,0.0
12608,415.79,323,1,1.6275,40,-3.151329991784263,No Response,0.0,Regular Price,1.6275,1.6275,0.0
12601,104.2,45,1,8.158333333333333,40,-33.757465328510754,No Response,0.0,Regular Price,8.158333333333333,8.158333333333333,0.0
16724,147.35,69,1,2.3911764705882352,40,-6.774130792509207,No Response,0.0,Regular Price,2.3911764705882352,2.3911764705882352,0.0
18278,240.3,74,1,4.363333333333333,40,-16.15522598802365,No Response,0.0,Regular Price,4.363333333333333,4.363333333333333,0.0
14848,310.56,260,1,1.3354545454545454,40,-1.7307411802253323,No Response,0.0,Regular Price,1.3354545454545454,1.3354545454545454,0.0
13833,316.56,126,1,4.0775,40,-14.842619801389269,No Response,0.0,Regular Price,4.0775,4.0775,0.0
15675,218.35,97,1,3.7142857142857135,40,-13.034356234967069,No Response,0.0,Regular Price,3.7142857142857135,3.7142857142857135,0.0
12347,1323.32,828,2,2.295070422535211,3,-7.388440761029514,No Response,0.0,Regular Price,2.295070422535211,2.295070422535211,0.0
17951,627.5400000000001,282,2,3.2515384615384617,9,-11.614114880340797,No Response,0.0,Regular Price,3.2515384615384617,3.2515384615384617,0.0
14429,516.28,286,1,2.4213636363636364,39,-7.134373709363525,No Response,0.0,Regular Price,2.4213636363636364,2.4213636363636364,0.0
17306,1151.04,2256,2,0.7966666666666667,29,3.3647753017174677,High Response,0.15,High Discount,0.7966666666666667,0.6771666666666667,0.11950000000000005
16876,136.01,181,1,1.9859375,39,-4.665689032803625,No Response,0.0,Regular Price,1.9859375,1.9859375,0.0
14777,307.56,212,1,3.625625,39,-12.570199996434742,No Response,0.0,Regular Price,3.625625,3.625625,0.0
15729,107.55,19,2,5.7,36,-22.02576890645373,No Response,0.0,Regular Price,5.7,5.7,0.0
18127,209.05,63,1,3.85,39,-13.746423440895182,No Response,0.0,Regular Price,3.85,3.85,0.0
12492,452.0,252,1,3.1818181818181817,39,-10.654691430263371,No Response,0.0,Regular Price,3.1818181818181817,3.1818181818181817,0.0
13359,603.75,220,1,5.407575757575757,39,-21.3933133715508,No Response,0.0,Regular Price,5.407575757575757,5.407575757575757,0.0
13597,396.71,231,2,2.2300000000000004,36,-5.844933875502395,No Response,0.0,Regular Price,2.2300000000000004,2.2300000000000004,0.0
14206,856.85,654,2,2.4445098039215685,24,-7.105070170109412,No Response,0.0,Regular Price,2.4445098039215685,2.4445098039215685,0.0
17121,314.74,106,1,3.7366666666666655,38,-13.334101486439856,No Response,0.0,Regular Price,3.7366666666666655,3.7366666666666655,0.0
13607,400.3,178,1,4.055833333333333,38,-14.83144119329297,No Response,0.0,Regular Price,4.055833333333333,4.055833333333333,0.0
13535,89.5,10,1,8.95,38,-37.560330285873896,No Response,0.0,Regular Price,8.95,8.95,0.0
13937,721.28,464,1,2.6157777777777778,38,-8.066389339688232,No Response,0.0,Regular Price,2.6157777777777778,2.6157777777777778,0.0
13251,252.68,215,1,1.5316,38,-2.692170121210659,No Response,0.0,Regular Price,1.5316,1.5316,0.0
13453,424.71,207,1,3.194782608695653,38,-10.783304182797,No Response,0.0,Regular Price,3.194782608695653,3.194782608695653,0.0
12413,241.35,33,1,9.13076923076923,38,-38.61520169203824,No Response,0.0,Regular Price,9.13076923076923,9.13076923076923,0.0
16016,980.91,417,4,3.511654676258993,2,-12.582742644537714,No Response,0.0,Regular Price,3.511654676258993,3.511654676258993,0.0
13523,1136.64,602,2,3.8330508474576273,2,-14.745158483539065,No Response,0.0,Regular Price,3.8330508474576273,3.8330508474576273,0.0
14733,6579.26,2715,4,3.876689655172414,3,-19.127822650888056,No Response,0.0,Regular Price,3.876689655172414,3.876689655172414,0.0
17276,502.49,187,1,2.832830188679245,38,-9.256674936620902,No Response,0.0,Regular Price,2.832830188679245,2.832830188679245,0.0
13310,409.17,229,2,3.242608695652174,16,-11.130074334231088,No Response,0.0,Regular Price,3.242608695652174,3.242608695652174,0.0
17363,920.46,499,3,2.3042857142857143,31,-6.295520838487777,No Response,0.0,Regular Price,2.3042857142857143,2.3042857142857143,0.0
12855,612.84,240,4,5.414179104477612,8,-21.06784900752873,No Response,0.0,Regular Price,5.414179104477612,5.414179104477612,0.0
13215,81.6,96,1,0.85,38,0.5536523279700405,High Response,0.15,High Discount,0.85,0.7224999999999999,0.12750000000000006
15458,208.8,144,1,1.45,38,-2.3748951370195086,No Response,0.0,Regular Price,1.45,1.45,0.0
13331,262.4,54,1,11.845833333333331,37,-51.3504867465108,No Response,0.0,Regular Price,11.845833333333331,11.845833333333331,0.0
12673,619.5,349,1,3.0109375,37,-9.996817669486834,No Response,0.0,Regular Price,3.0109375,3.0109375,0.0
15915,364.45,414,1,1.7483185840707964,37,-3.532500765685554,No Response,0.0,Regular Price,1.7483185840707964,1.7483185840707964,0.0
16865,130.95,157,1,1.585625,37,-2.8809949544899283,No Response,0.0,Regular Price,1.585625,1.585625,0.0
15336,240.5,84,1,4.96,37,-19.00815890354179,No Response,0.0,Regular Price,4.96,4.96,0.0
12793,471.85,231,2,4.15,7,-15.71331056137831,No Response,0.0,Regular Price,4.15,4.15,0.0
17420,485.6,234,4,3.333333333333333,9,-11.096644455994534,No Response,0.0,Regular Price,3.333333333333333,3.333333333333333,0.0
13500,299.53,229,1,3.3335,37,-11.207539753123967,No Response,0.0,Regular Price,3.3335,3.3335,0.0
15233,59.400000000000006,12,1,4.95,37,-18.799521505776067,No Response,0.0,Regular Price,4.95,4.95,0.0
13686,337.04,308,2,1.581923076923077,16,-3.0790966519294765,No Response,0.0,Regular Price,1.581923076923077,1.581923076923077,0.0
15158,204.62,21,1,45.4675,37,-208.77438610000323,No Response,0.0,Regular Price,45.4675,45.4675,0.0
17254,198.29,146,1,1.8644444444444448,37,-4.32032592370175,No Response,0.0,Regular Price,1.8644444444444448,1.8644444444444448,0.0
16542,137.7,96,1,2.2944444444444447,37,-6.330310224615209,No Response,0.0,Regular Price,2.2944444444444447,2.2944444444444447,0.0
16178,414.7,210,1,3.054705882352941,37,-10.130706836393598,No Response,0.0,Regular Price,3.054705882352941,3.054705882352941,0.0
15481,1993.34,1450,1,1.730526315789474,37,-4.149714172327744,No Response,0.0,Regular Price,1.730526315789474,1.730526315789474,0.0
13034,279.91,153,2,2.806111111111111,5,-9.30326984447163,No Response,0.0,Regular Price,2.806111111111111,2.806111111111111,0.0
13049,751.5600000000001,352,2,2.303333333333333,25,-6.829480422077088,No Response,0.0,Regular Price,2.303333333333333,2.303333333333333,0.0
16712,621.5600000000001,344,2,3.2460240963855425,37,-10.732253991163438,No Response,0.0,Regular Price,3.2460240963855425,3.2460240963855425,0.0
16050,162.8,110,2,2.145454545454545,19,-5.73495947887689,No Response,0.0,Regular Price,2.145454545454545,2.145454545454545,0.0
13987,682.54,492,2,1.920217391304348,15,-4.907353207265702,No Response,0.0,Regular Price,1.920217391304348,1.920217391304348,0.0
15724,92.6,44,1,2.6,36,-7.813108025287459,No Response,0.0,Regular Price,2.6,2.6,0.0
14737,2389.62,726,1,4.013928571428571,36,-16.936436439450993,No Response,0.0,Regular Price,4.013928571428571,4.013928571428571,0.0
15379,1174.55,695,1,2.841739130434783,36,-9.482700807105765,No Response,0.0,Regular Price,2.841739130434783,2.841739130434783,0.0
17702,1319.67,800,2,2.603924050632912,19,-8.46856951571683,No Response,0.0,Regular Price,2.603924050632912,2.603924050632912,0.0
12914,223.98,336,1,1.1444444444444444,36,-0.6479160667924835,No Response,0.0,Regular Price,1.1444444444444444,1.1444444444444444,0.0
13258,336.6,164,2,2.1375,15,-5.985985795433491,No Response,0.0,Regular Price,2.1375,2.1375,0.0
14447,548.5,342,1,2.655277777777778,36,-8.252427107635365,No Response,0.0,Regular Price,2.655277777777778,2.655277777777778,0.0
17286,237.81,251,2,1.9493478260869568,36,-4.226982309907065,No Response,0.0,Regular Price,1.9493478260869568,1.9493478260869568,0.0
17977,1223.31,1606,1,1.5434939759036146,36,-1.7136169991109274,No Response,0.0,Regular Price,1.5434939759036146,1.5434939759036146,0.0
13303,61.72,26,1,4.385,36,-16.15610128153435,No Response,0.0,Regular Price,4.385,4.385,0.0
13172,69.6,48,1,1.45,36,-2.381367098406216,No Response,0.0,Regular Price,1.45,1.45,0.0
13660,306.64,136,1,4.9305,36,-18.905058569493544,No Response,0.0,Regular Price,4.9305,4.9305,0.0
13903,165.45000000000002,103,1,3.18,36,-10.53606290334908,No Response,0.0,Regular Price,3.18,3.18,0.0
16228,885.71,555,3,2.9607407407407407,21,-9.462223535225176,No Response,0.0,Regular Price,2.9607407407407407,2.9607407407407407,0.0
13846,442.73,317,1,2.375769230769231,35,-6.841716422710337,No Response,0.0,Regular Price,2.375769230769231,2.375769230769231,0.0
13646,326.25,79,2,4.406034482758621,35,-16.23959124452891,No Response,0.0,Regular Price,4.406034482758621,4.406034482758621,0.0
13996,895.76,613,2,3.613636363636364,22,-12.776623936978217,No Response,0.0,Regular Price,3.613636363636364,3.613636363636364,0.0
15560,153.52,72,2,2.644,33,-7.765328696334929,No Response,0.0,Regular Price,2.644,2.644,0.0
16640,179.4,146,1,1.4115384615384616,33,-2.2714718312004027,No Response,0.0,Regular Price,1.4115384615384616,1.4115384615384616,0.0
18083,463.53,268,1,3.5025,33,-12.300097561891588,No Response,0.0,Regular Price,3.5025,3.5025,0.0
17033,302.65000000000003,121,1,5.45,33,-21.438210280078792,No Response,0.0,Regular Price,5.45,5.45,0.0
16931,629.4,305,3,2.224271844660194,5,-6.486641461029045,No Response,0.0,Regular Price,2.224271844660194,2.224271844660194,0.0
14203,339.34,80,1,5.39625,33,-21.32729715611273,No Response,0.0,Regular Price,5.39625,5.39625,0.0
16559,175.0,61,1,3.958823529411765,33,-14.358701272924996,No Response,0.0,Regular Price,3.958823529411765,3.958823529411765,0.0
16899,424.71,291,2,2.6704000000000003,14,-8.407551806001184,No Response,0.0,Regular Price,2.6704000000000003,2.6704000000000003,0.0
15996,617.07,358,2,3.18,2,-11.295343160744393,No Response,0.0,Regular Price,3.18,3.18,0.0
12892,263.38,140,1,3.31,32,-11.33978520549806,No Response,0.0,Regular Price,3.31,3.31,0.0
13138,504.85,245,2,3.458611111111112,8,-12.477277731738376,No Response,0.0,Regular Price,3.458611111111112,3.458611111111112,0.0
14927,308.2,196,1,2.33,32,-6.716122013926638,No Response,0.0,Regular Price,2.33,2.33,0.0
14193,356.8,208,1,2.5704545454545453,32,-7.899863351814362,No Response,0.0,Regular Price,2.5704545454545453,2.5704545454545453,0.0
13967,85.6,24,1,5.225,32,-20.2372932010651,No Response,0.0,Regular Price,5.225,5.225,0.0
17084,2253.22,1476,1,2.614090909090909,32,-8.799622920681276,No Response,0.0,Regular Price,2.614090909090909,2.614090909090909,0.0
16420,75.0,120,1,1.035,32,-0.4105793275322154,No Response,0.0,Regular Price,1.035,1.035,0.0
13738,434.78,237,1,2.634269662921348,32,-8.272284233748458,No Response,0.0,Regular Price,2.634269662921348,2.634269662921348,0.0
17548,627.96,436,3,1.7755172413793103,14,-3.894841666108903,No Response,0.0,Regular Price,1.7755172413793103,1.7755172413793103,0.0
18098,527.94,215,1,3.355581395348837,32,-11.84827812568388,No Response,0.0,Regular Price,3.355581395348837,3.355581395348837,0.0
13691,212.78,145,1,2.1038888888888887,32,-5.597338852561546,No Response,0.0,Regular Price,2.1038888888888887,2.1038888888888887,0.0
15635,100.35,5,1,18.85,31,-84.13291899369854,No Response,0.0,Regular Price,18.85,18.85,0.0
17274,465.4,194,1,3.359615384615384,31,-11.829697355433332,No Response,0.0,Regular Price,3.359615384615384,3.359615384615384,0.0
16223,1087.05,643,2,2.719918699186992,10,-9.162560132640778,No Response,0.0,Regular Price,2.719918699186992,2.719918699186992,0.0
17208,111.15,101,1,1.9017391304347824,31,-4.592734447605097,No Response,0.0,Regular Price,1.9017391304347824,1.9017391304347824,0.0
17467,102.6,20,1,6.625,31,-26.855744184778125,No Response,0.0,Regular Price,6.625,6.625,0.0
17983,171.71,108,1,2.8091666666666666,31,-8.929668083485328,No Response,0.0,Regular Price,2.8091666666666666,2.8091666666666666,0.0
16740,226.91,110,1,2.7409375,31,-8.698220602837722,No Response,0.0,Regular Price,2.7409375,2.7409375,0.0
17878,999.48,613,2,2.058392857142857,31,-5.4327353043858695,No Response,0.0,Regular Price,2.058392857142857,2.058392857142857,0.0
14170,570.18,270,3,2.472068965517241,11,-7.460988103488609,No Response,0.0,Regular Price,2.472068965517241,2.472068965517241,0.0
14899,1331.38,570,1,3.782868217054264,31,-14.523953479516646,No Response,0.0,Regular Price,3.782868217054264,3.782868217054264,0.0
14077,115.66,108,1,2.414285714285714,31,-6.98698847293424,No Response,0.0,Regular Price,2.414285714285714,2.414285714285714,0.0
17374,231.34,70,1,5.384285714285714,31,-21.16258980118693,No Response,0.0,Regular Price,5.384285714285714,5.384285714285714,0.0
13721,217.4,196,1,1.1285714285714286,31,-0.9642585648182896,No Response,0.0,Regular Price,1.1285714285714286,1.1285714285714286,0.0
12927,197.31,145,1,2.830909090909091,30,-9.028152196969806,No Response,0.0,Regular Price,2.830909090909091,2.830909090909091,0.0
13671,172.6,95,1,1.93203125,30,-4.874552841795261,No Response,0.0,Regular Price,1.93203125,1.93203125,0.0
16358,892.1500000000001,763,1,1.9228888888888889,30,-4.732396078919507,No Response,0.0,Regular Price,1.9228888888888889,1.9228888888888889,0.0
15131,80.28,88,1,2.08,30,-5.427306102428696,No Response,0.0,Regular Price,2.08,2.08,0.0
17756,728.75,399,3,2.7920238095238097,11,-8.972887659530702,No Response,0.0,Regular Price,2.7920238095238097,2.7920238095238097,0.0
15001,199.11,70,2,3.792391304347826,30,-13.30102713345708,No Response,0.0,Regular Price,3.792391304347826,3.792391304347826,0.0
13096,419.7000000000001,6,1,69.95,30,-323.99902405470306,No Response,0.0,Regular Price,69.95,69.95,0.0
15529,1116.72,992,2,1.8794202898550725,2,-4.80486533173288,No Response,0.0,Regular Price,1.8794202898550725,1.8794202898550725,0.0
12739,1713.69,465,2,11.266666666666667,21,-50.29335683636669,No Response,0.0,Regular Price,11.266666666666667,11.266666666666667,0.0
15028,521.78,333,3,2.646176470588235,4,-8.254687719149333,No Response,0.0,Regular Price,2.646176470588235,2.646176470588235,0.0
17288,1050.8,498,4,3.214662162162162,26,-10.528976419740838,No Response,0.0,Regular Price,3.214662162162162,3.214662162162162,0.0
13915,70.80000000000001,24,1,2.95,30,-9.610247065988249,No Response,0.0,Regular Price,2.95,2.95,0.0
17903,381.09,142,1,3.259777777777778,30,-11.348642018812512,No Response,0.0,Regular Price,3.259777777777778,3.259777777777778,0.0
18280,307.55,149,1,3.55,30,-12.571674577810697,No Response,0.0,Regular Price,3.55,3.55,0.0
15368,275.8,176,1,6.4125,30,-25.87188371930458,No Response,0.0,Regular Price,6.4125,6.4125,0.0
12666,1248.42,370,1,3.846774193548387,30,-15.09960663414478,No Response,0.0,Regular Price,3.846774193548387,3.846774193548387,0.0
16662,151.05,35,1,4.555357142857143,30,-17.240736616705007,No Response,0.0,Regular Price,4.555357142857143,4.555357142857143,0.0
16786,51.84,72,1,0.72,29,0.9321831307415662,High Response,0.15,High Discount,0.72,0.612,0.10799999999999998
15138,502.52,300,1,4.388709677419355,29,-16.556797093319005,No Response,0.0,Regular Price,4.388709677419355,4.388709677419355,0.0
17688,304.2,114,1,3.823684210526316,29,-13.941735231651943,No Response,0.0,Regular Price,3.823684210526316,3.823684210526316,0.0
16824,225.6,154,1,2.4692307692307693,29,-7.389907532615188,No Response,0.0,Regular Price,2.4692307692307693,2.4692307692307693,0.0
17423,420.54,331,1,1.5029411764705882,29,-2.845417211815664,No Response,0.0,Regular Price,1.5029411764705882,1.5029411764705882,0.0
16284,205.8,139,1,2.067333333333333,29,-5.5039149631532105,No Response,0.0,Regular Price,2.067333333333333,2.067333333333333,0.0
13226,204.25,99,1,2.5416666666666665,29,-7.800452047340514,No Response,0.0,Regular Price,2.5416666666666665,2.5416666666666665,0.0
17558,259.17,54,1,4.497142857142857,29,-17.137236295900436,No Response,0.0,Regular Price,4.497142857142857,4.497142857142857,0.0
17815,591.96,612,1,1.169230769230769,29,-1.022106000239443,No Response,0.0,Regular Price,1.169230769230769,1.169230769230769,0.0
17980,201.27,89,1,3.0238709677419355,29,-10.073166370051904,No Response,0.0,Regular Price,3.0238709677419355,3.0238709677419355,0.0
12803,1092.81,872,1,1.8143636363636364,29,-4.372556805619498,No Response,0.0,Regular Price,1.8143636363636364,1.8143636363636364,0.0
18050,337.66,210,1,3.420555555555556,29,-11.922997631157532,No Response,0.0,Regular Price,3.420555555555556,3.420555555555556,0.0
14600,471.84,362,1,2.443103448275862,29,-7.273584161520251,No Response,0.0,Regular Price,2.443103448275862,2.443103448275862,0.0
18054,176.5,96,1,2.4681818181818183,28,-7.44181972360652,No Response,0.0,Regular Price,2.4681818181818183,2.4681818181818183,0.0
15468,962.97,1245,1,2.705178571428572,28,-7.629104515417765,No Response,0.0,Regular Price,2.705178571428572,2.705178571428572,0.0
12868,640.0,354,3,2.7948717948717947,9,-8.97763918170856,No Response,0.0,Regular Price,2.7948717948717947,2.7948717948717947,0.0
12352,343.8,188,2,3.033333333333333,11,-10.250336581249853,No Response,0.0,Regular Price,3.033333333333333,3.033333333333333,0.0
18007,215.22,246,1,1.6262,28,-3.271678663751004,No Response,0.0,Regular Price,1.6262,1.6262,0.0
17772,187.3,58,1,3.2065217391304346,28,-10.991434417679123,No Response,0.0,Regular Price,3.2065217391304346,3.2065217391304346,0.0
14082,231.11,136,1,2.044166666666667,28,-5.469334058349339,No Response,0.0,Regular Price,2.044166666666667,2.044166666666667,0.0
13309,249.58,370,1,0.91,28,0.2661408771861118,High Response,0.15,High Discount,0.91,0.7735,0.13650000000000007
17210,251.72,242,1,1.3450943396226414,28,-2.0237984178229858,No Response,0.0,Regular Price,1.3450943396226414,1.3450943396226414,0.0
12734,529.25,177,2,4.543333333333334,10,-17.678192959615263,No Response,0.0,Regular Price,4.543333333333334,4.543333333333334,0.0
17803,184.66,98,1,2.581851851851852,28,-7.983864535892938,No Response,0.0,Regular Price,2.581851851851852,2.581851851851852,0.0
13961,538.4,226,1,3.2605263157894733,28,-11.502823805030353,No Response,0.0,Regular Price,3.2605263157894733,3.2605263157894733,0.0
14024,318.04,88,1,5.705,26,-22.903587520923203,No Response,0.0,Regular Price,5.705,5.705,0.0
14052,241.3,85,1,3.2515384615384613,26,-11.291580499580228,No Response,0.0,Regular Price,3.2515384615384613,3.2515384615384613,0.0
16687,157.63,141,1,2.0025,26,-5.193888112759629,No Response,0.0,Regular Price,2.0025,2.0025,0.0
17495,309.16,138,1,4.028095238095238,26,-14.938390971508834,No Response,0.0,Regular Price,4.028095238095238,4.028095238095238,0.0
15269,816.56,346,2,3.063030303030303,16,-10.740451089716665,No Response,0.0,Regular Price,3.063030303030303,3.063030303030303,0.0
13167,333.82,222,1,2.738125,26,-8.775080998691672,No Response,0.0,Regular Price,2.738125,2.738125,0.0
16074,252.5,38,1,7.416,26,-30.90446749865329,No Response,0.0,Regular Price,7.416,7.416,0.0
14684,228.52,184,1,1.753125,26,-4.06056605741106,No Response,0.0,Regular Price,1.753125,1.753125,0.0
17544,944.82,410,3,3.515,26,-12.30861869468024,No Response,0.0,Regular Price,3.515,3.515,0.0
18221,383.33,209,1,2.9485,26,-9.868055259866864,No Response,0.0,Regular Price,2.9485,2.9485,0.0
14559,75.6,72,1,1.05,26,-0.7305908878021392,No Response,0.0,Regular Price,1.05,1.05,0.0
15726,321.91,123,1,4.838260869565217,26,-18.782928970976634,No Response,0.0,Regular Price,4.838260869565217,4.838260869565217,0.0
14382,578.14,436,1,1.987843137254902,26,-5.252558479780186,No Response,0.0,Regular Price,1.987843137254902,1.987843137254902,0.0
14784,159.94,126,1,1.7566666666666666,25,-4.101521464493185,No Response,0.0,Regular Price,1.7566666666666666,1.7566666666666666,0.0
17992,252.88,130,1,2.4053846153846155,25,-7.286651837646668,No Response,0.0,Regular Price,2.4053846153846155,2.4053846153846155,0.0
14526,258.65,178,1,1.9702439024390244,25,-5.165144394935779,No Response,0.0,Regular Price,1.9702439024390244,1.9702439024390244,0.0
12991,261.06,78,1,7.892142857142858,25,-33.09676650639179,No Response,0.0,Regular Price,7.892142857142858,7.892142857142858,0.0
13862,346.73,239,1,2.027142857142857,25,-5.459815107809134,No Response,0.0,Regular Price,2.027142857142857,2.027142857142857,0.0
17106,481.58,153,1,4.553725490196078,25,-17.684037914170013,No Response,0.0,Regular Price,4.553725490196078,4.553725490196078,0.0
13094,505.8,372,2,1.6825,4,-4.017873157151347,No Response,0.0,Regular Price,1.6825,1.6825,0.0
17633,732.55,255,3,4.22741935483871,15,-15.877614128699609,No Response,0.0,Regular Price,4.22741935483871,4.22741935483871,0.0
16399,222.2,189,1,2.664736842105264,25,-8.335467865275525,No Response,0.0,Regular Price,2.664736842105264,2.664736842105264,0.0
17170,178.68,152,2,1.377,10,-2.314213870264117,No Response,0.0,Regular Price,1.377,1.377,0.0
18084,704.75,443,2,4.416666666666667,19,-16.627228164865127,No Response,0.0,Regular Price,4.416666666666667,4.416666666666667,0.0
16602,235.25,93,1,3.986363636363636,24,-14.759093413969175,No Response,0.0,Regular Price,3.986363636363636,3.986363636363636,0.0
14189,1160.31,709,2,4.033921568627451,4,-15.465538034330624,No Response,0.0,Regular Price,4.033921568627451,4.033921568627451,0.0
12357,12079.99,3879,2,8.458424242424242,24,-47.7006309006386,No Response,0.0,Regular Price,8.458424242424242,8.458424242424242,0.0
12616,417.8,214,1,3.679545454545455,24,-13.391207199469992,No Response,0.0,Regular Price,3.679545454545455,3.679545454545455,0.0
16083,1033.8,606,2,2.035,18,-5.73084445438411,No Response,0.0,Regular Price,2.035,2.035,0.0
14675,419.22,324,1,2.0156451612903226,24,-5.387470845395759,No Response,0.0,Regular Price,2.0156451612903226,2.0156451612903226,0.0
15235,690.3000000000001,411,6,2.8606818181818183,5,-8.226534613543468,No Response,0.0,Regular Price,2.8606818181818183,2.8606818181818183,0.0
17203,2004.01,1751,4,2.204070796460177,24,-5.001111881466173,No Response,0.0,Regular Price,2.204070796460177,2.204070796460177,0.0
15968,404.55,247,1,2.5755,24,-8.13456570585683,No Response,0.0,Regular Price,2.5755,2.5755,0.0
13624,462.08,820,1,2.7877272727272726,24,-8.11075690889551,No Response,0.0,Regular Price,2.7877272727272726,2.7877272727272726,0.0
13458,2312.7,1252,2,2.9192233009708737,15,-10.824895277328263,No Response,0.0,Regular Price,2.9192233009708737,2.9192233009708737,0.0
13789,239.46,258,1,1.0355555555555556,24,-0.6263096459286199,No Response,0.0,Regular Price,1.0355555555555556,1.0355555555555556,0.0
15161,119.92,144,1,1.871212121212121,24,-4.562213449510293,No Response,0.0,Regular Price,1.871212121212121,1.871212121212121,0.0
15811,1557.38,805,2,3.143205128205128,1,-11.846891261111375,No Response,0.0,Regular Price,3.143205128205128,3.143205128205128,0.0
13158,307.12,208,1,2.094761904761905,24,-5.7966513040861685,No Response,0.0,Regular Price,2.094761904761905,2.094761904761905,0.0
14192,293.74,218,1,1.6742857142857144,24,-3.785763082565108,No Response,0.0,Regular Price,1.6742857142857144,1.6742857142857144,0.0
16829,316.1,116,1,4.5687500000000005,24,-17.576514377308747,No Response,0.0,Regular Price,4.5687500000000005,4.5687500000000005,0.0
18256,110.7,180,1,0.8240000000000001,23,0.4014698863232206,High Response,0.15,High Discount,0.8240000000000001,0.7004,0.12360000000000004
13237,643.0,128,1,5.360416666666667,23,-21.83126322936177,No Response,0.0,Regular Price,5.360416666666667,5.360416666666667,0.0
14417,524.65,543,1,2.2529059829059825,23,-6.274573738856991,No Response,0.0,Regular Price,2.2529059829059825,2.2529059829059825,0.0
16386,765.59,495,1,2.482931034482758,23,-7.846530420551915,No Response,0.0,Regular Price,2.482931034482758,2.482931034482758,0.0
16006,231.42,121,1,2.423,23,-7.40271121071401,No Response,0.0,Regular Price,2.423,2.423,0.0
13549,87.6,96,1,0.9125,23,-0.1377478868581114,No Response,0.0,Regular Price,0.9125,0.9125,0.0
12847,765.36,624,1,1.2762857142857142,23,-1.9445243373840293,No Response,0.0,Regular Price,1.2762857142857142,1.2762857142857142,0.0
14811,170.5,74,1,2.855357142857143,23,-9.417354471868125,No Response,0.0,Regular Price,2.855357142857143,2.855357142857143,0.0
16224,321.24,439,1,2.3765,23,-6.716597680531318,No Response,0.0,Regular Price,2.3765,2.3765,0.0
15515,171.81,131,1,2.8742857142857146,23,-9.397410241973152,No Response,0.0,Regular Price,2.8742857142857146,2.8742857142857146,0.0
17418,206.6,232,1,1.2716666666666667,23,-1.7537523062196585,No Response,0.0,Regular Price,1.2716666666666667,1.2716666666666667,0.0
12890,329.3,201,1,2.1248214285714284,23,-6.013896433830812,No Response,0.0,Regular Price,2.1248214285714284,2.1248214285714284,0.0
18195,101.16,60,1,2.418,23,-7.280816529833782,No Response,0.0,Regular Price,2.418,2.418,0.0
15649,1354.35,293,3,6.07,3,-25.77982627125184,No Response,0.0,Regular Price,6.07,6.07,0.0
17995,419.38,130,2,3.7377777777777776,18,-13.606613943798836,No Response,0.0,Regular Price,3.7377777777777776,3.7377777777777776,0.0
16250,401.94,168,2,4.0448,9,-15.174769984371892,No Response,0.0,Regular Price,4.0448,4.0448,0.0
14405,195.0,100,1,1.95,22,-5.193616681019755,No Response,0.0,Regular Price,1.95,1.95,0.0
14446,189.93,175,1,1.3495238095238096,22,-2.227283198020493,No Response,0.0,Regular Price,1.3495238095238096,1.3495238095238096,0.0
13864,662.4000000000001,192,1,3.45,22,-12.818313787889076,No Response,0.0,Regular Price,3.45,3.45,0.0
14614,295.13,189,1,2.7663157894736843,22,-9.010428545163146,No Response,0.0,Regular Price,2.7663157894736843,2.7663157894736843,0.0
17355,273.31,249,1,2.153939393939394,22,-5.989608023862674,No Response,0.0,Regular Price,2.153939393939394,2.153939393939394,0.0
16973,127.0,60,1,2.1166666666666667,22,-5.938586284175766,No Response,0.0,Regular Price,2.1166666666666667,2.1166666666666667,0.0
17659,835.33,291,3,4.488695652173913,8,-17.383890863436005,No Response,0.0,Regular Price,4.488695652173913,4.488695652173913,0.0
17089,128.45,35,1,3.85,22,-14.10708401328176,No Response,0.0,Regular Price,3.85,3.85,0.0
18160,365.82,225,1,2.8542307692307696,22,-9.469963773998732,No Response,0.0,Regular Price,2.8542307692307696,2.8542307692307696,0.0
17868,227.15,85,1,3.95,22,-14.64267535393266,No Response,0.0,Regular Price,3.95,3.95,0.0
17532,65.34,30,1,2.6175,21,-8.26555865697738,No Response,0.0,Regular Price,2.6175,2.6175,0.0
14932,666.13,257,2,7.7934375,1,-33.204795920989724,No Response,0.0,Regular Price,7.7934375,7.7934375,0.0
17269,491.81,314,1,2.29904,21,-6.9327738556158245,No Response,0.0,Regular Price,2.29904,2.29904,0.0
16936,286.39,168,1,1.8932530120481923,21,-4.9738887500175295,No Response,0.0,Regular Price,1.8932530120481923,1.8932530120481923,0.0
16599,172.8,159,1,2.7291666666666665,21,-8.716855072659643,No Response,0.0,Regular Price,2.7291666666666665,2.7291666666666665,0.0
16885,234.19,180,1,2.34025,21,-6.956961910914986,No Response,0.0,Regular Price,2.34025,2.34025,0.0
17433,266.8,120,1,2.8076923076923075,21,-9.31700833960176,No Response,0.0,Regular Price,2.8076923076923075,2.8076923076923075,0.0
17386,126.35,53,1,2.305,21,-6.8590179879362445,No Response,0.0,Regular Price,2.305,2.305,0.0
18035,546.34,550,2,1.01875,21,-0.1905071392726478,No Response,0.0,Regular Price,1.01875,1.01875,0.0
15846,107.01,79,1,1.8168965517241376,21,-4.490395765539511,No Response,0.0,Regular Price,1.8168965517241376,1.8168965517241376,0.0
13124,885.33,619,1,2.688196721311475,21,-8.818170979566164,No Response,0.0,Regular Price,2.688196721311475,2.688196721311475,0.0
16346,224.51,289,1,1.462,21,-2.616010478077444,No Response,0.0,Regular Price,1.462,1.462,0.0
17648,418.87,467,1,1.842941176470588,21,-4.377923327158734,No Response,0.0,Regular Price,1.842941176470588,1.842941176470588,0.0
17493,100.91,62,1,2.89875,21,-9.579775392041938,No Response,0.0,Regular Price,2.89875,2.89875,0.0
12967,2646.02,834,2,4.851803278688524,7,-21.45048173893461,No Response,0.0,Regular Price,4.851803278688524,4.851803278688524,0.0
12887,222.4,100,1,4.742307692307692,19,-18.393864728294368,No Response,0.0,Regular Price,4.742307692307692,4.742307692307692,0.0
12728,233.84,124,1,3.968,19,-14.740067926271696,No Response,0.0,Regular Price,3.968,3.968,0.0
12858,147.27,51,1,3.282972972972973,19,-11.529601996560562,No Response,0.0,Regular Price,3.282972972972973,3.282972972972973,0.0
15155,383.97,192,1,3.9129166666666655,19,-14.600083609030676,No Response,0.0,Regular Price,3.9129166666666655,3.9129166666666655,0.0
16367,549.8100000000001,460,1,1.6011458333333335,19,-3.529143115953653,No Response,0.0,Regular Price,1.6011458333333335,1.6011458333333335,0.0
17275,114.1,71,1,3.703913043478261,19,-13.40680481011844,No Response,0.0,Regular Price,3.703913043478261,3.703913043478261,0.0
16501,1191.23,628,1,2.592814070351759,19,-8.915471597235296,No Response,0.0,Regular Price,2.592814070351759,2.592814070351759,0.0
12807,330.35,145,1,6.4875,19,-26.659302188727555,No Response,0.0,Regular Price,6.4875,6.4875,0.0
17036,176.9,76,1,4.929166666666666,19,-19.239791349019164,No Response,0.0,Regular Price,4.929166666666666,4.929166666666666,0.0
15350,547.6,272,2,2.438333333333333,9,-7.691982259141714,No Response,0.0,Regular Price,2.438333333333333,2.438333333333333,0.0
13550,342.55,430,1,1.7414285714285715,19,-3.8990987700896937,No Response,0.0,Regular Price,1.7414285714285715,1.7414285714285715,0.0
15634,311.1,128,1,3.5842105263157897,19,-13.063664567408235,No Response,0.0,Regular Price,3.5842105263157897,3.5842105263157897,0.0
18210,147.45,101,1,2.535,18,-7.955760894198984,No Response,0.0,Regular Price,2.535,2.535,0.0
17782,679.02,538,2,1.7620689655172417,18,-3.993715867654938,No Response,0.0,Regular Price,1.7620689655172417,1.7620689655172417,0.0
13086,439.33,155,1,3.93468085106383,18,-14.892062454403948,No Response,0.0,Regular Price,3.93468085106383,3.93468085106383,0.0
14419,202.85,69,1,3.0521739130434784,18,-10.532264568403642,No Response,0.0,Regular Price,3.0521739130434784,3.0521739130434784,0.0
16424,309.5,124,1,3.34375,18,-11.968568124301536,No Response,0.0,Regular Price,3.34375,3.34375,0.0
16252,295.09000000000003,158,1,3.195238095238095,18,-11.182978173491891,No Response,0.0,Regular Price,3.195238095238095,3.195238095238095,0.0
15525,430.78,253,2,2.604027777777778,9,-8.310249320198759,No Response,0.0,Regular Price,2.604027777777778,2.604027777777778,0.0
16765,420.75,307,1,2.601960784313725,18,-8.324356247681065,No Response,0.0,Regular Price,2.601960784313725,2.601960784313725,0.0
14048,338.76,179,2,3.1885714285714286,18,-10.805040653804252,No Response,0.0,Regular Price,3.1885714285714286,3.1885714285714286,0.0
16812,1912.65,1035,3,2.8252,14,-9.787011868367127,No Response,0.0,Regular Price,2.8252,2.8252,0.0
13651,132.65,29,1,8.80625,17,-37.46627959792949,No Response,0.0,Regular Price,8.80625,8.80625,0.0
15986,186.3,100,1,2.136363636363636,17,-6.181463070101335,No Response,0.0,Regular Price,2.136363636363636,2.136363636363636,0.0
16821,113.35,13,1,10.235714285714286,17,-44.1596446599863,No Response,0.0,Regular Price,10.235714285714286,10.235714285714286,0.0
17870,1213.8,476,2,2.55,2,-9.109832349866068,No Response,0.0,Regular Price,2.55,2.55,0.0
17458,213.08,112,1,2.57,17,-8.233553927811093,No Response,0.0,Regular Price,2.57,2.57,0.0
17237,679.44,309,2,3.0876666666666663,11,-10.828846614443826,No Response,0.0,Regular Price,3.0876666666666663,3.0876666666666663,0.0
17570,100.0,1,1,100.0,17,-464.5422766594952,No Response,0.0,Regular Price,100.0,100.0,0.0
17872,235.87,176,1,2.2826666666666666,17,-6.801516609971623,No Response,0.0,Regular Price,2.2826666666666666,2.2826666666666666,0.0
18047,326.09,130,2,2.8757831325301204,17,-9.440229254402734,No Response,0.0,Regular Price,2.8757831325301204,2.8757831325301204,0.0
14176,339.11,117,2,3.7393333333333336,3,-13.894131193621057,No Response,0.0,Regular Price,3.7393333333333336,3.7393333333333336,0.0
14252,350.99,111,1,12.633,17,-55.59202362121231,No Response,0.0,Regular Price,12.633,12.633,0.0
18118,1068.05,530,4,2.3415845070422536,5,-6.950943519585254,No Response,0.0,Regular Price,2.3415845070422536,2.3415845070422536,0.0
12434,297.29,138,1,3.406,17,-12.238458999024198,No Response,0.0,Regular Price,3.406,3.406,0.0
17766,299.61,155,2,2.8645454545454547,17,-9.294898760698628,No Response,0.0,Regular Price,2.8645454545454547,2.8645454545454547,0.0
15864,244.44000000000003,294,1,1.2366666666666666,17,-1.6878788809025345,No Response,0.0,Regular Price,1.2366666666666666,1.2366666666666666,0.0
13181,359.69,171,1,2.7931578947368423,17,-9.40824679504214,No Response,0.0,Regular Price,2.7931578947368423,2.7931578947368423,0.0
14972,30.300000000000004,12,1,2.5250000000000004,17,-7.912621081600758,No Response,0.0,Regular Price,2.5250000000000004,2.5250000000000004,0.0
16001,583.39,337,1,2.327241379310345,17,-7.27638337076159,No Response,0.0,Regular Price,2.327241379310345,2.327241379310345,0.0
17598,409.98,126,1,3.269,17,-11.80793671684796,No Response,0.0,Regular Price,3.269,3.269,0.0
13843,319.75,145,1,3.9166666666666665,17,-14.653815366216705,No Response,0.0,Regular Price,3.9166666666666665,3.9166666666666665,0.0
15951,304.95,107,1,4.85,17,-19.07396576619824,No Response,0.0,Regular Price,4.85,4.85,0.0
16357,209.49,143,1,1.916923076923077,17,-5.108856640695937,No Response,0.0,Regular Price,1.916923076923077,1.916923076923077,0.0
17744,326.74,414,1,1.152,16,-1.2211978795381606,No Response,0.0,Regular Price,1.152,1.152,0.0
14458,228.07,317,1,1.3038297872340423,16,-1.9563574040928808,No Response,0.0,Regular Price,1.3038297872340423,1.3038297872340423,0.0
18076,151.49,164,1,2.345,16,-7.002083861720289,No Response,0.0,Regular Price,2.345,2.345,0.0
17601,297.07,192,1,2.5134920634920634,16,-7.979295911155143,No Response,0.0,Regular Price,2.5134920634920634,2.5134920634920634,0.0
15509,152.41,58,1,4.276538461538461,16,-16.25534082324971,No Response,0.0,Regular Price,4.276538461538461,4.276538461538461,0.0
15902,145.01,124,1,2.1494444444444443,16,-6.1532025007113305,No Response,0.0,Regular Price,2.1494444444444443,2.1494444444444443,0.0
16988,256.55,115,1,5.023076923076923,15,-19.840156306142458,No Response,0.0,Regular Price,5.023076923076923,5.023076923076923,0.0
15987,216.7,152,2,2.0318,4,-5.59958155941826,No Response,0.0,Regular Price,2.0318,2.0318,0.0
14721,109.07,57,1,2.6148,15,-8.428783181069798,No Response,0.0,Regular Price,2.6148,2.6148,0.0
16874,209.89,78,1,3.3216129032258066,15,-11.866073556111685,No Response,0.0,Regular Price,3.3216129032258066,3.3216129032258066,0.0
15020,198.47,111,1,3.1281481481481483,15,-10.876886680723665,No Response,0.0,Regular Price,3.1281481481481483,3.1281481481481483,0.0
14487,225.89,86,2,2.515121951219512,4,-8.0066355235053,No Response,0.0,Regular Price,2.515121951219512,2.515121951219512,0.0
15495,246.5,194,1,1.9675,15,-5.360094150060194,No Response,0.0,Regular Price,1.9675,1.9675,0.0
17989,207.33,300,1,1.8689655172413795,15,-4.627381424055163,No Response,0.0,Regular Price,1.8689655172413795,1.8689655172413795,0.0
14443,966.27,582,2,2.379833333333333,4,-7.642679895546569,No Response,0.0,Regular Price,2.379833333333333,2.379833333333333,0.0
17882,291.56,130,2,2.758679245283019,15,-8.886108958476282,No Response,0.0,Regular Price,2.758679245283019,2.758679245283019,0.0
12385,1938.4,612,1,3.680769230769231,15,-15.390153659020417,No Response,0.0,Regular Price,3.680769230769231,3.680769230769231,0.0
18161,184.41,153,1,2.815384615384616,15,-9.307114276123997,No Response,0.0,Regular Price,2.815384615384616,2.815384615384616,0.0
15961,451.29,154,1,3.7423809523809526,15,-14.091099934947929,No Response,0.0,Regular Price,3.7423809523809526,3.7423809523809526,0.0
13626,449.81,189,1,4.9336,15,-19.599299101479737,No Response,0.0,Regular Price,4.9336,4.9336,0.0
14627,462.75,284,1,2.6017241379310345,15,-8.515662562640415,No Response,0.0,Regular Price,2.6017241379310345,2.6017241379310345,0.0
12961,211.99,180,1,1.62625,15,-3.731672367142212,No Response,0.0,Regular Price,1.62625,1.62625,0.0
17556,142.77,83,1,2.2462500000000003,15,-6.708419689558715,No Response,0.0,Regular Price,2.2462500000000003,2.2462500000000003,0.0
18031,451.3,298,1,1.7233333333333332,14,-4.3816373616932935,No Response,0.0,Regular Price,1.7233333333333332,1.7233333333333332,0.0
17283,188.46,179,1,2.348666666666667,14,-7.1035275611589705,No Response,0.0,Regular Price,2.348666666666667,2.348666666666667,0.0
17516,182.62,108,1,2.3592857142857144,14,-7.281508267980906,No Response,0.0,Regular Price,2.3592857142857144,2.3592857142857144,0.0
12538,276.5,145,1,4.128461538461538,14,-15.65136978995718,No Response,0.0,Regular Price,4.128461538461538,4.128461538461538,0.0
17999,338.41,161,2,3.1601234567901235,2,-11.12083074179041,No Response,0.0,Regular Price,3.1601234567901235,3.1601234567901235,0.0
16262,755.15,446,1,3.0539130434782606,14,-10.831591970513852,No Response,0.0,Regular Price,3.0539130434782606,3.0539130434782606,0.0
15914,205.99,149,2,3.4707692307692306,14,-12.067370741385677,No Response,0.0,Regular Price,3.4707692307692306,3.4707692307692306,0.0
15212,106.48,48,1,3.1979999999999995,12,-11.250925179754748,No Response,0.0,Regular Price,3.1979999999999995,3.1979999999999995,0.0
15037,397.76,298,2,2.2706666666666666,12,-6.528854629614897,No Response,0.0,Regular Price,2.2706666666666666,2.2706666666666666,0.0
17607,333.81,269,1,2.44,12,-7.650346782217055,No Response,0.0,Regular Price,2.44,2.44,0.0
15583,95.96,56,1,1.8784615384615384,12,-5.0382258355710405,No Response,0.0,Regular Price,1.8784615384615384,1.8784615384615384,0.0
18003,353.51,297,1,1.8721739130434785,12,-4.9695271620019295,No Response,0.0,Regular Price,1.8721739130434785,1.8721739130434785,0.0
16893,249.89,117,2,2.384367816091954,2,-7.425860302268243,No Response,0.0,Regular Price,2.384367816091954,2.384367816091954,0.0
13254,51.41,43,1,2.5225,12,-8.005408073456312,No Response,0.0,Regular Price,2.5225,2.5225,0.0
12996,355.5,122,1,5.7318181818181815,11,-23.414223993507697,No Response,0.0,Regular Price,5.7318181818181815,5.7318181818181815,0.0
12767,949.82,598,1,2.0948837209302327,11,-6.446978440955133,No Response,0.0,Regular Price,2.0948837209302327,2.0948837209302327,0.0
17722,2006.32,1342,2,2.6250961538461537,2,-9.0989647210154,No Response,0.0,Regular Price,2.6250961538461537,2.6250961538461537,0.0
17723,102.0,120,1,0.85,11,-0.1333646418237575,No Response,0.0,Regular Price,0.85,0.85,0.0
16545,350.52,244,1,2.032,11,-5.841951284443876,No Response,0.0,Regular Price,2.032,2.032,0.0
15404,257.06,334,1,1.719375,11,-4.047257949049374,No Response,0.0,Regular Price,1.719375,1.719375,0.0
15540,247.38,244,1,1.403125,11,-2.724981213881882,No Response,0.0,Regular Price,1.403125,1.403125,0.0
17671,830.63,405,2,3.6315384615384616,1,-13.700360377427174,No Response,0.0,Regular Price,3.6315384615384616,3.6315384615384616,0.0
18034,335.52,392,1,1.6439423076923076,11,-3.711999198665349,No Response,0.0,Regular Price,1.6439423076923076,1.6439423076923076,0.0
16413,259.83,135,1,2.875405405405405,11,-9.8524940417307,No Response,0.0,Regular Price,2.875405405405405,2.875405405405405,0.0
16194,308.6,140,1,5.3875,11,-21.68860243109334,No Response,0.0,Regular Price,5.3875,5.3875,0.0
17912,64.49,31,1,2.615,11,-8.509628139441624,No Response,0.0,Regular Price,2.615,2.615,0.0
16355,416.35,179,1,3.192083333333333,11,-11.510818897830196,No Response,0.0,Regular Price,3.192083333333333,3.192083333333333,0.0
12351,300.93,261,1,2.355238095238095,11,-7.2400719176264925,No Response,0.0,Regular Price,2.355238095238095,2.355238095238095,0.0
15828,1108.82,367,1,4.543783783783784,11,-18.62942635119104,No Response,0.0,Regular Price,4.543783783783784,4.543783783783784,0.0
17223,433.99,109,2,4.696078431372549,4,-18.522444621455104,No Response,0.0,Regular Price,4.696078431372549,4.696078431372549,0.0
17468,57.8,68,1,0.85,11,-0.160779126210206,No Response,0.0,Regular Price,0.85,0.85,0.0
13955,221.11,118,1,2.9909615384615384,11,-10.362189664290876,No Response,0.0,Regular Price,2.9909615384615384,2.9909615384615384,0.0
14414,902.35,365,1,5.873809523809524,10,-24.54396796490626,No Response,0.0,Regular Price,5.873809523809524,5.873809523809524,0.0
15939,2945.38,1532,1,1.9115294117647057,10,-7.123879913426195,No Response,0.0,Regular Price,1.9115294117647057,1.9115294117647057,0.0
17826,133.34,84,1,2.3851515151515152,10,-7.470833196468913,No Response,0.0,Regular Price,2.3851515151515152,2.3851515151515152,0.0
16473,154.72,100,1,1.6740000000000002,10,-4.144915570459489,No Response,0.0,Regular Price,1.6740000000000002,1.6740000000000002,0.0
17820,180.61,111,1,2.7778048780487805,10,-9.335981141684998,No Response,0.0,Regular Price,2.7778048780487805,2.7778048780487805,0.0
17378,10.95,1,1,10.95,10,-47.53887602508586,No Response,0.0,Regular Price,10.95,10.95,0.0
16552,95.29,39,1,4.638,9,-18.071280232802124,No Response,0.0,Regular Price,4.638,4.638,0.0
15922,369.5,138,1,4.409090909090909,9,-17.263723795497782,No Response,0.0,Regular Price,4.409090909090909,4.409090909090909,0.0
14594,255.0,146,1,3.008709677419355,9,-10.49918384119249,No Response,0.0,Regular Price,3.008709677419355,3.008709677419355,0.0
15165,487.75,160,1,4.987037037037037,9,-20.12460551968753,No Response,0.0,Regular Price,4.987037037037037,4.987037037037037,0.0
16274,351.75,153,1,4.313846153846153,9,-16.758952491189653,No Response,0.0,Regular Price,4.313846153846153,4.313846153846153,0.0
12947,304.04,184,1,2.960588235294117,9,-10.281679555958668,No Response,0.0,Regular Price,2.960588235294117,2.960588235294117,0.0
17855,208.97,197,1,1.7658823529411765,8,-4.528921492555092,No Response,0.0,Regular Price,1.7658823529411765,1.7658823529411765,0.0
17925,244.08,72,1,3.39,8,-12.436361830355516,No Response,0.0,Regular Price,3.39,3.39,0.0
16244,1056.63,619,1,2.6331746031746035,8,-9.182772242302654,No Response,0.0,Regular Price,2.6331746031746035,2.6331746031746035,0.0
14491,127.2,40,1,4.15,8,-15.863027743210017,No Response,0.0,Regular Price,4.15,4.15,0.0
15923,127.08,122,1,2.814761904761905,8,-9.450321671907105,No Response,0.0,Regular Price,2.814761904761905,2.814761904761905,0.0
16752,207.5,54,1,13.594444444444443,8,-60.19956150315505,No Response,0.0,Regular Price,13.594444444444443,13.594444444444443,0.0
17964,261.76,195,1,3.561714285714286,8,-13.03095025353129,No Response,0.0,Regular Price,3.561714285714286,3.561714285714286,0.0
17976,321.79,93,1,3.6531578947368417,8,-13.757436327032876,No Response,0.0,Regular Price,3.6531578947368417,3.6531578947368417,0.0
14775,406.56,384,1,1.1505,8,-1.6127713492420337,No Response,0.0,Regular Price,1.1505,1.1505,0.0
13011,50.55,13,1,4.216666666666667,8,-16.100004590786682,No Response,0.0,Regular Price,4.216666666666667,4.216666666666667,0.0
14576,35.400000000000006,12,1,2.95,8,-10.144689341509032,No Response,0.0,Regular Price,2.95,2.95,0.0
12738,155.35,148,1,3.95,8,-14.76340901494634,No Response,0.0,Regular Price,3.95,3.95,0.0
12686,89.14,107,1,3.2585714285714285,7,-11.520610742939846,No Response,0.0,Regular Price,3.2585714285714285,3.2585714285714285,0.0
13370,754.87,343,1,3.7279487179487183,7,-14.36931402348606,No Response,0.0,Regular Price,3.7279487179487183,3.7279487179487183,0.0
12427,303.5,79,1,4.925,7,-19.73633936092885,No Response,0.0,Regular Price,4.925,4.925,0.0
14589,39.75,5,1,7.95,7,-33.60731218896611,No Response,0.0,Regular Price,7.95,7.95,0.0
17787,736.28,356,1,3.507096774193548,7,-13.278789941593072,No Response,0.0,Regular Price,3.507096774193548,3.507096774193548,0.0
17198,521.66,242,2,3.0305194805194806,1,-10.687684148974975,No Response,0.0,Regular Price,3.0305194805194806,3.0305194805194806,0.0
15545,135.32999999999998,75,1,2.982903225806452,7,-10.368754045748627,No Response,0.0,Regular Price,2.982903225806452,2.982903225806452,0.0
18156,186.88,68,1,2.8928000000000003,5,-10.098103160607607,No Response,0.0,Regular Price,2.8928000000000003,2.8928000000000003,0.0
15880,329.03000000000003,202,1,2.225208333333333,5,-6.948078852128356,No Response,0.0,Regular Price,2.225208333333333,2.225208333333333,0.0
16402,205.65,102,1,2.659259259259259,5,-8.969589448058674,No Response,0.0,Regular Price,2.659259259259259,2.659259259259259,0.0
15894,151.44,111,1,2.0755882352941177,5,-6.128348737583139,No Response,0.0,Regular Price,2.0755882352941177,2.0755882352941177,0.0
12763,320.08,196,1,1.811875,5,-5.00911668614411,No Response,0.0,Regular Price,1.811875,1.811875,0.0
17674,300.66,349,1,0.6581818181818182,4,0.6976050942153709,High Response,0.15,High Discount,0.6581818181818182,0.5594545454545454,0.09872727272727277
15899,56.25,39,1,4.125,4,-15.7333375278194,No Response,0.0,Regular Price,4.125,4.125,0.0
15919,214.08,175,1,3.069230769230769,4,-10.78764861029848,No Response,0.0,Regular Price,3.069230769230769,3.069230769230769,0.0
15048,98.7,32,1,2.884782608695652,4,-10.00951583052498,No Response,0.0,Regular Price,2.884782608695652,2.884782608695652,0.0
18113,76.32000000000001,72,1,1.06,4,-1.34872351431247,No Response,0.0,Regular Price,1.06,1.06,0.0
13030,402.36,174,1,3.233859649122808,4,-11.874268720825196,No Response,0.0,Regular Price,3.233859649122808,3.233859649122808,0.0
15018,111.25,21,1,7.3,3,-30.754936822606645,No Response,0.0,Regular Price,7.3,7.3,0.0
18119,180.7,124,1,2.863793103448276,3,-9.89496066516411,No Response,0.0,Regular Price,2.863793103448276,2.863793103448276,0.0
12386,258.9,214,1,2.72625,2,-9.232120612668096,No Response,0.0,Regular Price,2.72625,2.72625,0.0
12441,173.55,121,1,3.700909090909091,2,-13.835149772723964,No Response,0.0,Regular Price,3.700909090909091,3.700909090909091,0.0
18043,287.91,157,1,2.928548387096774,2,-10.338624503124612,No Response,0.0,Regular Price,2.928548387096774,2.928548387096774,0.0
18269,168.6,76,1,3.164285714285714,2,-11.401255286289352,No Response,0.0,Regular Price,3.164285714285714,3.164285714285714,0.0
13270,590.0,200,1,2.95,2,-10.858829973114826,No Response,0.0,Regular Price,2.95,2.95,0.0
12942,258.75,69,1,5.471875,1,-22.3978072621276,No Response,0.0,Regular Price,5.471875,5.471875,0.0
13369,308.28000000000003,149,1,6.5442857142857145,1,-27.347141852048868,No Response,0.0,Regular Price,6.5442857142857145,6.5442857142857145,0.0
15211,383.07,117,1,5.164782608695653,1,-21.073487060056948,No Response,0.0,Regular Price,5.164782608695653,5.164782608695653,0.0
